<?xml version="1.0" encoding="UTF-8"?>
<kml xmlns="http://www.opengis.net/kml/2.2">
  <Document id="root_doc">
    <Schema id="GA_MYAGDI_Malika.schema">
      <SimpleField name="ogc_fid" type="int"/>
      <SimpleField name="objectid_1" type="float"/>
      <SimpleField name="dcode" type="int"/>
      <SimpleField name="district" type="string"/>
      <SimpleField name="dan" type="string"/>
      <SimpleField name="das" type="int"/>
      <SimpleField name="gapa_napa" type="string"/>
      <SimpleField name="type_gn" type="string"/>
      <SimpleField name="gn_code" type="float"/>
      <SimpleField name="new_ward_n" type="float"/>
      <SimpleField name="ddgnww" type="float"/>
      <SimpleField name="center" type="string"/>
      <SimpleField name="state_code" type="int"/>
      <SimpleField name="ddgn" type="float"/>
      <SimpleField name="area_sqkm" type="float"/>
      <SimpleField name="shape_leng" type="float"/>
      <SimpleField name="shape_area" type="float"/>
      <SimpleField name="Province" type="string"/>
      <SimpleField name="Address" type="string"/>
    </Schema>
    <Document id="GA_MYAGDI_Malika">
      <name>GA_MYAGDI_Malika</name>
      <Placemark id="GA_MYAGDI_Malika.1">
        <ExtendedData>
          <SchemaData schemaUrl="#GA_MYAGDI_Malika.schema">
            <SimpleData name="ogc_fid">1105</SimpleData>
            <SimpleData name="objectid_1">1106</SimpleData>
            <SimpleData name="dcode">43</SimpleData>
            <SimpleData name="district">MYAGDI</SimpleData>
            <SimpleData name="das">0</SimpleData>
            <SimpleData name="gapa_napa">Malika</SimpleData>
            <SimpleData name="type_gn">Gaunpalika</SimpleData>
            <SimpleData name="gn_code">4.000000000000000</SimpleData>
            <SimpleData name="new_ward_n">7</SimpleData>
            <SimpleData name="ddgnww">430407.000000000058208</SimpleData>
            <SimpleData name="center">Darbang</SimpleData>
            <SimpleData name="state_code">4</SimpleData>
            <SimpleData name="ddgn">43004</SimpleData>
            <SimpleData name="area_sqkm">16.840528785800000</SimpleData>
            <SimpleData name="shape_leng">22427.209834900000715</SimpleData>
            <SimpleData name="shape_area">16840528.785799998790026</SimpleData>
            <SimpleData name="Province">GA</SimpleData>
            <SimpleData name="Address">Malika-7, MYAGDI, GA</SimpleData>
          </SchemaData>
        </ExtendedData>
        <Polygon>
          <outerBoundaryIs>
            <LinearRing>
              <coordinates>
                83.4251393958296,28.4670971357118,0
                83.4255716518061,28.4670087122757,0
                83.4260897089191,28.466922916267,0
                83.4268704839805,28.4666487034891,0
                83.4278424821724,28.4664723594741,0
                83.4284245297848,28.4664251855726,0
                83.4289425863047,28.4663393262971,0
                83.4297886042449,28.4660270555139,0
                83.4304358937282,28.4659440729517,0
                83.4306957352737,28.4658707090388,0
                83.4312778455629,28.46580547376,0
                83.4319870621378,28.4658354822772,0
                83.4327640851227,28.4657146304402,0
                83.433218900928,28.4655879616252,0
                83.433540294179,28.4656321507346,0
                83.4338005732925,28.4655407251746,0
                83.4346499057917,28.4650953413041,0
                83.4355590381686,28.464844190945,0
                83.4358180040121,28.4648091989454,0
                83.4366553283092,28.4648622693003,0
                83.4371088937338,28.4647919700799,0
                83.4373687977781,28.4647208558553,0
                83.4380034713628,28.4642339728473,0
                83.4384886663357,28.4637260896204,0
                83.4394542409038,28.4628841187873,0
                83.4394554920167,28.4628254367713,0
                83.4395884780906,28.4626568290708,0
                83.4398866410981,28.4618594066098,0
                83.4400045096174,28.461401950253,0
                83.440032823523,28.4611155394808,0
                83.4400374517597,28.460905808405,0
                83.4400440817792,28.460619272259,0
                83.4399066747859,28.4600434474015,0
                83.4399349892197,28.4597570988584,0
                83.4400902221259,28.4595501831401,0
                83.4403320066944,28.4593256451885,0
                83.4405509183248,28.4591572265199,0
                83.4407248340065,28.4590836106943,0
                83.4408348207494,28.4589711849253,0
                83.4409449338719,28.4588587595826,0
                83.4411665344672,28.4585755383666,0
                83.4412397781163,28.458420241728,0
                83.4413020848924,28.4582895667043,0
                83.4414225169699,28.4577193081957,0
                83.4414513948268,28.4573765275219,0
                83.4416136338078,28.4568628274387,0
                83.4416630080465,28.4565765413163,0
                83.4416023316801,28.4564048065653,0
                83.441393177681,28.4561332653491,0
                83.4412567716753,28.4555010711319,0
                83.4410331883865,28.4549248073437,0
                83.4408562272067,28.454175122969,0
                83.4408235531908,28.4537170393269,0
                83.4407653788443,28.453430314993,0
                83.440767024802,28.4523993467286,0
                83.4407949642054,28.4521129356433,0
                83.4408861441317,28.4518854572422,0
                83.4410091406824,28.4511978976633,0
                83.4410282803209,28.4503384759556,0
                83.4409144966118,28.449649974127,0
                83.4408538207118,28.4494759892847,0
                83.4408387666387,28.4491893905644,0
                83.4406997952125,28.4486722483296,0
                83.4405785060263,28.4483265273855,0
                83.4404545901188,28.4480959213947,0
                83.4404357819439,28.4479808066201,0
                83.4400868440054,28.4472303700772,0
                83.4398872600258,28.4465392428367,0
                83.4397646571117,28.446250016547,0
                83.4390379037039,28.4450919241901,0
                83.4388738068571,28.4447460152593,0
                83.4387270175755,28.444571779002,0
                83.4386044148949,28.444282553444,0
                83.4386110448883,28.4439960167021,0
                83.4389703849776,28.4433139601714,0
                83.4391946764163,28.4428975643187,0
                83.4388683420437,28.4430631690009,0
                83.4385407561307,28.4432873305283,0
                83.4382801637735,28.4433991288087,0
                83.4376752431152,28.4435206713048,0
                83.4374170274326,28.4435376653447,0
                83.4366397536923,28.4436765779978,0
                83.4362951128931,28.4436909462446,0
                83.4359520350071,28.4436466327791,0
                83.4354387310291,28.4435226982139,0
                83.4347559532091,28.4432830223132,0
                83.4335853710074,28.4427479899895,0
                83.4326956277336,28.4421396567245,0
                83.4322120147943,28.4416548810594,0
                83.431725087749,28.4413031550926,0
                83.4313013991624,28.4410645453395,0
                83.4307048589224,28.4408815525094,0
                83.4299330254781,28.4408287333346,0
                83.42924367923,28.4409318380767,0
                83.4286422600592,28.4409383276831,0
                83.4281245769581,28.4410444347945,0
                83.4276955104828,28.4410358670407,0
                83.4270924021042,28.4411191001674,0
                83.4263218197418,28.4410278459847,0
                83.4258061392121,28.4410392116576,0
                83.4249509452933,28.4408889623184,0
                83.4246068652,28.440919078846,0
                83.4242640376142,28.4408950758683,0
                83.4237517332514,28.4407688294765,0
                83.4228952882088,28.4406771996059,0
                83.4225504588973,28.4407276266776,0
                83.4213483080998,28.4407247959489,0
                83.4209616097704,28.4407366636072,0
                83.4197114616192,28.4409411257408,0
                83.4194721157981,28.4410709854957,0
                83.4188746816842,28.4418061584257,0
                83.4183606094016,28.4426386375276,0
                83.4179413431893,28.4431105876584,0
                83.417722557347,28.4432788192522,0
                83.4171410716011,28.4433621149837,0
                83.4166895065916,28.4433917302569,0
                83.416432853984,28.4433500418392,0
                83.4161751388365,28.4433444138159,0
                83.4157230741032,28.4433943399261,0
                83.4153802450544,28.4433680865318,0
                83.4152077675254,28.4434034560768,0
                83.4149741764742,28.4433031488304,0
                83.414717962279,28.4432411501026,0
                83.414543548187,28.4432178999819,0
                83.4138603917173,28.4431292099299,0
                83.4133483396247,28.4429465312713,0
                83.4129183355159,28.4429379001864,0
                83.4125732556299,28.4429702044242,0
                83.4121408120785,28.4430563770306,0
                83.4116180647077,28.4433157829996,0
                83.4104013440641,28.4438090939407,0
                83.410228241818,28.443844400298,0
                83.4097116233389,28.4438534538272,0
                83.4092849337198,28.4437094605322,0
                83.4085993405364,28.4435824617866,0
                83.4084286780734,28.4435207146998,0
                83.4081734641227,28.4434023463062,0
                83.4077709612105,28.4431456758731,0
                83.4071799245999,28.4426738968933,0
                83.406753172476,28.4425321532027,0
                83.4062444978337,28.4422163616897,0
                83.4054781071734,28.4418768805791,0
                83.4038521463247,28.4414997647618,0
                83.4023948473172,28.4412610138208,0
                83.4015407177568,28.4409955870573,0
                83.4006898399108,28.4405970484881,0
                83.4002619615952,28.4404936758587,0
                83.3998352723844,28.4403496197565,0
                83.3996006183046,28.4402696230461,0
                83.3989184027559,28.44000719955,0
                83.3983194238266,28.4398624535466,0
                83.3978304318471,28.4396234047603,0
                83.3974501132234,28.4393464869607,0
                83.3971966512322,28.4391513756988,0
                83.3969666249652,28.4388773969905,0
                83.3969062613615,28.4387056621508,0
                83.3969091383743,28.4385906098176,0
                83.397136680928,28.43807728511,0
                83.3971411832811,28.4379058006422,0
                83.397060823859,28.4376731957193,0
                83.3967278159108,28.4372069208393,0
                83.3964551084111,28.4369146927576,0
                83.3963316918992,28.4366840251859,0
                83.3962312737936,28.4363947994364,0
                83.3962140293509,28.436221065433,0
                83.3963298956488,28.4358787229498,0
                83.3963749538166,28.4358044187042,0
                83.396550682595,28.4356540601117,0
                83.396940069417,28.4355655117257,0
                83.3970475550428,28.4355682627785,0
                83.3971562284907,28.4355303929732,0
                83.3972879630126,28.4354181554065,0
                83.3973335844878,28.435305540989,0
                83.3972975946926,28.43501662916,0
                83.3969883346196,28.4344738614533,0
                83.3963963597923,28.4340628902115,0
                83.3954603690875,28.4336639744056,0
                83.394520250512,28.4334364183183,0
                83.393749293658,28.4333066682963,0
                83.3928912861296,28.4332350982769,0
                83.3916090892886,28.4329249191426,0
                83.3913516874281,28.4329012297809,0
                83.3900703039421,28.4325525542864,0
                83.3893034131918,28.4322716308242,0
                83.3888784111026,28.4320734542522,0
                83.388560395351,28.4318960911533,0
                83.3882863110667,28.4316805438319,0
                83.3879926064771,28.4313881910773,0
                83.3877850157646,28.4310985269566,0
                83.3876246084314,28.4306352539396,0
                83.3876304245778,28.4304074617823,0
                83.3875558818105,28.4299469409001,0
                83.3874140329712,28.429598782808,0
                83.38726793038,28.4294244840285,0
                83.3871005197086,28.4292500593878,0
                83.3868063768812,28.4289757677451,0
                83.3863817509506,28.4287595303618,0
                83.3859538728921,28.428674094055,0
                83.3855233046498,28.4287060221804,0
                83.3850904862423,28.4288123183039,0
                83.3845664250186,28.4291280308704,0
                83.3840464917288,28.4292903835492,0
                83.3838273303521,28.429458677237,0
                83.383391572526,28.4296799628133,0
                83.383195346048,28.4297918866412,0
                83.3832243313056,28.4303469612419,0
                83.383341619218,28.4308077338455,0
                83.3833575501036,28.4310379009157,0
                83.3834944578208,28.4315754166078,0
                83.3839188791381,28.4326534491936,0
                83.3841358355473,28.4334214456364,0
                83.384132895972,28.4335364973542,0
                83.384327603215,28.4343427393456,0
                83.3844678265989,28.4347472041535,0
                83.384802211093,28.4351367367742,0
                83.3851222291324,28.435237419986,0
                83.3855091769496,28.4352436756081,0
                83.3859573008053,28.4353675460131,0
                83.3861505251216,28.4353886723011,0
                83.3863413721278,28.4354888531143,0
                83.3867889961047,28.4356487830111,0
                83.3869120377149,28.4358817015604,0
                83.3869452755709,28.4362631044296,0
                83.3866759277034,28.4367175588495,0
                83.3860180686669,28.4372221899353,0
                83.3853424644509,28.4375936458318,0
                83.3848380242888,28.4379861646643,0
                83.3847264744324,28.438136773621,0
                83.3845198660412,28.4386682218549,0
                83.3845082962673,28.4391261173681,0
                83.384559091679,28.4396633197061,0
                83.3847763590277,28.4404313150569,0
                83.3850225045405,28.4408949015239,0
                83.3855000514741,28.4415715976031,0
                83.3856017204371,28.4418043900003,0
                83.3856135866954,28.442185668382,0
                83.3854554764602,28.4424895133283,0
                83.3853228662523,28.4426400600206,0
                83.3850799568499,28.4428849084454,0
                83.3847231825416,28.4433931067995,0
                83.3846098808056,28.4436204592709,0
                83.3843289003906,28.4445351213154,0
                83.3841922253561,28.4448367785668,0
                83.3841025295938,28.4458312488995,0
                83.3839603511909,28.4463630114342,0
                83.3835950705245,28.447198303865,0
                83.383259167501,28.4477269382514,0
                83.3830989940702,28.448107463696,0
                83.3830521850775,28.4482583860476,0
                83.3830643006123,28.4486419763182,0
                83.3829961196387,28.4487927737677,0
                83.3826401585165,28.4492649133258,0
                83.3821570898326,28.4496574943317,0
                83.381917307559,28.4497873537644,0
                83.3817190801628,28.4499758963228,0
                83.3813856787181,28.4504097893381,0
                83.3812275696567,28.4507135709944,0
                83.3812217527705,28.4509414252061,0
                83.3813024251045,28.4511741556929,0
                83.3814476515079,28.4513868878602,0
                83.3816145624913,28.4515996841308,0
                83.3819931293135,28.4519533451516,0
                83.3821412323846,28.4520510258674,0
                83.3828351884469,28.4527151638766,0
                83.3830016606507,28.4529482698552,0
                83.3832268086267,28.4534117935224,0
                83.3833514764805,28.4535882172209,0
                83.383615865392,28.4542234750791,0
                83.3837727699648,28.45483998426,0
                83.3838791120995,28.455760901825,0
                83.3839070962867,28.4563746584793,0
                83.3838669607371,28.4571392130116,0
                83.3836871042578,28.4574428698335,0
                83.3831596039904,28.4578917581317,0
                83.3826785367399,28.4582076598913,0
                83.3825273036903,28.4584212624665,0
                83.3824111906542,28.4585854333553,0
                83.3822219510061,28.4593493606201,0
                83.3821685738829,28.4598070681821,0
                83.3821643209818,28.4599807398256,0
                83.3821668032741,28.4608244753327,0
                83.3821185558671,28.4610543284282,0
                83.3820707456172,28.4612639332877,0
                83.3820407413384,28.4616473351856,0
                83.381919120717,28.4622580901461,0
                83.3819105522882,28.4626416173158,0
                83.3817623676953,28.463482288264,0
                83.3817571764805,28.4637124550028,0
                83.3815475657372,28.4644176372955,0
                83.3814810724862,28.4644917546947,0
                83.381394396261,28.4645297493718,0
                83.3807024243329,28.4646686634464,0
                83.3803584702168,28.4646625960748,0
                83.3795814483356,28.4647628256298,0
                83.3792120578898,28.4649078059608,0
                83.3790805730278,28.4650199818616,0
                83.3785218801712,28.4659310769624,0
                83.3783178988024,28.466385844576,0
                83.3779166278924,28.4669931583628,0
                83.377870193809,28.467144080961,0
                83.3779029297558,28.467604477356,0
                83.3780014712937,28.4679906304679,0
                83.3780180266705,28.4682207979042,0
                83.3779684660059,28.4685070829949,0
                83.3778967813556,28.4688135540275,0
                83.3777410475795,28.4690407180334,0
                83.3776265577517,28.4693447515577,0
                83.3774921957407,28.4695719787459,0
                83.3772284142621,28.4698166399881,0
                83.3758522063079,28.4707104742322,0
                83.3756563558876,28.4708020875367,0
                83.3754138833481,28.4710648723613,0
                83.3752115285036,28.4714452090584,0
                83.3752290225777,28.4716190061268,0
                83.3756382170925,28.4716073883899,0
                83.3770003518435,28.47132706072,0
                83.3776501431977,28.4711473374792,0
                83.3780418443321,28.470964172505,0
                83.3784310435779,28.4708756863919,0
                83.3785620274051,28.4708018201739,0
                83.3796010805098,28.4705336110158,0
                83.3801878194816,28.4702768311172,0
                83.3802526228322,28.4702771444572,0
                83.3804920936623,28.4701474101818,0
                83.3806217005134,28.4701322260524,0
                83.3814026015243,28.4698582629622,0
                83.3819219085486,28.4697342824369,0
                83.3821181974933,28.4696246704771,0
                83.3822483057727,28.4695868636511,0
                83.3826998067418,28.4695956822191,0
                83.383088443502,28.4695455679963,0
                83.3834785178473,28.4694210232512,0
                83.3836956151616,28.4693475332899,0
                83.3838266619501,28.4692534183509,0
                83.3840207609651,28.4692384861079,0
                83.3842170500536,28.4691265619025,0
                83.3846075629735,28.4689817061318,0
                83.3851238050583,28.4689908383995,0
                83.3855095020696,28.4690760239599,0
                83.3860902355693,28.4690876565263,0
                83.386349201212,28.4690549761517,0
                83.3865424874036,28.4690761649929,0
                83.3868659451123,28.4690437979468,0
                83.387255894171,28.4689372513123,0
                83.3875144220611,28.468922631371,0
                83.3878408816323,28.4687571518254,0
                83.3879709898993,28.4687216567834,0
                83.388358875866,28.4686896031256,0
                83.3886793310484,28.4687925365215,0
                83.3888239928823,28.4690638890361,0
                83.3889062283691,28.469237936736,0
                83.389307667966,28.4695714128764,0
                83.389392593502,28.4696124100281,0
                83.3895607544575,28.4697868340236,0
                83.3899562519566,28.4703887235538,0
                83.3902284583517,28.4707215721857,0
                83.3906089639468,28.4710345497849,0
                83.3915032720869,28.4714536495899,0
                83.3918229144033,28.47159495452,0
                83.3923374685391,28.4716807050993,0
                83.39272529129,28.4716688998365,0
                83.3927905959019,28.4716331532714,0
                83.3934996867983,28.471685847567,0
                83.3938880733023,28.4716357329916,0
                83.3947337150153,28.4713643332401,0
                83.3951899072634,28.4711610470675,0
                83.3955175547214,28.4709571953229,0
                83.3958653230135,28.4708098395979,0
                83.3961038559443,28.4707184135878,0
                83.3965173037034,28.4705172512951,0
                83.39673446398,28.4704437614914,0
                83.3969299395771,28.4703521475422,0
                83.3971244759977,28.4703169041252,0
                83.3973207647867,28.4702049798448,0
                83.3974504973668,28.4701694226261,0
                83.3979651143154,28.4702574225589,0
                83.3984813566347,28.4702664924695,0
                83.3987420110685,28.4701751298392,0
                83.3990654688148,28.4701427626549,0
                83.3991938884361,28.4701658875514,0
                83.399388862945,28.4701125826783,0
                83.3995198473033,28.4700364672331,0
                83.3997783750243,28.4700240970741,0
                83.400752936647,28.4697553868616,0
                83.4011408223721,28.4697232705819,0
                83.4017893630302,28.4696020424175,0
                83.4021145083312,28.469492931934,0
                83.4025752666177,28.4691001626194,0
                83.402706251161,28.4690262963871,0
                83.4032728686608,28.4687107094455,0
                83.403621075504,28.4685249818873,0
                83.4039073551138,28.4682420118216,0
                83.4041065825059,28.467996974673,0
                83.404174014116,28.4678642381831,0
                83.404394926851,28.4676192008229,0
                83.4045259734649,28.4675273369743,0
                83.4047473239062,28.4672620516087,0
                83.405205205607,28.4669843341896,0
                83.4056617105932,28.4667810480045,0
                83.4058588122991,28.4666307520045,0
                83.4059449880132,28.466633378006,0
                83.4061403375768,28.4665598255597,0
                83.4063819346628,28.4663352869055,0
                83.4067363965961,28.4658810844546,0
                83.4068934428401,28.4655975495563,0
                83.4070478635806,28.4654267549707,0
                83.4071378546251,28.4652557100902,0
                83.4074253232684,28.4649163082495,0
                83.407667232462,28.4646917694524,0
                83.4081987997642,28.4640127777051,0
                83.4082345576166,28.4633789611165,0
                83.4083041149785,28.4631514829666,0
                83.4083484845987,28.4630953008444,0
                83.4088723583042,28.4627591525724,0
                83.4090485258176,28.4625907330771,0
                83.4091838262039,28.4623048241188,0
                83.40945117276,28.4619067389493,0
                83.4095612857751,28.4617943764271,0
                83.4096525277165,28.4615668986622,0
                83.4097638909615,28.4613959157359,0
                83.409996813416,28.4605960552792,0
                83.4101541096656,28.4603102712907,0
                83.4105931218537,28.4599173765633,0
                83.4109152648804,28.4599413168408,0
                83.4113042771077,28.4598730790838,0
                83.4114340098607,28.4598375218269,0
                83.4116962908975,28.4596694784736,0
                83.4120858654276,28.459560619454,0
                83.4125368037094,28.4596076844801,0
                83.4129242514211,28.4595958167817,0
                83.4137622626928,28.459649074745,0
                83.4143376808573,28.4598681264835,0
                83.4145430885184,28.4599908063473,0
                83.4152284881547,28.4603998423166,0
                83.4154603276172,28.4605948282688,0
                83.4161649791954,28.4608166311623,0
                83.4164201288441,28.4609531223186,0
                83.4168043252898,28.4610743674326,0
                83.4170591631573,28.4612130461351,0
                83.4174444845678,28.4612959197439,0
                83.4178278043599,28.4614555363726,0
                83.418148697589,28.4615358465471,0
                83.4185512634849,28.4617924543647,0
                83.4186541202592,28.4620026869292,0
                83.4186219900592,28.4624605191221,0
                83.41875839733,28.4630747154421,0
                83.418831751012,28.4636119798066,0
                83.4192041264731,28.464247490629,0
                83.4194133434478,28.4644987827508,0
                83.4202351549381,28.4652399780599,0
                83.4206590301171,28.4655124603247,0
                83.4209967918415,28.465786877634,0
                83.4214374103593,28.4662715281497,0
                83.4219162069998,28.4669481606453,0
                83.4222103492214,28.4672583872315,0
                83.4227233392861,28.4674004446802,0
                83.4231748409124,28.4674091387466,0
                83.4234334941143,28.4673741456575,0
                83.4236267806467,28.4673975215488,0
                83.4243389367611,28.4672945422026,0
                83.4249239237487,28.4671120057065,0
                83.4251393958296,28.4670971357118,0
              </coordinates>
            </LinearRing>
          </outerBoundaryIs>
        </Polygon>
      </Placemark>
      <Placemark id="GA_MYAGDI_Malika.2">
        <ExtendedData>
          <SchemaData schemaUrl="#GA_MYAGDI_Malika.schema">
            <SimpleData name="ogc_fid">1108</SimpleData>
            <SimpleData name="objectid_1">1109</SimpleData>
            <SimpleData name="dcode">43</SimpleData>
            <SimpleData name="district">MYAGDI</SimpleData>
            <SimpleData name="das">0</SimpleData>
            <SimpleData name="gapa_napa">Malika</SimpleData>
            <SimpleData name="type_gn">Gaunpalika</SimpleData>
            <SimpleData name="gn_code">4.000000000000000</SimpleData>
            <SimpleData name="new_ward_n">5</SimpleData>
            <SimpleData name="ddgnww">430404.999999999941792</SimpleData>
            <SimpleData name="center">Darbang</SimpleData>
            <SimpleData name="state_code">4</SimpleData>
            <SimpleData name="ddgn">43004</SimpleData>
            <SimpleData name="area_sqkm">29.729572965399999</SimpleData>
            <SimpleData name="shape_leng">27955.866803199998685</SimpleData>
            <SimpleData name="shape_area">29729572.965399999171495</SimpleData>
            <SimpleData name="Province">GA</SimpleData>
            <SimpleData name="Address">Malika-5, MYAGDI, GA</SimpleData>
          </SchemaData>
        </ExtendedData>
        <Polygon>
          <outerBoundaryIs>
            <LinearRing>
              <coordinates>
                83.3217012460367,28.4864501316925,0
                83.3218744125294,28.4863178956425,0
                83.322264054569,28.4859746835448,0
                83.3224162255217,28.4857476442416,0
                83.3226565802929,28.4851374537542,0
                83.3228088783457,28.484831421474,0
                83.3228736839927,28.4847753652993,0
                83.3231968882096,28.4848514259999,0
                83.3237138809263,28.4848539957306,0
                83.3239301671534,28.484721886612,0
                83.3242975599772,28.4845139732137,0
                83.3246009000834,28.4841906330022,0
                83.3248182528622,28.4838464797643,0
                83.3250783492051,28.4835410747763,0
                83.3253401384169,28.4829310089573,0
                83.3254914951163,28.4828167099318,0
                83.3257508379603,28.4826848510832,0
                83.3263551347092,28.4825164380796,0
                83.3270464224247,28.4822130392483,0
                83.3273053266182,28.4821579233126,0
                83.3278232602381,28.4819687605398,0
                83.3285998467943,28.481798850992,0
                83.329291009521,28.4815157621757,0
                83.3298095075158,28.4812317963397,0
                83.3303279419012,28.4810042631192,0
                83.3312205217281,28.4804176432225,0
                83.3322082759797,28.4797705297861,0
                83.3326399103987,28.4795425576609,0
                83.3328122006493,28.4795050010258,0
                83.3333305748665,28.4791827261585,0
                83.3338067709963,28.4786684678039,0
                83.3340674948647,28.4782117633038,0
                83.3346523678431,28.477467903013,0
                83.3352600556522,28.4764963134739,0
                83.3356282640913,28.4760966057675,0
                83.3358656097547,28.4759646214928,0
                83.3359952189785,28.4758501969814,0
                83.3363419942891,28.4754119922274,0
                83.3364085555304,28.4750288410402,0
                83.3363686351102,28.4744172707053,0
                83.3364126958401,28.4742076660153,0
                83.3364575086446,28.4738830716039,0
                83.3366550601737,28.4731192695551,0
                83.3367423026542,28.4728896035933,0
                83.336959780809,28.4725093923377,0
                83.3370263421217,28.4721284902454,0
                83.3371349574499,28.4718988884562,0
                83.3374819205597,28.4713840033283,0
                83.3375696650013,28.4710775944825,0
                83.3375291171834,28.4706193859109,0
                83.3373802067634,28.4702374807691,0
                83.3374260236756,28.4697030302378,0
                83.3375590211868,28.4689389153734,0
                83.3376458241676,28.468842363149,0
                83.3379687820841,28.4687874976463,0
                83.3382276865046,28.4686737622706,0
                83.338917598174,28.4684650422344,0
                83.3391554456796,28.4682383162598,0
                83.3393727372183,28.4678378560021,0
                83.3395025344751,28.4677031209298,0
                83.3397175665902,28.4677628063376,0
                83.3404915836633,28.4679379891727,0
                83.3410076389203,28.4679788690442,0
                83.3417832897943,28.4676960942312,0
                83.3423445362058,28.4672408949005,0
                83.3428619720515,28.4669568660193,0
                83.3430340108529,28.4669577439659,0
                83.3431198745266,28.4669964913376,0
                83.3434197650427,28.467322779035,0
                83.3435913030028,28.4674003363979,0
                83.3441081106117,28.4672674196993,0
                83.344560992075,28.4670034503414,0
                83.344712350199,28.466832718358,0
                83.3449507009905,28.4664706306439,0
                83.3450819434629,28.4659366188053,0
                83.345234305443,28.4655560934285,0
                83.345301056915,28.4650217681331,0
                83.3451959565858,28.4645249997819,0
                83.3452395779257,28.46439207485,0
                83.3454344951455,28.4640862302418,0
                83.3457584582165,28.4637628900246,0
                83.345974119688,28.4636128448756,0
                83.3460173027795,28.4635362895801,0
                83.3464712506404,28.4630985868811,0
                83.3467532876452,28.4624885849826,0
                83.3468625301792,28.462107871155,0
                83.3472522377631,28.461575050451,0
                83.3485245199656,28.4607803304171,0
                83.3486113244729,28.4606273455874,0
                83.3488062411178,28.4603236894502,0
                83.3488931720429,28.4600939619108,0
                83.3492179493009,28.4596376334455,0
                83.3493909932212,28.4594105941291,0
                83.34967145961,28.459202117362,0
                83.3498651850641,28.4591444387108,0
                83.3502954402456,28.4591284466653,0
                83.3506400820521,28.4590713945876,0
                83.3509842872,28.458978283463,0
                83.3520185310654,28.4586019592735,0
                83.3523916720984,28.4584210434657,0
                83.3527949342613,28.4582244431967,0
                83.3534221720851,28.4577130623915,0
                83.3535956529449,28.4575221442838,0
                83.3537681941004,28.4574282184209,0
                83.3540704063778,28.457276236655,0
                83.3545455979775,28.4569919578151,0
                83.3546965158914,28.4569362781067,0
                83.3551282121107,28.4567285530332,0
                83.3553656832122,28.4565581977533,0
                83.3555822204169,28.4563697179954,0
                83.356081855701,28.4556457291695,0
                83.3562552732607,28.4554569990839,0
                83.356428753473,28.4552660826111,0
                83.3566658486482,28.4551544081285,0
                83.3569036326623,28.4549818028217,0
                83.3572485887028,28.4548706939216,0
                83.3575928547385,28.4548722611466,0
                83.3584525497573,28.454953079663,0
                83.3586249649254,28.4548952129774,0
                83.358798320884,28.4547245438889,0
                83.3589289953991,28.4544770682782,0
                83.3591457843597,28.454193784996,0
                83.3592322735634,28.4541355416549,0
                83.3595573626704,28.453776141696,0
                83.3599031328616,28.4535296069592,0
                83.3605310601173,28.4529415461166,0
                83.3610494978499,28.4525807742792,0
                83.3612222256378,28.4525048464782,0
                83.3614384501231,28.4523163673377,0
                83.3621729236128,28.4518415466525,0
                83.3625180680574,28.4516920028502,0
                83.3628635874397,28.4514838398722,0
                83.3634675745113,28.4512204986592,0
                83.3636401139474,28.4511828798622,0
                83.3644167668974,28.4508052384734,0
                83.3655854437793,28.4497414169272,0
                83.3657579852728,28.4496474899265,0
                83.3665593308638,28.4488120165332,0
                83.3669281035534,28.4483377532362,0
                83.3671238329053,28.4480521568356,0
                83.3679496212778,28.4467971595442,0
                83.3681446624362,28.4465679965247,0
                83.3684259416072,28.4463211480518,0
                83.3687495893863,28.4461511685596,0
                83.3697847710841,28.4457385977426,0
                83.3702597128568,28.4454340074946,0
                83.3708224607008,28.4449041896326,0
                83.3716856653814,28.4444886160952,0
                83.3719451348802,28.4442597033402,0
                83.3725956253971,28.4434618492909,0
                83.3728824654084,28.4432894313891,0
                83.3729087122868,28.4432737463046,0
                83.372936647409,28.4431949414488,0
                83.3734892033158,28.4429245371887,0
                83.3738614713797,28.4426622538036,0
                83.374019204939,28.4423787821982,0
                83.3740258346907,28.4421126197111,0
                83.3741157633885,28.4419595724153,0
                83.374247122876,28.4418677703533,0
                83.3745742701216,28.4416819794807,0
                83.3749654077562,28.4415168131394,0
                83.3756790651633,28.4413576518017,0
                83.3758534177954,28.4412659749805,0
                83.3762257483851,28.4410037547045,0
                83.3764679078684,28.4407792790928,0
                83.3771752652443,28.4400086725933,0
                83.3775684675036,28.4397668890152,0
                83.3777629415205,28.4397316452306,0
                83.3783720533125,28.4394546797978,0
                83.3787246374078,28.4391178412523,0
                83.378902368088,28.4388908643371,0
                83.3790612906231,28.4385510231263,0
                83.3794393746299,28.4380608857278,0
                83.3797477144322,28.4377599810764,0
                83.3801625377306,28.4375182594131,0
                83.3805134966905,28.4372378532432,0
                83.3806657901737,28.4371641118276,0
                83.3809296962207,28.4369396989228,0
                83.3811501711652,28.4367150979623,0
                83.3814612621914,28.4363172015514,0
                83.3815290054574,28.436186715076,0
                83.3817059229775,28.4359979851051,0
                83.3820773782009,28.4357560125961,0
                83.3824516467701,28.4354193616455,0
                83.3826293775143,28.4351923849994,0
                83.382899975934,28.4346814355611,0
                83.3830764556706,28.4345108296097,0
                83.3835565843411,28.4342332998781,0
                83.3839116705042,28.4337813466653,0
                83.384132895972,28.4335364973542,0
                83.3841358355473,28.4334214456364,0
                83.3839188791381,28.4326534491936,0
                83.3834944578208,28.4315754166078,0
                83.3833575501036,28.4310379009157,0
                83.383341619218,28.4308077338455,0
                83.3832243313056,28.4303469612419,0
                83.383195346048,28.4297918866412,0
                83.3831786647453,28.4296000293297,0
                83.383201805539,28.4286819886087,0
                83.3831761352307,28.4279938008708,0
                83.3832307612139,28.4275360935242,0
                83.3832498994109,28.4267714136296,0
                83.3832196007671,28.4262727080672,0
                83.3831814849972,28.4260807878507,0
                83.3828198032735,28.425081998552,0
                83.3827218865105,28.4246957819214,0
                83.382727640096,28.4244679905073,0
                83.3827744497793,28.4243147548391,0
                83.3828856873909,28.4241641456354,0
                83.3831704664365,28.4239601058525,0
                83.3840203609432,28.4234969745408,0
                83.384368254273,28.4233496805257,0
                83.38469784035,28.42306914857,0
                83.3847492153042,28.4227264934078,0
                83.3847608479558,28.4222663483045,0
                83.384707989623,28.4218081388375,0
                83.3845456438696,28.421421671844,0
                83.3842305674185,28.4211291936046,0
                83.3832755801646,28.4206330987017,0
                83.3828325219297,28.4203016845801,0
                83.3827282260745,28.4201839438974,0
                83.3824044099527,28.4193748253383,0
                83.382349924759,28.4189932972175,0
                83.3822305743804,28.4186070179456,0
                83.3822183959556,28.4182256771516,0
                83.3822944570872,28.4177680956396,0
                83.382409760068,28.4174640624451,0
                83.3828902641514,28.4171662217577,0
                83.3838422661164,28.4169155720872,0
                83.3841860349556,28.4167569671063,0
                83.3842774607909,28.4167145968279,0
                83.3843879495331,28.4165819238718,0
                83.3843779595414,28.4161035924249,0
                83.3842600478682,28.4156428820098,0
                83.3840713896562,28.4154502719949,0
                83.3838381106486,28.4153115936817,0
                83.383734002987,28.415175729351,0
                83.3822906493789,28.4144067143158,0
                83.3821861029345,28.4142889106888,0
                83.3821284294093,28.4140021241018,0
                83.3818486542311,28.4140166804545,0
                83.3816558055408,28.4139932418461,0
                83.381528636642,28.4139136852948,0
                83.3814019685424,28.4138161293015,0
                83.3812768636528,28.4136621417735,0
                83.380241830389,28.4128994454239,0
                83.3798596350936,28.4127014576245,0
                83.3792832783265,28.4125386503425,0
                83.3790252511956,28.4125329594846,0
                83.3781896151631,28.4124230818384,0
                83.3776057543237,28.4125648093345,0
                83.3773471629642,28.4125974900724,0
                83.3769616532672,28.4125348027805,0
                83.3767683669095,28.4125294245574,0
                83.3764446600345,28.4125820396699,0
                83.376187382515,28.4125583506888,0
                83.3756684500462,28.4126822690749,0
                83.375283127817,28.4126173309711,0
                83.3748946157414,28.41268550625,0
                83.3744433021949,28.4126766878177,0
                83.3741194692493,28.4127473633646,0
                83.3732160907526,28.412768035086,0
                83.3728830712088,28.4128228999127,0
                83.3723560162198,28.412906197193,0
                83.3718399602815,28.4129038143245,0
                83.3712604779872,28.4127860660787,0
                83.3709389610114,28.4126875700977,0
                83.3704255352566,28.4124009632276,0
                83.3702544359946,28.4122648476395,0
                83.3700404669645,28.4121510425227,0
                83.3697843181642,28.4119400576865,0
                83.3696142831156,28.411729449328,0
                83.3694429335546,28.4116316430258,0
                83.3690569243701,28.4115351460121,0
                83.3687355958043,28.4114005279837,0
                83.3685419965558,28.411399650366,0
                83.3682202284013,28.4113394628191,0
                83.3673196674488,28.4110488506705,0
                83.3669973360264,28.4110292845882,0
                83.3664825951199,28.410911787259,0
                83.365772000834,28.4110596377429,0
                83.3651447633037,28.411532709954,0
                83.3648846057878,28.4117796839293,0
                83.3647118143578,28.4118736098605,0
                83.3645179023826,28.4119291021269,0
                83.3643236132873,28.4120432759075,0
                83.3641943180371,28.4120607100315,0
                83.3639368538991,28.4120211467788,0
                83.3635069117157,28.4120191399448,0
                83.3634837856996,28.4122107478153,0
                83.3632577897016,28.4135226868685,0
                83.3628418279542,28.4144366590711,0
                83.36281876539,28.4146057689213,0
                83.3626438447714,28.4149478598748,0
                83.3626415262911,28.4152343336287,0
                83.3627666882781,28.415692855961,0
                83.3628517997049,28.4158083472246,0
                83.3630413897226,28.41626493281,0
                83.3632536663678,28.4166088421732,0
                83.3633143430664,28.4167557046979,0
                83.3633800183816,28.4169161912176,0
                83.3635066186886,28.4172980335791,0
                83.3635679144901,28.4177178711869,0
                83.3636282693604,28.4183475642631,0
                83.3635167106285,28.4189201354709,0
                83.3634509028991,28.4190913068767,0
                83.3631474359402,28.4194913904674,0
                83.3630168866557,28.4197186800494,0
                83.3630158846896,28.4198337322315,0
                83.3631219912318,28.4200620249728,0
                83.3631199856072,28.4203485613606,0
                83.3628798824158,28.420864010965,0
                83.3623366899569,28.421662366876,0
                83.3621410213379,28.4220043324451,0
                83.3618805495481,28.4223460472573,0
                83.3614484770872,28.4226485760431,0
                83.3613625505289,28.4226684476738,0
                83.3612326280422,28.4227828724697,0
                83.3610385909865,28.4228564253674,0
                83.3609088556336,28.4229528518934,0
                83.3608005560542,28.4230854009457,0
                83.3605846446277,28.423235571557,0
                83.3603464839881,28.4234826077109,0
                83.3601943129165,28.4236916486427,0
                83.3596326296078,28.424108664253,0
                83.3590280174569,28.4244486866655,0
                83.3586401906514,28.4246002915893,0
                83.3582515514779,28.4248263268694,0
                83.3581225051083,28.4248640714013,0
                83.3577339916449,28.4250719842232,0
                83.3574315902801,28.4252803979973,0
                83.3571941199361,28.4254123822015,0
                83.3567410509986,28.4256381043556,0
                83.3553196100554,28.4260126110954,0
                83.3545432708529,28.426313508498,0
                83.3541121375992,28.4265031720312,0
                83.3537889287024,28.4266144697228,0
                83.3531417595193,28.4269181819606,0
                83.3526892551808,28.4270491625024,0
                83.3520439666903,28.4271024607868,0
                83.3515271583781,28.4272128170838,0
                83.3510109775893,28.4272689921102,0
                83.3505582843791,28.4274382822181,0
                83.3496513342429,28.4279663448636,0
                83.3492621928361,28.4282690607917,0
                83.3486793258833,28.4286475174642,0
                83.3484846613657,28.4288180609073,0
                83.3480959587653,28.4290462843642,0
                83.3473179903927,28.4296133455986,0
                83.3461532608906,28.430142404188,0
                83.3457653738225,28.4302352648221,0
                83.3451203987791,28.4302321925968,0
                83.3448624323269,28.4302693095859,0
                83.3443453116807,28.4304179128486,0
                83.3442157027897,28.4304940292674,0
                83.3436338394325,28.4307010011708,0
                83.342858815965,28.4308303526389,0
                83.3418262652907,28.4309201408964,0
                83.3410511171112,28.4310675532815,0
                83.3407268437266,28.4312961520133,0
                83.3403803203866,28.4316756744043,0
                83.3394929228818,28.4324902739057,0
                83.3391041585685,28.4327184347853,0
                83.338780824317,28.4328499802023,0
                83.3377465203957,28.4331675601554,0
                83.3375527951393,28.4331869299966,0
                83.3369083210418,28.4331431736437,0
                83.3365856761906,28.4331619176734,0
                83.3362634710829,28.4331016674454,0
                83.3354894495087,28.4331362773242,0
                83.3348207220816,28.4333991809019,0
                83.3346485566049,28.4334367373253,0
                83.3343248467032,28.4336246523398,0
                83.3338720910755,28.4337938172812,0
                83.3332238566414,28.4342486406728,0
                83.3330069443236,28.4344957397703,0
                83.3327906579804,28.4346480977589,0
                83.3323781389505,28.4352167893981,0
                83.3318583864433,28.4357308597012,0
                83.3317072169626,28.4358248487525,0
                83.3312213416152,28.4360368211858,0
                83.3311897199962,28.4360501951001,0
                83.3309095066353,28.4361074352578,0
                83.3306084210164,28.4361443021836,0
                83.330371765347,28.4361431733613,0
                83.3300488710686,28.4361979765114,0
                83.3293378374201,28.4363861977358,0
                83.3283692783387,28.4364964854802,0
                83.3279170240439,28.4366273414672,0
                83.3277232378083,28.4366467113477,0
                83.3273348490542,28.436816252393,0
                83.3272480453008,28.4369308659894,0
                83.3272038608605,28.4371020993155,0
                83.3268774571348,28.4376148605118,0
                83.3263128931729,28.4383565337188,0
                83.3260519203187,28.4387566801738,0
                83.3255534772315,28.4392708761926,0
                83.3252292028821,28.4395557820491,0
                83.3250561617813,28.4396677693096,0
                83.3247963169699,28.4398965565189,0
                83.3243635544351,28.4402756403766,0
                83.3242551922634,28.4404105015233,0
                83.3240604644929,28.4405809834426,0
                83.3239076043192,28.4408847656856,0
                83.3233222957276,28.4415112612072,0
                83.3212275533682,28.4427054952466,0
                83.320685866091,28.4432555617262,0
                83.3204037087103,28.4436172744372,0
                83.3201861691057,28.4439591142499,0
                83.3200564973475,28.4440351679925,0
                83.3197549744937,28.4440922828345,0
                83.3179483422382,28.4441216274704,0
                83.3175609558005,28.4441783034774,0
                83.3171726927531,28.444327533752,0
                83.3165244587991,28.4447642341774,0
                83.3162421770454,28.4451056358027,0
                83.3160462590855,28.4454498513298,0
                83.3158942764588,28.4456205215508,0
                83.3156984213096,28.4459624240667,0
                83.315524627388,28.4461916508713,0
                83.315329900541,28.4463621324933,0
                83.314330759006,28.447674559584,0
                83.3140274186836,28.4479595287631,0
                83.3133764905982,28.4487571334201,0
                83.3132023830401,28.4490427292077,0
                83.3124428426862,28.4499548221682,0
                83.3119425197472,28.4506967461658,0
                83.3114432621415,28.4513259306391,0
                83.3112264117529,28.4515525947288,0
                83.3106207330042,28.4520661635551,0
                83.3102090934857,28.4524656207512,0
                83.3098849456515,28.4526535359279,0
                83.3090196740778,28.4533371475331,0
                83.3082423957153,28.4537347240827,0
                83.3076590294312,28.4540949945459,0
                83.3070114221538,28.4544165178321,0
                83.3063003895852,28.4545843661571,0
                83.3060415478504,28.4546981017723,0
                83.3059106852983,28.4549455773862,0
                83.3058211882975,28.4554030338154,0
                83.3056688296033,28.4556301359004,0
                83.3055388440945,28.4557444982466,0
                83.3051290845082,28.4558958529063,0
                83.3048709939943,28.4558945372431,0
                83.3041621543526,28.4557758493161,0
                83.3039037503404,28.4558127788834,0
                83.3035791013333,28.4560796874372,0
                83.3027988155323,28.4568766029261,0
                83.3027127637047,28.4569144105832,0
                83.3025179740966,28.4570848917355,0
                83.3022799397845,28.4572754333445,0
                83.3022144472209,28.4573901087051,0
                83.3016947574465,28.4578454343588,0
                83.3011962525481,28.4583594421204,0
                83.3010748923209,28.4584197474447,0
                83.3008507953542,28.458529108909,0
                83.300656256419,28.4586612190178,0
                83.300397476856,28.458756893899,0
                83.3002681803435,28.4588126368185,0
                83.3002025616007,28.458945373178,0
                83.3001133774469,28.4594051423229,0
                83.300109303693,28.4599781523334,0
                83.30031951176,28.4606672802163,0
                83.3003603758775,28.4609540044721,0
                83.3003574304619,28.4613555307997,0
                83.3002910590843,28.4616416908685,0
                83.3000299611268,28.4620418999212,0
                83.2996185709828,28.4624412950259,0
                83.2992061161137,28.4629558036363,0
                83.2989884509018,28.4632975822582,0
                83.2982945286604,28.4640971231077,0
                83.2981858525627,28.4642679804494,0
                83.2971026648068,28.4653519900666,0
                83.2968857518265,28.4655809660018,0
                83.2968205704221,28.4656957041672,0
                83.2967961913057,28.4660971047323,0
                83.2969221037418,28.4664993200752,0
                83.2969164629484,28.4673024342376,0
                83.2968288454866,28.4675297871171,0
                83.296826590076,28.467816323436,0
                83.2967602813676,28.4681024834734,0
                83.2967576492365,28.4684475768214,0
                83.2966909651409,28.4687337366554,0
                83.2967313890306,28.469135513594,0
                83.2966205204632,28.4695929078305,0
                83.2964893448265,28.4698786915664,0
                83.2964238508288,28.469993430522,0
                83.2964014762884,28.4701286677508,0
                83.2966380074266,28.4701276090491,0
                83.2968964737024,28.4700725557059,0
                83.2972408647917,28.470074373463,0
                83.297670680275,28.4701329995344,0
                83.2984433222699,28.4703670523072,0
                83.2990438611953,28.4706182891525,0
                83.2997308906234,28.470754974868,0
                83.3001615837097,28.4707368577633,0
                83.3006782029959,28.4706447495015,0
                83.3011080187673,28.4707033755858,0
                83.3021407547818,28.4706906427973,0
                83.3023992839532,28.4706332773689,0
                83.3025718250352,28.4705574737664,0
                83.3028745388368,28.4703289368187,0
                83.3033923487398,28.4701037153931,0
                83.3037371780696,28.470028790769,0
                83.3039953314704,28.4700301066205,0
                83.3055414288226,28.4703809113429,0
                83.3060574198155,28.4704399762161,0
                83.3066587742396,28.4705581001479,0
                83.3070015368611,28.4707515871935,0
                83.3073008030088,28.4710576268852,0
                83.3073855384365,28.4712296126671,0
                83.3074497160083,28.4712682349884,0
                83.3078948881908,28.4722066563126,0
                83.308193277463,28.4726097489942,0
                83.3084276771553,28.4729177239072,0
                83.3090918294541,28.4733023870367,0
                83.3096927452825,28.4734949407207,0
                83.3104658253209,28.4736703120203,0
                83.3115834844187,28.4738113163061,0
                83.3121849008099,28.4739271279647,0
                83.3123565639128,28.4739866877403,0
                83.3125488472859,28.4741591121332,0
                83.3126333931937,28.4744076532094,0
                83.3126945641609,28.4748659249847,0
                83.3127992914808,28.4752680144086,0
                83.3127745360396,28.4757258473711,0
                83.3128573902827,28.4761864944149,0
                83.3131115316272,28.4768171280969,0
                83.3133036238702,28.4771632866048,0
                83.3134747830642,28.4773920189508,0
                83.3135170880574,28.4775072589128,0
                83.3135815157559,28.4775662541631,0
                83.3137519225286,28.4779664084369,0
                83.3137511696641,28.4780814599059,0
                83.3139844994644,28.4787706505852,0
                83.313983684462,28.47894213479,0
                83.3141754623972,28.47934460079,0
                83.3143661133893,28.4799186141014,0
                83.314386292277,28.480207462957,0
                83.3145124517187,28.480781100309,0
                83.314767905578,28.481355363858,0
                83.3149371840316,28.4819292514341,0
                83.314914306317,28.4822156002344,0
                83.3147179480821,28.4826724926795,0
                83.3147168199187,28.4828462897947,0
                83.3147591235007,28.4830179623449,0
                83.3147568026973,28.4834758577615,0
                83.3149466368211,28.4842213550329,0
                83.3152448338728,28.4848544270597,0
                83.3153504367996,28.4852565167786,0
                83.31547816446,28.4855436797719,0
                83.3155200911801,28.4857739722991,0
                83.3156054511546,28.4859458955833,0
                83.3158407257874,28.4862899296795,0
                83.3164404437499,28.4869810012985,0
                83.317147897576,28.4876523253732,0
                83.3174484772134,28.4878658733409,0
                83.3175562130083,28.4878844984619,0
                83.3178151167527,28.4878293196562,0
                83.317901668285,28.4877710767163,0
                83.3186781921613,28.4876216647522,0
                83.318829423169,28.4875276759766,0
                83.3193479830068,28.4873001419,0
                83.3199525311554,28.4870933581046,0
                83.3205360212082,28.4867895198107,0
                83.32146440241,28.4864489399818,0
                83.3217012460367,28.4864501316925,0
              </coordinates>
            </LinearRing>
          </outerBoundaryIs>
        </Polygon>
      </Placemark>
      <Placemark id="GA_MYAGDI_Malika.3">
        <ExtendedData>
          <SchemaData schemaUrl="#GA_MYAGDI_Malika.schema">
            <SimpleData name="ogc_fid">1118</SimpleData>
            <SimpleData name="objectid_1">1119</SimpleData>
            <SimpleData name="dcode">43</SimpleData>
            <SimpleData name="district">MYAGDI</SimpleData>
            <SimpleData name="das">0</SimpleData>
            <SimpleData name="gapa_napa">Malika</SimpleData>
            <SimpleData name="type_gn">Gaunpalika</SimpleData>
            <SimpleData name="gn_code">4.000000000000000</SimpleData>
            <SimpleData name="new_ward_n">1</SimpleData>
            <SimpleData name="ddgnww">430400.999999999941792</SimpleData>
            <SimpleData name="center">Darbang</SimpleData>
            <SimpleData name="state_code">4</SimpleData>
            <SimpleData name="ddgn">43004</SimpleData>
            <SimpleData name="area_sqkm">17.295781766800001</SimpleData>
            <SimpleData name="shape_leng">20202.186098599999241</SimpleData>
            <SimpleData name="shape_area">17295781.766800001263618</SimpleData>
            <SimpleData name="Province">GA</SimpleData>
            <SimpleData name="Address">Malika-1, MYAGDI, GA</SimpleData>
          </SchemaData>
        </ExtendedData>
        <Polygon>
          <outerBoundaryIs>
            <LinearRing>
              <coordinates>
                83.3821284294093,28.4140021241018,0
                83.3820690663314,28.4137898294976,0
                83.3820314511094,28.4135617877357,0
                83.382040707332,28.4131783222573,0
                83.3821160815629,28.4127229906073,0
                83.3821862639382,28.4124954496067,0
                83.3823206251185,28.4122682222061,0
                83.3825184781116,28.4120796175022,0
                83.3827581356265,28.4119498206625,0
                83.3828898704007,28.411837646123,0
                83.3834123049526,28.411562491215,0
                83.3842742531799,28.4114806996789,0
                83.384875296706,28.4115127060214,0
                83.3853676044231,28.4115961438939,0
                83.3855386430214,28.4116375805945,0
                83.3857096811006,28.4116789539125,0
                83.385964769215,28.4117973849692,0
                83.3863922102366,28.4119008817139,0
                83.3867359763273,28.411906886947,0
                83.3869092037825,28.4118535817025,0
                83.3875260709762,28.4112336478044,0
                83.3878879752207,28.4104772847323,0
                83.3884237941025,28.4096472442288,0
                83.3888608662093,28.4093491531482,0
                83.3893824262305,28.4091101204486,0
                83.3898118674447,28.409136874979,0
                83.3899607838638,28.4091961842696,0
                83.3901058846665,28.4094291650789,0
                83.3901226290965,28.4096210233912,0
                83.3902233594595,28.4099079979555,0
                83.3902392897415,28.4101381650454,0
                83.3903224646077,28.4102535929448,0
                83.3906382910929,28.4105256984791,0
                83.3912304534336,28.4109389197162,0
                83.392165193694,28.411394330897,0
                83.3925085841374,28.411418396391,0
                83.3933651539874,28.4115485849143,0
                83.393665050586,28.4115927736128,0
                83.3940920709346,28.4108186006592,0
                83.3942786208317,28.4102103465111,0
                83.3943681114635,28.4100595493475,0
                83.3944789116687,28.4099270000931,0
                83.3949586026855,28.4096493453664,0
                83.3952881891769,28.4093485658565,0
                83.3954617296239,28.409277137478,0
                83.3956148367922,28.4091649622439,0
                83.3961359581944,28.4089439907227,0
                83.3968569330075,28.4084621083358,0
                83.3977255734476,28.4080936558211,0
                83.3983344982689,28.4078008796131,0
                83.3991132724007,28.4075855363923,0
                83.399372113646,28.4075505429932,0
                83.400239065408,28.4072610830991,0
                83.400742630482,28.4068685021108,0
                83.4010754683404,28.406436858809,0
                83.4012933796192,28.4063069368492,0
                83.4016442127855,28.4060265304098,0
                83.4020578496844,28.405804994145,0
                83.4024889794836,28.405755006155,0
                83.402918546344,28.4057636369357,0
                83.4034305375246,28.4059238173247,0
                83.4036880650427,28.4059475072823,0
                83.4037729901583,28.40598844211,0
                83.404288670387,28.405997511361,0
                83.4045483249343,28.4059241476517,0
                83.4046579363664,28.4058321576567,0
                83.4047736776885,28.4054897529455,0
                83.4049527226677,28.4051882211303,0
                83.405240815495,28.4048308203526,0
                83.4054176706344,28.4046240295803,0
                83.4055945883572,28.4044172388379,0
                83.4055117279221,28.4042814997119,0
                83.4054510514794,28.40412788818,0
                83.4052620809164,28.4039330280232,0
                83.4048789483085,28.4037734112527,0
                83.4046887257504,28.4036372332203,0
                83.4044811972948,28.4033272585171,0
                83.4043569677677,28.403134961357,0
                83.4043176014136,28.4029814118169,0
                83.4041286308566,28.4027865519036,0
                83.4039170366256,28.4026479989906,0
                83.403747561817,28.4025503177343,0
                83.4034912228346,28.4024882565591,0
                83.4029801706787,28.402287454355,0
                83.4025289182668,28.40228094867,0
                83.4022692016258,28.4023520000764,0
                83.4018815659879,28.4023841786569,0
                83.4014921783569,28.4024907256618,0
                83.4013634463145,28.4024698500416,0
                83.4012337755414,28.4025054079987,0
                83.400976936155,28.4024636570918,0
                83.4007853383678,28.4023838494882,0
                83.4006566059973,28.4023810353255,0
                83.4005289995466,28.4023217881744,0
                83.4001439281436,28.4022389145823,0
                83.3997006186278,28.4019053138934,0
                83.3994701549337,28.4016538332408,0
                83.3993847917891,28.4016332083031,0
                83.3989411704531,28.4012996696651,0
                83.3987491973387,28.4012401720417,0
                83.3983635626004,28.4011932952036,0
                83.3978513222828,28.4010331147343,0
                83.3971503610357,28.4006961342222,0
                83.3968973991757,28.4004807127512,0
                83.3966431245387,28.4003239101961,0
                83.3961382632614,28.3998750057045,0
                83.3956874674461,28.3989502710307,0
                83.3955826087421,28.3988347798289,0
                83.3950781860142,28.3983678139638,0
                83.3948235358355,28.3982290730166,0
                83.3941268271326,28.3977003600886,0
                83.3937488230812,28.3973309505901,0
                83.393432621089,28.3970769062228,0
                83.3929940032587,28.3965357618146,0
                83.3928547187441,28.3960726763961,0
                83.3927727318955,28.395918876781,0
                83.3927351168369,28.3956886471149,0
                83.3926765673796,28.3954402313082,0
                83.3923888040647,28.3948997139781,0
                83.3919258748202,28.3944893693285,0
                83.3916962236202,28.3942175774029,0
                83.3916156137076,28.3939849103069,0
                83.3913885268446,28.3936003790637,0
                83.3911530150826,28.3926766475792,0
                83.3910602268104,28.3920648266517,0
                83.3907742155761,28.391447691266,0
                83.3906081173458,28.3912146475867,0
                83.3904835750448,28.391022287731,0
                83.3902388687009,28.3904820206232,0
                83.3894971192635,28.3891679418634,0
                83.3893147162661,28.3887069180831,0
                83.389239860188,28.3882463968757,0
                83.3890145242089,28.3877828728288,0
                83.388910854606,28.3876290106123,0
                83.3886783261577,28.3874700836427,0
                83.3882588905776,28.3870418036182,0
                83.3880958579548,28.386675584884,0
                83.3881443559141,28.3864479810551,0
                83.3883467739749,28.3860698942406,0
                83.3888377228623,28.3853140958933,0
                83.3890513352137,28.3844781127885,0
                83.3890764603968,28.3843247521921,0
                83.3891684528897,28.3840792761957,0
                83.3892813168279,28.3838519233232,0
                83.3894678662871,28.3832436695543,0
                83.3895021222513,28.3827091557975,0
                83.3894707785458,28.3813328434172,0
                83.3893549299836,28.3807953911566,0
                83.3892333906655,28.3804857919384,0
                83.3892358471495,28.3794931952726,0
                83.3893328430696,28.3790356760674,0
                83.3896250645791,28.3785069160514,0
                83.3896949349056,28.3782793131847,0
                83.3897777511082,28.3775148843368,0
                83.3897066476259,28.3769031891328,0
                83.3895456786106,28.376440041157,0
                83.3893813316455,28.3761324411934,0
                83.3893027855812,28.3758252805186,0
                83.3892726761656,28.375288329253,0
                83.3893194854501,28.3751373440606,0
                83.3893088626254,28.375096660184,0
                83.3892477503367,28.374854993377,0
                83.3892477537731,28.3746835714679,0
                83.3890336071552,28.3740531878887,0
                83.3886045532976,28.3733676816445,0
                83.38836903706,28.372680802834,0
                83.3880040932271,28.3722799587749,0
                83.3877468244319,28.3718229969674,0
                83.3871462966103,28.3710216858544,0
                83.3867604309744,28.369991273377,0
                83.3866537107177,28.3692462768034,0
                83.3867403438519,28.3682156852854,0
                83.386697670295,28.3678139705707,0
                83.3865479522567,28.3672425205728,0
                83.3865482687247,28.3670124167596,0
                83.3863768645558,28.3664972735938,0
                83.3863338096155,28.3664405903328,0
                83.3858830629274,28.3661544222831,0
                83.3857546470591,28.3659259412543,0
                83.3858407674824,28.3655812236699,0
                83.3859051986645,28.3654664224571,0
                83.3862920306382,28.365007970838,0
                83.3863567750532,28.3648367995325,0
                83.3864215881473,28.3643790923463,0
                83.3864002899389,28.3638060189074,0
                83.3864864742518,28.3634048070469,0
                83.3864868539257,28.3631747033915,0
                83.3863584443887,28.3626033785428,0
                83.3862731595349,28.3617998880882,0
                83.3862949086825,28.3616848989861,0
                83.3862104937225,28.3611137619877,0
                83.3860827055983,28.3607680411709,0
                83.3858048138753,28.3603674485325,0
                83.3851428578496,28.359450834792,0
                83.3846938038311,28.3589344369118,0
                83.3845450209993,28.3584194193244,0
                83.3845455884174,28.3582096255595,0
                83.3841810726094,28.358286925318,0
                83.384009596185,28.3582861733622,0
                83.3835811562744,28.3581714269689,0
                83.383066662959,28.3581713561996,0
                83.3827237099844,28.3580953580083,0
                83.3824665575516,28.3580761684827,0
                83.3821665989885,28.3580206682393,0
                83.381909885273,28.3579247360329,0
                83.3815031944014,28.3576950001344,0
                83.381203930234,28.3572943445937,0
                83.3810765206643,28.3567794527827,0
                83.381012467481,28.3567204571653,0
                83.3808630557894,28.3564355427456,0
                83.3807991915553,28.3563382387873,0
                83.3804354331442,28.356072631627,0
                83.3799428788911,28.3558628309037,0
                83.3795999870328,28.3558432651013,0
                83.3792571603845,28.3557492056671,0
                83.3786574955947,28.3555389028034,0
                83.3781652542704,28.3552704824963,0
                83.3779937772414,28.3552719167321,0
                83.3776506344361,28.3553470298085,0
                83.3772427463682,28.3555978752399,0
                83.3769199682929,28.356056641366,0
                83.3767268038131,28.356209124012,0
                83.3761034995872,28.3568785537218,0
                83.3752009164917,28.357720463079,0
                83.3749642555164,28.358005870382,0
                83.3742553368592,28.3587132330908,0
                83.3742121530824,28.3587897252253,0
                83.3736751538645,28.3592497369211,0
                83.3730515360546,28.3599575380841,0
                83.3728842459912,28.3599612852438,0
                83.3728073818175,28.3599631588044,0
                83.3727191401155,28.3601138937317,0
                83.3723919908354,28.3603989251428,0
                83.3720852741961,28.3607968211496,0
                83.3712983646942,28.3616120471938,0
                83.3707913537046,28.3624489633789,0
                83.3706364929894,28.3627550583278,0
                83.37023909587,28.3634390516639,0
                83.3697563978853,28.3640865476629,0
                83.3695157371223,28.3643516452974,0
                83.3688840623503,28.3648607764597,0
                83.3677573922066,28.3652909694827,0
                83.3674115617939,28.3653841429283,0
                83.3662877091186,28.3656022931728,0
                83.3658565789328,28.3656182848255,0
                83.3655109370673,28.3656911479026,0
                83.3652284720019,28.3658432548923,0
                83.3651595994578,28.3661677867642,0
                83.3650073988592,28.3678500063659,0
                83.3647775332481,28.3689182802672,0
                83.3646881659499,28.3691456953624,0
                83.3645786778369,28.3692805564055,0
                83.3640491066789,28.3701940269032,0
                83.3639403075635,28.3702679561512,0
                83.3637861355065,28.3704973079112,0
                83.363460989003,28.3706469765499,0
                83.3630289205375,28.370719400611,0
                83.3628563813248,28.370718586178,0
                83.3623409529966,28.3705987759019,0
                83.3618238353917,28.3705942065664,0
                83.361478381373,28.3706286355824,0
                83.3611322385554,28.3707218084466,0
                83.3609600117992,28.3707187443346,0
                83.3607003570524,28.3707942331991,0
                83.3603564048531,28.3707339205242,0
                83.3600978772374,28.3707304792326,0
                83.359602757784,28.3706694775474,0
                83.3596639936977,28.3709382661281,0
                83.3599347566359,28.3716275824722,0
                83.3601239116797,28.3719736163253,0
                83.3605056013474,28.3724378930379,0
                83.3609057214158,28.3731300855084,0
                83.361051944383,28.3734759312116,0
                83.3611334271038,28.3738192137712,0
                83.361107111055,28.3741642443098,0
                83.360994681873,28.3745066485889,0
                83.360907004112,28.3746212617455,0
                83.3604290623973,28.3748852305934,0
                83.3602111505355,28.3750737104221,0
                83.3601743429046,28.3750961450811,0
                83.3598451336116,28.3752863099664,0
                83.359886934248,28.3755910951668,0
                83.3600117209258,28.3760496184317,0
                83.3600499550556,28.3765844450721,0
                83.3600215064276,28.3773491242021,0
                83.3600976617511,28.3784165288354,0
                83.3601781396351,28.3790282859795,0
                83.360240563593,28.3792587039594,0
                83.3602558602922,28.3799445790987,0
                83.3601408594415,28.3807832503843,0
                83.3601372894208,28.3811667158487,0
                83.3602813821117,28.3818532179841,0
                83.3602753691648,28.3825412794802,0
                83.3603957721889,28.383457760711,0
                83.3603834339662,28.384831634939,0
                83.3603162491099,28.3851380440169,0
                83.3602864856993,28.3860538344936,0
                83.360367024482,28.3866634056424,0
                83.3603598860084,28.3874280853868,0
                83.3604194282825,28.3880374685046,0
                83.3603964276486,28.3881907664578,0
                83.3603728012846,28.3884568042155,0
                83.3601749426563,28.3889702539974,0
                83.3601732511059,28.3891981084016,0
                83.3601060033219,28.3895023294734,0
                83.3601256843557,28.3897325591282,0
                83.3601881084902,28.3899606640405,0
                83.3603575170479,28.3902660142612,0
                83.3607196483071,28.3906692954209,0
                83.3609312369272,28.3910515759731,0
                83.3609932220137,28.3913563619654,0
                83.3609690320842,28.3916608340314,0
                83.360660618165,28.3925730579434,0
                83.3606581744379,28.3928775931223,0
                83.3606138656148,28.3930307657427,0
                83.3606106080927,28.3934120437439,0
                83.3607735645938,28.3944798855155,0
                83.3607514419767,28.3945541912059,0
                83.3607855411635,28.3956214065131,0
                83.3607387881824,28.3960791773084,0
                83.3605862411915,28.3963063416292,0
                83.3604763123317,28.3966103116788,0
                83.3601296650166,28.3969335891242,0
                83.3600853559124,28.3970845127193,0
                83.3600841026313,28.3972379359984,0
                83.3602921212922,28.3980758623899,0
                83.3602899292357,28.3983239653813,0
                83.3603091085987,28.398590253333,0
                83.3602188596535,28.3991245155333,0
                83.35999988008,28.3995792209123,0
                83.3598255231211,28.3998829407819,0
                83.359477873515,28.4003212073499,0
                83.3593465095053,28.4006251151456,0
                83.3592924914552,28.4019198088002,0
                83.3591370633282,28.4025281889845,0
                83.3589840153699,28.402832033078,0
                83.3589176439645,28.4030595744752,0
                83.3585260603243,28.4036307036811,0
                83.3581149218507,28.4039513552151,0
                83.3574859314438,28.4045958492967,0
                83.3574381768324,28.4051664217451,0
                83.35750110177,28.4053584670696,0
                83.3577317445684,28.4060453454104,0
                83.3579857010304,28.4065022453313,0
                83.358069308478,28.4068094692504,0
                83.3582387806127,28.4071148182876,0
                83.3584263035647,28.4078015084439,0
                83.3585314085736,28.4080884846469,0
                83.3588939788824,28.4084127725772,0
                83.3592560474527,28.4088160542077,0
                83.3593832751169,28.4090445350956,0
                83.3594879425107,28.4093495714251,0
                83.359632721623,28.4100360732524,0
                83.3596258310314,28.4108752473799,0
                83.3597932354102,28.4114084508209,0
                83.3600472546839,28.4118676003261,0
                83.36030215057,28.4122320081626,0
                83.3604938080524,28.4124426798353,0
                83.3606209745523,28.41267109878,0
                83.3608762466269,28.4129768869532,0
                83.3613284376219,28.4128842774098,0
                83.362667771668,28.4121302419852,0
                83.3629904172491,28.4120934382368,0
                83.3635069117157,28.4120191399448,0
                83.3639368538991,28.4120211467788,0
                83.3641943180371,28.4120607100315,0
                83.3643236132873,28.4120432759075,0
                83.3645179023826,28.4119291021269,0
                83.3647118143578,28.4118736098605,0
                83.3648846057878,28.4117796839293,0
                83.3651447633037,28.411532709954,0
                83.365772000834,28.4110596377429,0
                83.3664825951199,28.410911787259,0
                83.3669973360264,28.4110292845882,0
                83.3673196674488,28.4110488506705,0
                83.3682202284013,28.4113394628191,0
                83.3685419965558,28.411399650366,0
                83.3687355958043,28.4114005279837,0
                83.3690569243701,28.4115351460121,0
                83.3694429335546,28.4116316430258,0
                83.3696142831156,28.411729449328,0
                83.3697843181642,28.4119400576865,0
                83.3700404669645,28.4121510425227,0
                83.3702544359946,28.4122648476395,0
                83.3704255352566,28.4124009632276,0
                83.3709389610114,28.4126875700977,0
                83.3712604779872,28.4127860660787,0
                83.3718399602815,28.4129038143245,0
                83.3723560162198,28.412906197193,0
                83.3728830712088,28.4128228999127,0
                83.3732160907526,28.412768035086,0
                83.3741194692493,28.4127473633646,0
                83.3744433021949,28.4126766878177,0
                83.3748946157414,28.41268550625,0
                83.375283127817,28.4126173309711,0
                83.3756684500462,28.4126822690749,0
                83.376187382515,28.4125583506888,0
                83.3764446600345,28.4125820396699,0
                83.3767683669095,28.4125294245574,0
                83.3769616532672,28.4125348027805,0
                83.3773471629642,28.4125974900724,0
                83.3776057543237,28.4125648093345,0
                83.3781896151631,28.4124230818384,0
                83.3790252511956,28.4125329594846,0
                83.3792832783265,28.4125386503425,0
                83.3798596350936,28.4127014576245,0
                83.380241830389,28.4128994454239,0
                83.3812768636528,28.4136621417735,0
                83.3814019685424,28.4138161293015,0
                83.381528636642,28.4139136852948,0
                83.3816558055408,28.4139932418461,0
                83.3818486542311,28.4140166804545,0
                83.3821284294093,28.4140021241018,0
              </coordinates>
            </LinearRing>
          </outerBoundaryIs>
        </Polygon>
      </Placemark>
      <Placemark id="GA_MYAGDI_Malika.4">
        <ExtendedData>
          <SchemaData schemaUrl="#GA_MYAGDI_Malika.schema">
            <SimpleData name="ogc_fid">1131</SimpleData>
            <SimpleData name="objectid_1">1132</SimpleData>
            <SimpleData name="dcode">43</SimpleData>
            <SimpleData name="district">MYAGDI</SimpleData>
            <SimpleData name="das">0</SimpleData>
            <SimpleData name="gapa_napa">Malika</SimpleData>
            <SimpleData name="type_gn">Gaunpalika</SimpleData>
            <SimpleData name="gn_code">4.000000000000000</SimpleData>
            <SimpleData name="new_ward_n">6</SimpleData>
            <SimpleData name="ddgnww">430406.000000000000000</SimpleData>
            <SimpleData name="center">Darbang</SimpleData>
            <SimpleData name="state_code">4</SimpleData>
            <SimpleData name="ddgn">43004</SimpleData>
            <SimpleData name="area_sqkm">20.113363561100002</SimpleData>
            <SimpleData name="shape_leng">21582.445588300000963</SimpleData>
            <SimpleData name="shape_area">20113363.561099998652935</SimpleData>
            <SimpleData name="Province">GA</SimpleData>
            <SimpleData name="Address">Malika-6, MYAGDI, GA</SimpleData>
          </SchemaData>
        </ExtendedData>
        <Polygon>
          <outerBoundaryIs>
            <LinearRing>
              <coordinates>
                83.4391946764163,28.4428975643187,0
                83.4395045792362,28.4425017926718,0
                83.4400308302238,28.4420504665487,0
                83.4402964893091,28.4417131270229,0
                83.4405416513076,28.4413149172918,0
                83.4409808500669,28.4409218969749,0
                83.4413715514419,28.4407565431569,0
                83.4416949458214,28.4407218018609,0
                83.442539587827,28.4404500272266,0
                83.4427353135271,28.4403583507168,0
                83.4430637117684,28.4400957550617,0
                83.4430244080705,28.4399241450537,0
                83.4429436106915,28.4396936651935,0
                83.4428515119756,28.4390029768442,0
                83.4428414610196,28.438488586282,0
                83.4429426485165,28.4378009629374,0
                83.4430350794882,28.4375170525159,0
                83.4432362469356,28.4371749616814,0
                83.4434880394473,28.4364924656129,0
                83.4436527794875,28.4358637129162,0
                83.4439752556946,28.4348949941599,0
                83.4445520063885,28.4341032003944,0
                83.4451229400436,28.4335776946073,0
                83.4453454790694,28.4332379163188,0
                83.4458983561576,28.4325588623526,0
                83.4460337810866,28.4322752030549,0
                83.4461943931025,28.4318178720986,0
                83.4462663904759,28.4314752796348,0
                83.4462755222407,28.4310737538689,0
                83.4461767939542,28.4306717884292,0
                83.4459069011138,28.430246573057,0
                83.4455893864474,28.4300129019045,0
                83.4453346102285,28.4298742233946,0
                83.4446473285577,28.4298443400399,0
                83.4443051262132,28.4297617804932,0
                83.4432870875465,28.4291710677258,0
                83.4429459480179,28.4290703847394,0
                83.4426064346974,28.4289088308977,0
                83.4421791184304,28.4288258318149,0
                83.4419242177333,28.4287052771693,0
                83.4413313666272,28.428368922814,0
                83.4410357859752,28.4281533761185,0
                83.4404416837297,28.42787339196,0
                83.4401010442361,28.4277525230229,0
                83.4398436416699,28.4277468945376,0
                83.4395883034209,28.4276466491314,0
                83.4391609871429,28.4275614009153,0
                83.438735234727,28.4274197813471,0
                83.4383321050501,28.4272219188331,0
                83.4378838549257,28.4271162333051,0
                83.4374626057411,28.4267828825317,0
                83.4368805132036,28.425988633033,0
                83.4366912286739,28.4258298948529,0
                83.4361686237497,28.4252456900936,0
                83.4360845113235,28.4251686336539,0
                83.4359781511089,28.4251276354256,0
                83.4353787954283,28.4250596949978,0
                83.4350389070819,28.4249183893322,0
                83.4347827550688,28.424856454068,0
                83.434611153634,28.4248534513412,0
                83.4333312070842,28.4245232737499,0
                83.4329888788484,28.4244790232243,0
                83.432477451356,28.4243144046421,0
                83.4319626452631,28.4243055224734,0
                83.4315960054382,28.4243761975479,0
                83.4313781573951,28.4245061200982,0
                83.431069067278,28.4248635202601,0
                83.430958140906,28.4250142547562,0
                83.4308896468201,28.4251853627817,0
                83.4307131675085,28.4253741554109,0
                83.4306474878532,28.4254302743557,0
                83.4304750719118,28.4254656431945,0
                83.4302829117497,28.4254219570695,0
                83.4300715678586,28.4252834662328,0
                83.4298409163326,28.4250501718817,0
                83.4296133909102,28.4247017622901,0
                83.4296408918345,28.4244537228062,0
                83.4296914546049,28.4241291286995,0
                83.429681152834,28.4236688579464,0
                83.4296249165079,28.4233233882679,0
                83.4296556251506,28.4220602538964,0
                83.4296007031547,28.4216561653403,0
                83.4296105230166,28.4212546391116,0
                83.4296589587774,28.4210270359524,0
                83.429773073747,28.4207410013998,0
                83.4299946120183,28.4204576552702,0
                83.4306309756571,28.419876030796,0
                83.4311838521178,28.4191970391207,0
                83.4314768246265,28.4186297826972,0
                83.4315680043608,28.4184000551828,0
                83.4315950678235,28.4181723267761,0
                83.4316041363567,28.4177887995655,0
                83.4311702083544,28.4170921683388,0
                83.4311525265552,28.4169386817944,0
                83.4310957881762,28.4167580724296,0
                83.4309336318877,28.4162451794452,0
                83.4309002696609,28.4158637759664,0
                83.4308004762985,28.4155565524305,0
                83.4304014120255,28.4152052032959,0
                83.4302375024863,28.4148977292041,0
                83.4301787650475,28.4146673742956,0
                83.4301670872253,28.4142860965032,0
                83.4302856431919,28.4138286400398,0
                83.4303147068839,28.4135241677231,0
                83.4302599719959,28.4131427648029,0
                83.430199233106,28.4129890275494,0
                83.4299745225159,28.4125436894023,0
                83.429712572158,28.4118522488392,0
                83.4294665516292,28.411390974701,0
                83.4289057038987,28.4106532203973,0
                83.428616627329,28.4101917578472,0
                83.4280529031274,28.4095689934221,0
                83.4280135367062,28.4094155073432,0
                83.4283817569585,28.4084311650036,0
                83.428545432174,28.4078994034428,0
                83.4285761235582,28.4075183137858,0
                83.4290820029076,28.4070308662501,0
                83.42937284818,28.4065606008089,0
                83.4293982229812,28.4064073032385,0
                83.4294881515933,28.4062384445859,0
                83.4295228451443,28.4057039313633,0
                83.4295474067086,28.4055890052223,0
                83.4295326008558,28.4053227166475,0
                83.4294778664663,28.4049390011171,0
                83.4292449800239,28.4039431506197,0
                83.4291531922355,28.403329142158,0
                83.4290710809495,28.403175342665,0
                83.4288111310887,28.4024072214698,0
                83.4286754121632,28.4017930879373,0
                83.4286180509031,28.4014882394404,0
                83.4285717593808,28.4007233084185,0
                83.4284500321169,28.4004159600105,0
                83.4277806380314,28.3996370826558,0
                83.4275981094236,28.3991761218989,0
                83.4271203125881,28.3984793034286,0
                83.4269968334524,28.3982486347981,0
                83.4267410127866,28.3972504098645,0
                83.4265561069363,28.3968841901127,0
                83.4264720572503,28.3968071333949,0
                83.4263883834005,28.396709765469,0
                83.4261696590568,28.3968758095242,0
                83.4260388629413,28.3969496757371,0
                83.4255838584064,28.3971124663453,0
                83.4254530000322,28.3971863948906,0
                83.425130105075,28.3972188244993,0
                83.4247461593271,28.3970976421001,0
                83.4240398187468,28.3969683308811,0
                83.4237821663615,28.3969649520517,0
                83.4235898180974,28.3969213282516,0
                83.4232674237208,28.3969154483342,0
                83.4227492415469,28.3970214933047,0
                83.4221031400235,28.397084226927,0
                83.4217819965652,28.3970219153242,0
                83.4212655655378,28.3970490925478,0
                83.4208171903829,28.3969253468934,0
                83.4204356833579,28.3967094852463,0
                83.4201161666918,28.3965884917338,0
                83.4197979007099,28.3964088783422,0
                83.4196518615797,28.3962345793672,0
                83.419199358982,28.3962845049619,0
                83.418684178813,28.3962552497182,0
                83.4185320096597,28.3963268030319,0
                83.4182522345708,28.3963414221212,0
                83.4178629100608,28.3964480320338,0
                83.4175371380766,28.3965955136188,0
                83.4172954791539,28.3968201138961,0
                83.4166833024963,28.3972663764492,0
                83.415975442949,28.3981116005379,0
                83.415573734947,28.3987325378879,0
                83.4152647698762,28.3990718773125,0
                83.4150016753785,28.3992963524479,0
                83.4145444190021,28.3995673202254,0
                83.4144129977104,28.3996457484408,0
                83.4138943779564,28.3997721045703,0
                83.4135079922895,28.3997456008127,0
                83.4131834721947,28.3998344626684,0
                83.4129894972465,28.3998516449219,0
                83.4121459810733,28.4000849236136,0
                83.4117546554539,28.4002681503861,0
                83.4109743171826,28.4005400513325,0
                83.4101906019602,28.4009653124785,0
                83.4090230653825,28.4012512681726,0
                83.4088265272359,28.4013812531462,0
                83.4084531326893,28.4017180293716,0
                83.408187161793,28.4020574947407,0
                83.4078526342526,28.4025659426658,0
                83.4076331605844,28.4027522351336,0
                83.4075658544407,28.4028670362121,0
                83.4072355174275,28.4032039375274,0
                83.4069954836699,28.4033540449684,0
                83.4066010932007,28.4036703847316,0
                83.4062302640668,28.4038921090218,0
                83.4056598935791,28.4043791805717,0
                83.4055945883572,28.4044172388379,0
                83.4054176706344,28.4046240295803,0
                83.405240815495,28.4048308203526,0
                83.4049527226677,28.4051882211303,0
                83.4047736776885,28.4054897529455,0
                83.4046579363664,28.4058321576567,0
                83.4045483249343,28.4059241476517,0
                83.404288670387,28.405997511361,0
                83.4037729901583,28.40598844211,0
                83.4036880650427,28.4059475072823,0
                83.4034305375246,28.4059238173247,0
                83.402918546344,28.4057636369357,0
                83.4024889794836,28.405755006155,0
                83.4020578496844,28.405804994145,0
                83.4016442127855,28.4060265304098,0
                83.4012933796192,28.4063069368492,0
                83.4010754683404,28.406436858809,0
                83.400742630482,28.4068685021108,0
                83.400239065408,28.4072610830991,0
                83.399372113646,28.4075505429932,0
                83.3991132724007,28.4075855363923,0
                83.3983344982689,28.4078008796131,0
                83.3977255734476,28.4080936558211,0
                83.3968569330075,28.4084621083358,0
                83.3961359581944,28.4089439907227,0
                83.3956148367922,28.4091649622439,0
                83.3954617296239,28.409277137478,0
                83.3952881891769,28.4093485658565,0
                83.3949586026855,28.4096493453664,0
                83.3944789116687,28.4099270000931,0
                83.3943681114635,28.4100595493475,0
                83.3942786208317,28.4102103465111,0
                83.3940920709346,28.4108186006592,0
                83.393665050586,28.4115927736128,0
                83.3933651539874,28.4115485849143,0
                83.3925085841374,28.411418396391,0
                83.392165193694,28.411394330897,0
                83.3912304534336,28.4109389197162,0
                83.3906382910929,28.4105256984791,0
                83.3903224646077,28.4102535929448,0
                83.3902392897415,28.4101381650454,0
                83.3902233594595,28.4099079979555,0
                83.3901226290965,28.4096210233912,0
                83.3901058846665,28.4094291650789,0
                83.3899607838638,28.4091961842696,0
                83.3898118674447,28.409136874979,0
                83.3893824262305,28.4091101204486,0
                83.3888608662093,28.4093491531482,0
                83.3884237941025,28.4096472442288,0
                83.3878879752207,28.4104772847323,0
                83.3875260709762,28.4112336478044,0
                83.3869092037825,28.4118535817025,0
                83.3867359763273,28.411906886947,0
                83.3863922102366,28.4119008817139,0
                83.385964769215,28.4117973849692,0
                83.3857096811006,28.4116789539125,0
                83.3855386430214,28.4116375805945,0
                83.3853676044231,28.4115961438939,0
                83.384875296706,28.4115127060214,0
                83.3842742531799,28.4114806996789,0
                83.3834123049526,28.411562491215,0
                83.3828898704007,28.411837646123,0
                83.3827581356265,28.4119498206625,0
                83.3825184781116,28.4120796175022,0
                83.3823206251185,28.4122682222061,0
                83.3821862639382,28.4124954496067,0
                83.3821160815629,28.4127229906073,0
                83.382040707332,28.4131783222573,0
                83.3820314511094,28.4135617877357,0
                83.3820690663314,28.4137898294976,0
                83.3821284294093,28.4140021241018,0
                83.3821861029345,28.4142889106888,0
                83.3822906493789,28.4144067143158,0
                83.383734002987,28.415175729351,0
                83.3838381106486,28.4153115936817,0
                83.3840713896562,28.4154502719949,0
                83.3842600478682,28.4156428820098,0
                83.3843779595414,28.4161035924249,0
                83.3843879495331,28.4165819238718,0
                83.3842774607909,28.4167145968279,0
                83.3841860349556,28.4167569671063,0
                83.3838422661164,28.4169155720872,0
                83.3828902641514,28.4171662217577,0
                83.382409760068,28.4174640624451,0
                83.3822944570872,28.4177680956396,0
                83.3822183959556,28.4182256771516,0
                83.3822305743804,28.4186070179456,0
                83.382349924759,28.4189932972175,0
                83.3824044099527,28.4193748253383,0
                83.3827282260745,28.4201839438974,0
                83.3828325219297,28.4203016845801,0
                83.3832755801646,28.4206330987017,0
                83.3842305674185,28.4211291936046,0
                83.3845456438696,28.421421671844,0
                83.384707989623,28.4218081388375,0
                83.3847608479558,28.4222663483045,0
                83.3847492153042,28.4227264934078,0
                83.38469784035,28.42306914857,0
                83.384368254273,28.4233496805257,0
                83.3840203609432,28.4234969745408,0
                83.3831704664365,28.4239601058525,0
                83.3828856873909,28.4241641456354,0
                83.3827744497793,28.4243147548391,0
                83.382727640096,28.4244679905073,0
                83.3827218865105,28.4246957819214,0
                83.3828198032735,28.425081998552,0
                83.3831814849972,28.4260807878507,0
                83.3832196007671,28.4262727080672,0
                83.3832498994109,28.4267714136296,0
                83.3832307612139,28.4275360935242,0
                83.3831761352307,28.4279938008708,0
                83.383201805539,28.4286819886087,0
                83.3831786647453,28.4296000293297,0
                83.383195346048,28.4297918866412,0
                83.383391572526,28.4296799628133,0
                83.3838273303521,28.429458677237,0
                83.3840464917288,28.4292903835492,0
                83.3845664250186,28.4291280308704,0
                83.3850904862423,28.4288123183039,0
                83.3855233046498,28.4287060221804,0
                83.3859538728921,28.428674094055,0
                83.3863817509506,28.4287595303618,0
                83.3868063768812,28.4289757677451,0
                83.3871005197086,28.4292500593878,0
                83.38726793038,28.4294244840285,0
                83.3874140329712,28.429598782808,0
                83.3875558818105,28.4299469409001,0
                83.3876304245778,28.4304074617823,0
                83.3876246084314,28.4306352539396,0
                83.3877850157646,28.4310985269566,0
                83.3879926064771,28.4313881910773,0
                83.3882863110667,28.4316805438319,0
                83.388560395351,28.4318960911533,0
                83.3888784111026,28.4320734542522,0
                83.3893034131918,28.4322716308242,0
                83.3900703039421,28.4325525542864,0
                83.3913516874281,28.4329012297809,0
                83.3916090892886,28.4329249191426,0
                83.3928912861296,28.4332350982769,0
                83.393749293658,28.4333066682963,0
                83.394520250512,28.4334364183183,0
                83.3954603690875,28.4336639744056,0
                83.3963963597923,28.4340628902115,0
                83.3969883346196,28.4344738614533,0
                83.3972975946926,28.43501662916,0
                83.3973335844878,28.435305540989,0
                83.3972879630126,28.4354181554065,0
                83.3971562284907,28.4355303929732,0
                83.3970475550428,28.4355682627785,0
                83.396940069417,28.4355655117257,0
                83.396550682595,28.4356540601117,0
                83.3963749538166,28.4358044187042,0
                83.3963298956488,28.4358787229498,0
                83.3962140293509,28.436221065433,0
                83.3962312737936,28.4363947994364,0
                83.3963316918992,28.4366840251859,0
                83.3964551084111,28.4369146927576,0
                83.3967278159108,28.4372069208393,0
                83.397060823859,28.4376731957193,0
                83.3971411832811,28.4379058006422,0
                83.397136680928,28.43807728511,0
                83.3969091383743,28.4385906098176,0
                83.3969062613615,28.4387056621508,0
                83.3969666249652,28.4388773969905,0
                83.3971966512322,28.4391513756988,0
                83.3974501132234,28.4393464869607,0
                83.3978304318471,28.4396234047603,0
                83.3983194238266,28.4398624535466,0
                83.3989184027559,28.44000719955,0
                83.3996006183046,28.4402696230461,0
                83.3998352723844,28.4403496197565,0
                83.4002619615952,28.4404936758587,0
                83.4006898399108,28.4405970484881,0
                83.4015407177568,28.4409955870573,0
                83.4023948473172,28.4412610138208,0
                83.4038521463247,28.4414997647618,0
                83.4054781071734,28.4418768805791,0
                83.4062444978337,28.4422163616897,0
                83.406753172476,28.4425321532027,0
                83.4071799245999,28.4426738968933,0
                83.4077709612105,28.4431456758731,0
                83.4081734641227,28.4434023463062,0
                83.4084286780734,28.4435207146998,0
                83.4085993405364,28.4435824617866,0
                83.4092849337198,28.4437094605322,0
                83.4097116233389,28.4438534538272,0
                83.410228241818,28.443844400298,0
                83.4104013440641,28.4438090939407,0
                83.4116180647077,28.4433157829996,0
                83.4121408120785,28.4430563770306,0
                83.4125732556299,28.4429702044242,0
                83.4129183355159,28.4429379001864,0
                83.4133483396247,28.4429465312713,0
                83.4138603917173,28.4431292099299,0
                83.414543548187,28.4432178999819,0
                83.414717962279,28.4432411501026,0
                83.4149741764742,28.4433031488304,0
                83.4152077675254,28.4434034560768,0
                83.4153802450544,28.4433680865318,0
                83.4157230741032,28.4433943399261,0
                83.4161751388365,28.4433444138159,0
                83.416432853984,28.4433500418392,0
                83.4166895065916,28.4433917302569,0
                83.4171410716011,28.4433621149837,0
                83.417722557347,28.4432788192522,0
                83.4179413431893,28.4431105876584,0
                83.4183606094016,28.4426386375276,0
                83.4188746816842,28.4418061584257,0
                83.4194721157981,28.4410709854957,0
                83.4197114616192,28.4409411257408,0
                83.4209616097704,28.4407366636072,0
                83.4213483080998,28.4407247959489,0
                83.4225504588973,28.4407276266776,0
                83.4228952882088,28.4406771996059,0
                83.4237517332514,28.4407688294765,0
                83.4242640376142,28.4408950758683,0
                83.4246068652,28.440919078846,0
                83.4249509452933,28.4408889623184,0
                83.4258061392121,28.4410392116576,0
                83.4263218197418,28.4410278459847,0
                83.4270924021042,28.4411191001674,0
                83.4276955104828,28.4410358670407,0
                83.4281245769581,28.4410444347945,0
                83.4286422600592,28.4409383276831,0
                83.42924367923,28.4409318380767,0
                83.4299330254781,28.4408287333346,0
                83.4307048589224,28.4408815525094,0
                83.4313013991624,28.4410645453395,0
                83.431725087749,28.4413031550926,0
                83.4322120147943,28.4416548810594,0
                83.4326956277336,28.4421396567245,0
                83.4335853710074,28.4427479899895,0
                83.4347559532091,28.4432830223132,0
                83.4354387310291,28.4435226982139,0
                83.4359520350071,28.4436466327791,0
                83.4362951128931,28.4436909462446,0
                83.4366397536923,28.4436765779978,0
                83.4374170274326,28.4435376653447,0
                83.4376752431152,28.4435206713048,0
                83.4382801637735,28.4433991288087,0
                83.4385407561307,28.4432873305283,0
                83.4388683420437,28.4430631690009,0
                83.4391946764163,28.4428975643187,0
              </coordinates>
            </LinearRing>
          </outerBoundaryIs>
        </Polygon>
      </Placemark>
      <Placemark id="GA_MYAGDI_Malika.5">
        <ExtendedData>
          <SchemaData schemaUrl="#GA_MYAGDI_Malika.schema">
            <SimpleData name="ogc_fid">1136</SimpleData>
            <SimpleData name="objectid_1">1137</SimpleData>
            <SimpleData name="dcode">43</SimpleData>
            <SimpleData name="district">MYAGDI</SimpleData>
            <SimpleData name="das">0</SimpleData>
            <SimpleData name="gapa_napa">Malika</SimpleData>
            <SimpleData name="type_gn">Gaunpalika</SimpleData>
            <SimpleData name="gn_code">4.000000000000000</SimpleData>
            <SimpleData name="new_ward_n">2</SimpleData>
            <SimpleData name="ddgnww">430402.000000000000000</SimpleData>
            <SimpleData name="center">Darbang</SimpleData>
            <SimpleData name="state_code">4</SimpleData>
            <SimpleData name="ddgn">43004</SimpleData>
            <SimpleData name="area_sqkm">20.744804165200001</SimpleData>
            <SimpleData name="shape_leng">20810.707416099998227</SimpleData>
            <SimpleData name="shape_area">20744804.165199998766184</SimpleData>
            <SimpleData name="Province">GA</SimpleData>
            <SimpleData name="Address">Malika-2, MYAGDI, GA</SimpleData>
          </SchemaData>
        </ExtendedData>
        <Polygon>
          <outerBoundaryIs>
            <LinearRing>
              <coordinates>
                83.3574381768324,28.4051664217451,0
                83.3574859314438,28.4045958492967,0
                83.3581149218507,28.4039513552151,0
                83.3585260603243,28.4036307036811,0
                83.3589176439645,28.4030595744752,0
                83.3589840153699,28.402832033078,0
                83.3591370633282,28.4025281889845,0
                83.3592924914552,28.4019198088002,0
                83.3593465095053,28.4006251151456,0
                83.359477873515,28.4003212073499,0
                83.3598255231211,28.3998829407819,0
                83.35999988008,28.3995792209123,0
                83.3602188596535,28.3991245155333,0
                83.3603091085987,28.398590253333,0
                83.3602899292357,28.3983239653813,0
                83.3602921212922,28.3980758623899,0
                83.3600841026313,28.3972379359984,0
                83.3600853559124,28.3970845127193,0
                83.3601296650166,28.3969335891242,0
                83.3604763123317,28.3966103116788,0
                83.3605862411915,28.3963063416292,0
                83.3607387881824,28.3960791773084,0
                83.3607855411635,28.3956214065131,0
                83.3607514419767,28.3945541912059,0
                83.3607735645938,28.3944798855155,0
                83.3606106080927,28.3934120437439,0
                83.3606138656148,28.3930307657427,0
                83.3606581744379,28.3928775931223,0
                83.360660618165,28.3925730579434,0
                83.3609690320842,28.3916608340314,0
                83.3609932220137,28.3913563619654,0
                83.3609312369272,28.3910515759731,0
                83.3607196483071,28.3906692954209,0
                83.3603575170479,28.3902660142612,0
                83.3601881084902,28.3899606640405,0
                83.3601256843557,28.3897325591282,0
                83.3601060033219,28.3895023294734,0
                83.3601732511059,28.3891981084016,0
                83.3601749426563,28.3889702539974,0
                83.3603728012846,28.3884568042155,0
                83.3603964276486,28.3881907664578,0
                83.3604194282825,28.3880374685046,0
                83.3603598860084,28.3874280853868,0
                83.360367024482,28.3866634056424,0
                83.3602864856993,28.3860538344936,0
                83.3603162491099,28.3851380440169,0
                83.3603834339662,28.384831634939,0
                83.3603957721889,28.383457760711,0
                83.3602753691648,28.3825412794802,0
                83.3602813821117,28.3818532179841,0
                83.3601372894208,28.3811667158487,0
                83.3601408594415,28.3807832503843,0
                83.3602558602922,28.3799445790987,0
                83.360240563593,28.3792587039594,0
                83.3601781396351,28.3790282859795,0
                83.3600976617511,28.3784165288354,0
                83.3600215064276,28.3773491242021,0
                83.3600499550556,28.3765844450721,0
                83.3600117209258,28.3760496184317,0
                83.359886934248,28.3755910951668,0
                83.3598451336116,28.3752863099664,0
                83.3601743429046,28.3750961450811,0
                83.3602111505355,28.3750737104221,0
                83.3604290623973,28.3748852305934,0
                83.360907004112,28.3746212617455,0
                83.360994681873,28.3745066485889,0
                83.361107111055,28.3741642443098,0
                83.3611334271038,28.3738192137712,0
                83.361051944383,28.3734759312116,0
                83.3609057214158,28.3731300855084,0
                83.3605056013474,28.3724378930379,0
                83.3601239116797,28.3719736163253,0
                83.3599347566359,28.3716275824722,0
                83.3596639936977,28.3709382661281,0
                83.359602757784,28.3706694775474,0
                83.358075591448,28.3704637846714,0
                83.3575574729439,28.3705154599199,0
                83.3574714851344,28.3704970223108,0
                83.3569521140283,28.3706638119352,0
                83.3567795114068,28.3706809947866,0
                83.3560044928999,28.3706164265897,0
                83.3552284094751,28.3706286012466,0
                83.3548851448945,28.3705119187525,0
                83.3543719699823,28.370218437019,0
                83.3539437190722,28.3700246361702,0
                83.3530856525714,28.3697295869023,0
                83.3528284395188,28.3696110317833,0
                83.3522263343081,28.3695292170939,0
                83.3517953302197,28.3695271476572,0
                83.3511907222601,28.3695965073248,0
                83.3507597180193,28.3695922508407,0
                83.3500712493186,28.3695099350093,0
                83.3487786113411,28.3694789804509,0
                83.3484975853289,28.3695520320188,0
                83.3484322181667,28.369610338452,0
                83.3481507544883,28.3697038252911,0
                83.3478899735999,28.3698536831196,0
                83.3478458532563,28.3699301746628,0
                83.347715181448,28.3700243520913,0
                83.3470262754898,28.3699600971377,0
                83.346767622453,28.3699769038363,0
                83.3452113250864,28.3703078501735,0
                83.3447785685605,28.3704366434847,0
                83.3446044023445,28.3705508185974,0
                83.344170956135,28.3707382317604,0
                83.3437381374651,28.3708670259377,0
                83.3433060060267,28.3709393879086,0
                83.3428719353152,28.3711651099562,0
                83.3426127188574,28.3712202888641,0
                83.3421793989219,28.371387391696,0
                83.3418333187342,28.3714624417919,0
                83.3416618430788,28.3714029444573,0
                83.3414275044508,28.3711897733531,0
                83.3410668725698,28.3707841800631,0
                83.3408535922463,28.3706297529192,0
                83.3403654195196,28.3700701711642,0
                83.3401745740687,28.3698391273313,0
                83.3399204890934,28.3695310257762,0
                83.339301018099,28.3691243665322,0
                83.33887232935,28.368948500137,0
                83.3387427844371,28.3689659970949,0
                83.3386562332547,28.3689835563206,0
                83.3382635913643,28.3693245194015,0
                83.3380656118174,28.3696281132844,0
                83.3378248892679,28.3698931479819,0
                83.3374121274663,28.3701189957983,0
                83.3371076644049,28.3703273475243,0
                83.3370211757459,28.3703449691628,0
                83.3368899405645,28.3704774557237,0
                83.3366290353087,28.3706476236548,0
                83.3363692552616,28.3707411112007,0
                83.3359369997333,28.3708337202669,0
                83.3355272420643,28.3708475251963,0
                83.3353987605151,28.3707905288614,0
                83.3353360837192,28.3706729135948,0
                83.3353464082909,28.369984913715,0
                83.3352713704362,28.3692355434344,0
                83.3351679530421,28.3689462560077,0
                83.33497948455,28.3686002224107,0
                83.3348357011358,28.3681392616763,0
                83.3343339129776,28.3671554687986,0
                83.333931976027,28.3666910671017,0
                83.3334466799248,28.366034432723,0
                83.333149475614,28.3657442665425,0
                83.3327016030676,28.3654894080358,0
                83.3325295015662,28.3654682195594,0
                83.3323584636297,28.3653907246942,0
                83.3313269797649,28.3652638452859,0
                83.3312229938818,28.3652767798402,0
                83.3310675760568,28.3652987122992,0
                83.330372853691,28.3655028083508,0
                83.330026587454,28.3655168637001,0
                83.3292460637018,28.3656822117317,0
                83.3288106191719,28.3658695635574,0
                83.3282913122089,28.3659211750819,0
                83.3276858938693,28.365915916911,0
                83.3273411300552,28.3658352931007,0
                83.3253661001121,28.3649321582052,0
                83.3251743175213,28.3647574834203,0
                83.324920295886,28.3643907629951,0
                83.3245993432701,28.3641771524871,0
                83.3242562685242,28.3639814151611,0
                83.3241703434057,28.3639606658208,0
                83.3238490779656,28.3637471178902,0
                83.323505752856,28.363589688982,0
                83.3232468504006,28.363550001468,0
                83.3227734170506,28.3634100690546,0
                83.3225811329661,28.3632557053045,0
                83.3224540914095,28.3630813438772,0
                83.3224550925301,28.3630226624465,0
                83.322030596882,28.3625017657526,0
                83.3219468615116,28.3623275921128,0
                83.3217981349949,28.3621554187979,0
                83.3217564557847,28.3620379288956,0
                83.3214801245956,28.361729702673,0
                83.3213764557654,28.3614404145851,0
                83.3211450578124,28.3610354476635,0
                83.3210843843486,28.3607487232014,0
                83.3210870751924,28.3605749892518,0
                83.320731638092,28.3597678069223,0
                83.3204836243633,28.3590176219665,0
                83.3203142771307,28.3587843901599,0
                83.3200785613639,28.35864789919,0
                83.3199503927531,28.3585502187629,0
                83.3192841753257,28.3582942320651,0
                83.3182497553683,28.3580927970295,0
                83.3177310752874,28.3580879766488,0
                83.3172982582807,28.358121903858,0
                83.3170377920602,28.3581747081786,0
                83.3166055997564,28.3581702643243,0
                83.3164333738178,28.3581310778112,0
                83.3161119836528,28.357935465036,0
                83.3159393817422,28.357914277635,0
                83.3155928027846,28.3579689545664,0
                83.3145395771875,28.3575733489321,0
                83.3138498601509,28.3574525993718,0
                83.3136142694477,28.3572957348205,0
                83.3131022223533,28.3568690785566,0
                83.3123520188095,28.3564389817406,0
                83.312333024708,28.3562673720713,0
                83.3125579436948,28.3556954269089,0
                83.3125407018818,28.3554066409699,0
                83.3123328025185,28.3548686241014,0
                83.3122481287476,28.354753195739,0
                83.3120770914234,28.3546350170792,0
                83.3118191910098,28.3545367088963,0
                83.311559162754,28.3545714520109,0
                83.3114728615429,28.3545530146926,0
                83.3110394178749,28.3546433124867,0
                83.3107803913584,28.3546217478408,0
                83.310432372858,28.3547530428816,0
                83.3101722197765,28.3548058465833,0
                83.3096542270577,28.3547626551519,0
                83.3093076479301,28.3548150196559,0
                83.3086117360598,28.3551137946006,0
                83.3084383830292,28.3551512261969,0
                83.3079168238757,28.3553561369769,0
                83.30758936389,28.3555620503653,0
                83.307328646985,28.3556554754473,0
                83.306869639481,28.3559960624578,0
                83.3063476430819,28.3562189710111,0
                83.3059999370176,28.3563503283548,0
                83.3057403471575,28.3563670735503,0
                83.3055007520482,28.3564966825135,0
                83.3051536713592,28.3565896689106,0
                83.3048080931332,28.356585664252,0
                83.3046359291645,28.3565441648643,0
                83.3042936050813,28.3563303665354,0
                83.3042072418966,28.3563276780696,0
                83.3038634148534,28.3562086209929,0
                83.3023992426608,28.3559236249704,0
                83.3021623375811,28.3558818120274,0
                83.3017480146528,28.3561074727784,0
                83.3014871718137,28.3562190210999,0
                83.3012253288396,28.3563891264808,0
                83.3011591487897,28.3564654932913,0
                83.3009624220864,28.3566156021112,0
                83.3011981385819,28.3567340944499,0
                83.3013053725494,28.3567730302974,0
                83.3014748464846,28.3569859507343,0
                83.3016198815636,28.3573724802077,0
                83.3018719005895,28.357836191946,0
                83.3018898314603,28.3580664214287,0
                83.3018400174819,28.3584676967707,0
                83.3018308201909,28.3590429559153,0
                83.3018704350396,28.3592754981943,0
                83.3019521056386,28.3595646608395,0
                83.3021643228405,28.3598162036158,0
                83.3023942196612,28.3602979127782,0
                83.3023857106203,28.3608166782507,0
                83.3024216335126,28.3612771363242,0
                83.3025015530357,28.3616813512052,0
                83.3024437922039,28.3626195145762,0
                83.3025412648199,28.3633103274616,0
                83.3025358211641,28.3636554842314,0
                83.302419889859,28.3641714971782,0
                83.3023696999008,28.3646314548765,0
                83.302512982306,28.3651510345492,0
                83.3029552200407,28.3659225955679,0
                83.303371519334,28.3669601956549,0
                83.3033687659863,28.3671338670547,0
                83.3031034191732,28.3675340760223,0
                83.3029001217509,28.368106083546,0
                83.3029380476616,28.3684514275741,0
                83.3029319158852,28.3688529531215,0
                83.3031521141364,28.3699865410996,0
                83.3031676660964,28.3703903792235,0
                83.3033755648448,28.3709283960267,0
                83.3039460968529,28.3717773266685,0
                83.303919781163,28.372102046853,0
                83.3038077909118,28.3723518976756,0
                83.3038674015386,28.3726973664746,0
                83.3040971100848,28.3732173854445,0
                83.3042207102645,28.3736195378844,0
                83.3044514206565,28.374083187052,0
                83.304789052405,28.3746217678666,0
                83.3049732064112,28.375028858531,0
                83.305004388243,28.3750944155999,0
                83.3050783132451,28.3752459652675,0
                83.3055225524673,28.3759182237492,0
                83.3056692749872,28.3763002531881,0
                83.3056675851188,28.3764536768804,0
                83.305624089325,28.3765301069318,0
                83.3056203328278,28.3769113841541,0
                83.3055307746514,28.3772943484069,0
                83.305544130715,28.3781337094028,0
                83.3054984433757,28.3784402427618,0
                83.3054537593335,28.3785911661029,0
                83.3051494166985,28.3790092486241,0
                83.3048455761602,28.3793505875347,0
                83.3046707811386,28.379656494446,0
                83.304582851078,28.3798839097598,0
                83.3044932927764,28.3802669985184,0
                83.3044903498269,28.3805715332806,0
                83.3045732077034,28.3808786941299,0
                83.3046997483066,28.3811275477645,0
                83.3049979530209,28.3813591561513,0
                83.3051674890774,28.3815698270218,0
                83.3053141488979,28.3819541068218,0
                83.3055207922815,28.3827943458835,0
                83.3056479589387,28.3829483962271,0
                83.305879606402,28.3834097951202,0
                83.3062404251528,28.3838132021276,0
                83.3065361246115,28.3843493450289,0
                83.3067055342051,28.3845803267664,0
                83.3068114557635,28.3847139409941,0
                83.3084930744031,28.3861978941618,0
                83.3087901523951,28.3865626154758,0
                83.3093003868411,28.3870457041264,0
                83.3094279295447,28.387197505062,0
                83.3095329109266,28.387428173045,0
                83.3096388939176,28.3875617872147,0
                83.3097225648834,28.3877923299391,0
                83.3097626160006,28.388099302301,0
                83.309736735948,28.3885571980517,0
                83.3095828112289,28.3889376608752,0
                83.3092352249834,28.3893758027125,0
                83.3091679150713,28.3896799613911,0
                83.3093121964439,28.3902920956362,0
                83.3095016626974,28.3906765633915,0
                83.309629331024,28.3908103027762,0
                83.3101196327196,28.3911759648302,0
                83.3103960903751,28.391427820805,0
                83.3112922707226,28.3920075944698,0
                83.3118248782856,28.3924321269182,0
                83.3126588839618,28.392761297094,0
                83.3131281902458,28.3930704006629,0
                83.3133197231492,28.3932450754672,0
                83.3135545016917,28.3933793167085,0
                83.3138100252738,28.3936107370399,0
                83.3141914630766,28.3941473195174,0
                83.3144893547172,28.3944352971644,0
                83.3155818909565,28.3946889786457,0
                83.3162903570358,28.3946948015827,0
                83.3164830180072,28.3947521740478,0
                83.3167394803242,28.3948888530916,0
                83.3170799914389,28.3951950178426,0
                83.3173345132559,28.3955414905388,0
                83.3177172664555,28.3959246486366,0
                83.3179731655693,28.3960973869713,0
                83.318357797356,28.3962911256934,0
                83.3188719756932,28.3964289960865,0
                83.3195162023201,28.3964141948689,0
                83.3199020241373,28.3964725082418,0
                83.3202231661124,28.3965711291606,0
                83.3206095509412,28.396593320283,0
                83.321315450975,28.3968630570432,0
                83.3217653252368,28.3969803649318,0
                83.3222136981512,28.3972329122002,0
                83.3224709120645,28.3973109712838,0
                83.3233068587404,28.3974482212561,0
                83.3235425762451,28.39748772125,0
                83.3238434744433,28.3974531667853,0
                83.3240792544205,28.3974926670653,0
                83.3244452687765,28.3973997436785,0
                83.3250896830547,28.3973645693818,0
                83.3256052394843,28.3973310182953,0
                83.3258635806068,28.3972736522432,0
                83.3261856626736,28.397277531319,0
                83.3267668373074,28.3971089310356,0
                83.3270890445708,28.3970924374072,0
                83.327412066046,28.3969970764951,0
                83.3274763061857,28.3970177007358,0
                83.3278634438536,28.3969248398871,0
                83.3281215347993,28.3969080951526,0
                83.3285371676053,28.3968492319303,0
                83.3286361516216,28.3969669729462,0
                83.3291701995082,28.3972380818446,0
                83.3294465936118,28.3975643681158,0
                83.3295734467648,28.3977747267464,0
                83.3298658905483,28.3986357149409,0
                83.3299724372332,28.3987309580104,0
                83.3301218522492,28.3988083904028,0
                83.3303361982948,28.3988478277537,0
                83.3309371164135,28.3988913331511,0
                83.3312221986245,28.3990913192813,0
                83.3313209970797,28.3991594392972,0
                83.3317030606029,28.3996598996146,0
                83.3319585215596,28.3999093805293,0
                83.3320440717376,28.3999480662645,0
                83.3322359796815,28.4001204913975,0
                83.332812958936,28.4004120360601,0
                83.3339262385687,28.4008213278596,0
                83.3341828886616,28.400937696162,0
                83.3346740048061,28.4012468013378,0
                83.3351023188767,28.4014022932244,0
                83.3353597210156,28.4014419184456,0
                83.3358733985871,28.4016181603808,0
                83.3363024013169,28.4017172207558,0
                83.336731468054,28.4017396005056,0
                83.3370745450015,28.4017999756172,0
                83.3377592594042,28.4021100821628,0
                83.3388732287391,28.4024223216124,0
                83.3395598218821,28.4025226352431,0
                83.3407622215075,28.4025713369029,0
                83.3409335731061,28.4026105234472,0
                83.3411899722044,28.4027651382956,0
                83.3415091103098,28.4030915512076,0
                83.3417224535418,28.403245977681,0
                83.341979416552,28.4033622833026,0
                83.3420652176601,28.4033627221097,0
                83.3423457450794,28.4032309262769,0
                83.3426041498404,28.4031577498989,0
                83.3427761893761,28.4031383162335,0
                83.3428617396454,28.4031770647168,0
                83.3431406386456,28.4031986917297,0
                83.3434836540288,28.4032770646731,0
                83.3439112797099,28.4034911144895,0
                83.3440813778063,28.4036837243288,0
                83.3447007231641,28.404144692202,0
                83.3448717606137,28.4042402484317,0
                83.3453005126226,28.4043754305433,0
                83.3462465103535,28.4043619462977,0
                83.3468481788791,28.4043850783726,0
                83.347019530631,28.4044242654325,0
                83.3475355233823,28.404426773163,0
                83.3483957846091,28.4043541680453,0
                83.3486535608489,28.4043937303526,0
                83.3491692411881,28.404398425887,0
                83.34944795197,28.4045126069951,0
                83.3499625678381,28.4046301044852,0
                83.3501340435932,28.4047075996474,0
                83.3504988681156,28.4047657880219,0
                83.3506064162011,28.40474822884,0
                83.350780147304,28.4045392501793,0
                83.3511693503144,28.4042749053995,0
                83.3515793613661,28.4040873661942,0
                83.3519014420576,28.4041453040116,0
                83.352136720232,28.4042614838253,0
                83.3529697206677,28.4048948140356,0
                83.3531838149385,28.4049906212832,0
                83.3536993696224,28.4050133773752,0
                83.3541088172101,28.4049205172808,0
                83.3543672830142,28.4048450908703,0
                83.354818660672,28.4048291612142,0
                83.3552693481375,28.4049260350857,0
                83.3557190331914,28.4051379597568,0
                83.3562335868976,28.4052735179545,0
                83.3566845243831,28.4053342697017,0
                83.3568780608539,28.4053352097749,0
                83.357136402533,28.405280031432,0
                83.3574381768324,28.4051664217451,0
              </coordinates>
            </LinearRing>
          </outerBoundaryIs>
        </Polygon>
      </Placemark>
      <Placemark id="GA_MYAGDI_Malika.6">
        <ExtendedData>
          <SchemaData schemaUrl="#GA_MYAGDI_Malika.schema">
            <SimpleData name="ogc_fid">1137</SimpleData>
            <SimpleData name="objectid_1">1138</SimpleData>
            <SimpleData name="dcode">43</SimpleData>
            <SimpleData name="district">MYAGDI</SimpleData>
            <SimpleData name="das">0</SimpleData>
            <SimpleData name="gapa_napa">Malika</SimpleData>
            <SimpleData name="type_gn">Gaunpalika</SimpleData>
            <SimpleData name="gn_code">4.000000000000000</SimpleData>
            <SimpleData name="new_ward_n">3</SimpleData>
            <SimpleData name="ddgnww">430403.000000000058208</SimpleData>
            <SimpleData name="center">Darbang</SimpleData>
            <SimpleData name="state_code">4</SimpleData>
            <SimpleData name="ddgn">43004</SimpleData>
            <SimpleData name="area_sqkm">18.354122430899999</SimpleData>
            <SimpleData name="shape_leng">27764.514337999997224</SimpleData>
            <SimpleData name="shape_area">18354122.430900000035763</SimpleData>
            <SimpleData name="Province">GA</SimpleData>
            <SimpleData name="Address">Malika-3, MYAGDI, GA</SimpleData>
          </SchemaData>
        </ExtendedData>
        <Polygon>
          <outerBoundaryIs>
            <LinearRing>
              <coordinates>
                83.3608762466269,28.4129768869532,0
                83.3606209745523,28.41267109878,0
                83.3604938080524,28.4124426798353,0
                83.36030215057,28.4122320081626,0
                83.3600472546839,28.4118676003261,0
                83.3597932354102,28.4114084508209,0
                83.3596258310314,28.4108752473799,0
                83.359632721623,28.4100360732524,0
                83.3594879425107,28.4093495714251,0
                83.3593832751169,28.4090445350956,0
                83.3592560474527,28.4088160542077,0
                83.3588939788824,28.4084127725772,0
                83.3585314085736,28.4080884846469,0
                83.3584263035647,28.4078015084439,0
                83.3582387806127,28.4071148182876,0
                83.358069308478,28.4068094692504,0
                83.3579857010304,28.4065022453313,0
                83.3577317445684,28.4060453454104,0
                83.35750110177,28.4053584670696,0
                83.3574381768324,28.4051664217451,0
                83.357136402533,28.405280031432,0
                83.3568780608539,28.4053352097749,0
                83.3566845243831,28.4053342697017,0
                83.3562335868976,28.4052735179545,0
                83.3557190331914,28.4051379597568,0
                83.3552693481375,28.4049260350857,0
                83.354818660672,28.4048291612142,0
                83.3543672830142,28.4048450908703,0
                83.3541088172101,28.4049205172808,0
                83.3536993696224,28.4050133773752,0
                83.3531838149385,28.4049906212832,0
                83.3529697206677,28.4048948140356,0
                83.352136720232,28.4042614838253,0
                83.3519014420576,28.4041453040116,0
                83.3515793613661,28.4040873661942,0
                83.3511693503144,28.4042749053995,0
                83.350780147304,28.4045392501793,0
                83.3506064162011,28.40474822884,0
                83.3504988681156,28.4047657880219,0
                83.3501340435932,28.4047075996474,0
                83.3499625678381,28.4046301044852,0
                83.34944795197,28.4045126069951,0
                83.3491692411881,28.404398425887,0
                83.3486535608489,28.4043937303526,0
                83.3483957846091,28.4043541680453,0
                83.3475355233823,28.404426773163,0
                83.347019530631,28.4044242654325,0
                83.3468481788791,28.4043850783726,0
                83.3462465103535,28.4043619462977,0
                83.3453005126226,28.4043754305433,0
                83.3448717606137,28.4042402484317,0
                83.3447007231641,28.404144692202,0
                83.3440813778063,28.4036837243288,0
                83.3439112797099,28.4034911144895,0
                83.3434836540288,28.4032770646731,0
                83.3431406386456,28.4031986917297,0
                83.3428617396454,28.4031770647168,0
                83.3427761893761,28.4031383162335,0
                83.3426041498404,28.4031577498989,0
                83.3423457450794,28.4032309262769,0
                83.3420652176601,28.4033627221097,0
                83.341979416552,28.4033622833026,0
                83.3417224535418,28.403245977681,0
                83.3415091103098,28.4030915512076,0
                83.3411899722044,28.4027651382956,0
                83.3409335731061,28.4026105234472,0
                83.3407622215075,28.4025713369029,0
                83.3395598218821,28.4025226352431,0
                83.3388732287391,28.4024223216124,0
                83.3377592594042,28.4021100821628,0
                83.3370745450015,28.4017999756172,0
                83.336731468054,28.4017396005056,0
                83.3363024013169,28.4017172207558,0
                83.3358733985871,28.4016181603808,0
                83.3353597210156,28.4014419184456,0
                83.3351023188767,28.4014022932244,0
                83.3346740048061,28.4012468013378,0
                83.3341828886616,28.400937696162,0
                83.3339262385687,28.4008213278596,0
                83.332812958936,28.4004120360601,0
                83.3322359796815,28.4001204913975,0
                83.3320440717376,28.3999480662645,0
                83.3319585215596,28.3999093805293,0
                83.3317030606029,28.3996598996146,0
                83.3313209970797,28.3991594392972,0
                83.3312221986245,28.3990913192813,0
                83.3309371164135,28.3988913331511,0
                83.3303361982948,28.3988478277537,0
                83.3301218522492,28.3988083904028,0
                83.3299724372332,28.3987309580104,0
                83.3298658905483,28.3986357149409,0
                83.3295734467648,28.3977747267464,0
                83.3294465936118,28.3975643681158,0
                83.3291701995082,28.3972380818446,0
                83.3286361516216,28.3969669729462,0
                83.3285371676053,28.3968492319303,0
                83.3281215347993,28.3969080951526,0
                83.3278634438536,28.3969248398871,0
                83.3274763061857,28.3970177007358,0
                83.327412066046,28.3969970764951,0
                83.3270890445708,28.3970924374072,0
                83.3267668373074,28.3971089310356,0
                83.3261856626736,28.397277531319,0
                83.3258635806068,28.3972736522432,0
                83.3256052394843,28.3973310182953,0
                83.3250896830547,28.3973645693818,0
                83.3244452687765,28.3973997436785,0
                83.3240792544205,28.3974926670653,0
                83.3238434744433,28.3974531667853,0
                83.3235425762451,28.39748772125,0
                83.3233068587404,28.3974482212561,0
                83.3224709120645,28.3973109712838,0
                83.3222136981512,28.3972329122002,0
                83.3217653252368,28.3969803649318,0
                83.321315450975,28.3968630570432,0
                83.3206095509412,28.396593320283,0
                83.3202231661124,28.3965711291606,0
                83.3199020241373,28.3964725082418,0
                83.3195162023201,28.3964141948689,0
                83.3188719756932,28.3964289960865,0
                83.318357797356,28.3962911256934,0
                83.3179731655693,28.3960973869713,0
                83.3177172664555,28.3959246486366,0
                83.3173345132559,28.3955414905388,0
                83.3170799914389,28.3951950178426,0
                83.3167394803242,28.3948888530916,0
                83.3164830180072,28.3947521740478,0
                83.3162903570358,28.3946948015827,0
                83.3155818909565,28.3946889786457,0
                83.3144893547172,28.3944352971644,0
                83.3141914630766,28.3941473195174,0
                83.3138100252738,28.3936107370399,0
                83.3135545016917,28.3933793167085,0
                83.3133197231492,28.3932450754672,0
                83.3131281902458,28.3930704006629,0
                83.3126588839618,28.392761297094,0
                83.3118248782856,28.3924321269182,0
                83.3112922707226,28.3920075944698,0
                83.3103960903751,28.391427820805,0
                83.3101196327196,28.3911759648302,0
                83.309629331024,28.3908103027762,0
                83.3095016626974,28.3906765633915,0
                83.3093121964439,28.3902920956362,0
                83.3091679150713,28.3896799613911,0
                83.3092352249834,28.3893758027125,0
                83.3095828112289,28.3889376608752,0
                83.309736735948,28.3885571980517,0
                83.3097626160006,28.388099302301,0
                83.3097225648834,28.3877923299391,0
                83.3096388939176,28.3875617872147,0
                83.3095329109266,28.387428173045,0
                83.3094279295447,28.387197505062,0
                83.3093003868411,28.3870457041264,0
                83.3087901523951,28.3865626154758,0
                83.3084930744031,28.3861978941618,0
                83.3068114557635,28.3847139409941,0
                83.3067055342051,28.3845803267664,0
                83.3065361246115,28.3843493450289,0
                83.3062404251528,28.3838132021276,0
                83.305879606402,28.3834097951202,0
                83.3056479589387,28.3829483962271,0
                83.3055207922815,28.3827943458835,0
                83.3053141488979,28.3819541068218,0
                83.3051674890774,28.3815698270218,0
                83.3049979530209,28.3813591561513,0
                83.3046997483066,28.3811275477645,0
                83.3045732077034,28.3808786941299,0
                83.3044903498269,28.3805715332806,0
                83.3044932927764,28.3802669985184,0
                83.304582851078,28.3798839097598,0
                83.3046707811386,28.379656494446,0
                83.3048455761602,28.3793505875347,0
                83.3051494166985,28.3790092486241,0
                83.3054537593335,28.3785911661029,0
                83.3054984433757,28.3784402427618,0
                83.305544130715,28.3781337094028,0
                83.3055307746514,28.3772943484069,0
                83.3056203328278,28.3769113841541,0
                83.305624089325,28.3765301069318,0
                83.3056675851188,28.3764536768804,0
                83.3056692749872,28.3763002531881,0
                83.3055225524673,28.3759182237492,0
                83.3050783132451,28.3752459652675,0
                83.305004388243,28.3750944155999,0
                83.3049732064112,28.375028858531,0
                83.304789052405,28.3746217678666,0
                83.3044514206565,28.374083187052,0
                83.3042207102645,28.3736195378844,0
                83.3040971100848,28.3732173854445,0
                83.3038674015386,28.3726973664746,0
                83.3038077909118,28.3723518976756,0
                83.303919781163,28.372102046853,0
                83.3039460968529,28.3717773266685,0
                83.3033755648448,28.3709283960267,0
                83.3031676660964,28.3703903792235,0
                83.3031521141364,28.3699865410996,0
                83.3029319158852,28.3688529531215,0
                83.3029380476616,28.3684514275741,0
                83.3029001217509,28.368106083546,0
                83.3031034191732,28.3675340760223,0
                83.3033687659863,28.3671338670547,0
                83.303371519334,28.3669601956549,0
                83.3029552200407,28.3659225955679,0
                83.302512982306,28.3651510345492,0
                83.3023696999008,28.3646314548765,0
                83.302419889859,28.3641714971782,0
                83.3025358211641,28.3636554842314,0
                83.3025412648199,28.3633103274616,0
                83.3024437922039,28.3626195145762,0
                83.3025015530357,28.3616813512052,0
                83.3024216335126,28.3612771363242,0
                83.3023857106203,28.3608166782507,0
                83.3023942196612,28.3602979127782,0
                83.3021643228405,28.3598162036158,0
                83.3019521056386,28.3595646608395,0
                83.3018704350396,28.3592754981943,0
                83.3018308201909,28.3590429559153,0
                83.3018400174819,28.3584676967707,0
                83.3018898314603,28.3580664214287,0
                83.3018719005895,28.357836191946,0
                83.3016198815636,28.3573724802077,0
                83.3014748464846,28.3569859507343,0
                83.3013053725494,28.3567730302974,0
                83.3011981385819,28.3567340944499,0
                83.3009624220864,28.3566156021112,0
                83.3006995780738,28.3568421397992,0
                83.2997093770722,28.3579627721694,0
                83.2995105225655,28.3582482429388,0
                83.2994420278554,28.358477908643,0
                83.2994599576385,28.3587081374514,0
                83.2994132098236,28.3589380538115,0
                83.2993237182877,28.3591293470231,0
                83.2992579133704,28.3591854030992,0
                83.2987357914127,28.3594105625822,0
                83.2985376892817,28.359637413473,0
                83.2984029503577,28.3599615697592,0
                83.2982926502602,28.360094118526,0
                83.2975510530922,28.3605460026765,0
                83.2965943619071,28.3609380770499,0
                83.2956404859295,28.3611384820463,0
                83.2954008286416,28.3612703411416,0
                83.2950505574934,28.3615527475975,0
                83.2948109001744,28.3616846696955,0
                83.2944816879394,28.3620055102979,0
                83.2943686968078,28.3623117299504,0
                83.2943421322781,28.3626184518632,0
                83.2942514509314,28.362886425811,0
                83.2939887948252,28.3631129013221,0
                83.2933131286242,28.3634703578571,0
                83.2930528493774,28.3635434728283,0
                83.2924432377582,28.3638425604929,0
                83.2913142583613,28.3641931363643,0
                83.2909677405543,28.3642477514491,0
                83.2901896579378,28.3642572385066,0
                83.2900806716723,28.3643131067026,0
                83.2899728733902,28.3643124794821,0
                83.2899072566925,28.3643505375547,0
                83.2895618040733,28.3643262226691,0
                83.2894326953255,28.3643435315398,0
                83.2892592172732,28.3644373950656,0
                83.2892147218611,28.3645138869058,0
                83.2891427846703,28.3649737192932,0
                83.2889382986826,28.3656629658534,0
                83.2888649228762,28.3661994781757,0
                83.2886865643782,28.3666001266305,0
                83.2879232791461,28.3672255577522,0
                83.2878371033576,28.3672453668964,0
                83.2875538873421,28.3674536556502,0
                83.2871206286294,28.3676409442277,0
                83.2868581593693,28.3678877929905,0
                83.2866406855785,28.3680377131868,0
                83.2860550719494,28.3683189289648,0
                83.2858153502645,28.3685094077563,0
                83.2853825298854,28.3686763236215,0
                83.2852103658393,28.368675445398,0
                83.2850372005637,28.3687309377209,0
                83.2846068205534,28.3687264320873,0
                83.2843494812353,28.3686867439215,0
                83.2841767538112,28.3687219258377,0
                83.2834026711205,28.3686749799184,0
                83.2825456033646,28.3684561746747,0
                83.2822040279947,28.3682783734141,0
                83.2818607626928,28.3682179354729,0
                83.2813480235151,28.3680008847304,0
                83.2809187708033,28.3679196984738,0
                83.280402214165,28.3679349391733,0
                83.2801445626602,28.3678930640258,0
                83.279887348371,28.3678330032999,0
                83.279716685012,28.36775319519,0
                83.2791159565464,28.3676326965568,0
                83.2787104525229,28.3674365208904,0
                83.2787078244857,28.3675899444048,0
                83.2788079892876,28.3680506539125,0
                83.2788422866533,28.3685900423383,0
                83.2790262497204,28.3692046142468,0
                83.2792348389242,28.3696117677038,0
                83.2795529778299,28.3699022468536,0
                83.2800003493948,28.3701753531444,0
                83.2802570000784,28.3702736606684,0
                83.2809602724758,28.3707037575015,0
                83.2811511808141,28.3708581836881,0
                83.2814713225721,28.371035797929,0
                83.2820010538477,28.3715394477585,0
                83.2823595589728,28.3719857244186,0
                83.2824852252986,28.3722165181045,0
                83.2826753830487,28.3724295638279,0
                83.2828007367466,28.3726602951192,0
                83.2832443539022,28.3731656933807,0
                83.2834523169458,28.3736270293784,0
                83.2835155572098,28.3737040854493,0
                83.2838462456479,28.3745517631641,0
                83.2838653026194,28.3747075619987,0
                83.2837703100911,28.3749867850903,0
                83.2838100523095,28.375093025826,0
                83.2838539189062,28.3752083282238,0
                83.2839371524999,28.3754974906963,0
                83.2841050600956,28.3758412747221,0
                83.2849308648254,28.3769375000219,0
                83.2853919067067,28.3780295325983,0
                83.2857085416176,28.3785478026191,0
                83.285940125734,28.3790092016749,0
                83.2865763386505,28.3797570179139,0
                83.2865734582891,28.3800434918422,0
                83.2864848389645,28.3803295268444,0
                83.2863759128936,28.3805004467479,0
                83.2860726976876,28.3807853540214,0
                83.2860072051038,28.380900029545,0
                83.285877720332,28.3809941447954,0
                83.2855975679328,28.3811257526045,0
                83.2851434350345,28.3814685272803,0
                83.2850143263144,28.3815062090919,0
                83.284624809483,28.3818289859218,0
                83.2843657159016,28.3819990914289,0
                83.2840841234875,28.3822841238757,0
                83.2839079505739,28.3827410797547,0
                83.2838615121451,28.3831041085329,0
                83.2837962700682,28.3831804747878,0
                83.2837296491771,28.3834079536244,0
                83.2837257046191,28.3838095412473,0
                83.2836323896524,28.3845534722457,0
                83.2837557370993,28.3851294216152,0
                83.2840492463586,28.3858167381846,0
                83.2840688027022,28.3859905354515,0
                83.2838498853803,28.3864473656178,0
                83.2833934350386,28.3870359916714,0
                83.2834118015539,28.3873429019356,0
                83.2834327351806,28.3873994591563,0
                83.2833864217471,28.3877443648486,0
                83.283231871555,28.3882015079467,0
                83.2831855579108,28.3885441638975,0
                83.2830980041026,28.3887151463055,0
                83.2828978921482,28.3894021438202,0
                83.2827618338532,28.3901458855259,0
                83.2826739033513,28.3903755515134,0
                83.2825378451527,28.3911192937576,0
                83.2824491632985,28.3914053287001,0
                83.2823800384528,28.3918651609106,0
                83.2822468600015,28.3923224294843,0
                83.2822447305741,28.3925502207249,0
                83.2823492735836,28.3928373210937,0
                83.28268840744,28.3932406650576,0
                83.2831568365115,28.3936266365214,0
                83.2835598353788,28.3941047240786,0
                83.2839005343722,28.3943750173865,0
                83.284197174957,28.3947397391944,0
                83.2846019259865,28.3950667150963,0
                83.284856261096,28.395372628533,0
                83.2850695423065,28.3955270557617,0
                83.2857921807357,28.3962370643031,0
                83.2858558582816,28.3962959973466,0
                83.2859202876209,28.3962963729565,0
                83.2861112578754,28.3964891083165,0
                83.2864970797363,28.3965475467622,0
                83.28666811778,28.3966251676297,0
                83.2868399706003,28.3965876731228,0
                83.2870974976596,28.3966070503601,0
                83.2875270661148,28.3965529370294,0
                83.2883888944042,28.3961942330669,0
                83.288732473551,28.3961779896586,0
                83.2889678151743,28.3962739222487,0
                83.2891807829638,28.3964284741324,0
                83.2893504444778,28.3966210839211,0
                83.2895214824312,28.3966964552236,0
                83.2895613514887,28.3967417637859,0
                83.2896914552086,28.3968890653142,0
                83.2897330731981,28.3970043674637,0
                83.2897081945322,28.3973470857275,0
                83.2898959699301,28.3979233487315,0
                83.290233976757,28.398459804552,0
                83.2904438754576,28.3989775105859,0
                83.2904844280306,28.399207802753,0
                83.2904391791377,28.3994354065341,0
                83.2903284999988,28.3997777482734,0
                83.290238065729,28.4002374552209,0
                83.2900629577637,28.4005794835471,0
                83.2900173335048,28.4008657692259,0
                83.2898845303854,28.4012666061505,0
                83.2898375290247,28.4016656315982,0
                83.2898947564839,28.4024126890009,0
                83.2899997382507,28.4026410448711,0
                83.2900406651959,28.402871399464,0
                83.2902906788573,28.4036374581819,0
                83.2903514140371,28.4040009888339,0
                83.2904350225136,28.4042315313419,0
                83.2906392239843,28.4053199346149,0
                83.2906319598666,28.4060666167302,0
                83.2906736398047,28.4061818565566,0
                83.2906910672709,28.4065812581393,0
                83.2906446909858,28.4069261634042,0
                83.2908780908957,28.4072319512084,0
                83.2914958739184,28.40771566702,0
                83.2919187413451,28.4083879247357,0
                83.2921923804209,28.4089623140211,0
                83.2923350959493,28.409707498624,0
                83.2923945152624,28.4102244517493,0
                83.2925838573603,28.4106269802929,0
                83.2926681552915,28.4107988409255,0
                83.2927551456057,28.4106662297304,0
                83.2927989531009,28.410610048096,0
                83.29302037471,28.4099231141617,0
                83.2931072408793,28.4098085630553,0
                83.2933490313086,28.4092390561747,0
                83.2936320645376,28.4088209119473,0
                83.2938057317417,28.4086503670693,0
                83.2940861345815,28.4084983856536,0
                83.2945380753705,28.4084060881525,0
                83.2947318007115,28.4083325355463,0
                83.2950560121365,28.4081041241431,0
                83.2956388769555,28.407802598569,0
                83.2960257634204,28.4077481092696,0
                83.296155309866,28.4076924914283,0
                83.2963486584653,28.4076754330332,0
                83.2970588798151,28.4074895865059,0
                83.2980268153174,28.407304993387,0
                83.2986729201095,28.4071188954405,0
                83.2989963161417,28.4069694135257,0
                83.299644049187,28.4065915206474,0
                83.3002708486224,28.4061751309883,0
                83.3007230405324,28.4060443377042,0
                83.3010662429089,28.4060867141563,0
                83.3013888890571,28.4060116630553,0
                83.3017752739337,28.4060339792393,0
                83.3024183724392,28.4061522909014,0
                83.3035765885264,28.4062732983158,0
                83.3037698750365,28.4062742386022,0
                83.3039637878052,28.4062188718526,0
                83.3051229436501,28.4062450747091,0
                83.3055097055132,28.4062109585693,0
                83.3060261377563,28.4060986020234,0
                83.3067995973751,28.4060460563613,0
                83.3077675320714,28.4058998347573,0
                83.3094433092168,28.4057774964797,0
                83.3097653283166,28.4057994375036,0
                83.3100233568756,28.4057421337258,0
                83.3106672063276,28.4058040127965,0
                83.3109472960921,28.4056904033171,0
                83.3111405825346,28.4056935926771,0
                83.3112696915123,28.4056559108534,0
                83.3118485485825,28.4057535985385,0
                83.3122353098609,28.4057194830964,0
                83.313008330754,28.4057233696284,0
                83.3131369373997,28.4057623673501,0
                83.3133301620438,28.4057633081835,0
                83.3137150445444,28.4059186751872,0
                83.314248401922,28.4063048357622,0
                83.3146969622715,28.4065373208611,0
                83.3153401238152,28.4066555079587,0
                83.3156610154708,28.4067903129818,0
                83.3160025904891,28.4069836752024,0
                83.3163004813764,28.4072897775723,0
                83.3167488539305,28.4075423861372,0
                83.3168351559296,28.4075045158943,0
                83.3170283792544,28.4075235170705,0
                83.3172864075581,28.4074684013442,0
                83.3174151398228,28.4074893391557,0
                83.3179310101783,28.4074152287055,0
                83.3185128736433,28.4071903202203,0
                83.318835706518,28.4071355185391,0
                83.319028993028,28.4071364588461,0
                83.3193068272798,28.4072709507351,0
                83.3196253399702,28.407635734846,0
                83.3201550031832,28.4084031728289,0
                83.320470509971,28.4090928024408,0
                83.3206186104765,28.4093214082561,0
                83.3206603518855,28.4094750203187,0
                83.320954987285,28.4100878436522,0
                83.3212243677779,28.4111585005498,0
                83.3213658927588,28.4120751060424,0
                83.3214897408107,28.4126103723791,0
                83.3218696759283,28.4133003150493,0
                83.3222098724158,28.4136652245543,0
                83.3224220888857,28.4139528262184,0
                83.3226136214002,28.4141251888147,0
                83.3228051547632,28.4142976756767,0
                83.3232510210988,28.4148547571756,0
                83.3233365714937,28.4149116276552,0
                83.3238888599895,28.4155257055686,0
                83.3240372725356,28.4157565615274,0
                83.324164753289,28.4158722407623,0
                83.3243346005843,28.4161009098384,0
                83.3246953519094,28.4167569185199,0
                83.3247145988899,28.4167908530302,0
                83.3247786518418,28.4168498484873,0
                83.3248618838,28.4171548217713,0
                83.324880186884,28.4175384119772,0
                83.3250273469509,28.4179203795739,0
                83.3251332043669,28.4180743043712,0
                83.3251958785262,28.4183047223841,0
                83.3251932485529,28.4186115068986,0
                83.325295285061,28.4192233895304,0
                83.325401015947,28.4194540577549,0
                83.3255921728288,28.4196851020909,0
                83.3256131066265,28.4197596580064,0
                83.3256985309484,28.4198187164635,0
                83.3258685041254,28.4200293250078,0
                83.3262095149791,28.420319803456,0
                83.3263371198835,28.4204738538741,0
                83.3264214800934,28.4206457151955,0
                83.3266982488664,28.4209719389378,0
                83.3274891309976,28.4215488364029,0
                83.3277457806216,28.421721574815,0
                83.3279620667761,28.4215692171091,0
                83.3282207213893,28.4214757296691,0
                83.3286077324378,28.4214572998619,0
                83.3295088563724,28.421709978066,0
                83.3297025804709,28.4216928572934,0
                83.3298954904232,28.4217502305109,0
                83.3301536438211,28.4217334234542,0
                83.3304754102407,28.4218477929442,0
                83.3308622332777,28.4218699843506,0
                83.3311207624343,28.4217945581206,0
                83.3312219375075,28.4217341898914,0
                83.3315094020479,28.4215663971401,0
                83.3320915777711,28.4213594247677,0
                83.3328664139775,28.4211940143703,0
                83.3330600761634,28.4211950172189,0
                83.3331242538572,28.4212336400912,0
                83.3333821558379,28.4212529549648,0
                83.3335762568775,28.4211772149072,0
                83.3340923762675,28.4211233523149,0
                83.3344365797089,28.4211069849779,0
                83.3349093912954,28.4211093042541,0
                83.335297152878,28.4210164437592,0
                83.3354258224858,28.4210553794627,0
                83.3357056614401,28.4209800782376,0
                83.3357920254279,28.4209421458726,0
                83.3361612362156,28.4204092625718,0
                83.336377711625,28.4202207827433,0
                83.3365069451677,28.420162790568,0
                83.3367649730143,28.4201663567767,0
                83.3368943934883,28.4201286117482,0
                83.3371952910175,28.420109743483,0
                83.3372602825374,28.420071747643,0
                83.3373037155372,28.420015565946,0
                83.3373044050182,28.4199005768268,0
                83.3371356867839,28.4194417411536,0
                83.3371584378645,28.4192703815093,0
                83.3372018705012,28.4191938891534,0
                83.3373101707336,28.4190816517305,0
                83.3381521296155,28.4185893972978,0
                83.338410847574,28.4184755988379,0
                83.3395089547465,28.4182350752661,0
                83.3397672325191,28.4181979578147,0
                83.3399176500286,28.4182167083856,0
                83.3400472582591,28.4181407176014,0
                83.3403054121856,28.4180854760962,0
                83.3405861903145,28.4179154341249,0
                83.3407594833697,28.4177448270369,0
                83.3411482479108,28.4174985432329,0
                83.3416005025944,28.4173495635514,0
                83.342377155802,28.4169901088087,0
                83.3428290337341,28.416897561432,0
                83.3429580787542,28.4169184993324,0
                83.3434743233905,28.416844263673,0
                83.3437962789392,28.4169225121003,0
                83.3441187973035,28.4169240793844,0
                83.3443771387908,28.4168689004762,0
                83.3446995951429,28.416870405625,0
                83.3450217385769,28.4169284054344,0
                83.3453444460764,28.4168916007465,0
                83.3454939230725,28.4170074057307,0
                83.3456444653335,28.4170080949049,0
                83.3458373136025,28.4170857162789,0
                83.3464795316705,28.4174723155597,0
                83.3469520912563,28.4175513162433,0
                83.347146505442,28.4174168936586,0
                83.3472343737628,28.4171330461876,0
                83.3473429258019,28.4169598759979,0
                83.3474216687099,28.4167572085321,0
                83.3474527911237,28.4166761536313,0
                83.347543728103,28.4161035823907,0
                83.3476091588674,28.4159910932613,0
                83.3480204848748,28.4156501308022,0
                83.3484549371054,28.4151198108708,0
                83.3485840463242,28.4150820666289,0
                83.3487354652674,28.4149880772711,0
                83.3489939944049,28.4149125887069,0
                83.3492514585278,28.4149521513372,0
                83.3497019577154,28.4150874581564,0
                83.3502798748244,28.4153563801487,0
                83.3510522669103,28.415533750897,0
                83.351826664611,28.4154810800108,0
                83.3521500601597,28.415387843903,0
                83.3523443484695,28.4152737319801,0
                83.3526669302483,28.4152572389187,0
                83.3530547560078,28.4151440051865,0
                83.3534650799675,28.4149180952154,0
                83.353855097186,28.414559008493,0
                83.3540496352896,28.4144628950102,0
                83.3542658588541,28.4143127873882,0
                83.3543957815912,28.4141803016479,0
                83.3545900074886,28.4140865004948,0
                83.3548494767466,28.4138959591484,0
                83.3551096342371,28.413651298593,0
                83.3556933756669,28.4132727794917,0
                83.3558880402747,28.413102297987,0
                83.3560826412882,28.4129881243245,0
                83.3564054109204,28.412933259472,0
                83.3567067465295,28.4128963293559,0
                83.3569430891588,28.4128974581458,0
                83.3572662978332,28.4128245322039,0
                83.3577815392177,28.4129036578328,0
                83.3579749506824,28.4128842878772,0
                83.3587482199998,28.4129646052487,0
                83.3590063731904,28.4129477359417,0
                83.3593928196265,28.4130262970709,0
                83.3599729919196,28.4130290555174,0
                83.3602962002952,28.4129538799524,0
                83.3608762466269,28.4129768869532,0
              </coordinates>
            </LinearRing>
          </outerBoundaryIs>
        </Polygon>
      </Placemark>
      <Placemark id="GA_MYAGDI_Malika.7">
        <ExtendedData>
          <SchemaData schemaUrl="#GA_MYAGDI_Malika.schema">
            <SimpleData name="ogc_fid">1138</SimpleData>
            <SimpleData name="objectid_1">1139</SimpleData>
            <SimpleData name="dcode">43</SimpleData>
            <SimpleData name="district">MYAGDI</SimpleData>
            <SimpleData name="das">0</SimpleData>
            <SimpleData name="gapa_napa">Malika</SimpleData>
            <SimpleData name="type_gn">Gaunpalika</SimpleData>
            <SimpleData name="gn_code">4.000000000000000</SimpleData>
            <SimpleData name="new_ward_n">4</SimpleData>
            <SimpleData name="ddgnww">430404.000000000000000</SimpleData>
            <SimpleData name="center">Darbang</SimpleData>
            <SimpleData name="state_code">4</SimpleData>
            <SimpleData name="ddgn">43004</SimpleData>
            <SimpleData name="area_sqkm">24.096066915100000</SimpleData>
            <SimpleData name="shape_leng">27323.935336800001096</SimpleData>
            <SimpleData name="shape_area">24096066.915100000798702</SimpleData>
            <SimpleData name="Province">GA</SimpleData>
            <SimpleData name="Address">Malika-4, MYAGDI, GA</SimpleData>
          </SchemaData>
        </ExtendedData>
        <Polygon>
          <outerBoundaryIs>
            <LinearRing>
              <coordinates>
                83.3635069117157,28.4120191399448,0
                83.3629904172491,28.4120934382368,0
                83.362667771668,28.4121302419852,0
                83.3613284376219,28.4128842774098,0
                83.3608762466269,28.4129768869532,0
                83.3602962002952,28.4129538799524,0
                83.3599729919196,28.4130290555174,0
                83.3593928196265,28.4130262970709,0
                83.3590063731904,28.4129477359417,0
                83.3587482199998,28.4129646052487,0
                83.3579749506824,28.4128842878772,0
                83.3577815392177,28.4129036578328,0
                83.3572662978332,28.4128245322039,0
                83.3569430891588,28.4128974581458,0
                83.3567067465295,28.4128963293559,0
                83.3564054109204,28.412933259472,0
                83.3560826412882,28.4129881243245,0
                83.3558880402747,28.413102297987,0
                83.3556933756669,28.4132727794917,0
                83.3551096342371,28.413651298593,0
                83.3548494767466,28.4138959591484,0
                83.3545900074886,28.4140865004948,0
                83.3543957815912,28.4141803016479,0
                83.3542658588541,28.4143127873882,0
                83.3540496352896,28.4144628950102,0
                83.353855097186,28.414559008493,0
                83.3534650799675,28.4149180952154,0
                83.3530547560078,28.4151440051865,0
                83.3526669302483,28.4152572389187,0
                83.3523443484695,28.4152737319801,0
                83.3521500601597,28.415387843903,0
                83.351826664611,28.4154810800108,0
                83.3510522669103,28.415533750897,0
                83.3502798748244,28.4153563801487,0
                83.3497019577154,28.4150874581564,0
                83.3492514585278,28.4149521513372,0
                83.3489939944049,28.4149125887069,0
                83.3487354652674,28.4149880772711,0
                83.3485840463242,28.4150820666289,0
                83.3484549371054,28.4151198108708,0
                83.3480204848748,28.4156501308022,0
                83.3476091588674,28.4159910932613,0
                83.347543728103,28.4161035823907,0
                83.3474527911237,28.4166761536313,0
                83.3474216687099,28.4167572085321,0
                83.3473429258019,28.4169598759979,0
                83.3472343737628,28.4171330461876,0
                83.347146505442,28.4174168936586,0
                83.3469520912563,28.4175513162433,0
                83.3464795316705,28.4174723155597,0
                83.3458373136025,28.4170857162789,0
                83.3456444653335,28.4170080949049,0
                83.3454939230725,28.4170074057307,0
                83.3453444460764,28.4168916007465,0
                83.3450217385769,28.4169284054344,0
                83.3446995951429,28.416870405625,0
                83.3443771387908,28.4168689004762,0
                83.3441187973035,28.4169240793844,0
                83.3437962789392,28.4169225121003,0
                83.3434743233905,28.416844263673,0
                83.3429580787542,28.4169184993324,0
                83.3428290337341,28.416897561432,0
                83.342377155802,28.4169901088087,0
                83.3416005025944,28.4173495635514,0
                83.3411482479108,28.4174985432329,0
                83.3407594833697,28.4177448270369,0
                83.3405861903145,28.4179154341249,0
                83.3403054121856,28.4180854760962,0
                83.3400472582591,28.4181407176014,0
                83.3399176500286,28.4182167083856,0
                83.3397672325191,28.4181979578147,0
                83.3395089547465,28.4182350752661,0
                83.338410847574,28.4184755988379,0
                83.3381521296155,28.4185893972978,0
                83.3373101707336,28.4190816517305,0
                83.3372018705012,28.4191938891534,0
                83.3371584378645,28.4192703815093,0
                83.3371356867839,28.4194417411536,0
                83.3373044050182,28.4199005768268,0
                83.3373037155372,28.420015565946,0
                83.3372602825374,28.420071747643,0
                83.3371952910175,28.420109743483,0
                83.3368943934883,28.4201286117482,0
                83.3367649730143,28.4201663567767,0
                83.3365069451677,28.420162790568,0
                83.336377711625,28.4202207827433,0
                83.3361612362156,28.4204092625718,0
                83.3357920254279,28.4209421458726,0
                83.3357056614401,28.4209800782376,0
                83.3354258224858,28.4210553794627,0
                83.335297152878,28.4210164437592,0
                83.3349093912954,28.4211093042541,0
                83.3344365797089,28.4211069849779,0
                83.3340923762675,28.4211233523149,0
                83.3335762568775,28.4211772149072,0
                83.3333821558379,28.4212529549648,0
                83.3331242538572,28.4212336400912,0
                83.3330600761634,28.4211950172189,0
                83.3328664139775,28.4211940143703,0
                83.3320915777711,28.4213594247677,0
                83.3315094020479,28.4215663971401,0
                83.3312219375075,28.4217341898914,0
                83.3311207624343,28.4217945581206,0
                83.3308622332777,28.4218699843506,0
                83.3304754102407,28.4218477929442,0
                83.3301536438211,28.4217334234542,0
                83.3298954904232,28.4217502305109,0
                83.3297025804709,28.4216928572934,0
                83.3295088563724,28.421709978066,0
                83.3286077324378,28.4214572998619,0
                83.3282207213893,28.4214757296691,0
                83.3279620667761,28.4215692171091,0
                83.3277457806216,28.421721574815,0
                83.3274891309976,28.4215488364029,0
                83.3266982488664,28.4209719389378,0
                83.3264214800934,28.4206457151955,0
                83.3263371198835,28.4204738538741,0
                83.3262095149791,28.420319803456,0
                83.3258685041254,28.4200293250078,0
                83.3256985309484,28.4198187164635,0
                83.3256131066265,28.4197596580064,0
                83.3255921728288,28.4196851020909,0
                83.325401015947,28.4194540577549,0
                83.325295285061,28.4192233895304,0
                83.3251932485529,28.4186115068986,0
                83.3251958785262,28.4183047223841,0
                83.3251332043669,28.4180743043712,0
                83.3250273469509,28.4179203795739,0
                83.324880186884,28.4175384119772,0
                83.3248618838,28.4171548217713,0
                83.3247786518418,28.4168498484873,0
                83.3247145988899,28.4167908530302,0
                83.3246953519094,28.4167569185199,0
                83.3243346005843,28.4161009098384,0
                83.324164753289,28.4158722407623,0
                83.3240372725356,28.4157565615274,0
                83.3238888599895,28.4155257055686,0
                83.3233365714937,28.4149116276552,0
                83.3232510210988,28.4148547571756,0
                83.3228051547632,28.4142976756767,0
                83.3226136214002,28.4141251888147,0
                83.3224220888857,28.4139528262184,0
                83.3222098724158,28.4136652245543,0
                83.3218696759283,28.4133003150493,0
                83.3214897408107,28.4126103723791,0
                83.3213658927588,28.4120751060424,0
                83.3212243677779,28.4111585005498,0
                83.320954987285,28.4100878436522,0
                83.3206603518855,28.4094750203187,0
                83.3206186104765,28.4093214082561,0
                83.320470509971,28.4090928024408,0
                83.3201550031832,28.4084031728289,0
                83.3196253399702,28.407635734846,0
                83.3193068272798,28.4072709507351,0
                83.319028993028,28.4071364588461,0
                83.318835706518,28.4071355185391,0
                83.3185128736433,28.4071903202203,0
                83.3179310101783,28.4074152287055,0
                83.3174151398228,28.4074893391557,0
                83.3172864075581,28.4074684013442,0
                83.3170283792544,28.4075235170705,0
                83.3168351559296,28.4075045158943,0
                83.3167488539305,28.4075423861372,0
                83.3163004813764,28.4072897775723,0
                83.3160025904891,28.4069836752024,0
                83.3156610154708,28.4067903129818,0
                83.3153401238152,28.4066555079587,0
                83.3146969622715,28.4065373208611,0
                83.314248401922,28.4063048357622,0
                83.3137150445444,28.4059186751872,0
                83.3133301620438,28.4057633081835,0
                83.3131369373997,28.4057623673501,0
                83.313008330754,28.4057233696284,0
                83.3122353098609,28.4057194830964,0
                83.3118485485825,28.4057535985385,0
                83.3112696915123,28.4056559108534,0
                83.3111405825346,28.4056935926771,0
                83.3109472960921,28.4056904033171,0
                83.3106672063276,28.4058040127965,0
                83.3100233568756,28.4057421337258,0
                83.3097653283166,28.4057994375036,0
                83.3094433092168,28.4057774964797,0
                83.3077675320714,28.4058998347573,0
                83.3067995973751,28.4060460563613,0
                83.3060261377563,28.4060986020234,0
                83.3055097055132,28.4062109585693,0
                83.3051229436501,28.4062450747091,0
                83.3039637878052,28.4062188718526,0
                83.3037698750365,28.4062742386022,0
                83.3035765885264,28.4062732983158,0
                83.3024183724392,28.4061522909014,0
                83.3017752739337,28.4060339792393,0
                83.3013888890571,28.4060116630553,0
                83.3010662429089,28.4060867141563,0
                83.3007230405324,28.4060443377042,0
                83.3002708486224,28.4061751309883,0
                83.299644049187,28.4065915206474,0
                83.2989963161417,28.4069694135257,0
                83.2986729201095,28.4071188954405,0
                83.2980268153174,28.407304993387,0
                83.2970588798151,28.4074895865059,0
                83.2963486584653,28.4076754330332,0
                83.296155309866,28.4076924914283,0
                83.2960257634204,28.4077481092696,0
                83.2956388769555,28.407802598569,0
                83.2950560121365,28.4081041241431,0
                83.2947318007115,28.4083325355463,0
                83.2945380753705,28.4084060881525,0
                83.2940861345815,28.4084983856536,0
                83.2938057317417,28.4086503670693,0
                83.2936320645376,28.4088209119473,0
                83.2933490313086,28.4092390561747,0
                83.2931072408793,28.4098085630553,0
                83.29302037471,28.4099231141617,0
                83.2927989531009,28.410610048096,0
                83.2927551456057,28.4106662297304,0
                83.2926681552915,28.4107988409255,0
                83.2927518268771,28.4110293840481,0
                83.2927720089447,28.411144561195,0
                83.2927456270257,28.4116587638584,0
                83.2927869939543,28.4118326862625,0
                83.2928923509055,28.4120046723383,0
                83.2929990228212,28.4120819792251,0
                83.2930836334538,28.4122154687278,0
                83.2932114893894,28.4123131490811,0
                83.29338089966,28.4125441304124,0
                83.2936573569939,28.4128321706231,0
                83.2938922600055,28.412966411963,0
                83.2942537661377,28.4133315096412,0
                83.2946595195862,28.4135636823822,0
                83.2952585595975,28.4137969201643,0
                83.2957728629725,28.4139146051405,0
                83.2959439635554,28.4139921625887,0
                83.29637221621,28.4141094708088,0
                83.2965432542668,28.4141870289928,0
                83.2966068684051,28.4142640854037,0
                83.296712224821,28.4144924415817,0
                83.2967723328537,28.4149507132146,0
                83.2966822747761,28.4153518002369,0
                83.2967221377644,28.415694894057,0
                83.2966982612037,28.4159249352404,0
                83.296654452535,28.4160374874689,0
                83.2965024693707,28.4162080944846,0
                83.2962649362255,28.4163422654254,0
                83.2958986710387,28.4164531876357,0
                83.2953186864762,28.4164682395765,0
                83.2942891395448,28.4163659202433,0
                83.2937084662873,28.4164395924707,0
                83.2929333164941,28.4166431244663,0
                83.2926796602022,28.41675460997,0
                83.2924160688423,28.4168705958348,0
                83.2918978197178,28.4171904330695,0
                83.291121792672,28.4175292651702,0
                83.2904741227749,28.4178890974684,0
                83.2898924465304,28.418113943054,0
                83.2895607393659,28.4181956804134,0
                83.2895051837518,28.4182089279304,0
                83.2892024077798,28.418417154538,0
                83.2891146665024,28.418608448573,0
                83.289091164802,28.4188361772893,0
                83.2891290859217,28.4194116250729,0
                83.2892137580301,28.4195835482508,0
                83.2892955511598,28.4200418824291,0
                83.2895253179726,28.4207898177749,0
                83.2895609965822,28.4209884876236,0
                83.2895868029049,28.4211330376965,0
                83.2897127161886,28.4214788207332,0
                83.2898393823274,28.4217096139527,0
                83.2898349979466,28.4222261911235,0
                83.2895608397506,28.4225857173202,0
                83.2894002322653,28.4227969453391,0
                83.2886205738424,28.4234809334207,0
                83.2883829779382,28.4236127923746,0
                83.2881438164504,28.4239363215164,0
                83.2880967508868,28.4243963411283,0
                83.2880304430656,28.4246238194305,0
                83.2879613174241,28.4251400838145,0
                83.2878737009814,28.4253110668713,0
                83.2875486129847,28.4256545307979,0
                83.2873323888098,28.4257865149722,0
                83.2869448140449,28.4258815003688,0
                83.2861038588505,28.4261816477448,0
                83.2859101968158,28.426239264512,0
                83.2857809640214,28.4262385126349,0
                83.2846176142101,28.426575400935,0
                83.2839697562904,28.4269554815049,0
                83.2835154354762,28.4272960061447,0
                83.2833847616082,28.427466737883,0
                83.283274207218,28.4278293911448,0
                83.2832506433192,28.4280594317108,0
                83.2831405900291,28.4283452795965,0
                83.2827908107164,28.429031461328,0
                83.2826173310772,28.4292042551348,0
                83.2823797976368,28.4293361144008,0
                83.2822498130836,28.4294504766864,0
                83.2817529371845,28.4297140702936,0
                83.2810396490825,28.430188578665,0
                83.2806063241956,28.4305878480568,0
                83.2801719347437,28.4311021686783,0
                83.2799755794092,28.4314462591379,0
                83.2798875866557,28.4316736119487,0
                83.2799243185609,28.432361863034,0
                83.2798143273787,28.4326478345405,0
                83.2797053387505,28.4328209421227,0
                83.2794449935498,28.4331060373258,0
                83.2792077737136,28.4331814637902,0
                83.2790789156182,28.4331808373681,0
                83.2788201996207,28.4332741993744,0
                83.2783686342483,28.4332921285113,0
                83.278111295513,28.4332320677291,0
                83.2777909681127,28.4330002711039,0
                83.2775145119546,28.4326559232166,0
                83.2773883474979,28.4323484493242,0
                83.2772018257109,28.4315826416776,0
                83.2771832086863,28.431278044111,0
                83.2769958724352,28.4305867294996,0
                83.2768487756758,28.4302046994148,0
                83.2765725075848,28.4298400410039,0
                83.2764447142083,28.4297242999692,0
                83.2763809111883,28.4296856147063,0
                83.2761236968424,28.4296459273006,0
                83.27580155203,28.4296441724811,0
                83.2753518025916,28.4295469863614,0
                83.2752232572628,28.4295463598152,0
                83.2749643523698,28.4296577826255,0
                83.2747708146093,28.4296950888569,0
                83.2745540895717,28.4299060041768,0
                83.2744655969599,28.4301536675521,0
                83.2744214131964,28.4302685309107,0
                83.2744192214835,28.4304963229281,0
                83.2745223875866,28.4308984129553,0
                83.2746704878298,28.4311293312148,0
                83.2747533462076,28.4314163069627,0
                83.2748111356146,28.432163301654,0
                83.2747415088566,28.4327359360429,0
                83.2746748259821,28.4329656637594,0
                83.2746718822983,28.43330857034,0
                83.2747895287956,28.4345725189513,0
                83.2746996570526,28.4350299753455,0
                83.2746549708897,28.4352215200812,0
                83.2743909307407,28.4359081408223,0
                83.2741508930508,28.4363084126299,0
                83.2740187160192,28.4366506297957,0
                83.2736923760816,28.4371090825064,0
                83.2733669133856,28.4374502340566,0
                83.2730188886819,28.4379085620459,0
                83.272974705047,28.438023425647,0
                83.272906892756,28.4384245751294,0
                83.272840648852,28.4385956835557,0
                83.2729406808802,28.4394557321344,0
                83.2729369860933,28.4398572574159,0
                83.2728677348386,28.4403735220858,0
                83.2728879159121,28.4405450687072,0
                83.2725317495495,28.4419215003042,0
                83.2725306224979,28.4420343026954,0
                83.2726359157887,28.4422649706624,0
                83.2728926914701,28.4424197729726,0
                83.2730857268247,28.4424591474837,0
                83.2734296176522,28.442460964867,0
                83.2736882720972,28.4423856632879,0
                83.2741179647394,28.4423879196551,0
                83.2746330185897,28.4424673578645,0
                83.2750631477687,28.4424516158787,0
                83.2752344366878,28.4425089260647,0
                83.2756641901263,28.4425495537235,0
                83.2761558055344,28.4428386598658,0
                83.2768407696361,28.4431672028117,0
                83.2771839724683,28.4432276401562,0
                83.2773552602854,28.4433233217337,0
                83.2775053644308,28.443344447199,0
                83.2781052168291,28.4435754355266,0
                83.2794306461702,28.4444058801475,0
                83.2796437392729,28.444598740425,0
                83.2802213427992,28.4449063462472,0
                83.2804786186879,28.4449844061026,0
                83.2809942361979,28.4450255350813,0
                83.2815948405282,28.4451437208185,0
                83.2818515530938,28.4452984609638,0
                83.2820869567459,28.4453944560318,0
                83.2825168367245,28.4453787136777,0
                83.2831200703887,28.4452487971773,0
                83.2839789534268,28.4453480520348,0
                83.2843219050619,28.4454446108812,0
                83.2850926067922,28.4457937161308,0
                83.2855214210524,28.4459291476133,0
                83.2859079936605,28.4459514636537,0
                83.2863182550612,28.4457618627693,0
                83.2865762832233,28.4457248696007,0
                83.2870082296318,28.4454993343153,0
                83.2875251619495,28.4453869780596,0
                83.2877829403386,28.4453882939945,0
                83.2880402160242,28.4454663540691,0
                83.2889158983888,28.4461003094695,0
                83.2894080142503,28.4463713550999,0
                83.289560430127,28.4464330390294,0
                83.289600799687,28.4464491007624,0
                83.2899644347061,28.4466043423726,0
                83.290157407941,28.4466640273475,0
                83.2903285080528,28.4467416480442,0
                83.2904349913436,28.4468572641954,0
                83.2907523753093,28.4473935317966,0
                83.2910267027756,28.4479702341178,0
                83.2914296995035,28.4485453121059,0
                83.2918997552239,28.4488162321763,0
                83.2921567810728,28.4489326005017,0
                83.292242582508,28.4489330395738,0
                83.2926489610335,28.4491472134716,0
                83.2929465388603,28.4494916867312,0
                83.2930737051743,28.449704419131,0
                83.2932619810125,28.450278369771,0
                83.2935157498017,28.4507398940385,0
                83.2938127023307,28.4511429871725,0
                83.2941975199717,28.4513750964819,0
                83.2945604033469,28.4516431405788,0
                83.2948366722395,28.4519898003054,0
                83.2949838947115,28.4523537074027,0
                83.2951714187886,28.4530427718807,0
                83.2952560913396,28.4532168827757,0
                83.2953838830717,28.4533889934864,0
                83.2956806442086,28.453961321452,0
                83.2957863131282,28.4541919269172,0
                83.296277989146,28.4545757741802,0
                83.2968562174825,28.4549035652905,0
                83.2971991679581,28.4550564945368,0
                83.2973708314331,28.4550957434796,0
                83.2975419933453,28.4552297336658,0
                83.2978636976163,28.4553644762424,0
                83.2981632157978,28.4555758373255,0
                83.2985669607223,28.456227595848,0
                83.2989904489359,28.4570893364774,0
                83.299202663668,28.4574716798615,0
                83.2994796194668,28.45781596507,0
                83.2999918518629,28.4583329887341,0
                83.300040719427,28.4584188567511,0
                83.3002681803435,28.4588126368185,0
                83.300397476856,28.458756893899,0
                83.300656256419,28.4586612190178,0
                83.3008507953542,28.458529108909,0
                83.3010748923209,28.4584197474447,0
                83.3011962525481,28.4583594421204,0
                83.3016947574465,28.4578454343588,0
                83.3022144472209,28.4573901087051,0
                83.3022799397845,28.4572754333445,0
                83.3025179740966,28.4570848917355,0
                83.3027127637047,28.4569144105832,0
                83.3027988155323,28.4568766029261,0
                83.3035791013333,28.4560796874372,0
                83.3039037503404,28.4558127788834,0
                83.3041621543526,28.4557758493161,0
                83.3048709939943,28.4558945372431,0
                83.3051290845082,28.4558958529063,0
                83.3055388440945,28.4557444982466,0
                83.3056688296033,28.4556301359004,0
                83.3058211882975,28.4554030338154,0
                83.3059106852983,28.4549455773862,0
                83.3060415478504,28.4546981017723,0
                83.3063003895852,28.4545843661571,0
                83.3070114221538,28.4544165178321,0
                83.3076590294312,28.4540949945459,0
                83.3082423957153,28.4537347240827,0
                83.3090196740778,28.4533371475331,0
                83.3098849456515,28.4526535359279,0
                83.3102090934857,28.4524656207512,0
                83.3106207330042,28.4520661635551,0
                83.3112264117529,28.4515525947288,0
                83.3114432621415,28.4513259306391,0
                83.3119425197472,28.4506967461658,0
                83.3124428426862,28.4499548221682,0
                83.3132023830401,28.4490427292077,0
                83.3133764905982,28.4487571334201,0
                83.3140274186836,28.4479595287631,0
                83.314330759006,28.447674559584,0
                83.315329900541,28.4463621324933,0
                83.315524627388,28.4461916508713,0
                83.3156984213096,28.4459624240667,0
                83.3158942764588,28.4456205215508,0
                83.3160462590855,28.4454498513298,0
                83.3162421770454,28.4451056358027,0
                83.3165244587991,28.4447642341774,0
                83.3171726927531,28.444327533752,0
                83.3175609558005,28.4441783034774,0
                83.3179483422382,28.4441216274704,0
                83.3197549744937,28.4440922828345,0
                83.3200564973475,28.4440351679925,0
                83.3201861691057,28.4439591142499,0
                83.3204037087103,28.4436172744372,0
                83.320685866091,28.4432555617262,0
                83.3212275533682,28.4427054952466,0
                83.3233222957276,28.4415112612072,0
                83.3239076043192,28.4408847656856,0
                83.3240604644929,28.4405809834426,0
                83.3242551922634,28.4404105015233,0
                83.3243635544351,28.4402756403766,0
                83.3247963169699,28.4398965565189,0
                83.3250561617813,28.4396677693096,0
                83.3252292028821,28.4395557820491,0
                83.3255534772315,28.4392708761926,0
                83.3260519203187,28.4387566801738,0
                83.3263128931729,28.4383565337188,0
                83.3268774571348,28.4376148605118,0
                83.3272038608605,28.4371020993155,0
                83.3272480453008,28.4369308659894,0
                83.3273348490542,28.436816252393,0
                83.3277232378083,28.4366467113477,0
                83.3279170240439,28.4366273414672,0
                83.3283692783387,28.4364964854802,0
                83.3293378374201,28.4363861977358,0
                83.3300488710686,28.4361979765114,0
                83.330371765347,28.4361431733613,0
                83.3306084210164,28.4361443021836,0
                83.3309095066353,28.4361074352578,0
                83.3311897199962,28.4360501951001,0
                83.3312213416152,28.4360368211858,0
                83.3317072169626,28.4358248487525,0
                83.3318583864433,28.4357308597012,0
                83.3323781389505,28.4352167893981,0
                83.3327906579804,28.4346480977589,0
                83.3330069443236,28.4344957397703,0
                83.3332238566414,28.4342486406728,0
                83.3338720910755,28.4337938172812,0
                83.3343248467032,28.4336246523398,0
                83.3346485566049,28.4334367373253,0
                83.3348207220816,28.4333991809019,0
                83.3354894495087,28.4331362773242,0
                83.3362634710829,28.4331016674454,0
                83.3365856761906,28.4331619176734,0
                83.3369083210418,28.4331431736437,0
                83.3375527951393,28.4331869299966,0
                83.3377465203957,28.4331675601554,0
                83.338780824317,28.4328499802023,0
                83.3391041585685,28.4327184347853,0
                83.3394929228818,28.4324902739057,0
                83.3403803203866,28.4316756744043,0
                83.3407268437266,28.4312961520133,0
                83.3410511171112,28.4310675532815,0
                83.3418262652907,28.4309201408964,0
                83.342858815965,28.4308303526389,0
                83.3436338394325,28.4307010011708,0
                83.3442157027897,28.4304940292674,0
                83.3443453116807,28.4304179128486,0
                83.3448624323269,28.4302693095859,0
                83.3451203987791,28.4302321925968,0
                83.3457653738225,28.4302352648221,0
                83.3461532608906,28.430142404188,0
                83.3473179903927,28.4296133455986,0
                83.3480959587653,28.4290462843642,0
                83.3484846613657,28.4288180609073,0
                83.3486793258833,28.4286475174642,0
                83.3492621928361,28.4282690607917,0
                83.3496513342429,28.4279663448636,0
                83.3505582843791,28.4274382822181,0
                83.3510109775893,28.4272689921102,0
                83.3515271583781,28.4272128170838,0
                83.3520439666903,28.4271024607868,0
                83.3526892551808,28.4270491625024,0
                83.3531417595193,28.4269181819606,0
                83.3537889287024,28.4266144697228,0
                83.3541121375992,28.4265031720312,0
                83.3545432708529,28.426313508498,0
                83.3553196100554,28.4260126110954,0
                83.3567410509986,28.4256381043556,0
                83.3571941199361,28.4254123822015,0
                83.3574315902801,28.4252803979973,0
                83.3577339916449,28.4250719842232,0
                83.3581225051083,28.4248640714013,0
                83.3582515514779,28.4248263268694,0
                83.3586401906514,28.4246002915893,0
                83.3590280174569,28.4244486866655,0
                83.3596326296078,28.424108664253,0
                83.3601943129165,28.4236916486427,0
                83.3603464839881,28.4234826077109,0
                83.3605846446277,28.423235571557,0
                83.3608005560542,28.4230854009457,0
                83.3609088556336,28.4229528518934,0
                83.3610385909865,28.4228564253674,0
                83.3612326280422,28.4227828724697,0
                83.3613625505289,28.4226684476738,0
                83.3614484770872,28.4226485760431,0
                83.3618805495481,28.4223460472573,0
                83.3621410213379,28.4220043324451,0
                83.3623366899569,28.421662366876,0
                83.3628798824158,28.420864010965,0
                83.3631199856072,28.4203485613606,0
                83.3631219912318,28.4200620249728,0
                83.3630158846896,28.4198337322315,0
                83.3630168866557,28.4197186800494,0
                83.3631474359402,28.4194913904674,0
                83.3634509028991,28.4190913068767,0
                83.3635167106285,28.4189201354709,0
                83.3636282693604,28.4183475642631,0
                83.3635679144901,28.4177178711869,0
                83.3635066186886,28.4172980335791,0
                83.3633800183816,28.4169161912176,0
                83.3633143430664,28.4167557046979,0
                83.3632536663678,28.4166088421732,0
                83.3630413897226,28.41626493281,0
                83.3628517997049,28.4158083472246,0
                83.3627666882781,28.415692855961,0
                83.3626415262911,28.4152343336287,0
                83.3626438447714,28.4149478598748,0
                83.36281876539,28.4146057689213,0
                83.3628418279542,28.4144366590711,0
                83.3632577897016,28.4135226868685,0
                83.3634837856996,28.4122107478153,0
                83.3635069117157,28.4120191399448,0
              </coordinates>
            </LinearRing>
          </outerBoundaryIs>
        </Polygon>
      </Placemark>
    </Document>
  </Document>
</kml>
