<?xml version="1.0" encoding="UTF-8"?>
<kml xmlns="http://www.opengis.net/kml/2.2">
  <Document id="root_doc">
    <Schema id="GA_SYANGJA_Waling.schema">
      <SimpleField name="ogc_fid" type="int"/>
      <SimpleField name="objectid_1" type="float"/>
      <SimpleField name="dcode" type="int"/>
      <SimpleField name="district" type="string"/>
      <SimpleField name="dan" type="string"/>
      <SimpleField name="das" type="int"/>
      <SimpleField name="gapa_napa" type="string"/>
      <SimpleField name="type_gn" type="string"/>
      <SimpleField name="gn_code" type="float"/>
      <SimpleField name="new_ward_n" type="float"/>
      <SimpleField name="ddgnww" type="float"/>
      <SimpleField name="center" type="string"/>
      <SimpleField name="state_code" type="int"/>
      <SimpleField name="ddgn" type="float"/>
      <SimpleField name="area_sqkm" type="float"/>
      <SimpleField name="shape_leng" type="float"/>
      <SimpleField name="shape_area" type="float"/>
      <SimpleField name="Province" type="string"/>
      <SimpleField name="Address" type="string"/>
    </Schema>
    <Document id="GA_SYANGJA_Waling">
      <name>GA_SYANGJA_Waling</name>
      <Placemark id="GA_SYANGJA_Waling.1">
        <ExtendedData>
          <SchemaData schemaUrl="#GA_SYANGJA_Waling.schema">
            <SimpleData name="ogc_fid">3009</SimpleData>
            <SimpleData name="objectid_1">3010</SimpleData>
            <SimpleData name="dcode">39</SimpleData>
            <SimpleData name="district">SYANGJA</SimpleData>
            <SimpleData name="das">0</SimpleData>
            <SimpleData name="gapa_napa">Waling</SimpleData>
            <SimpleData name="type_gn">Nagarpalika</SimpleData>
            <SimpleData name="gn_code">11.000000000000000</SimpleData>
            <SimpleData name="new_ward_n">12</SimpleData>
            <SimpleData name="ddgnww">391112.000000000000000</SimpleData>
            <SimpleData name="center">Waling Bazar</SimpleData>
            <SimpleData name="state_code">4</SimpleData>
            <SimpleData name="ddgn">39011</SimpleData>
            <SimpleData name="area_sqkm">12.629798453199999</SimpleData>
            <SimpleData name="shape_leng">21141.411742799999047</SimpleData>
            <SimpleData name="shape_area">12629798.453200001269579</SimpleData>
            <SimpleData name="Province">GA</SimpleData>
            <SimpleData name="Address">Waling-12, SYANGJA, GA</SimpleData>
          </SchemaData>
        </ExtendedData>
        <Polygon>
          <outerBoundaryIs>
            <LinearRing>
              <coordinates>
                83.6932439508316,28.0267840045935,0
                83.6937097094094,28.0263789239508,0
                83.6940277957099,28.0261675730498,0
                83.694428251246,28.0257081837042,0
                83.6947672114408,28.0254382757079,0
                83.6951082306453,28.0253216667964,0
                83.6954504976301,28.0253179225194,0
                83.6956212875074,28.0252776787542,0
                83.6957699574881,28.0251832520924,0
                83.6958962558554,28.0250278925905,0
                83.6960217431508,28.0248182891611,0
                83.6961604290765,28.0239793043457,0
                83.6962643576371,28.0237494524462,0
                83.6965377650456,28.0233845515938,0
                83.6966835023028,28.0230780198618,0
                83.6969079885023,28.022239224284,0
                83.6968570074558,28.0216277159536,0
                83.6968917654118,28.0210186464988,0
                83.6969712008731,28.0205608772948,0
                83.6971761871659,28.0198731296496,0
                83.697105955987,28.0194149825976,0
                83.6970185947716,28.0192839313533,0
                83.6964961159204,28.0186194831273,0
                83.6954093493081,28.0173513937841,0
                83.6949110494891,28.0168990510646,0
                83.6948884921038,28.0168042468022,0
                83.6952510076365,28.0167057620345,0
                83.6956769542032,28.0165487201693,0
                83.6958466840437,28.0164341708902,0
                83.696226827276,28.0160694593958,0
                83.6963317541578,28.0158959767102,0
                83.6964549333671,28.0155149514418,0
                83.6964684428172,28.0149035062934,0
                83.6965305002279,28.0147502718976,0
                83.696657048389,28.0146174733282,0
                83.6981887324996,28.0139191857393,0
                83.6987620375249,28.0135707254859,0
                83.6992702901778,28.0131860186494,0
                83.699610498081,28.0130107899476,0
                83.7001218701285,28.0128539992755,0
                83.7003774634645,28.0127394510825,0
                83.7009705802964,28.0122963137028,0
                83.7011581257103,28.0119131632593,0
                83.7012397456667,28.0116065046691,0
                83.7012355649054,28.0113019075788,0
                83.7008435017995,28.0107911977931,0
                83.7006683445332,28.0104884097023,0
                83.7006214810804,28.0101838116558,0
                83.7007030391745,28.0098771531738,0
                83.7007664692276,28.0098185972995,0
                83.7009374468757,28.0097987263694,0
                83.701127362876,28.0096073096478,0
                83.7012734118258,28.0093210872332,0
                83.7013549692631,28.0090144914826,0
                83.7013733465752,28.0087866376556,0
                83.7014549034844,28.0084799795476,0
                83.7014517216161,28.008252124895,0
                83.7013419900895,28.0080420175414,0
                83.7009529857884,28.0077411005262,0
                83.7008222570227,28.0075693646569,0
                83.7004933745232,28.0069820372122,0
                83.700490504819,28.0067541831793,0
                83.7005515631137,28.0065242050369,0
                83.700908525754,28.0060060693747,0
                83.701012454254,28.0057761544723,0
                83.7011124510791,28.0052416417614,0
                83.7012365037102,28.0049373592095,0
                83.7012996843089,28.0048608047855,0
                83.7015551518157,28.0047440067664,0
                83.7018960456595,28.0046454580068,0
                83.7024700372686,28.0043556814942,0
                83.7026405156652,28.0042973770613,0
                83.7032383752318,28.0042152059797,0
                83.7036643210106,28.0040604138337,0
                83.7040058394802,28.0039799897199,0
                83.7043477942472,28.0039604337341,0
                83.7050348858939,28.0041446156508,0
                83.7052921629498,28.0041813035756,0
                83.7054631404044,28.0041590579958,0
                83.7056754902517,28.0040241360174,0
                83.7057806663824,28.0038912125648,0
                83.7058619742368,28.0035665560002,0
                83.7058566080177,28.0031852778826,0
                83.7058119293229,28.0030341036784,0
                83.7054425490507,28.0026158224113,0
                83.7051179738411,28.0023330933269,0
                83.7047296547426,28.0021066699061,0
                83.7030508316737,28.0013765849853,0
                83.7022095790896,28.0008693676157,0
                83.7020359807495,28.0006795070013,0
                83.7019043778044,28.0004535883727,0
                83.7020760485,28.0001570554631,0
                83.701608192002,27.9992233201314,0
                83.7014375365945,27.9987627340733,0
                83.7012504423033,27.9985073797352,0
                83.7009524357562,27.9976922609191,0
                83.7007798377355,27.997491089438,0
                83.7004079038554,27.9966419726091,0
                83.7003694809494,27.9961838886658,0
                83.7004804224128,27.9952320386942,0
                83.7004292504526,27.9947874529523,0
                83.7004634412865,27.9943814283663,0
                83.7005894933368,27.9940545851426,0
                83.7009430776166,27.9937326822857,0
                83.7009871991039,27.9936177553726,0
                83.7009791442027,27.9933221574049,0
                83.7011453159668,27.9929750666361,0
                83.701087514014,27.992817017064,0
                83.7016900752291,27.9919745400463,0
                83.7011266715472,27.9909467500018,0
                83.7008892086582,27.9906710207779,0
                83.7006661213136,27.9902441181344,0
                83.7006886836676,27.9901290667165,0
                83.7012135039854,27.9893247730883,0
                83.7012837498365,27.989081295999,0
                83.7010308567854,27.9885166553556,0
                83.7009958037987,27.9883180480487,0
                83.700903755837,27.9881802463333,0
                83.7006050543263,27.9877329070675,0
                83.700627616196,27.987617855614,0
                83.7020096379645,27.9866935860525,0
                83.7022034918748,27.9864390493556,0
                83.702250051568,27.9862587539014,0
                83.7021518252862,27.9857034283936,0
                83.7022989362796,27.9854465783583,0
                83.7023954312593,27.9850338676318,0
                83.7028318214628,27.9844934227898,0
                83.7039191887008,27.9838323748094,0
                83.704610227186,27.9835654102683,0
                83.7054248053341,27.9835446118817,0
                83.7060265399279,27.9834195078646,0
                83.7061801454699,27.9833589533913,0
                83.7067955686493,27.9831188593904,0
                83.7069686747037,27.9828890711292,0
                83.7071868471073,27.9822059482254,0
                83.7079271975156,27.9815554566424,0
                83.708014001579,27.9814225325152,0
                83.7080166944198,27.981122497189,0
                83.708366777234,27.9808840868756,0
                83.7086803003387,27.9807944121839,0
                83.7088037273397,27.9804743803149,0
                83.7087353124716,27.9798131893449,0
                83.7087683720498,27.9796982001069,0
                83.7091308333349,27.9792184372924,0
                83.7091794570842,27.978970335387,0
                83.7091778454325,27.9782777103874,0
                83.7091033569155,27.9782211517967,0
                83.7087837772434,27.9780828467579,0
                83.7081967959711,27.9779439749506,0
                83.7069729566097,27.9781264394478,0
                83.7061801864982,27.9781856096013,0
                83.7058866002138,27.9782075401603,0
                83.7039794736195,27.9785102953129,0
                83.7033438096646,27.978504411011,0
                83.7026225874734,27.9787758129958,0
                83.7012687026507,27.9789827098592,0
                83.7006312839399,27.9791663087459,0
                83.6991498047292,27.9786351465019,0
                83.6989355821917,27.9786955749753,0
                83.6986231207774,27.9788663673054,0
                83.698115432064,27.9792195140484,0
                83.6976512414684,27.9793741184757,0
                83.6975091974739,27.9793715536705,0
                83.6967545542162,27.9790969422269,0
                83.6958597907264,27.9795010785442,0
                83.6954300895028,27.9799242832111,0
                83.6946267379232,27.9810370457203,0
                83.6944971288393,27.9811134110763,0
                83.6938767109533,27.9811346501633,0
                83.6933562131584,27.9813974305903,0
                83.6929260177895,27.981529599095,0
                83.6927295425624,27.9815900908337,0
                83.6923361533044,27.9818486235854,0
                83.6914974573156,27.9816279429395,0
                83.6905420927721,27.9812196522731,0
                83.6899813572163,27.9811145905796,0
                83.6893231916293,27.9813161870944,0
                83.6887159550028,27.9815968392497,0
                83.6880907239044,27.9817081952247,0
                83.687159404679,27.9819949043562,0
                83.6864212507792,27.9821669398352,0
                83.6852253493078,27.9821100509354,0
                83.6841154315273,27.9823083281566,0
                83.6828498489539,27.98239111357,0
                83.6820372117723,27.982177245383,0
                83.6817953686341,27.9821991772357,0
                83.6810504083933,27.9820936745465,0
                83.6798908084262,27.9823323851089,0
                83.6786520965193,27.9824558546951,0
                83.6781924080521,27.9824525356202,0
                83.6771201067661,27.9828087357765,0
                83.6762416600778,27.9829307735269,0
                83.6757044162466,27.9830693782519,0
                83.6756290506664,27.9830827509676,0
                83.6754578243342,27.9830845599139,0
                83.6753332675395,27.9836190097396,0
                83.6754954177487,27.9844158156821,0
                83.6754366045163,27.9848532745335,0
                83.6757884876738,27.9852174350815,0
                83.6769131435451,27.9855336739992,0
                83.6778013909365,27.9859576487864,0
                83.6780737885437,27.9861500111996,0
                83.6789405794229,27.9877020717559,0
                83.67996641792,27.9888956668417,0
                83.6803703868112,27.9908775558444,0
                83.6803109379206,27.9918656532474,0
                83.6803995358134,27.9926396472053,0
                83.6805675060492,27.9929987418312,0
                83.680764779992,27.993635437958,0
                83.6807607091059,27.9940460882117,0
                83.6806096516325,27.9948488876116,0
                83.6807984234024,27.9955983854002,0
                83.6819250421581,27.9977713938863,0
                83.6817736657857,27.9988946017369,0
                83.681657613661,27.9991537642032,0
                83.6815216876595,27.9994557968647,0
                83.6813405849018,27.9995614096394,0
                83.6810351256047,27.9995877778061,0
                83.6805799958191,27.9997536929244,0
                83.6801027464745,27.9997480612085,0
                83.6798560844754,28.0001355218516,0
                83.6797778411622,28.0003384402345,0
                83.6797799630554,28.0004918637096,0
                83.6796760346228,28.0007217164827,0
                83.6794932937593,28.0014861442167,0
                83.6794971621223,28.0017907413201,0
                83.6796988094636,28.0024748075226,0
                83.6797036758504,28.0028560859125,0
                83.6796223683571,28.0031808051105,0
                83.679326901867,28.0034869604436,0
                83.6790727443567,28.0036803765505,0
                83.6786008721316,28.0035890024926,0
                83.6779997671438,28.0034590041191,0
                83.6762857497944,28.0032812437314,0
                83.6758564347379,28.0031899956622,0
                83.6755123575901,28.0030606264588,0
                83.6745686129714,28.0028756286868,0
                83.6739670096011,28.0026891990128,0
                83.6733675282576,28.0026561919907,0
                83.6731957388701,28.0026196927463,0
                83.6724260283599,28.0026629892654,0
                83.67191178612,28.0026098610631,0
                83.671653447893,28.0024986799661,0
                83.6715237169175,28.0024036239451,0
                83.6713938620129,28.0022905066541,0
                83.6712190154885,28.0020057798239,0
                83.6710239208673,28.0017977338394,0
                83.6706136066869,28.0015148151922,0
                83.6700964940205,28.0012518306648,0
                83.669408153623,28.0009726576765,0
                83.6687824953075,28.0005763093635,0
                83.6685655287231,28.000350201399,0
                83.6685929674971,28.0001336582159,0
                83.6685990968309,27.999871995001,0
                83.6684519335683,27.9996031423724,0
                83.6679370144246,27.9990243115961,0
                83.6674382728246,27.9987817010119,0
                83.6670948819873,27.9987538225497,0
                83.6664468506618,27.9984002824331,0
                83.6659303080505,27.997751520598,0
                83.6656264790184,27.9974755410635,0
                83.6653378948981,27.9973958560397,0
                83.6651657907379,27.9974608471019,0
                83.6647154650067,27.9980125403521,0
                83.6646364041586,27.9985086812971,0
                83.6650001532415,27.9992541195327,0
                83.6646895513674,28.0001332227393,0
                83.6645185103055,28.0002568959187,0
                83.664053564955,28.0005964206509,0
                83.6639921938163,28.0008263987261,0
                83.6639949387176,28.0010543161294,0
                83.6641484120415,28.0013592283988,0
                83.6643230091426,28.0016258945493,0
                83.664221014498,28.0020272310588,0
                83.6642043217417,28.002410759201,0
                83.6642973591176,28.003020142097,0
                83.6644090243704,28.0034016723712,0
                83.6644572595446,28.0038395080681,0
                83.6645184358892,28.0039749967929,0
                83.664655412045,28.0042776589352,0
                83.664961423248,28.0047906179033,0
                83.6652034428611,28.0053236353505,0
                83.6652714900492,28.0056283589345,0
                83.6653209723599,28.0061631859138,0
                83.6654531990135,28.006468098089,0
                83.6657810198314,28.006999117597,0
                83.6658256359728,28.007152604613,0
                83.6658295035437,28.0074572016161,0
                83.6657485698916,28.007840541014,0
                83.6656023953008,28.0081470111855,0
                83.6652862426701,28.0085523446824,0
                83.6646524389971,28.0092479589912,0
                83.6645183279681,28.0094416270443,0
                83.6643999028596,28.0096127971551,0
                83.6642334798317,28.0099959466202,0
                83.663945000232,28.0109179843117,0
                83.6637422585652,28.0118357728789,0
                83.6637554238655,28.0129074253121,0
                83.6637181067584,28.0133653836619,0
                83.6636813528118,28.0138435899043,0
                83.6637709593604,28.0141687494374,0
                83.6641172811177,28.0144696025553,0
                83.6645184116951,28.0146600289436,0
                83.6648280548566,28.0148074574923,0
                83.6652574325528,28.0148987691064,0
                83.6656857504298,28.0149133366258,0
                83.66602914077,28.0149660868804,0
                83.6662003677508,28.0149642773606,0
                83.6669692678971,28.0148036790875,0
                83.6681676096581,28.0147140811862,0
                83.670222024438,28.0146174967355,0
                83.6705967217682,28.0147041202464,0
                83.6710165389171,28.0147998680617,0
                83.6713616135168,28.0150060416173,0
                83.6717329276881,28.0155957442433,0
                83.6718672127761,28.0160518304503,0
                83.6722875726517,28.0171379884471,0
                83.672473150269,28.0182823246645,0
                83.6725401987257,28.0185103675834,0
                83.672686559713,28.0182218966655,0
                83.6730027134025,28.0178165629657,0
                83.6731088259531,28.0177401338645,0
                83.6732808645742,28.0177946315164,0
                83.6733879747971,28.0177949456533,0
                83.6735584528842,28.0177343916987,0
                83.6738149820028,28.0177124601518,0
                83.6744983934734,28.0175538604609,0
                83.6748397247373,28.0174351266165,0
                83.6750107648994,28.0174151934467,0
                83.6752675428637,28.0174113223905,0
                83.6757824733104,28.0174824493605,0
                83.6762334103189,28.0175918212958,0
                83.6765128088546,28.0176669442865,0
                83.676964308292,28.0178146252384,0
                83.677050108967,28.0178125644202,0
                83.6772220849039,28.0178874353226,0
                83.6778233142004,28.0180151832588,0
                83.6781682648226,28.0181829851728,0
                83.6784260415354,28.0182580455311,0
                83.6789225309279,28.0185592759374,0
                83.6804787994361,28.0197270064799,0
                83.6809333562402,28.0201228528199,0
                83.6813244825991,28.0205773183979,0
                83.6818650889543,28.02099366366,0
                83.6822302880225,28.0210847864556,0
                83.6825728672422,28.0210810415066,0
                83.6829165080417,28.0211540410443,0
                83.6839497367239,28.0215624577131,0
                83.6847254997158,28.0219749319848,0
                83.6855004517823,28.0222723551874,0
                83.6857382293842,28.0224623413862,0
                83.6860631795828,28.0227450711953,0
                83.6863672579352,28.023086482504,0
                83.687609182466,28.0247745988682,0
                83.6877198492215,28.0250771977006,0
                83.6877663376675,28.0253637972206,0
                83.6881190245094,28.0261632931504,0
                83.6881876331452,28.0265063884632,0
                83.6881933112509,28.0269644091922,0
                83.6883076594805,28.0275377338424,0
                83.6883739595374,28.0277093449687,0
                83.6883755198143,28.0278243968879,0
                83.688486248834,28.0281089352423,0
                83.6886174770032,28.0283371039807,0
                83.6887065844337,28.0286215796071,0
                83.688816066408,28.0287932531265,0
                83.6889889158313,28.0289244938916,0
                83.6893957362471,28.0289209379361,0
                83.6897375663312,28.0288607612166,0
                83.6900793970871,28.0287803371025,0
                83.690335240409,28.0286816620879,0
                83.6905900223026,28.0285062449723,0
                83.6906752604819,28.0284861226543,0
                83.6911840138004,28.0280608567832,0
                83.6915243473876,28.0278675675372,0
                83.6921600847569,28.0273636227997,0
                83.6922870079152,28.0272308872088,0
                83.6926277143345,28.0271120276961,0
                83.6932439508316,28.0267840045935,0
              </coordinates>
            </LinearRing>
          </outerBoundaryIs>
        </Polygon>
      </Placemark>
      <Placemark id="GA_SYANGJA_Waling.2">
        <ExtendedData>
          <SchemaData schemaUrl="#GA_SYANGJA_Waling.schema">
            <SimpleData name="ogc_fid">3010</SimpleData>
            <SimpleData name="objectid_1">3011</SimpleData>
            <SimpleData name="dcode">39</SimpleData>
            <SimpleData name="district">SYANGJA</SimpleData>
            <SimpleData name="das">0</SimpleData>
            <SimpleData name="gapa_napa">Waling</SimpleData>
            <SimpleData name="type_gn">Nagarpalika</SimpleData>
            <SimpleData name="gn_code">11.000000000000000</SimpleData>
            <SimpleData name="new_ward_n">11</SimpleData>
            <SimpleData name="ddgnww">391111.000000000058208</SimpleData>
            <SimpleData name="center">Waling Bazar</SimpleData>
            <SimpleData name="state_code">4</SimpleData>
            <SimpleData name="ddgn">39011</SimpleData>
            <SimpleData name="area_sqkm">9.749745457700000</SimpleData>
            <SimpleData name="shape_leng">14680.827271500002098</SimpleData>
            <SimpleData name="shape_area">9749745.457699999213219</SimpleData>
            <SimpleData name="Province">GA</SimpleData>
            <SimpleData name="Address">Waling-11, SYANGJA, GA</SimpleData>
          </SchemaData>
        </ExtendedData>
        <Polygon>
          <outerBoundaryIs>
            <LinearRing>
              <coordinates>
                83.7730931520254,28.0106315962808,0
                83.773351752923,28.0100589648421,0
                83.7738585791454,28.0091438059212,0
                83.7741201116333,28.0088599602484,0
                83.7745756842432,28.0084455676173,0
                83.7748371556094,28.0081414746566,0
                83.775053567017,28.0079928662377,0
                83.7752277975478,28.0078036364857,0
                83.7758780963807,28.0072564457588,0
                83.7761366896193,28.0071260239514,0
                83.7769955171203,28.0068702484739,0
                83.7773849711939,28.0065888428846,0
                83.7775382671482,28.0063793638432,0
                83.7777143743901,28.0060749565412,0
                83.7778048679812,28.0057706110014,0
                83.7778113750862,28.0053847710953,0
                83.7779299352557,28.0046968349693,0
                83.7779953038913,28.0046202178838,0
                83.7780847335075,28.004392490148,0
                83.7782607787498,28.0040882073804,0
                83.7784208939563,28.0034747654102,0
                83.7784274010552,28.0030912383427,0
                83.77832967532,28.0025518480508,0
                83.7782914354233,28.0023013698426,0
                83.7783005070329,28.0017644186234,0
                83.7782042202039,28.0011483483818,0
                83.7780372463559,28.0009156790603,0
                83.77791426912,28.0006063921946,0
                83.7778507788644,28.0005679576106,0
                83.7776423122387,28.000276542753,0
                83.7776378160361,28.0001344312981,0
                83.7773840601481,27.9990104659399,0
                83.7773863380667,27.9975867822978,0
                83.7772782355121,27.9971670061293,0
                83.7771501453283,27.9962665863044,0
                83.7770758471371,27.9960769147109,0
                83.7768351336148,27.99585318044,0
                83.7760953629594,27.9955948179405,0
                83.7752449179864,27.9953993842581,0
                83.7741008307133,27.99492815931,0
                83.7726345355745,27.9944813636127,0
                83.7723336413266,27.9943386848151,0
                83.771982259555,27.9938620975727,0
                83.7716273247671,27.9929816086717,0
                83.770905694667,27.9918229527154,0
                83.7706847915978,27.9915744093999,0
                83.7704566342111,27.9916101525123,0
                83.7697086109601,27.9915186485831,0
                83.7680799679182,27.9907781276991,0
                83.7673038249698,27.9906346906954,0
                83.7662594711897,27.9903373887925,0
                83.7653579072544,27.990180139241,0
                83.7645789489958,27.9901382559423,0
                83.7627888180634,27.9899388702543,0
                83.7621470291482,27.9899287363016,0
                83.7606019190992,27.9901336306299,0
                83.7578200409531,27.9901355249942,0
                83.7550321608096,27.9902794674876,0
                83.7540231109769,27.9901490883189,0
                83.7527759697059,27.9899280269488,0
                83.7520622567391,27.9897101604778,0
                83.7514690918478,27.9894315514544,0
                83.7509324842986,27.9890154557708,0
                83.7505564764776,27.9888049683261,0
                83.7501536578203,27.9886620372361,0
                83.7499821215358,27.9885218602612,0
                83.7487398607636,27.9879917007977,0
                83.7478411775867,27.9875365404189,0
                83.7474492961811,27.987337302468,0
                83.7471500843442,27.9874427883311,0
                83.7468257445636,27.9878459970997,0
                83.7468214863992,27.9882927066766,0
                83.7469452094427,27.9887916001304,0
                83.7469413900379,27.9891977511498,0
                83.7468722672723,27.98955178036,0
                83.7470482268159,27.9904048936506,0
                83.7473724216905,27.9909965951288,0
                83.7474449635085,27.9915134242026,0
                83.7473944656639,27.9917705255678,0
                83.7467388559404,27.9922633457474,0
                83.7464918830053,27.9925675641358,0
                83.7463571416204,27.9930027096173,0
                83.7459603118532,27.9934103540726,0
                83.7454396129942,27.9943276383838,0
                83.7452199430939,27.9949363922951,0
                83.7451262591505,27.9954145343564,0
                83.7453715047677,27.9970800131638,0
                83.7453677481543,27.9974545415407,0
                83.7451844530842,27.9978377537858,0
                83.7451017621374,27.9985528125929,0
                83.7455530451809,28.000132926756,0
                83.7456179092238,28.0002481049595,0
                83.7457503226595,28.0005687031692,0
                83.7456009048899,28.0005910108475,0
                83.7450877854822,28.0005945655917,0
                83.7447463925892,28.000654867216,0
                83.744554853439,28.0007516053179,0
                83.7442353316405,28.000847966164,0
                83.744086974687,28.0009649529925,0
                83.743661964878,28.0011762401594,0
                83.743321070262,28.0012929112813,0
                83.7430662263465,28.0014300829115,0
                83.741829198959,28.0017255989636,0
                83.7417448337596,28.0018021531725,0
                83.7417455825757,28.0018765840025,0
                83.7419500970884,28.0028651851592,0
                83.7420198924954,28.0033030214304,0
                83.7419375848361,28.0035871199044,0
                83.7418122217017,28.0038170341496,0
                83.7416854242204,28.0039318974002,0
                83.741366900393,28.0041252496397,0
                83.7410512460062,28.0045668919224,0
                83.7409269443238,28.0048712376033,0
                83.7408048874379,28.005405687295,0
                83.7407000232791,28.0055589219768,0
                83.7406395260986,28.0058633930842,0
                83.7405559085786,28.0060166280152,0
                83.7400456594507,28.0062683471539,0
                83.7395366576588,28.0066329309128,0
                83.7393470537461,28.0068626569674,0
                83.7390764526443,28.007473598046,0
                83.7388023582094,28.0078001889271,0
                83.7384622753464,28.0079732926583,0
                83.7381216933688,28.0080899647744,0
                83.7378880963257,28.0082248865222,0
                83.7376963711027,28.0082854403781,0
                83.7374845826583,28.0084767940452,0
                83.737360967085,28.0088578203402,0
                83.7371612214144,28.0100013384669,0
                83.737098850835,28.0101546361528,0
                83.7369779179838,28.0107635792566,0
                83.7369397900674,28.0111447938386,0
                83.7368177340242,28.0116769940601,0
                83.7367814774422,28.0122116326411,0
                83.7366589852074,28.0126694016026,0
                83.7365334343857,28.0129173151969,0
                83.7365346199393,28.0129917458528,0
                83.7363875728694,28.0132215978233,0
                83.7362240195946,28.0138327269898,0
                83.7362258294309,28.013983901108,0
                83.7363381802054,28.0144398612598,0
                83.736448971911,28.0147446476781,0
                83.7368215322171,28.0154830869754,0
                83.736957314089,28.0160902836671,0
                83.7370902260498,28.0164695645578,0
                83.737184200317,28.0171533167247,0
                83.737294679842,28.0174581026719,0
                83.7373821027751,28.0175891548868,0
                83.7374936424118,28.017968372823,0
                83.737710983211,28.0182530996017,0
                83.7379057037872,28.0184226501515,0
                83.7387451451817,28.0188709979416,0
                83.7393298049434,28.0194383934383,0
                83.7394171658911,28.0195896935493,0
                83.739466398372,28.0201222706846,0
                83.7394264616258,28.0203500616873,0
                83.7392386662665,28.0207332116906,0
                83.7386286687578,28.0215736261971,0
                83.7383750724166,28.021843848123,0
                83.7386325988213,28.02191659512,0
                83.7388893769682,28.0219147864782,0
                83.7393379439302,28.0218547366331,0
                83.7397856986069,28.021736004253,0
                83.7399769252124,28.0216393286506,0
                83.7403609998959,28.0215610916519,0
                83.7408719358985,28.0213454943682,0
                83.741191582462,28.0212490708714,0
                83.7416405854437,28.021245390776,0
                83.7428559911042,28.0209295632809,0
                83.7431764485839,28.0208895718008,0
                83.7435602125678,28.0207910244818,0
                83.7448429789062,28.0207437363088,0
                83.7450986961873,28.0206652476602,0
                83.7459073449047,28.0203147923064,0
                83.7463124811128,28.0201982465955,0
                83.7463982189355,28.0202164341166,0
                83.746569009039,28.020196438464,0
                83.7466326892418,28.0201581924279,0
                83.7470384474175,28.0201160776653,0
                83.7474247689576,28.0202070754022,0
                83.7475224446271,28.0201530199121,0
                83.7476097472164,28.0200584673952,0
                83.7478404698546,28.0199099836812,0
                83.7478911514202,28.0198784879533,0
                83.7482129224712,28.0197888763328,0
                83.7487302957586,28.0195077845778,0
                83.7490106361733,28.0193571153873,0
                83.7497191085321,28.0191373333247,0
                83.7498472164097,28.0191398353328,0
                83.7499741974551,28.0192167680442,0
                83.7501143559997,28.0197584711309,0
                83.7500677328927,28.0199885120377,0
                83.7500614136811,28.0203720394256,0
                83.7501414585681,28.0206813252693,0
                83.7502870597779,28.0209139319912,0
                83.7506033250593,28.0211694756692,0
                83.7508582892481,28.0212489103281,0
                83.7510062044516,28.021348403549,0
                83.7511529942804,28.0215044542627,0
                83.7515640083385,28.0212005509317,0
                83.7518241657224,28.0209753877445,0
                83.7520398891324,28.0208426529692,0
                83.753254060713,28.0197844554734,0
                83.753621391527,28.0195392336434,0
                83.7538378652383,28.0193703773844,0
                83.7552666965308,28.0182358145639,0
                83.7556809647034,28.017724430341,0
                83.7558607630416,28.017205854682,0
                83.7559073237881,28.0169758142517,0
                83.7558567216433,28.0161680110563,0
                83.7558655431007,28.0156491215284,0
                83.7559374180557,28.0151889766342,0
                83.7561392153287,28.0146162811383,0
                83.7565130529149,28.0139874693633,0
                83.756775399447,28.0136246934827,0
                83.7568785059421,28.0138572372335,0
                83.756938680828,28.0140897789931,0
                83.7569845285486,28.015165995384,0
                83.7570634473054,28.0155519609819,0
                83.7571658669237,28.0158025650436,0
                83.7574380732895,28.0161347269777,0
                83.7583854922752,28.0169553546141,0
                83.7587028840627,28.017131906823,0
                83.7590217153676,28.0172136540121,0
                83.7592140017544,28.0172162814476,0
                83.7596645688171,28.0171087362923,0
                83.7602028142925,28.0168457056528,0
                83.7605913923577,28.0166027338196,0
                83.7613284940171,28.015958741063,0
                83.7620042949551,28.0151409510081,0
                83.7623741278568,28.0147444929715,0
                83.7628950678087,28.0142716064361,0
                83.7631349166054,28.0139877608911,0
                83.7634621302,28.0136092999135,0
                83.7640534431481,28.012752949828,0
                83.764274985008,28.0122976189631,0
                83.7643626007832,28.0121826939624,0
                83.7644510925128,28.0120113983169,0
                83.7646094568852,28.0114950101171,0
                83.7646123342411,28.0113235252992,0
                83.7649751608745,28.0113467166096,0
                83.7652958682774,28.0113337231625,0
                83.7656179514569,28.011241798646,0
                83.7659620336853,28.0111137529073,0
                83.7665875190035,28.0107786684725,0
                83.766955474817,28.0104950118435,0
                83.7674521652506,28.0101957970601,0
                83.768032841173,28.0099756386475,0
                83.7687401869793,28.0098324757574,0
                83.7692526807936,28.0098604179566,0
                83.7695077076725,28.0099397902225,0
                83.769676870729,28.0100393460744,0
                83.7697601068392,28.01017483544,0
                83.7696836026946,28.0109034556881,0
                83.7697034105933,28.0109801988004,0
                83.7698300165699,28.0110774423472,0
                83.7701062281561,28.0111591267796,0
                83.7704269349313,28.0111641317312,0
                83.7708121974745,28.0111128290565,0
                83.7713921228537,28.010949166314,0
                83.7717131427176,28.010915861196,0
                83.7720994687812,28.0108059401412,0
                83.7724208012025,28.0107726356903,0
                83.772699640281,28.0107008966882,0
                83.7730931520254,28.0106315962808,0
              </coordinates>
            </LinearRing>
          </outerBoundaryIs>
        </Polygon>
      </Placemark>
      <Placemark id="GA_SYANGJA_Waling.3">
        <ExtendedData>
          <SchemaData schemaUrl="#GA_SYANGJA_Waling.schema">
            <SimpleData name="ogc_fid">3013</SimpleData>
            <SimpleData name="objectid_1">3014</SimpleData>
            <SimpleData name="dcode">39</SimpleData>
            <SimpleData name="district">SYANGJA</SimpleData>
            <SimpleData name="das">0</SimpleData>
            <SimpleData name="gapa_napa">Waling</SimpleData>
            <SimpleData name="type_gn">Nagarpalika</SimpleData>
            <SimpleData name="gn_code">11.000000000000000</SimpleData>
            <SimpleData name="new_ward_n">14</SimpleData>
            <SimpleData name="ddgnww">391114.000000000000000</SimpleData>
            <SimpleData name="center">Waling Bazar</SimpleData>
            <SimpleData name="state_code">4</SimpleData>
            <SimpleData name="ddgn">39011</SimpleData>
            <SimpleData name="area_sqkm">17.975167765500000</SimpleData>
            <SimpleData name="shape_leng">29464.314361999997345</SimpleData>
            <SimpleData name="shape_area">17975167.765500001609325</SimpleData>
            <SimpleData name="Province">GA</SimpleData>
            <SimpleData name="Address">Waling-14, SYANGJA, GA</SimpleData>
          </SchemaData>
        </ExtendedData>
        <Polygon>
          <outerBoundaryIs>
            <LinearRing>
              <coordinates>
                83.7310768046189,28.0250222382978,0
                83.7310989484334,28.0252301957044,0
                83.7311255904129,28.0254803435852,0
                83.7314874857524,28.0253817314365,0
                83.731912308753,28.0251501965666,0
                83.7325082345177,28.0248964167931,0
                83.7330212912132,28.0248545532797,0
                83.7331917695206,28.0247962491134,0
                83.7336192756975,28.0247745071516,0
                83.7339607313242,28.0247142681874,0
                83.7342164484933,28.0246357791606,0
                83.7351527690062,28.0242292057024,0
                83.7356628935235,28.0239571759837,0
                83.7358959907545,28.0237658847205,0
                83.7361511469861,28.0236490239659,0
                83.7367456988227,28.0232824421768,0
                83.7374438684262,28.0226498853125,0
                83.7378444490029,28.0221903702147,0
                83.738056735714,28.0220553235142,0
                83.7383750724166,28.021843848123,0
                83.7386286687578,28.0215736261971,0
                83.7392386662665,28.0207332116906,0
                83.7394264616258,28.0203500616873,0
                83.739466398372,28.0201222706846,0
                83.7394171658911,28.0195896935493,0
                83.7393298049434,28.0194383934383,0
                83.7387451451817,28.0188709979416,0
                83.7379057037872,28.0184226501515,0
                83.737710983211,28.0182530996017,0
                83.7374936424118,28.017968372823,0
                83.7373821027751,28.0175891548868,0
                83.737294679842,28.0174581026719,0
                83.737184200317,28.0171533167247,0
                83.7370902260498,28.0164695645578,0
                83.736957314089,28.0160902836671,0
                83.7368215322171,28.0154830869754,0
                83.736448971911,28.0147446476781,0
                83.7363381802054,28.0144398612598,0
                83.7362258294309,28.013983901108,0
                83.7362240195946,28.0138327269898,0
                83.7363875728694,28.0132215978233,0
                83.7365346199393,28.0129917458528,0
                83.7365334343857,28.0129173151969,0
                83.7366589852074,28.0126694016026,0
                83.7367814774422,28.0122116326411,0
                83.7368177340242,28.0116769940601,0
                83.7369397900674,28.0111447938386,0
                83.7369779179838,28.0107635792566,0
                83.737098850835,28.0101546361528,0
                83.7371612214144,28.0100013384669,0
                83.737360967085,28.0088578203402,0
                83.7374845826583,28.0084767940452,0
                83.7376963711027,28.0082854403781,0
                83.7378880963257,28.0082248865222,0
                83.7381216933688,28.0080899647744,0
                83.7384622753464,28.0079732926583,0
                83.7388023582094,28.0078001889271,0
                83.7390764526443,28.007473598046,0
                83.7393470537461,28.0068626569674,0
                83.7395366576588,28.0066329309128,0
                83.7400456594507,28.0062683471539,0
                83.7405559085786,28.0060166280152,0
                83.7406395260986,28.0058633930842,0
                83.7407000232791,28.0055589219768,0
                83.7408048874379,28.005405687295,0
                83.7409269443238,28.0048712376033,0
                83.7410512460062,28.0045668919224,0
                83.741366900393,28.0041252496397,0
                83.7416854242204,28.0039318974002,0
                83.7418122217017,28.0038170341496,0
                83.7419375848361,28.0035871199044,0
                83.7420198924954,28.0033030214304,0
                83.7419500970884,28.0028651851592,0
                83.7417455825757,28.0018765840025,0
                83.7417448337596,28.0018021531725,0
                83.741829198959,28.0017255989636,0
                83.7430662263465,28.0014300829115,0
                83.743321070262,28.0012929112813,0
                83.743661964878,28.0011762401594,0
                83.744086974687,28.0009649529925,0
                83.7442353316405,28.000847966164,0
                83.744554853439,28.0007516053179,0
                83.7447463925892,28.000654867216,0
                83.7450877854822,28.0005945655917,0
                83.7456009048899,28.0005910108475,0
                83.7457503226595,28.0005687031692,0
                83.7456179092238,28.0002481049595,0
                83.7455530451809,28.000132926756,0
                83.7451017621374,27.9985528125929,0
                83.7451844530842,27.9978377537858,0
                83.7453677481543,27.9974545415407,0
                83.7453715047677,27.9970800131638,0
                83.7451262591505,27.9954145343564,0
                83.7452199430939,27.9949363922951,0
                83.7454396129942,27.9943276383838,0
                83.7459603118532,27.9934103540726,0
                83.7463571416204,27.9930027096173,0
                83.7464918830053,27.9925675641358,0
                83.7467388559404,27.9922633457474,0
                83.7473944656639,27.9917705255678,0
                83.7474449635085,27.9915134242026,0
                83.7473724216905,27.9909965951288,0
                83.7470482268159,27.9904048936506,0
                83.7468722672723,27.98955178036,0
                83.7469413900379,27.9891977511498,0
                83.7469452094427,27.9887916001304,0
                83.7468214863992,27.9882927066766,0
                83.7468257445636,27.9878459970997,0
                83.7471500843442,27.9874427883311,0
                83.7474492961811,27.987337302468,0
                83.7473126296641,27.9872264981314,0
                83.7466347286822,27.9867852776479,0
                83.7464378810981,27.986724029435,0
                83.7460156250501,27.9867526453224,0
                83.7451590018296,27.986126001621,0
                83.7447895652944,27.9854168726512,0
                83.7441471014455,27.9847772326832,0
                83.7438004102569,27.9841425972653,0
                83.7436375659214,27.983695572626,0
                83.7435735847118,27.9832036162386,0
                83.7435782812878,27.9827072863512,0
                83.743749025802,27.9818366800826,0
                83.7433830306146,27.9809132574899,0
                83.7423800032266,27.9796118598557,0
                83.7419206982059,27.9791935776932,0
                83.7415448156389,27.9789649678147,0
                83.7412521063234,27.9788539110755,0
                83.740462590853,27.9786516043284,0
                83.7395890236171,27.9784987919621,0
                83.7394732878661,27.9785482858648,0
                83.7395595853114,27.9787310832487,0
                83.739526083488,27.9790582399646,0
                83.7393838453101,27.9794008321729,0
                83.7389035211799,27.980074575808,0
                83.7387097265962,27.9804802859434,0
                83.7387614018891,27.9807714479047,0
                83.7392566948499,27.9815597594005,0
                83.7392132613698,27.9816658119868,0
                83.7379797308249,27.9820334465212,0
                83.7379762865711,27.9823876020153,0
                83.7383243480123,27.9832500919391,0
                83.7383722735054,27.9835209432184,0
                83.7383182752731,27.9837961047926,0
                83.7381434204241,27.9839694615694,0
                83.7373790124112,27.9845072754491,0
                83.7366081768591,27.9845756953695,0
                83.7362263498268,27.9846855539949,0
                83.7358155219641,27.9851066345843,0
                83.735566115225,27.9852279948072,0
                83.7351898524802,27.9852814213057,0
                83.7349462599875,27.9852426083489,0
                83.7338184055623,27.9855201905734,0
                83.7336463013594,27.9856213662255,0
                83.7334728827027,27.9858489053125,0
                83.7333370195309,27.9862028714462,0
                83.7332490785771,27.9869607391969,0
                83.7325529686165,27.9877400321935,0
                83.7323989876103,27.9878300220772,0
                83.7319759801715,27.9878900720865,0
                83.7315435429743,27.9876365261839,0
                83.7306897207757,27.9875920162904,0
                83.7301633565855,27.9874307725988,0
                83.7296568006026,27.9873508351214,0
                83.7290759350405,27.9876610473959,0
                83.7286425319207,27.9888378714434,0
                83.7282551378844,27.9892567650787,0
                83.7280182255635,27.9895902314544,0
                83.7277892545294,27.9896777818699,0
                83.7275950270309,27.9898488259499,0
                83.727252812863,27.9903715863516,0
                83.7271746276488,27.9907707987559,0
                83.7270868864739,27.9909240329568,0
                83.7259941067026,27.9903487555411,0
                83.7254199998897,27.9901152676725,0
                83.7247231073843,27.989441505681,0
                83.7243623472325,27.9892218950349,0
                83.7241535010685,27.9891651465608,0
                83.7235467686573,27.9892338807205,0
                83.7234087829139,27.9894140501919,0
                83.7231686132913,27.9901626034096,0
                83.7229675080774,27.99051419305,0
                83.7228160189995,27.9909854610223,0
                83.7226769073418,27.9912288113477,0
                83.7223456156443,27.992426135658,0
                83.7220552093703,27.9928068463517,0
                83.7214607785323,27.993311041777,0
                83.7207441112277,27.9940134670048,0
                83.7205959424667,27.9940560852058,0
                83.7197271077931,27.9947288856751,0
                83.7191146205625,27.9950615341729,0
                83.7188120975936,27.99511958659,0
                83.718565124874,27.9953672476998,0
                83.7182467927691,27.9953643676662,0
                83.7180858763094,27.9954204226123,0
                83.7182372725605,27.9964495190526,0
                83.7181174735262,27.9965959420607,0
                83.7179886141358,27.9966611214658,0
                83.7175667337163,27.9966466781153,0
                83.7169151946355,27.9967175368863,0
                83.7158865177952,27.9967876391341,0
                83.7152912257392,27.9966284568463,0
                83.7145113359881,27.99633128375,0
                83.7126638434489,27.9958311131979,0
                83.7105752635511,27.9950438393998,0
                83.7102587467582,27.9948694125502,0
                83.7096565891311,27.9942702698483,0
                83.7094694259084,27.9942788910271,0
                83.7087374649647,27.9941397673456,0
                83.7081181135603,27.993951149742,0
                83.7066272629905,27.9933094967626,0
                83.7061798886003,27.9931799385602,0
                83.7029918951832,27.9922639091414,0
                83.7017698143089,27.9919723539602,0
                83.7016900752291,27.9919745400463,0
                83.701087514014,27.992817017064,0
                83.7011453159668,27.9929750666361,0
                83.7009791442027,27.9933221574049,0
                83.7009871991039,27.9936177553726,0
                83.7009430776166,27.9937326822857,0
                83.7005894933368,27.9940545851426,0
                83.7004634412865,27.9943814283663,0
                83.7004292504526,27.9947874529523,0
                83.7004804224128,27.9952320386942,0
                83.7003694809494,27.9961838886658,0
                83.7004079038554,27.9966419726091,0
                83.7007798377355,27.997491089438,0
                83.7009524357562,27.9976922609191,0
                83.7012504423033,27.9985073797352,0
                83.7014375365945,27.9987627340733,0
                83.701608192002,27.9992233201314,0
                83.7020760485,28.0001570554631,0
                83.7019043778044,28.0004535883727,0
                83.7020359807495,28.0006795070013,0
                83.7022095790896,28.0008693676157,0
                83.7030508316737,28.0013765849853,0
                83.7047296547426,28.0021066699061,0
                83.7051179738411,28.0023330933269,0
                83.7054425490507,28.0026158224113,0
                83.7058119293229,28.0030341036784,0
                83.7058566080177,28.0031852778826,0
                83.7058619742368,28.0035665560002,0
                83.7057806663824,28.0038912125648,0
                83.7056754902517,28.0040241360174,0
                83.7054631404044,28.0041590579958,0
                83.7052921629498,28.0041813035756,0
                83.7050348858939,28.0041446156508,0
                83.7043477942472,28.0039604337341,0
                83.7040058394802,28.0039799897199,0
                83.7036643210106,28.0040604138337,0
                83.7032383752318,28.0042152059797,0
                83.7026405156652,28.0042973770613,0
                83.7024700372686,28.0043556814942,0
                83.7018960456595,28.0046454580068,0
                83.7015551518157,28.0047440067664,0
                83.7012996843089,28.0048608047855,0
                83.7012365037102,28.0049373592095,0
                83.7011124510791,28.0052416417614,0
                83.701012454254,28.0057761544723,0
                83.700908525754,28.0060060693747,0
                83.7005515631137,28.0065242050369,0
                83.700490504819,28.0067541831793,0
                83.7004933745232,28.0069820372122,0
                83.7008222570227,28.0075693646569,0
                83.7009529857884,28.0077411005262,0
                83.7013419900895,28.0080420175414,0
                83.7014517216161,28.008252124895,0
                83.7014549034844,28.0084799795476,0
                83.7013733465752,28.0087866376556,0
                83.7013549692631,28.0090144914826,0
                83.7012734118258,28.0093210872332,0
                83.701127362876,28.0096073096478,0
                83.7009374468757,28.0097987263694,0
                83.7007664692276,28.0098185972995,0
                83.7007030391745,28.0098771531738,0
                83.7006214810804,28.0101838116558,0
                83.7006683445332,28.0104884097023,0
                83.7008435017995,28.0107911977931,0
                83.7012355649054,28.0113019075788,0
                83.7012397456667,28.0116065046691,0
                83.7011581257103,28.0119131632593,0
                83.7009705802964,28.0122963137028,0
                83.7003774634645,28.0127394510825,0
                83.7001218701285,28.0128539992755,0
                83.699610498081,28.0130107899476,0
                83.6992702901778,28.0131860186494,0
                83.6987620375249,28.0135707254859,0
                83.6981887324996,28.0139191857393,0
                83.696657048389,28.0146174733282,0
                83.6965305002279,28.0147502718976,0
                83.6964684428172,28.0149035062934,0
                83.6964549333671,28.0155149514418,0
                83.6963317541578,28.0158959767102,0
                83.696226827276,28.0160694593958,0
                83.6958466840437,28.0164341708902,0
                83.6956769542032,28.0165487201693,0
                83.6952510076365,28.0167057620345,0
                83.6948884921038,28.0168042468022,0
                83.6949110494891,28.0168990510646,0
                83.6954093493081,28.0173513937841,0
                83.6964961159204,28.0186194831273,0
                83.6970185947716,28.0192839313533,0
                83.697105955987,28.0194149825976,0
                83.6971761871659,28.0198731296496,0
                83.6969712008731,28.0205608772948,0
                83.6968917654118,28.0210186464988,0
                83.6968570074558,28.0216277159536,0
                83.6969079885023,28.022239224284,0
                83.6966835023028,28.0230780198618,0
                83.6965377650456,28.0233845515938,0
                83.6962643576371,28.0237494524462,0
                83.6961604290765,28.0239793043457,0
                83.6960217431508,28.0248182891611,0
                83.6958962558554,28.0250278925905,0
                83.6957699574881,28.0251832520924,0
                83.6956212875074,28.0252776787542,0
                83.6954504976301,28.0253179225194,0
                83.6951082306453,28.0253216667964,0
                83.6947672114408,28.0254382757079,0
                83.694428251246,28.0257081837042,0
                83.6940277957099,28.0261675730498,0
                83.6937097094094,28.0263789239508,0
                83.6932439508316,28.0267840045935,0
                83.6934815414156,28.0269334324433,0
                83.6938511707936,28.0273697111883,0
                83.6940024608045,28.02748282873,0
                83.6943502807675,28.0278987333899,0
                83.6944149590145,28.027937231528,0
                83.6947201598123,28.028355260489,0
                83.6949617432101,28.0288092854011,0
                83.6953392345823,28.0298366981856,0
                83.6955363268474,28.0301777959208,0
                83.6957975350916,28.0305190813547,0
                83.6961443574509,28.0308401827573,0
                83.6964035066394,28.0310100459548,0
                83.6967929483832,28.0313312732725,0
                83.6970105388104,28.0315956279442,0
                83.6972918089189,28.0318218612631,0
                83.6977706702489,28.0324275646093,0
                83.6977938522667,28.0325607400998,0
                83.6977562248371,28.0329419546723,0
                83.6975425028347,28.0329820730879,0
                83.6971156827513,28.0330826822727,0
                83.6967736021797,28.0331247355925,0
                83.6958337862442,28.0333438259966,0
                83.695238421082,28.0336944723719,0
                83.6949828905681,28.0338112079625,0
                83.6945560077045,28.0339320654714,0
                83.6942994796891,28.0339518091378,0
                83.6941281270811,28.0339536811866,0
                83.6936126363258,28.0338464952625,0
                83.6931826338537,28.0337169379243,0
                83.6926650208658,28.0334360179124,0
                83.6918256402689,28.0331002229099,0
                83.6913501485733,28.0327607456187,0
                83.6911129941681,28.0326496269707,0
                83.6910288163815,28.0327645527938,0
                83.690717404567,28.0335331661589,0
                83.6903499246576,28.0349875912939,0
                83.690209804079,28.0357543321286,0
                83.6901055008368,28.0359842466501,0
                83.6901759189693,28.0364807028907,0
                83.6902204104942,28.0365958803449,0
                83.6902214082962,28.0366906843186,0
                83.6901377290963,28.0368438565613,0
                83.6899889970817,28.0369405337429,0
                83.6898182070459,28.0369807766387,0
                83.6894113232311,28.0369866456061,0
                83.6893260842051,28.0370248278517,0
                83.689242342451,28.0371780002938,0
                83.6892233412592,28.0373697329338,0
                83.6891393497593,28.0375049062304,0
                83.6889906800255,28.0376015824525,0
                83.6886921554809,28.0377205046823,0
                83.6885237362499,28.0379321703127,0
                83.6883988712224,28.0382387659982,0
                83.6884225529328,28.0384102504168,0
                83.6885967121584,28.038638545148,0
                83.6887911833835,28.0387698486112,0
                83.6892206862806,28.0388610345606,0
                83.6895638277351,28.038895724565,0
                83.6900801923685,28.0390818408075,0
                83.6903395911053,28.0392696403645,0
                83.6905577436261,28.0395724912876,0
                83.6907519025937,28.039703794887,0
                83.691074794189,28.0398150401852,0
                83.6914153769113,28.0396601841363,0
                83.6915209282999,28.0395250109722,0
                83.6918605125755,28.0392731009564,0
                83.6921167913687,28.0392307964613,0
                83.6923323863604,28.0393260414783,0
                83.6924621169243,28.0394188477551,0
                83.6926362763251,28.039647079633,0
                83.692767816456,28.0398933092371,0
                83.6928548648693,28.0400063004812,0
                83.6930061549215,28.0401194803737,0
                83.6931377578833,28.0403476489819,0
                83.693160128621,28.0404243920367,0
                83.6930987571094,28.0406543702818,0
                83.6931005034426,28.0408077937336,0
                83.6931668665023,28.0409590936675,0
                83.6932531667616,28.0410157149245,0
                83.6933620861371,28.0411670781994,0
                83.6936434190233,28.0413933116916,0
                83.6937962697876,28.0416215441756,0
                83.693840947464,28.0417750930757,0
                83.6938338860625,28.0417953409923,0
                83.693634837914,28.0423882845676,0
                83.6935510958032,28.0425415190892,0
                83.6933174372203,28.0426763780106,0
                83.6932539448621,28.0427529329071,0
                83.693213133918,28.042906230586,0
                83.6932386248615,28.043213140954,0
                83.6931581276018,28.0435942298424,0
                83.693159875042,28.0437476532311,0
                83.6932282967025,28.044052377159,0
                83.6932772184668,28.0445285223887,0
                83.6934951211169,28.0447930020441,0
                83.6940998452036,28.0451869129361,0
                83.6941435885885,28.0452456579641,0
                83.6941893271125,28.045473638727,0
                83.6941061471444,28.0456652442879,0
                83.6938734233578,28.0458970952988,0
                83.6935544632238,28.0460723241465,0
                83.6933215530968,28.0462658656261,0
                83.6930664585037,28.0464209722648,0
                83.6928762302751,28.0466123269479,0
                83.6925363965462,28.0468258645006,0
                83.6922810528752,28.0469629110488,0
                83.6918320493967,28.0470250858603,0
                83.6916204495159,28.047218627089,0
                83.6915580169917,28.0473719252409,0
                83.6915593274118,28.0474666665942,0
                83.6916683102865,28.047600030948,0
                83.6917982902675,28.0477131480141,0
                83.6920570037383,28.0478423275931,0
                83.6922955913503,28.0480887468399,0
                83.692734080314,28.0488478099117,0
                83.692844373503,28.0490759155503,0
                83.6929111728683,28.0492836475852,0
                83.6930877031089,28.0496833649644,0
                83.6932424886424,28.0500446468865,0
                83.6934624497987,28.0504806102247,0
                83.6935719321304,28.0506704080094,0
                83.6936923032342,28.0500389041293,0
                83.6939321714146,28.0487399628202,0
                83.6943080741011,28.0479917241023,0
                83.6946852864084,28.0473563504141,0
                83.6951269887186,28.046741413095,0
                83.6953175925864,28.0465681195766,0
                83.6956758034773,28.0461064164094,0
                83.6964567164267,28.0452395077659,0
                83.6970915809412,28.0446407591073,0
                83.6979156746346,28.0437739758836,0
                83.6983396873568,28.0434432620821,0
                83.6987205185403,28.0430966746682,0
                83.6995427411766,28.0420944661081,0
                83.699833458003,28.0417950598044,0
                83.6998598923048,28.0417680629511,0
                83.7002839045911,28.0414372870216,0
                83.7006461092346,28.0412621211963,0
                83.7008169000829,28.0412218775147,0
                83.7019322483141,28.04134388436,0
                83.702360440718,28.0413403285311,0
                83.7027883848545,28.0412960891787,0
                83.7033005689868,28.0411392988172,0
                83.7037445812594,28.0406935341173,0
                83.7039121895372,28.0404051251124,0
                83.7041341184613,28.0393339127918,0
                83.7042386086764,28.0391423692993,0
                83.7044282742537,28.0389329545382,0
                83.704766672859,28.038624611979,0
                83.7050637623164,28.0384311975001,0
                83.7054445308775,28.0380846097925,0
                83.7061788797393,28.0375830413656,0
                83.7064622837389,28.0373896261188,0
                83.7068633617891,28.0370430389697,0
                83.7074986597323,28.0366179622826,0
                83.7080060375065,28.0362129439571,0
                83.7081765156103,28.0361727002995,0
                83.708234080295,28.0356968073028,0
                83.7085472981611,28.0351582354537,0
                83.7089258192582,28.0346987830321,0
                83.7093656493895,28.0340274133067,0
                83.7098485338197,28.033412476807,0
                83.7100389497411,28.0332571811644,0
                83.7102301755852,28.0331786289237,0
                83.7109974503782,28.0330561521958,0
                83.7112091740845,28.0329212302106,0
                83.7112931028858,28.0327883686501,0
                83.7112909820785,28.032634882053,0
                83.7111173838522,28.0324269608786,0
                83.7109016029435,28.0322775967006,0
                83.710579898422,28.0321844124716,0
                83.7102595038285,28.0321882819543,0
                83.7091082173591,28.0323528113825,0
                83.7087255152698,28.0324896058538,0
                83.7085974080828,28.0324893531606,0
                83.7083420030814,28.0325700293654,0
                83.7082149552059,28.0326464582567,0
                83.7078322540145,28.0327832520291,0
                83.7076402173615,28.0328054346535,0
                83.7074466195245,28.0327102531876,0
                83.7071874709806,28.0325043920107,0
                83.7070349330532,28.032276161169,0
                83.7070309400071,28.0319716259401,0
                83.7074388515511,28.0305195136185,0
                83.7074369801407,28.0303864003719,0
                83.7076434632597,28.0298498905231,0
                83.7078520054663,28.0294668028032,0
                83.7084406275662,28.0287573766604,0
                83.7085889852263,28.0286583880112,0
                83.7089501271784,28.0285034701403,0
                83.7091205422234,28.028483537508,0
                83.7094638068272,28.0285925329948,0
                83.7097010836778,28.0287622708561,0
                83.7098097541069,28.0288956358811,0
                83.7098957420876,28.028931884041,0
                83.7101519579934,28.028930200198,0
                83.7103216250063,28.0288335242949,0
                83.7106150937276,28.0284100044361,0
                83.7107807668213,28.0280267920488,0
                83.7113645848579,28.0269540860305,0
                83.711763853929,28.026456325106,0
                83.7121236229923,28.0262044154021,0
                83.7123755959937,28.0258777616515,0
                83.7123521643957,28.0257243376944,0
                83.7121782549726,28.0254983553164,0
                83.7120898960704,28.0252703120887,0
                83.7118073787053,28.0249109651723,0
                83.7116760882729,28.0246827964287,0
                83.7115895391955,28.0246081767145,0
                83.7112630923012,28.0241540256099,0
                83.7108093475881,28.0237582420053,0
                83.7104838988403,28.0233988317639,0
                83.7102448119033,28.0230779815709,0
                83.7100036038039,28.0226217067643,0
                83.7097831438747,28.022091064289,0
                83.7097347203638,28.0216735385623,0
                83.7098175262262,28.0214819949256,0
                83.710505115881,28.021778978406,0
                83.7108273203555,28.0219105967007,0
                83.7115157203576,28.022263888246,0
                83.7120301490192,28.0224116332898,0
                83.7124793376224,28.0224644478348,0
                83.7127353044615,28.0224243924872,0
                83.71318399398,28.0224388980686,0
                83.7138920815037,28.0226794507188,0
                83.7143420820442,28.0227887599935,0
                83.714728777471,28.0229384395004,0
                83.7150499204162,28.0229910023587,0
                83.7153705647718,28.023007443562,0
                83.7156256574175,28.0229290176464,0
                83.716007797327,28.0227538516328,0
                83.7162640133543,28.0227317951143,0
                83.7175504587489,28.023099907118,0
                83.7177427454616,28.0230980974915,0
                83.7179975888195,28.0229812996619,0
                83.7184654663455,28.0228446317966,0
                83.7188667944408,28.0224957329032,0
                83.7189086036533,28.0224191151156,0
                83.7192883714327,28.0220724648956,0
                83.7201769534989,28.0214357869054,0
                83.7205572209506,28.0211274451629,0
                83.7209385490717,28.0208935977178,0
                83.7217022677486,28.0205047700897,0
                83.7220217258542,28.0204445306119,0
                83.7224047394229,28.0203257347691,0
                83.7226612055799,28.0203239882893,0
                83.722853991255,28.020360488067,0
                83.7236866297753,28.0203508776062,0
                83.7242213700483,28.0204038807989,0
                83.7245643225671,28.0204948782332,0
                83.7252492291922,28.02058413035,0
                83.7260180636149,28.0205766433674,0
                83.7262734683528,28.0204982171634,0
                83.7266979786548,28.0202644324205,0
                83.7270151922811,28.0199762759671,0
                83.727270410651,28.0198414169311,0
                83.7275266895265,28.0198013002836,0
                83.7276989768981,28.0199144171959,0
                83.7278725747166,28.0201042777594,0
                83.7278952576381,28.0202171432415,0
                83.7279041781776,28.0209594509942,0
                83.7279504790077,28.0212438632705,0
                83.7280167794796,28.0214154115268,0
                83.7280415207025,28.0216996357909,0
                83.7283083438217,28.0224966929012,0
                83.7285723601744,28.0230657708816,0
                83.7289422375877,28.0235763551192,0
                83.729397104761,28.0240307590896,0
                83.7296122609913,28.0241619998824,0
                83.7307296644828,28.0246447868434,0
                83.73103124614,28.0248145256455,0
                83.7310768046189,28.0250222382978,0
              </coordinates>
            </LinearRing>
          </outerBoundaryIs>
        </Polygon>
      </Placemark>
      <Placemark id="GA_SYANGJA_Waling.4">
        <ExtendedData>
          <SchemaData schemaUrl="#GA_SYANGJA_Waling.schema">
            <SimpleData name="ogc_fid">3021</SimpleData>
            <SimpleData name="objectid_1">3022</SimpleData>
            <SimpleData name="dcode">39</SimpleData>
            <SimpleData name="district">SYANGJA</SimpleData>
            <SimpleData name="das">0</SimpleData>
            <SimpleData name="gapa_napa">Waling</SimpleData>
            <SimpleData name="type_gn">Nagarpalika</SimpleData>
            <SimpleData name="gn_code">11.000000000000000</SimpleData>
            <SimpleData name="new_ward_n">8</SimpleData>
            <SimpleData name="ddgnww">391108.000000000000000</SimpleData>
            <SimpleData name="center">Waling Bazar</SimpleData>
            <SimpleData name="state_code">4</SimpleData>
            <SimpleData name="ddgn">39011</SimpleData>
            <SimpleData name="area_sqkm">11.050485004700001</SimpleData>
            <SimpleData name="shape_leng">20589.661568999999872</SimpleData>
            <SimpleData name="shape_area">11050485.004699999466538</SimpleData>
            <SimpleData name="Province">GA</SimpleData>
            <SimpleData name="Address">Waling-8, SYANGJA, GA</SimpleData>
          </SchemaData>
        </ExtendedData>
        <Polygon>
          <outerBoundaryIs>
            <LinearRing>
              <coordinates>
                83.7845325629608,27.9791428141679,0
                83.7844142715982,27.9788718996275,0
                83.7842760560141,27.9780820315869,0
                83.7838861193765,27.9775354496488,0
                83.7839507467972,27.9769715021229,0
                83.7840719228452,27.9767325258506,0
                83.7841333594549,27.9763490614774,0
                83.7840807025716,27.9751893529399,0
                83.7843776081917,27.9747927054032,0
                83.7844609802461,27.9743912430016,0
                83.7843164656856,27.9729516217517,0
                83.7843322282428,27.9722070643981,0
                83.7842841116407,27.9721077593653,0
                83.7844525432984,27.9712867740824,0
                83.7846014056933,27.9708718769844,0
                83.7850294192889,27.9704686698456,0
                83.7857112073829,27.9702666985755,0
                83.7864422967042,27.9703107068155,0
                83.7870160989463,27.9700972345789,0
                83.7872454498365,27.9697682058854,0
                83.7874080626109,27.9692946260215,0
                83.7875660453575,27.9690647738798,0
                83.7881061719464,27.9685195818207,0
                83.7881449857217,27.9681812387482,0
                83.7880199480863,27.9677817097694,0
                83.788030330274,27.9673598105442,0
                83.7882653647024,27.9671977665142,0
                83.7895026406743,27.9669875555713,0
                83.7901912385436,27.9668690142664,0
                83.7908945833664,27.9668317788006,0
                83.7913818904199,27.9669655869968,0
                83.7918223940454,27.9669707808834,0
                83.7924058814866,27.9668092420195,0
                83.7928858230637,27.9665166512361,0
                83.7934706234599,27.9663189904202,0
                83.7944648065148,27.9661647702011,0
                83.7948614429186,27.9660525989455,0
                83.796111787379,27.9654587971936,0
                83.7967368952084,27.9653017588127,0
                83.7976391515761,27.9651970948205,0
                83.7982871301414,27.9650446188017,0
                83.7986485218452,27.9649188235574,0
                83.798794816309,27.9648197725773,0
                83.7984566200045,27.9644154285979,0
                83.7981487261036,27.9642998722815,0
                83.7978663924109,27.9641054474967,0
                83.7977333577596,27.9635931168873,0
                83.7974748375391,27.9632204594149,0
                83.7973435514431,27.9627802470335,0
                83.7974985341818,27.9626045772561,0
                83.7975544677159,27.9624195952777,0
                83.7972132123859,27.9618415170497,0
                83.7972201561023,27.9614963609226,0
                83.798273474435,27.9604149751143,0
                83.7982808553691,27.9600448843341,0
                83.7979496051571,27.9591690832638,0
                83.7980230373013,27.9589255439461,0
                83.7984689870146,27.9584726538835,0
                83.7985351672936,27.9584050991419,0
                83.7990398574097,27.9580313285031,0
                83.7995367431239,27.9572874654127,0
                83.7995698642633,27.9572379086392,0
                83.7996408600349,27.956978558111,0
                83.7994765897446,27.9559652723344,0
                83.7995387119373,27.9557126710688,0
                83.7994009255437,27.9553177040306,0
                83.7993680554804,27.9552702079971,0
                83.7992726338871,27.9551369684719,0
                83.7990994086441,27.9550554729253,0
                83.7978313955279,27.9547762285587,0
                83.7966445565095,27.9547089656456,0
                83.7953269268176,27.9543686009796,0
                83.7941002179332,27.9542404061905,0
                83.7931333561414,27.9537877444975,0
                83.792711231153,27.9534734533039,0
                83.792115822175,27.9529198067139,0
                83.7916175274548,27.9522557342521,0
                83.7913963148464,27.9518402677304,0
                83.7910599913532,27.9515261664069,0
                83.7909135736947,27.9515033535218,0
                83.7911078659602,27.9512126956331,0
                83.7916803174872,27.9498169554364,0
                83.7917912507916,27.9492778806408,0
                83.7916335930897,27.9488557293049,0
                83.7905890772461,27.9472048623435,0
                83.7903631795199,27.946757836497,0
                83.7902348934168,27.9462590048212,0
                83.7902467150428,27.9457311149638,0
                83.7905431873864,27.9451449230624,0
                83.7911629884913,27.9446900990681,0
                83.7921420653012,27.9436943916751,0
                83.7924385963957,27.9432616233573,0
                83.7925406602947,27.9425014436073,0
                83.7930051104426,27.9418840064867,0
                83.7940656182213,27.9406717577932,0
                83.7946829825508,27.9401740628136,0
                83.794955203745,27.939824723717,0
                83.7950100752189,27.939644365706,0
                83.7949334024152,27.9394231970955,0
                83.7943629246502,27.9389597297016,0
                83.7939656691067,27.9387876766139,0
                83.7937834458995,27.9385821263439,0
                83.7936582722712,27.9386293058367,0
                83.7931540574903,27.938759404697,0
                83.7931540269945,27.938759410066,0
                83.7929688767232,27.9387702944576,0
                83.7927052854163,27.9387857948891,0
                83.7920088093768,27.9386177237294,0
                83.7910308108911,27.9381357493757,0
                83.7904225418153,27.9377106598199,0
                83.7900020439208,27.9372475054155,0
                83.7895031092043,27.9369534509848,0
                83.7891789246153,27.9367611676485,0
                83.7889583457,27.9367066852131,0
                83.7882478597826,27.9367642649554,0
                83.7878673940102,27.9369531862268,0
                83.7873405781478,27.9371125637833,0
                83.7871339405567,27.9370626023782,0
                83.7869700779156,27.9369089300827,0
                83.7868920889878,27.9366831956667,0
                83.7869443600418,27.9360944269526,0
                83.7867223817329,27.9357804625419,0
                83.7859818781346,27.9357680355189,0
                83.7848767041384,27.9354978306088,0
                83.7838906808751,27.9353586583463,0
                83.7821640142724,27.9348054233252,0
                83.7809183479269,27.9341423964502,0
                83.7804416986119,27.9336813706406,0
                83.7792866179619,27.9328334743207,0
                83.7786416007293,27.9327128609359,0
                83.7772980275475,27.9332138143867,0
                83.7770526666911,27.9331660422531,0
                83.7766752026571,27.9338919104854,0
                83.7765943331452,27.9341602594616,0
                83.7765855768745,27.9345234765502,0
                83.776933580495,27.9351738610246,0
                83.777124981614,27.9356953171471,0
                83.7773572581742,27.9359393604742,0
                83.7774035593842,27.9362259602679,0
                83.7773483687763,27.9367087290321,0
                83.7773463570589,27.9373539830361,0
                83.7775470071419,27.9378461285596,0
                83.7778883112884,27.9391259562316,0
                83.7778476187409,27.9396402833463,0
                83.7778965418812,27.9400668085158,0
                83.7783472759893,27.940947423699,0
                83.7791913223586,27.9423836813249,0
                83.7793712855536,27.9430428123495,0
                83.779429200229,27.9437851835109,0
                83.7793785773545,27.9439994133382,0
                83.7787338322664,27.9449459431495,0
                83.7785292276364,27.9453134059971,0
                83.778220694966,27.9458679136015,0
                83.7776353702612,27.9472725901696,0
                83.7770699076451,27.9492142181965,0
                83.7770868949522,27.9497466698968,0
                83.7769959650008,27.9499518375628,0
                83.7766543809289,27.9501949978019,0
                83.7765935751974,27.9502513042444,0
                83.7759880824211,27.9508075567956,0
                83.7754754571268,27.9511225824499,0
                83.7737641104917,27.9518124312261,0
                83.7726000656696,27.9524287319245,0
                83.7722089916236,27.9525092811713,0
                83.7714710294383,27.9524472127849,0
                83.771297612997,27.9525461383667,0
                83.7712536135047,27.9528168007843,0
                83.7711679346595,27.952938476051,0
                83.7709047174838,27.9530508366441,0
                83.7692952407077,27.9533099126272,0
                83.7689353475586,27.9534627057344,0
                83.7688387348789,27.9535076379743,0
                83.7687560572196,27.9535481326642,0
                83.7678953550053,27.9538287192784,0
                83.7676372018427,27.9538237777215,0
                83.7675853955691,27.9538485243321,0
                83.7673602963877,27.9540782504708,0
                83.7669580259274,27.9546325688063,0
                83.7667821667684,27.9550270927671,0
                83.7665305061793,27.9553831195691,0
                83.7662169165753,27.9557210211713,0
                83.7653920716525,27.9566085531771,0
                83.7647903318077,27.9569955712428,0
                83.7638878859538,27.9571812904955,0
                83.7632307782795,27.9576066165298,0
                83.7621512178738,27.9584710835154,0
                83.761489108031,27.9590024005699,0
                83.7600852068528,27.9603288833384,0
                83.759054019926,27.9609633091108,0
                83.7580226426766,27.961719600114,0
                83.757634753294,27.9618858284792,0
                83.7577534215146,27.96208681243,0
                83.758180978112,27.9626380815821,0
                83.7594613440872,27.9639105493868,0
                83.7599290181724,27.9645836834135,0
                83.7601929708979,27.9651730091321,0
                83.7603097478042,27.9662042920335,0
                83.7597886212462,27.966611747658,0
                83.7595826478714,27.9666700517566,0
                83.7592488808507,27.9666266128859,0
                83.7579356262012,27.9662497510488,0
                83.7572076015769,27.9661176264588,0
                83.7562353558313,27.966131735053,0
                83.7557098609927,27.9662977121693,0
                83.7551772359137,27.9667007294146,0
                83.7549846939531,27.9669981367816,0
                83.7547928907837,27.9678077477845,0
                83.7548140057431,27.9681710281474,0
                83.7549803485941,27.968649612388,0
                83.7559032781327,27.9691250211001,0
                83.7576356631022,27.969570320585,0
                83.7582377045525,27.9696909444618,0
                83.7599136029378,27.9698315199735,0
                83.7620471921946,27.9698442400369,0
                83.7627881571537,27.9697620721659,0
                83.7653480735245,27.9693287139699,0
                83.7660829179102,27.9691021208663,0
                83.7673214429079,27.968955341194,0
                83.7692002526965,27.9689855549627,0
                83.7702819818382,27.9690776260226,0
                83.7709822017336,27.9689930202871,0
                83.7714949434931,27.9691337655776,0
                83.7719162544291,27.9695382976558,0
                83.7727811800275,27.9706002156669,0
                83.7733397224375,27.970991376075,0
                83.7735705622271,27.9712061104105,0
                83.773755655003,27.9715537698352,0
                83.7737447717913,27.9720525367827,0
                83.7735109725809,27.9729613253204,0
                83.7731076341555,27.9738269911611,0
                83.7723091527801,27.9751364847416,0
                83.7721034156623,27.9758671659792,0
                83.7714819319549,27.9760759497927,0
                83.768955205048,27.9762025859751,0
                83.7677548606115,27.9764509822901,0
                83.7650507683843,27.9772383061219,0
                83.7633039257011,27.9779370274661,0
                83.7633315321951,27.9786905224963,0
                83.7635127476431,27.9792121031242,0
                83.763677969487,27.979483080839,0
                83.7638342581914,27.9796277577565,0
                83.7647869982214,27.9800490471045,0
                83.7650765823467,27.9801194828241,0
                83.7659107835281,27.9801321820709,0
                83.7682357688709,27.9809145229495,0
                83.7686523999247,27.9809918975175,0
                83.7698518505551,27.9816685430037,0
                83.7704475688633,27.9823823622796,0
                83.7706779046834,27.9828295756817,0
                83.7711737509706,27.984069033374,0
                83.7712939138482,27.9844753116365,0
                83.771358459234,27.9848995862943,0
                83.7725193009081,27.985054902587,0
                83.772859943899,27.9850239109244,0
                83.7732226478616,27.9849139270405,0
                83.7737381464643,27.984655333303,0
                83.7744735002874,27.9839368476568,0
                83.7749594457429,27.9833849048905,0
                83.7749916929645,27.9833194740327,0
                83.7750042548493,27.9832382936745,0
                83.7748610524422,27.9818324813451,0
                83.7749108603845,27.9817084931291,0
                83.7749696058097,27.9815596331897,0
                83.7751807070701,27.9813163457972,0
                83.7755834085611,27.9810778740692,0
                83.7756685850261,27.9810531898458,0
                83.7760999670279,27.9809319572369,0
                83.7770107233382,27.9808004216335,0
                83.7781736324934,27.9807030109829,0
                83.7804000911983,27.980338828484,0
                83.7806944298309,27.9802107204519,0
                83.7818626627395,27.9795063649342,0
                83.7832407338357,27.9792220371695,0
                83.7837571638535,27.9792589168839,0
                83.7841606739073,27.9792234890244,0
                83.7845325629608,27.9791428141679,0
              </coordinates>
            </LinearRing>
          </outerBoundaryIs>
        </Polygon>
      </Placemark>
      <Placemark id="GA_SYANGJA_Waling.5">
        <ExtendedData>
          <SchemaData schemaUrl="#GA_SYANGJA_Waling.schema">
            <SimpleData name="ogc_fid">3029</SimpleData>
            <SimpleData name="objectid_1">3030</SimpleData>
            <SimpleData name="dcode">39</SimpleData>
            <SimpleData name="district">SYANGJA</SimpleData>
            <SimpleData name="das">0</SimpleData>
            <SimpleData name="gapa_napa">Waling</SimpleData>
            <SimpleData name="type_gn">Nagarpalika</SimpleData>
            <SimpleData name="gn_code">11.000000000000000</SimpleData>
            <SimpleData name="new_ward_n">13</SimpleData>
            <SimpleData name="ddgnww">391112.999999999941792</SimpleData>
            <SimpleData name="center">Waling Bazar</SimpleData>
            <SimpleData name="state_code">4</SimpleData>
            <SimpleData name="ddgn">39011</SimpleData>
            <SimpleData name="area_sqkm">13.156486865900000</SimpleData>
            <SimpleData name="shape_leng">23000.483662700000423</SimpleData>
            <SimpleData name="shape_area">13156486.865900000557303</SimpleData>
            <SimpleData name="Province">GA</SimpleData>
            <SimpleData name="Address">Waling-13, SYANGJA, GA</SimpleData>
          </SchemaData>
        </ExtendedData>
        <Polygon>
          <outerBoundaryIs>
            <LinearRing>
              <coordinates>
                83.7394732878661,27.9785482858648,0
                83.7394246095082,27.9784466062062,0
                83.7393752419196,27.9783787991431,0
                83.7387504511936,27.9783415426464,0
                83.7382075886593,27.9782164212063,0
                83.7377600908768,27.9780102452152,0
                83.7375163777108,27.9777886988462,0
                83.7370827503996,27.9776547666575,0
                83.7362708096847,27.9769808772715,0
                83.7357275754562,27.9767361411266,0
                83.7356559634793,27.976539719801,0
                83.7356607228992,27.9760230791806,0
                83.7355912992829,27.9758311580762,0
                83.7351359399401,27.9749571678121,0
                83.734844361557,27.9745595118344,0
                83.7346740111349,27.9744553930081,0
                83.7344383631536,27.9740623626351,0
                83.7343982461528,27.973956246744,0
                83.7339326214816,27.9739327412944,0
                83.7335846691079,27.97386218036,0
                83.7314785181477,27.9736279805459,0
                83.7313338533881,27.9734291211784,0
                83.7312595570338,27.973153832392,0
                83.7312643160704,27.9726370672325,0
                83.7310937268133,27.9720050587937,0
                83.7311347315268,27.9714907315492,0
                83.7310178152008,27.9712242539485,0
                83.7306924270789,27.9708942158183,0
                83.7305328878964,27.9708059088251,0
                83.7302648620214,27.9707670334972,0
                83.7298104813469,27.9709421348754,0
                83.7280625716919,27.9719088324835,0
                83.727697930401,27.9720141299088,0
                83.7273592225338,27.9721872337385,0
                83.7266985590205,27.9722920264301,0
                83.7264345285481,27.9724470709052,0
                83.7254747806457,27.972501551472,0
                83.7246145162846,27.9727502647294,0
                83.7242501215249,27.9730180472189,0
                83.724067143703,27.9731507827311,0
                83.7240076513072,27.9731845292036,0
                83.7232353607885,27.9740876844446,0
                83.7230122530279,27.9747437468225,0
                83.7229395054662,27.9751158993038,0
                83.7230629121704,27.9758132761385,0
                83.7229477967438,27.9761131219591,0
                83.7226712650219,27.9764261522273,0
                83.7200052163467,27.9779572217925,0
                83.7196873194462,27.9780558325403,0
                83.7197385056751,27.9777919821932,0
                83.719634777716,27.9773766430618,0
                83.7200685074185,27.9754845714353,0
                83.7208499269912,27.9742678816266,0
                83.7209137355976,27.9740198421484,0
                83.7208243779691,27.9737308666901,0
                83.7203338243173,27.9734500719894,0
                83.7202440921615,27.9731746584825,0
                83.7203230852033,27.9729694908964,0
                83.7206329857926,27.9727648265954,0
                83.7210192486812,27.9726573419586,0
                83.7214268340164,27.9718932931206,0
                83.7214942123004,27.9712729749149,0
                83.7221222789612,27.9699882257638,0
                83.7222959531238,27.9695215835625,0
                83.7223400888039,27.968668848965,0
                83.7223748421901,27.9682560116688,0
                83.7224842690812,27.9680644680724,0
                83.7221787528282,27.9678021752415,0
                83.7220107153629,27.9676619351717,0
                83.7228063808915,27.9665692966719,0
                83.7231041641611,27.9660081020723,0
                83.7231709792838,27.9654577772656,0
                83.7232661297183,27.9635335160498,0
                83.7232412701165,27.9629151964128,0
                83.7230017540788,27.9621836964394,0
                83.7229462747571,27.9615361293276,0
                83.7229185349575,27.961206721136,0
                83.7229684735008,27.9608073830633,0
                83.7231207164874,27.9601285718196,0
                83.7218828785776,27.9602930994835,0
                83.7213949410074,27.9604342046254,0
                83.7206254795684,27.960525184358,0
                83.7202153494062,27.9604295618285,0
                83.7196501075816,27.9606337220779,0
                83.7190131303436,27.9606752702317,0
                83.7183255982098,27.9606265143426,0
                83.7160606508286,27.9606308531868,0
                83.7140209892417,27.960468710642,0
                83.7128682089411,27.9602993961965,0
                83.7123117263999,27.9600455352934,0
                83.7119451612892,27.9594648942575,0
                83.7111001066204,27.9584704085713,0
                83.7109471932501,27.9582896101296,0
                83.7101417559391,27.9574260508011,0
                83.7095600359713,27.9566622354108,0
                83.7094459332609,27.9563461376722,0
                83.7089751324038,27.9557833683059,0
                83.7086340696059,27.9549343775988,0
                83.7086369485664,27.9546929619409,0
                83.7091933856018,27.9541052736341,0
                83.7093745545536,27.9538191148806,0
                83.7098501870523,27.9533937238071,0
                83.7098694384428,27.9531974287765,0
                83.7096947796947,27.9529579481125,0
                83.7087021029214,27.9528024465069,0
                83.7078977711793,27.9528548664255,0
                83.7072917877077,27.9529754091283,0
                83.7061806080149,27.9537626951318,0
                83.7059505730551,27.953924677217,0
                83.7056680423553,27.9542353945588,0
                83.7049838908145,27.9538819780276,0
                83.7044250946762,27.9536844870258,0
                83.7040937655077,27.95361611383,0
                83.7035798971202,27.9536104805403,0
                83.7032365074061,27.9535059220955,0
                83.7029744235735,27.9531760107232,0
                83.7029166303315,27.9526095609766,0
                83.7027346549187,27.9526091834566,0
                83.7021015348391,27.9534606585066,0
                83.701665943785,27.954671230316,0
                83.7015888789858,27.9553231076862,0
                83.7015818684984,27.9559051796806,0
                83.7014488731228,27.9565749920614,0
                83.7015603999043,27.9575950265589,0
                83.7014828426704,27.9578610633772,0
                83.7012513019407,27.9583117691426,0
                83.7010863835789,27.9584693773236,0
                83.7008577224385,27.9586899785803,0
                83.6998245373252,27.9592540363848,0
                83.6992084912386,27.959433135259,0
                83.6987728579822,27.9596217367062,0
                83.6979513396332,27.9597846465169,0
                83.6968736099474,27.9596987622419,0
                83.6957152610313,27.9599082875767,0
                83.6946765806861,27.9602737389561,0
                83.6942361933852,27.9606698836057,0
                83.6937269373037,27.9612756329117,0
                83.6933161724966,27.9616357816497,0
                83.692511520947,27.9621370358283,0
                83.69210950802,27.9623120765502,0
                83.691102705623,27.9623030618744,0
                83.6908332963614,27.962674773988,0
                83.69067700109,27.9628796904922,0
                83.6901943726363,27.9631606567356,0
                83.6890995754239,27.9634672376825,0
                83.6884850899649,27.9637478899891,0
                83.6880232112655,27.963882183179,0
                83.6878367950529,27.9640667885817,0
                83.687699868783,27.9644229412902,0
                83.6876622998671,27.96501851144,0
                83.687748718714,27.9653390462491,0
                83.6884526612701,27.9666515014966,0
                83.6886191366921,27.9667511201888,0
                83.688736432357,27.9668303644769,0
                83.6890125144227,27.9671310291599,0
                83.6894375154018,27.9673643899783,0
                83.6902257190603,27.9675376361186,0
                83.6906181631432,27.9676986905992,0
                83.690888992775,27.9681911497666,0
                83.6913009168097,27.9692096267663,0
                83.6915141958493,27.9695011660001,0
                83.6919831962709,27.9694503034879,0
                83.6925305558103,27.9696568556772,0
                83.6927630184298,27.9699754555366,0
                83.6924736194874,27.9700199465387,0
                83.6921892171896,27.9701704909119,0
                83.6919862976426,27.9705941998885,0
                83.6915904086343,27.9708527327625,0
                83.6913978036456,27.971105018891,0
                83.6898094399977,27.9718301790177,0
                83.6889962927041,27.9721351385803,0
                83.6879028712507,27.9723763496492,0
                83.6873609443737,27.9723728414971,0
                83.6864881887739,27.9722355279997,0
                83.6860368742192,27.9722118976634,0
                83.6849863882436,27.9723019978654,0
                83.6846454939589,27.9724253567224,0
                83.6844449556832,27.9725647783224,0
                83.6842869711849,27.9728125654621,0
                83.6838100664829,27.9743682297777,0
                83.6835354077347,27.9747781888064,0
                83.6831454521446,27.975163084865,0
                83.6828927270923,27.9756565994838,0
                83.6827587994191,27.9760511242009,0
                83.682870650968,27.976466525394,0
                83.6832182204847,27.9768959919091,0
                83.6835207377952,27.9771697219903,0
                83.6838591886329,27.9773509605536,0
                83.6841963310572,27.9773291553467,0
                83.6849327316169,27.9774165964616,0
                83.6863766049984,27.9771875148971,0
                83.6871010738441,27.9770109169592,0
                83.6883346574766,27.9770949285937,0
                83.6890092498561,27.9773671643595,0
                83.6897885742183,27.9777818273505,0
                83.6901907010631,27.9781166780579,0
                83.6906650646783,27.9786388882274,0
                83.690880658682,27.9787928154142,0
                83.6923974840637,27.9804996212685,0
                83.6925848873513,27.9809490211899,0
                83.6929260177895,27.981529599095,0
                83.6933562131584,27.9813974305903,0
                83.6938767109533,27.9811346501633,0
                83.6944971288393,27.9811134110763,0
                83.6946267379232,27.9810370457203,0
                83.6954300895028,27.9799242832111,0
                83.6958597907264,27.9795010785442,0
                83.6967545542162,27.9790969422269,0
                83.6975091974739,27.9793715536705,0
                83.6976512414684,27.9793741184757,0
                83.698115432064,27.9792195140484,0
                83.6986231207774,27.9788663673054,0
                83.6989355821917,27.9786955749753,0
                83.6991498047292,27.9786351465019,0
                83.7006312839399,27.9791663087459,0
                83.7012687026507,27.9789827098592,0
                83.7026225874734,27.9787758129958,0
                83.7033438096646,27.978504411011,0
                83.7039794736195,27.9785102953129,0
                83.7058866002138,27.9782075401603,0
                83.7061801864982,27.9781856096013,0
                83.7069729566097,27.9781264394478,0
                83.7081967959711,27.9779439749506,0
                83.7087837772434,27.9780828467579,0
                83.7091033569155,27.9782211517967,0
                83.7091778454325,27.9782777103874,0
                83.7091794570842,27.978970335387,0
                83.7091308333349,27.9792184372924,0
                83.7087683720498,27.9796982001069,0
                83.7087353124716,27.9798131893449,0
                83.7088037273397,27.9804743803149,0
                83.7086803003387,27.9807944121839,0
                83.708366777234,27.9808840868756,0
                83.7080166944198,27.981122497189,0
                83.708014001579,27.9814225325152,0
                83.7079271975156,27.9815554566424,0
                83.7071868471073,27.9822059482254,0
                83.7069686747037,27.9828890711292,0
                83.7067955686493,27.9831188593904,0
                83.7061801454699,27.9833589533913,0
                83.7060265399279,27.9834195078646,0
                83.7054248053341,27.9835446118817,0
                83.704610227186,27.9835654102683,0
                83.7039191887008,27.9838323748094,0
                83.7028318214628,27.9844934227898,0
                83.7023954312593,27.9850338676318,0
                83.7022989362796,27.9854465783583,0
                83.7021518252862,27.9857034283936,0
                83.702250051568,27.9862587539014,0
                83.7022034918748,27.9864390493556,0
                83.7020096379645,27.9866935860525,0
                83.700627616196,27.987617855614,0
                83.7006050543263,27.9877329070675,0
                83.700903755837,27.9881802463333,0
                83.7009958037987,27.9883180480487,0
                83.7010308567854,27.9885166553556,0
                83.7012837498365,27.989081295999,0
                83.7012135039854,27.9893247730883,0
                83.7006886836676,27.9901290667165,0
                83.7006661213136,27.9902441181344,0
                83.7008892086582,27.9906710207779,0
                83.7011266715472,27.9909467500018,0
                83.7016900752291,27.9919745400463,0
                83.7017698143089,27.9919723539602,0
                83.7029918951832,27.9922639091414,0
                83.7061798886003,27.9931799385602,0
                83.7066272629905,27.9933094967626,0
                83.7081181135603,27.993951149742,0
                83.7087374649647,27.9941397673456,0
                83.7094694259084,27.9942788910271,0
                83.7096565891311,27.9942702698483,0
                83.7102587467582,27.9948694125502,0
                83.7105752635511,27.9950438393998,0
                83.7126638434489,27.9958311131979,0
                83.7145113359881,27.99633128375,0
                83.7152912257392,27.9966284568463,0
                83.7158865177952,27.9967876391341,0
                83.7169151946355,27.9967175368863,0
                83.7175667337163,27.9966466781153,0
                83.7179886141358,27.9966611214658,0
                83.7181174735262,27.9965959420607,0
                83.7182372725605,27.9964495190526,0
                83.7180858763094,27.9954204226123,0
                83.7182467927691,27.9953643676662,0
                83.718565124874,27.9953672476998,0
                83.7188120975936,27.99511958659,0
                83.7191146205625,27.9950615341729,0
                83.7197271077931,27.9947288856751,0
                83.7205959424667,27.9940560852058,0
                83.7207441112277,27.9940134670048,0
                83.7214607785323,27.993311041777,0
                83.7220552093703,27.9928068463517,0
                83.7223456156443,27.992426135658,0
                83.7226769073418,27.9912288113477,0
                83.7228160189995,27.9909854610223,0
                83.7229675080774,27.99051419305,0
                83.7231686132913,27.9901626034096,0
                83.7234087829139,27.9894140501919,0
                83.7235467686573,27.9892338807205,0
                83.7241535010685,27.9891651465608,0
                83.7243623472325,27.9892218950349,0
                83.7247231073843,27.989441505681,0
                83.7254199998897,27.9901152676725,0
                83.7259941067026,27.9903487555411,0
                83.7270868864739,27.9909240329568,0
                83.7271746276488,27.9907707987559,0
                83.727252812863,27.9903715863516,0
                83.7275950270309,27.9898488259499,0
                83.7277892545294,27.9896777818699,0
                83.7280182255635,27.9895902314544,0
                83.7282551378844,27.9892567650787,0
                83.7286425319207,27.9888378714434,0
                83.7290759350405,27.9876610473959,0
                83.7296568006026,27.9873508351214,0
                83.7301633565855,27.9874307725988,0
                83.7306897207757,27.9875920162904,0
                83.7315435429743,27.9876365261839,0
                83.7319759801715,27.9878900720865,0
                83.7323989876103,27.9878300220772,0
                83.7325529686165,27.9877400321935,0
                83.7332490785771,27.9869607391969,0
                83.7333370195309,27.9862028714462,0
                83.7334728827027,27.9858489053125,0
                83.7336463013594,27.9856213662255,0
                83.7338184055623,27.9855201905734,0
                83.7349462599875,27.9852426083489,0
                83.7351898524802,27.9852814213057,0
                83.735566115225,27.9852279948072,0
                83.7358155219641,27.9851066345843,0
                83.7362263498268,27.9846855539949,0
                83.7366081768591,27.9845756953695,0
                83.7373790124112,27.9845072754491,0
                83.7381434204241,27.9839694615694,0
                83.7383182752731,27.9837961047926,0
                83.7383722735054,27.9835209432184,0
                83.7383243480123,27.9832500919391,0
                83.7379762865711,27.9823876020153,0
                83.7379797308249,27.9820334465212,0
                83.7392132613698,27.9816658119868,0
                83.7392566948499,27.9815597594005,0
                83.7387614018891,27.9807714479047,0
                83.7387097265962,27.9804802859434,0
                83.7389035211799,27.980074575808,0
                83.7393838453101,27.9794008321729,0
                83.739526083488,27.9790582399646,0
                83.7395595853114,27.9787310832487,0
                83.7394732878661,27.9785482858648,0
              </coordinates>
            </LinearRing>
          </outerBoundaryIs>
        </Polygon>
      </Placemark>
      <Placemark id="GA_SYANGJA_Waling.6">
        <ExtendedData>
          <SchemaData schemaUrl="#GA_SYANGJA_Waling.schema">
            <SimpleData name="ogc_fid">3033</SimpleData>
            <SimpleData name="objectid_1">3034</SimpleData>
            <SimpleData name="dcode">39</SimpleData>
            <SimpleData name="district">SYANGJA</SimpleData>
            <SimpleData name="das">0</SimpleData>
            <SimpleData name="gapa_napa">Waling</SimpleData>
            <SimpleData name="type_gn">Nagarpalika</SimpleData>
            <SimpleData name="gn_code">11.000000000000000</SimpleData>
            <SimpleData name="new_ward_n">9</SimpleData>
            <SimpleData name="ddgnww">391108.999999999941792</SimpleData>
            <SimpleData name="center">Waling Bazar</SimpleData>
            <SimpleData name="state_code">4</SimpleData>
            <SimpleData name="ddgn">39011</SimpleData>
            <SimpleData name="area_sqkm">3.560313570450000</SimpleData>
            <SimpleData name="shape_leng">10484.736518199997590</SimpleData>
            <SimpleData name="shape_area">3560313.570449999999255</SimpleData>
            <SimpleData name="Province">GA</SimpleData>
            <SimpleData name="Address">Waling-9, SYANGJA, GA</SimpleData>
          </SchemaData>
        </ExtendedData>
        <Polygon>
          <outerBoundaryIs>
            <LinearRing>
              <coordinates>
                83.7706847915978,27.9915744093999,0
                83.770642673401,27.9915269752683,0
                83.7703815350773,27.9907887878838,0
                83.7701015218232,27.9902039616348,0
                83.7701313326354,27.9900979712939,0
                83.7700001636801,27.990063909678,0
                83.769862998494,27.9898651756143,0
                83.7692750991971,27.9887405812884,0
                83.7682885094859,27.9873017581735,0
                83.7682109033029,27.9869157914384,0
                83.7683155813447,27.986692626454,0
                83.7685263062784,27.9865125203842,0
                83.7688150829177,27.9863573520795,0
                83.7712221922609,27.9866839855428,0
                83.7715402753531,27.9866574304516,0
                83.7716653861189,27.9865493797215,0
                83.7715650903338,27.986343896675,0
                83.7703275224559,27.9855092645295,0
                83.7705151877885,27.9854103393775,0
                83.7707391638397,27.9851083698891,0
                83.7708546497632,27.9850385655298,0
                83.771358459234,27.9848995862943,0
                83.7712939138482,27.9844753116365,0
                83.7711737509706,27.984069033374,0
                83.7706779046834,27.9828295756817,0
                83.7704475688633,27.9823823622796,0
                83.7698518505551,27.9816685430037,0
                83.7686523999247,27.9809918975175,0
                83.7682357688709,27.9809145229495,0
                83.7659107835281,27.9801321820709,0
                83.7650765823467,27.9801194828241,0
                83.7647869982214,27.9800490471045,0
                83.7638342581914,27.9796277577565,0
                83.763677969487,27.979483080839,0
                83.7635127476431,27.9792121031242,0
                83.7633315321951,27.9786905224963,0
                83.7633039257011,27.9779370274661,0
                83.7631939394879,27.9779819595415,0
                83.762329239471,27.9781338690685,0
                83.7615657123741,27.9783469008919,0
                83.7602894443906,27.9784303727248,0
                83.7599159318584,27.9784004319461,0
                83.7589318743344,27.9785024699403,0
                83.7578049585821,27.9786944975476,0
                83.757238780566,27.9788785342713,0
                83.7563808916989,27.9790733160055,0
                83.7556131852463,27.9789050068337,0
                83.7552637971268,27.9787396411266,0
                83.7547813081069,27.9782921115685,0
                83.7541593382244,27.9778329555802,0
                83.7536284824206,27.9772973083845,0
                83.7535095682038,27.9769158408813,0
                83.7536201247348,27.9764941311501,0
                83.7534987077185,27.9762660245905,0
                83.7529532805862,27.976256017102,0
                83.7522938676097,27.9763541230966,0
                83.7516691966919,27.9765582820103,0
                83.7504674711039,27.9770998396538,0
                83.7493834767692,27.9778469421726,0
                83.7490089010604,27.9778688091244,0
                83.7486548909734,27.977624513217,0
                83.7486595199953,27.977412407743,0
                83.7488461262211,27.9770946268125,0
                83.7489541827058,27.9766616680661,0
                83.7488980057049,27.9765058681428,0
                83.7487802074275,27.9766094200692,0
                83.7482234021659,27.9768475764838,0
                83.7478971268936,27.9771289841441,0
                83.747841509092,27.9771424191543,0
                83.7471041671687,27.9773102675292,0
                83.7464303827383,27.9773045700201,0
                83.746033938891,27.9771526401471,0
                83.7443263221271,27.9756108153495,0
                83.7437937807523,27.9749916132661,0
                83.7432946681349,27.9746138893181,0
                83.7426913753265,27.9745180759446,0
                83.740381059655,27.9744978542051,0
                83.7396239754256,27.9744062250502,0
                83.739558986005,27.9743361683979,0
                83.7393561389214,27.9742974187661,0
                83.7389923742294,27.9743124744173,0
                83.7366014479201,27.9741342027836,0
                83.7355267812887,27.9740080724135,0
                83.7343982461528,27.973956246744,0
                83.7344383631536,27.9740623626351,0
                83.7346740111349,27.9744553930081,0
                83.734844361557,27.9745595118344,0
                83.7351359399401,27.9749571678121,0
                83.7355912992829,27.9758311580762,0
                83.7356607228992,27.9760230791806,0
                83.7356559634793,27.976539719801,0
                83.7357275754562,27.9767361411266,0
                83.7362708096847,27.9769808772715,0
                83.7370827503996,27.9776547666575,0
                83.7375163777108,27.9777886988462,0
                83.7377600908768,27.9780102452152,0
                83.7382075886593,27.9782164212063,0
                83.7387504511936,27.9783415426464,0
                83.7393752419196,27.9783787991431,0
                83.7394246095082,27.9784466062062,0
                83.7394732878661,27.9785482858648,0
                83.7395890236171,27.9784987919621,0
                83.740462590853,27.9786516043284,0
                83.7412521063234,27.9788539110755,0
                83.7415448156389,27.9789649678147,0
                83.7419206982059,27.9791935776932,0
                83.7423800032266,27.9796118598557,0
                83.7433830306146,27.9809132574899,0
                83.743749025802,27.9818366800826,0
                83.7435782812878,27.9827072863512,0
                83.7435735847118,27.9832036162386,0
                83.7436375659214,27.983695572626,0
                83.7438004102569,27.9841425972653,0
                83.7441471014455,27.9847772326832,0
                83.7447895652944,27.9854168726512,0
                83.7451590018296,27.986126001621,0
                83.7460156250501,27.9867526453224,0
                83.7464378810981,27.986724029435,0
                83.7466347286822,27.9867852776479,0
                83.7473126296641,27.9872264981314,0
                83.7474492961811,27.987337302468,0
                83.7478411775867,27.9875365404189,0
                83.7487398607636,27.9879917007977,0
                83.7499821215358,27.9885218602612,0
                83.7501536578203,27.9886620372361,0
                83.7505564764776,27.9888049683261,0
                83.7509324842986,27.9890154557708,0
                83.7514690918478,27.9894315514544,0
                83.7520622567391,27.9897101604778,0
                83.7527759697059,27.9899280269488,0
                83.7540231109769,27.9901490883189,0
                83.7550321608096,27.9902794674876,0
                83.7578200409531,27.9901355249942,0
                83.7606019190992,27.9901336306299,0
                83.7621470291482,27.9899287363016,0
                83.7627888180634,27.9899388702543,0
                83.7645789489958,27.9901382559423,0
                83.7653579072544,27.990180139241,0
                83.7662594711897,27.9903373887925,0
                83.7673038249698,27.9906346906954,0
                83.7680799679182,27.9907781276991,0
                83.7697086109601,27.9915186485831,0
                83.7704566342111,27.9916101525123,0
                83.7706847915978,27.9915744093999,0
              </coordinates>
            </LinearRing>
          </outerBoundaryIs>
        </Polygon>
      </Placemark>
      <Placemark id="GA_SYANGJA_Waling.7">
        <ExtendedData>
          <SchemaData schemaUrl="#GA_SYANGJA_Waling.schema">
            <SimpleData name="ogc_fid">3056</SimpleData>
            <SimpleData name="objectid_1">3057</SimpleData>
            <SimpleData name="dcode">39</SimpleData>
            <SimpleData name="district">SYANGJA</SimpleData>
            <SimpleData name="das">0</SimpleData>
            <SimpleData name="gapa_napa">Waling</SimpleData>
            <SimpleData name="type_gn">Nagarpalika</SimpleData>
            <SimpleData name="gn_code">11.000000000000000</SimpleData>
            <SimpleData name="new_ward_n">6</SimpleData>
            <SimpleData name="ddgnww">391106.000000000000000</SimpleData>
            <SimpleData name="center">Waling Bazar</SimpleData>
            <SimpleData name="state_code">4</SimpleData>
            <SimpleData name="ddgn">39011</SimpleData>
            <SimpleData name="area_sqkm">6.713016868430000</SimpleData>
            <SimpleData name="shape_leng">16620.746722600000794</SimpleData>
            <SimpleData name="shape_area">6713016.868429999798536</SimpleData>
            <SimpleData name="Province">GA</SimpleData>
            <SimpleData name="Address">Waling-6, SYANGJA, GA</SimpleData>
          </SchemaData>
        </ExtendedData>
        <Polygon>
          <outerBoundaryIs>
            <LinearRing>
              <coordinates>
                83.8152711818129,27.9895771667432,0
                83.8153008661024,27.9895140477111,0
                83.8155105885848,27.9894939903775,0
                83.8166046888363,27.9896985521497,0
                83.8170355690177,27.9896562500001,0
                83.8172846016644,27.9894963306381,0
                83.8174189615464,27.9893273486136,0
                83.8177565592072,27.9884569325974,0
                83.8181128957632,27.9879993543707,0
                83.8190598419063,27.9875020391153,0
                83.8193604901362,27.9874302381032,0
                83.8198337460416,27.9871194609985,0
                83.8205346050898,27.9863239817612,0
                83.820980124689,27.9855100624024,0
                83.8226991685496,27.9843300708645,0
                83.8235035137607,27.9835843386221,0
                83.8240614002007,27.9823937677178,0
                83.8242087708774,27.9816314015066,0
                83.8243606968295,27.9811871317096,0
                83.8246764744843,27.9807926728115,0
                83.824408076866,27.9805983104724,0
                83.8237880519402,27.9797627512012,0
                83.8233180621371,27.9792432283375,0
                83.8229183094456,27.9789200641649,0
                83.8224861910585,27.9783894182572,0
                83.822307908554,27.9780574455482,0
                83.8220995023135,27.9778880199536,0
                83.8216126947785,27.9777564617467,0
                83.8211447574637,27.977764890567,0
                83.8204291643776,27.9778564962385,0
                83.8191053319196,27.9783217460017,0
                83.8189797853242,27.9783667393034,0
                83.8186885710304,27.9784994729906,0
                83.8181307046678,27.9786769481604,0
                83.8170872795744,27.9787861094953,0
                83.8167773221685,27.9787337971732,0
                83.8162753883449,27.978757974412,0
                83.8153305210162,27.9784453625344,0
                83.8146735467499,27.9784625382861,0
                83.8140082001654,27.9783533499963,0
                83.8131121337339,27.9782776551953,0
                83.8124264137943,27.9782203368452,0
                83.8118646124904,27.9782872599686,0
                83.8110682225581,27.9781169500962,0
                83.8107097727604,27.977996830237,0
                83.8103063269816,27.977989512358,0
                83.8091995964632,27.9781527295,0
                83.8080534265251,27.9786948501531,0
                83.8073543195089,27.9793459053538,0
                83.80697023467,27.9799003491893,0
                83.8067673192589,27.9801911325353,0
                83.8063810506352,27.9805493433447,0
                83.8058595526899,27.9808350595318,0
                83.8042568816365,27.981324615078,0
                83.8028536802319,27.982019904573,0
                83.8026276428746,27.982310562794,0
                83.8025124650156,27.9825811610296,0
                83.8022737424446,27.9828266979882,0
                83.8020616432425,27.9829482463246,0
                83.8013054867476,27.9833171383383,0
                83.8007018761153,27.9834990501148,0
                83.8001785076355,27.9835682227345,0
                83.7996344563608,27.9834907210055,0
                83.7991545885275,27.9832193010136,0
                83.7983927102473,27.9822231912894,0
                83.7981826858004,27.9817287951798,0
                83.7981083871222,27.9815526849366,0
                83.7979726682984,27.9808869302483,0
                83.7975863053294,27.9797357783658,0
                83.7974213543126,27.9784156455462,0
                83.7976180850079,27.9780346204577,0
                83.7976957111361,27.9774526748774,0
                83.7975751133109,27.9769042223418,0
                83.797311468937,27.9765383134753,0
                83.7972627935714,27.9762449642356,0
                83.7973240492218,27.9755704639868,0
                83.7977193300384,27.9745038793564,0
                83.7978290841083,27.9735745280163,0
                83.7981722325976,27.9731824433057,0
                83.7984390826216,27.9726548707778,0
                83.7986129460606,27.9721091727733,0
                83.7988463611314,27.9716357190849,0
                83.7990987071321,27.9713878701192,0
                83.7997557426521,27.9714745602982,0
                83.8002133714955,27.9713805136171,0
                83.8004833423326,27.971033424612,0
                83.8008135040376,27.9701021389892,0
                83.8013943061316,27.9698547951041,0
                83.8016755263416,27.9694445870074,0
                83.8022133333068,27.9692580498558,0
                83.8030063649056,27.9686319936645,0
                83.8038431498403,27.9675344188568,0
                83.8050723186689,27.9665275920844,0
                83.8056401302055,27.96588997083,0
                83.805831425715,27.9654841355913,0
                83.8059431700084,27.9650037434538,0
                83.8059186799444,27.9646697729059,0
                83.8056849061478,27.9642836169715,0
                83.8049255855294,27.9635244862408,0
                83.8041666344546,27.9630473924501,0
                83.8036875194856,27.9626044876912,0
                83.8034749921874,27.9622770140549,0
                83.803412630876,27.9619722901604,0
                83.8035224626604,27.9602691339561,0
                83.8033422463406,27.9598176088222,0
                83.8031923329508,27.9595940646491,0
                83.8027675826358,27.9593430184246,0
                83.8021798508332,27.9592338933264,0
                83.802024436514,27.9591275884774,0
                83.8018292801109,27.9588566099388,0
                83.8018467851746,27.9584730821433,0
                83.8018494108932,27.9584144002958,0
                83.8014528515365,27.9578159479671,0
                83.8013793702293,27.9573668627331,0
                83.8013693768785,27.9570983868812,0
                83.8006989039049,27.9570861269006,0
                83.80041137933,27.9571443670213,0
                83.7999557475726,27.9573670905459,0
                83.7996954704612,27.9573350263891,0
                83.7996136079438,27.9572898416313,0
                83.7995367431239,27.9572874654127,0
                83.7990398574097,27.9580313285031,0
                83.7985351672936,27.9584050991419,0
                83.7984689870146,27.9584726538835,0
                83.7980230373013,27.9589255439461,0
                83.7979496051571,27.9591690832638,0
                83.7982808553691,27.9600448843341,0
                83.798273474435,27.9604149751143,0
                83.7972201561023,27.9614963609226,0
                83.7972132123859,27.9618415170497,0
                83.7975544677159,27.9624195952777,0
                83.7974985341818,27.9626045772561,0
                83.7973435514431,27.9627802470335,0
                83.7974748375391,27.9632204594149,0
                83.7977333577596,27.9635931168873,0
                83.7978663924109,27.9641054474967,0
                83.7981487261036,27.9642998722815,0
                83.7984566200045,27.9644154285979,0
                83.798794816309,27.9648197725773,0
                83.7986485218452,27.9649188235574,0
                83.7982871301414,27.9650446188017,0
                83.7976391515761,27.9651970948205,0
                83.7967368952084,27.9653017588127,0
                83.796111787379,27.9654587971936,0
                83.7948614429186,27.9660525989455,0
                83.7944648065148,27.9661647702011,0
                83.7934706234599,27.9663189904202,0
                83.7928858230637,27.9665166512361,0
                83.7924058814866,27.9668092420195,0
                83.7918223940454,27.9669707808834,0
                83.7913818904199,27.9669655869968,0
                83.7908945833664,27.9668317788006,0
                83.7901912385436,27.9668690142664,0
                83.7895026406743,27.9669875555713,0
                83.7882653647024,27.9671977665142,0
                83.788030330274,27.9673598105442,0
                83.7880199480863,27.9677817097694,0
                83.7881449857217,27.9681812387482,0
                83.7881061719464,27.9685195818207,0
                83.7875660453575,27.9690647738798,0
                83.7874080626109,27.9692946260215,0
                83.7872454498365,27.9697682058854,0
                83.7870160989463,27.9700972345789,0
                83.7864422967042,27.9703107068155,0
                83.7857112073829,27.9702666985755,0
                83.7850294192889,27.9704686698456,0
                83.7846014056933,27.9708718769844,0
                83.7844525432984,27.9712867740824,0
                83.7842841116407,27.9721077593653,0
                83.7843322282428,27.9722070643981,0
                83.7843164656856,27.9729516217517,0
                83.7844609802461,27.9743912430016,0
                83.7843776081917,27.9747927054032,0
                83.7840807025716,27.9751893529399,0
                83.7841333594549,27.9763490614774,0
                83.7840719228452,27.9767325258506,0
                83.7839507467972,27.9769715021229,0
                83.7838861193765,27.9775354496488,0
                83.7842760560141,27.9780820315869,0
                83.7844142715982,27.9788718996275,0
                83.7845325629608,27.9791428141679,0
                83.7848672014676,27.9793757358564,0
                83.7856077211154,27.9796882825343,0
                83.7862906153694,27.9804135397647,0
                83.7869633726785,27.9817728018394,0
                83.7888684438658,27.9842146112352,0
                83.7886872798743,27.9842662282882,0
                83.7876260354696,27.9848444724733,0
                83.786104774625,27.9862048253605,0
                83.7854012892353,27.9870384887436,0
                83.7850290775546,27.9876267418689,0
                83.7848375312098,27.9880844475663,0
                83.784631171651,27.9886685160352,0
                83.7845828552908,27.9891963430303,0
                83.7848340561537,27.9900022110399,0
                83.7851949985729,27.9904652998441,0
                83.7858515908754,27.9908407761625,0
                83.7863353367139,27.9909408373141,0
                83.7881286647134,27.9906638285369,0
                83.7889403721547,27.9904756082356,0
                83.7895021718862,27.990460618396,0
                83.7896794616392,27.9904564341756,0
                83.7906503268796,27.9906767418536,0
                83.7911473811914,27.9909121035273,0
                83.7912801786429,27.9907476201674,0
                83.7914199164358,27.9904342138095,0
                83.7919340451644,27.989925142733,0
                83.792830310486,27.9894210769192,0
                83.7933886119902,27.9893474681008,0
                83.7956364976147,27.9894501191917,0
                83.7968326458174,27.9896256217724,0
                83.7976347849352,27.9898366152446,0
                83.7984980349396,27.9903297096047,0
                83.7994880089998,27.9912155826129,0
                83.8000856769304,27.9913585788378,0
                83.8003826324881,27.9915891246266,0
                83.8007630238865,27.9913460284493,0
                83.8011367238783,27.9913195360506,0
                83.8020719804543,27.9910162661472,0
                83.8033181935371,27.9907698704172,0
                83.8044709117951,27.9908820035266,0
                83.8057164267633,27.9911884329224,0
                83.8063394051894,27.9912163773447,0
                83.8071190571019,27.9909129170288,0
                83.8080230074902,27.9904719713353,0
                83.8091134918639,27.9902523839395,0
                83.8098302082148,27.9902533948859,0
                83.8103282647137,27.990337519894,0
                83.8111074122644,27.9902551026489,0
                83.8117295719581,27.9905876443489,0
                83.8121658237984,27.9907258258763,0
                83.8134747184303,27.9903960017078,0
                83.8145345237309,27.9898988131861,0
                83.8152711818129,27.9895771667432,0
              </coordinates>
            </LinearRing>
          </outerBoundaryIs>
        </Polygon>
      </Placemark>
      <Placemark id="GA_SYANGJA_Waling.8">
        <ExtendedData>
          <SchemaData schemaUrl="#GA_SYANGJA_Waling.schema">
            <SimpleData name="ogc_fid">3057</SimpleData>
            <SimpleData name="objectid_1">3058</SimpleData>
            <SimpleData name="dcode">39</SimpleData>
            <SimpleData name="district">SYANGJA</SimpleData>
            <SimpleData name="das">0</SimpleData>
            <SimpleData name="gapa_napa">Waling</SimpleData>
            <SimpleData name="type_gn">Nagarpalika</SimpleData>
            <SimpleData name="gn_code">11.000000000000000</SimpleData>
            <SimpleData name="new_ward_n">3</SimpleData>
            <SimpleData name="ddgnww">391103.000000000058208</SimpleData>
            <SimpleData name="center">Waling Bazar</SimpleData>
            <SimpleData name="state_code">4</SimpleData>
            <SimpleData name="ddgn">39011</SimpleData>
            <SimpleData name="area_sqkm">7.457100753330000</SimpleData>
            <SimpleData name="shape_leng">14112.293587199999820</SimpleData>
            <SimpleData name="shape_area">7457100.753329999744892</SimpleData>
            <SimpleData name="Province">GA</SimpleData>
            <SimpleData name="Address">Waling-3, SYANGJA, GA</SimpleData>
          </SchemaData>
        </ExtendedData>
        <Polygon>
          <outerBoundaryIs>
            <LinearRing>
              <coordinates>
                83.8572406146307,28.0187202618736,0
                83.8570547711212,28.0181831127516,0
                83.8569944099571,28.0178784514259,0
                83.8569976640628,28.0176483471792,0
                83.8570891615465,28.0171927023611,0
                83.8570919782277,28.0169648483711,0
                83.8569309522946,28.0161998524708,0
                83.8569124599212,28.0159696858245,0
                83.8569805814573,28.0156674016096,0
                83.8571585680368,28.0151554508802,0
                83.8574412244229,28.0147970503333,0
                83.8575075319522,28.0146459397,0
                83.8575163562975,28.0139600648006,0
                83.8573726974572,28.0134996659786,0
                83.8573745133768,28.013346243123,0
                83.8574641948587,28.0130440215246,0
                83.8576840488584,28.0125885036114,0
                83.8578833460638,28.012058492035,0
                83.8579301577359,28.0117540210279,0
                83.8579137932926,28.0113727420787,0
                83.857960605755,28.0110681455885,0
                83.8581357752202,28.0107659882844,0
                83.8584826109176,28.0104279623494,0
                83.8585698523013,28.0102971626932,0
                83.8585953552801,28.0099723171318,0
                83.8586187298257,28.0098211436261,0
                83.8585449458337,28.0089051005117,0
                83.8587222433277,28.008449519687,0
                83.8589849677001,28.0079963148969,0
                83.8591895217878,28.0070647152776,0
                83.8592377737706,28.0066473786248,0
                83.8592232236261,28.0061126764874,0
                83.8591824190058,28.0059591899327,0
                83.8592089857743,28.005577974627,0
                83.8595202753958,28.0046690621408,0
                83.8595680888042,28.0042877844689,0
                83.8598939906874,28.0039113243961,0
                83.8599396761098,28.003683532521,0
                83.8599456848486,28.0032255117605,0
                83.8598006493482,28.0028441068323,0
                83.8597211694836,28.0023837724533,0
                83.8597474235216,28.002004744089,0
                83.8596658158695,28.0016978333677,0
                83.859667943466,28.0015444096249,0
                83.860015404336,28.0011499507128,0
                83.8601661368931,28.0010575862921,0
                83.8604672236321,28.0009473512777,0
                83.8609867255741,28.0004966504732,0
                83.8613961751508,28.0002556784053,0
                83.8615589681663,28.0001362543117,0
                83.8615152936248,27.9997819736837,0
                83.8610027567041,27.9988541746422,0
                83.8604068536661,27.9979556208478,0
                83.8599757438457,27.9969489556135,0
                83.8599994324008,27.996739100104,0
                83.8604680182736,27.9956137710318,0
                83.8607494893541,27.9951696290456,0
                83.8609299126621,27.9946824252131,0
                83.8610200435021,27.9937665723187,0
                83.8607795321419,27.9928006555331,0
                83.8607272446627,27.9919455448854,0
                83.8605400336557,27.9912256074447,0
                83.8600241244079,27.9901669447729,0
                83.8597488742932,27.9888490598668,0
                83.8596881469686,27.9881473722864,0
                83.8591592919418,27.9875466683543,0
                83.8591634836799,27.9873165639866,0
                83.8589130106907,27.9876140953835,0
                83.8588474562977,27.9876907123557,0
                83.8583040748697,27.9885226917114,0
                83.8581060910956,27.9890257054484,0
                83.8573659169387,27.990168715134,0
                83.8563787743881,27.9914040873282,0
                83.856261911112,27.9915980058623,0
                83.8555674175616,27.9927500777193,0
                83.8551080959675,27.9931760945035,0
                83.853694139394,27.9942079167729,0
                83.85343129782,27.9942820928515,0
                83.8533444324285,27.9943564598169,0
                83.8529707317579,27.9943944506826,0
                83.8522766986136,27.9944816817657,0
                83.8522522641421,27.9944816194172,0
                83.8520987836276,27.9945063642363,0
                83.8510949748873,27.9948074465524,0
                83.8499301148107,27.9955733582285,0
                83.8494752940194,27.9959135076913,0
                83.8493959897275,27.9960488075201,0
                83.8479562337329,27.9965796738285,0
                83.8469342972859,27.9971155463371,0
                83.8466595125442,27.9975303173012,0
                83.8465800862915,27.9975280041354,0
                83.8465766455038,27.9977197989819,0
                83.8464947190432,27.9977174225119,0
                83.8457016190998,27.9986054546376,0
                83.8452806710163,27.9988215537935,0
                83.8449561515834,27.9988731060521,0
                83.8448534130828,27.998963284293,0
                83.8439430339398,27.9990163269591,0
                83.8429909080405,27.9991529246034,0
                83.842422172131,27.9991454793678,0
                83.8418719347162,27.9990658524183,0
                83.8412659569188,27.9988869214122,0
                83.8396528775149,27.9980276613665,0
                83.8385389784834,27.9973112093009,0
                83.8380719247977,27.9968481812032,0
                83.8377501047617,27.9962476675345,0
                83.8374992070451,27.9959382541919,0
                83.8371292630843,27.995597091566,0
                83.8366326461829,27.9953912273054,0
                83.836263572396,27.9953027918743,0
                83.8361199029618,27.9953635342926,0
                83.8357501963282,27.9956834992104,0
                83.834963040369,27.9962285631627,0
                83.8342888690537,27.9967940009872,0
                83.8339505310681,27.9971952095969,0
                83.8328264241069,27.9975841564402,0
                83.831862351261,27.9982711413218,0
                83.8314019045678,27.9987037198925,0
                83.831162931838,27.9989290712011,0
                83.8309357080662,27.9991431106251,0
                83.8300968700408,27.9997580416271,0
                83.8294450173509,27.9998925814209,0
                83.8281136944849,27.9999473058481,0
                83.8277056821472,28.0001340326672,0
                83.8277031209273,28.0001340321653,0
                83.8267895508343,28.0003675588516,0
                83.826192504356,28.0003961724672,0
                83.8257859318067,28.0005039064725,0
                83.8251216393888,28.0008166796342,0
                83.8248860443136,28.0008908572818,0
                83.8245022200336,28.0009219107715,0
                83.8244163556007,28.0009579059522,0
                83.8238182466506,28.0010428892067,0
                83.8232212008942,28.0010533783918,0
                83.8227958850674,28.0009490685247,0
                83.8226252197984,28.0009668769531,0
                83.8222847045796,28.0009033145476,0
                83.8215211254615,28.0005661457396,0
                83.8212650345524,28.0005793283562,0
                83.8209248315794,28.0005157034294,0
                83.8208392798395,28.000533637614,0
                83.8204132752623,28.0004880102053,0
                83.8199006547331,28.000575244034,0
                83.8197299907541,28.0005728039405,0
                83.8192166178204,28.0007368436737,0
                83.8190448892917,28.0008292076708,0
                83.8187651720515,28.0010543708273,0
                83.8185053248519,28.0014127711349,0
                83.8183115343243,28.0015817529707,0
                83.8179889483598,28.0018069147123,0
                83.817388584996,28.0021016288743,0
                83.8170669995062,28.002268171252,0
                83.8174441883702,28.0028305010351,0
                83.8176327196276,28.0031397893066,0
                83.8176932671982,28.0034467616121,0
                83.8179632196253,28.0040630231597,0
                83.8182578603082,28.0044131213134,0
                83.8184688278762,28.0046074193251,0
                83.8186574224205,28.0048964585902,0
                83.8186939692949,28.0054334731432,0
                83.8186032847751,28.0058913680027,0
                83.8186007172624,28.0061214714928,0
                83.818704073235,28.0064284455648,0
                83.8188292390674,28.0066609889221,0
                83.8193333456374,28.007318125155,0
                83.8193930798408,28.0077018407739,0
                83.8193901302686,28.0079522581206,0
                83.8195151842265,28.0082209099371,0
                83.8195578213288,28.0083264013333,0
                83.8195772239569,28.0083744034324,0
                83.8197037759196,28.0085122019893,0
                83.8199756720952,28.0089547443457,0
                83.8203124657485,28.0093635566783,0
                83.8203124891015,28.0093635774654,0
                83.8206933635519,28.0096190001339,0
                83.8210115211826,28.009757047258,0
                83.821183631006,28.0098816393769,0
                83.8212019734326,28.0098949167756,0
                83.821837894956,28.01022965023,0
                83.8222206499172,28.0103136495608,0
                83.8226669022138,28.0104540803111,0
                83.8230489130215,28.0106147593773,0
                83.8231766489351,28.0106171898234,0
                83.8235446258654,28.0108193581453,0
                83.8237487449634,28.0109314926608,0
                83.8240680470058,28.010977051799,0
                83.8240680764845,28.0109770581539,0
                83.8243231039543,28.0110564281451,0
                83.8245901357219,28.0111892476858,0
                83.8246412407951,28.0112146756467,0
                83.8248206927111,28.0112720699277,0
                83.8250874952284,28.0113574124551,0
                83.8257230876988,28.0116920841958,0
                83.825723114117,28.0116920968638,0
                83.8262633752297,28.0118648186533,0
                83.8262970204717,28.0118755742846,0
                83.8265738482446,28.0118985124107,0
                83.8268941759098,28.0118470120443,0
                83.827085982312,28.0117705108947,0
                83.8272156415529,28.0117187968759,0
                83.8275356620022,28.0116853636948,0
                83.8277933178347,28.0115367518005,0
                83.8281137015912,28.0115033312625,0
                83.8283059984138,28.0114494491968,0
                83.8283060289397,28.0114494366005,0
                83.8286278982087,28.0112828504923,0
                83.8290837220021,28.0111659013437,0
                83.8293977997976,28.0110853181868,0
                83.8296540076882,28.0110517674616,0
                83.8301648779636,28.0111178298069,0
                83.8309329783131,28.0110736535886,0
                83.8311626175997,28.0109543597475,0
                83.8315127727351,28.0107743170193,0
                83.8317454809638,28.0107863493811,0
                83.8320036443233,28.0107996975647,0
                83.8320036666676,28.0107997147388,0
                83.8322160512235,28.010917252552,0
                83.8327451000194,28.0113624062484,0
                83.8328283967447,28.0115362051395,0
                83.8328284119628,28.0115362277195,0
                83.8329971777096,28.0117101331267,0
                83.8329972010697,28.0117101512043,0
                83.8335064191751,28.0120221161295,0
                83.8336982671242,28.0120607345378,0
                83.8340171587054,28.0121806698663,0
                83.834335615244,28.0123547804637,0
                83.8347824886199,28.0124952755465,0
                83.8349754749329,28.0124390322667,0
                83.8352961714788,28.0124236021724,0
                83.8355926677929,28.0124888711264,0
                83.8359352705974,28.0125642876023,0
                83.8365113176369,28.0126101042009,0
                83.8367667183267,28.0126893477886,0
                83.837150863678,28.0127123577289,0
                83.8376644747616,28.0126407449095,0
                83.837920565702,28.0126433113812,0
                83.8386279755321,28.0124230299019,0
                83.8389483080916,28.0124256599322,0
                83.839168445381,28.0123628410639,0
                83.8393339429141,28.0123156021507,0
                83.8394634216446,28.0122209914073,0
                83.839748224794,28.0121214267011,0
                83.8400423681586,28.0120185945321,0
                83.8401062233759,28.0120367207519,0
                83.8404056137215,28.0120032317974,0
                83.8404056818758,28.0120032156322,0
                83.8404327591741,28.0119935483171,0
                83.8405127325355,28.011964976256,0
                83.8407072184586,28.0117576754164,0
                83.8408363811139,28.0116630630003,0
                83.840986797777,28.0115887714003,0
                83.8413928732271,28.0115734582961,0
                83.8414986218885,28.0116502759333,0
                83.8416244548983,28.0118828128385,0
                83.8416439547568,28.0120362374525,0
                83.8420838771492,28.0128061096655,0
                83.8423154057739,28.0131131508359,0
                83.8427796461602,28.0136168623575,0
                83.8432400671443,28.0144634191322,0
                83.8432400843975,28.0144634426158,0
                83.8433666759147,28.0145989650803,0
                83.8436385012065,28.0151181777973,0
                83.8438289743498,28.0152921017954,0
                83.8438289977034,28.0152921261884,0
                83.8439974429085,28.015504395746,0
                83.8441456736013,28.0156015793345,0
                83.8441875410393,28.0156783278401,0
                83.8444627224841,28.0159110294569,0
                83.8444627499004,28.0159110574642,0
                83.8447155857675,28.0162204072418,0
                83.8448309104315,28.0164320426714,0
                83.8448828997554,28.0165274345868,0
                83.8448829321918,28.0165275077227,0
                83.8449729076639,28.0166107114188,0
                83.8450098510931,28.0166448841427,0
                83.8452222541454,28.0167624334434,0
                83.8452222815712,28.0167624551333,0
                83.8453907267044,28.0169747238548,0
                83.8457081576207,28.0172255079492,0
                83.8457081820062,28.0172255224159,0
                83.8459631461081,28.0173431381928,0
                83.8460904406779,28.0174402564967,0
                83.846090467096,28.0174402718682,0
                83.8463454748477,28.0175578761541,0
                83.8468562698234,28.0176983077719,0
                83.8471131126041,28.0176625106357,0
                83.8474355809078,28.017493656706,0
                83.847539259553,28.0174949990979,0
                83.8476275391926,28.0174961429462,0
                83.8478179568227,28.0176700721546,0
                83.8480058584398,28.0180741040827,0
                83.8481328444569,28.0181509761578,0
                83.8486457770227,28.0181379951343,0
                83.8488242097032,28.0181722106636,0
                83.8489654053188,28.0181992871949,0
                83.8491565748779,28.0182965396171,0
                83.8494739599599,28.0185878922807,0
                83.849728296486,28.0187438323901,0
                83.8500231012188,28.0188854896339,0
                83.8503024737446,28.0190197319687,0
                83.8504943182722,28.0190786151569,0
                83.8506869201885,28.0190810554161,0
                83.8511380459465,28.0189551994141,0
                83.8515235527171,28.0189420804159,0
                83.8516522914254,28.0189061489907,0
                83.8519087562622,28.0189290258889,0
                83.8525513590575,28.018880040856,0
                83.8530684826391,28.0186211345618,0
                83.853584480039,28.0184389107903,0
                83.8541643481542,28.0182748192172,0
                83.8544935066844,28.0182309330757,0
                83.8549364290145,28.0181718921184,0
                83.8551286504081,28.0181946347219,0
                83.8555765908019,28.018314702035,0
                83.8562788041217,28.0186109984941,0
                83.856456911867,28.0186488154281,0
                83.8566629379655,28.018692559733,0
                83.8569838846527,28.0186974388671,0
                83.8572406146307,28.0187202618736,0
              </coordinates>
            </LinearRing>
          </outerBoundaryIs>
        </Polygon>
      </Placemark>
      <Placemark id="GA_SYANGJA_Waling.9">
        <ExtendedData>
          <SchemaData schemaUrl="#GA_SYANGJA_Waling.schema">
            <SimpleData name="ogc_fid">3058</SimpleData>
            <SimpleData name="objectid_1">3059</SimpleData>
            <SimpleData name="dcode">39</SimpleData>
            <SimpleData name="district">SYANGJA</SimpleData>
            <SimpleData name="das">0</SimpleData>
            <SimpleData name="gapa_napa">Waling</SimpleData>
            <SimpleData name="type_gn">Nagarpalika</SimpleData>
            <SimpleData name="gn_code">11.000000000000000</SimpleData>
            <SimpleData name="new_ward_n">4</SimpleData>
            <SimpleData name="ddgnww">391104.000000000000000</SimpleData>
            <SimpleData name="center">Waling Bazar</SimpleData>
            <SimpleData name="state_code">4</SimpleData>
            <SimpleData name="ddgn">39011</SimpleData>
            <SimpleData name="area_sqkm">11.698093910300001</SimpleData>
            <SimpleData name="shape_leng">18619.979891200000566</SimpleData>
            <SimpleData name="shape_area">11698093.910299999639392</SimpleData>
            <SimpleData name="Province">GA</SimpleData>
            <SimpleData name="Address">Waling-4, SYANGJA, GA</SimpleData>
          </SchemaData>
        </ExtendedData>
        <Polygon>
          <outerBoundaryIs>
            <LinearRing>
              <coordinates>
                83.8591634836799,27.9873165639866,0
                83.859164796807,27.9872511321223,0
                83.859764983296,27.9864462774436,0
                83.8606247009255,27.9854385699604,0
                83.8613741890108,27.9841759456422,0
                83.8618925018826,27.9837839271222,0
                83.8624491255439,27.9832655447301,0
                83.8630485593721,27.9825689928048,0
                83.8636825555014,27.9816445863303,0
                83.8640616469171,27.9808237285375,0
                83.8643329380536,27.9800501156994,0
                83.8646520394801,27.9791388907295,0
                83.8646653644684,27.9784215182621,0
                83.8643766842659,27.9768351569142,0
                83.8645805997469,27.9766097430199,0
                83.8648879367805,27.9764498249368,0
                83.865612526183,27.9764933954729,0
                83.8662312601575,27.9763067339976,0
                83.8666928921788,27.9759755220645,0
                83.8668235690635,27.9756169308431,0
                83.8665410528679,27.9751970273037,0
                83.8658888375712,27.9747225593404,0
                83.8658932786751,27.9744743943822,0
                83.8662287496317,27.9736918455777,0
                83.8662406368776,27.9730398429518,0
                83.8664580517984,27.9726971266787,0
                83.8662221526746,27.9723336564054,0
                83.8660529903695,27.9722161639093,0
                83.8657446587393,27.9721075439032,0
                83.8630064140282,27.9713918778811,0
                83.862649902373,27.9712268249485,0
                83.8621869089203,27.9708902228273,0
                83.8615256290698,27.9705533051156,0
                83.8610563878151,27.97011971197,0
                83.8610581396156,27.9700249709399,0
                83.860131557503,27.9709693708817,0
                83.8597480432692,27.971093040817,0
                83.8591298122153,27.9711510885531,0
                83.8586079403873,27.971373935473,0
                83.8568111157045,27.9714780846617,0
                83.8563006789016,27.9717234295892,0
                83.8556278314278,27.971740854883,0
                83.8553286798037,27.9719413322896,0
                83.8550783381789,27.9719388280128,0
                83.8548663059947,27.9718393340852,0
                83.854608403653,27.9718074574193,0
                83.8538365608288,27.9722329694193,0
                83.8531790865921,27.9721917125554,0
                83.8528688762186,27.9723064474816,0
                83.8522136395616,27.9728855727862,0
                83.8518545595718,27.9730070556971,0
                83.8509999861089,27.9730625370466,0
                83.8505466069789,27.973143272708,0
                83.850289573785,27.9734001826589,0
                83.8501270941449,27.9734947340528,0
                83.8497949420823,27.9738960054624,0
                83.8493456213383,27.9742000956644,0
                83.8486818817188,27.9749890134668,0
                83.8481200602005,27.9760645951207,0
                83.8480649404886,27.9761705848436,0
                83.8479828791045,27.9766871613655,0
                83.8478370181695,27.9769373865717,0
                83.8467758893924,27.9779605273542,0
                83.8463744954697,27.9784632259798,0
                83.8460382788936,27.979038168323,0
                83.8457476895584,27.979195774268,0
                83.8454912860877,27.9792473909298,0
                83.8453733724145,27.978816303169,0
                83.8454598213459,27.9776883435141,0
                83.8453877735558,27.9774129924605,0
                83.8451407553815,27.9768734750724,0
                83.8446771405048,27.9763157059383,0
                83.8436635406091,27.9755745069328,0
                83.8432832243586,27.9751950349193,0
                83.8429890174451,27.9750254834899,0
                83.8425547711585,27.9746233880421,0
                83.8416540912106,27.9740064294057,0
                83.8407235441081,27.9731909256177,0
                83.8403707980784,27.9722180706146,0
                83.8402260826037,27.9714801354869,0
                83.8402347152993,27.9710311756756,0
                83.840494640676,27.9698989078872,0
                83.8402851171092,27.9693729518455,0
                83.8403418289939,27.9677440380147,0
                83.8405013178558,27.9672749573102,0
                83.8400517596496,27.9669022337429,0
                83.8392030148156,27.966059672406,0
                83.8387997625449,27.9657500686293,0
                83.8386152929867,27.9654925888136,0
                83.8384677610311,27.9649262005801,0
                83.8383996010588,27.9640078447496,0
                83.8384399252021,27.9631460483585,0
                83.8382717087096,27.962635967473,0
                83.8385218729779,27.9620879580372,0
                83.8397659281398,27.9604131288191,0
                83.8396971973792,27.9598851131909,0
                83.838314514502,27.9595156877643,0
                83.8378601444962,27.9592015835249,0
                83.8375141314102,27.9590635283418,0
                83.8372051136384,27.9588466051538,0
                83.8371588096002,27.958778923035,0
                83.8364293379228,27.9591141316801,0
                83.835893968655,27.959271421746,0
                83.8357128029931,27.959375034544,0
                83.8353487763566,27.9599995341435,0
                83.8350389419673,27.9600487753923,0
                83.8347301052698,27.9601815080428,0
                83.8340966801769,27.9606726413833,0
                83.8336622906559,27.9612045242292,0
                83.8336301059996,27.9612857037993,0
                83.8336222925576,27.9613940058047,0
                83.8337227715686,27.9617302900841,0
                83.83345067254,27.9622714866789,0
                83.8334451670009,27.9625579601795,0
                83.833603009047,27.9631650956223,0
                83.8334015937862,27.9634130078911,0
                83.8334210128322,27.9642117483022,0
                83.8335436717294,27.9648120085027,0
                83.833428675022,27.9654255758458,0
                83.8334777838423,27.9659197197206,0
                83.8334807804771,27.9660460831611,0
                83.833472017027,27.9667973897921,0
                83.833422891706,27.967131234037,0
                83.8331513489624,27.9679385938478,0
                83.8327178917746,27.9686803328582,0
                83.8321407698572,27.9692707699877,0
                83.8319188510912,27.9698097182825,0
                83.8318262368463,27.9699178938688,0
                83.8315739526489,27.9701905533949,0
                83.8311636253315,27.9705194543387,0
                83.8308793464309,27.9707469914947,0
                83.8295128134294,27.9721531558645,0
                83.8288325073185,27.9732623569834,0
                83.8276145163205,27.9747228308526,0
                83.8270483796839,27.9759539605666,0
                83.8268149026497,27.9763507958806,0
                83.8264742439801,27.9772099621784,0
                83.8257321273219,27.9786213857609,0
                83.8253086599065,27.9798008343128,0
                83.8251126782182,27.9801841094203,0
                83.8250371862173,27.980332907494,0
                83.8249928779805,27.9803982753221,0
                83.8246764744843,27.9807926728115,0
                83.8243606968295,27.9811871317096,0
                83.8242087708774,27.9816314015066,0
                83.8240614002007,27.9823937677178,0
                83.8235035137607,27.9835843386221,0
                83.8226991685496,27.9843300708645,0
                83.820980124689,27.9855100624024,0
                83.8205346050898,27.9863239817612,0
                83.8198337460416,27.9871194609985,0
                83.8193604901362,27.9874302381032,0
                83.8190598419063,27.9875020391153,0
                83.8181128957632,27.9879993543707,0
                83.8177565592072,27.9884569325974,0
                83.8174189615464,27.9893273486136,0
                83.8172846016644,27.9894963306381,0
                83.8170355690177,27.9896562500001,0
                83.8166046888363,27.9896985521497,0
                83.8155105885848,27.9894939903775,0
                83.8153008661024,27.9895140477111,0
                83.8152711818129,27.9895771667432,0
                83.8153299639844,27.9907030659439,0
                83.8152903333794,27.9912242050709,0
                83.8153254973825,27.9921988682149,0
                83.8155773881237,27.9928083786836,0
                83.815827038394,27.9930389243238,0
                83.8170101136582,27.9938436207231,0
                83.8173373748322,27.9942005304313,0
                83.8178095437653,27.995141953478,0
                83.8179706915375,27.9960311250929,0
                83.8180092302533,27.996942730956,0
                83.8182317418433,27.9980055754934,0
                83.8179544597664,27.9983369159238,0
                83.8168995974371,27.9985136956729,0
                83.8165421421714,27.9986914870993,0
                83.8162234891677,27.9990633227209,0
                83.8162642907528,27.9993544221889,0
                83.816594668838,28.0001354821223,0
                83.8166178454564,28.0005213227596,0
                83.8167175071746,28.0011351432971,0
                83.816732494605,28.0016698448543,0
                83.8168571590248,28.0019791321102,0
                83.8170669995062,28.002268171252,0
                83.817388584996,28.0021016288743,0
                83.8179889483598,28.0018069147123,0
                83.8183115343243,28.0015817529707,0
                83.8185053248519,28.0014127711349,0
                83.8187651720515,28.0010543708273,0
                83.8190448892917,28.0008292076708,0
                83.8192166178204,28.0007368436737,0
                83.8197299907541,28.0005728039405,0
                83.8199006547331,28.000575244034,0
                83.8204132752623,28.0004880102053,0
                83.8208392798395,28.000533637614,0
                83.8209248315794,28.0005157034294,0
                83.8212650345524,28.0005793283562,0
                83.8215211254615,28.0005661457396,0
                83.8222847045796,28.0009033145476,0
                83.8226252197984,28.0009668769531,0
                83.8227958850674,28.0009490685247,0
                83.8232212008942,28.0010533783918,0
                83.8238182466506,28.0010428892067,0
                83.8244163556007,28.0009579059522,0
                83.8245022200336,28.0009219107715,0
                83.8248860443136,28.0008908572818,0
                83.8251216393888,28.0008166796342,0
                83.8257859318067,28.0005039064725,0
                83.826192504356,28.0003961724672,0
                83.8267895508343,28.0003675588516,0
                83.8277031209273,28.0001340321653,0
                83.8277056821472,28.0001340326672,0
                83.8281136944849,27.9999473058481,0
                83.8294450173509,27.9998925814209,0
                83.8300968700408,27.9997580416271,0
                83.8309357080662,27.9991431106251,0
                83.831162931838,27.9989290712011,0
                83.8314019045678,27.9987037198925,0
                83.831862351261,27.9982711413218,0
                83.8328264241069,27.9975841564402,0
                83.8339505310681,27.9971952095969,0
                83.8342888690537,27.9967940009872,0
                83.834963040369,27.9962285631627,0
                83.8357501963282,27.9956834992104,0
                83.8361199029618,27.9953635342926,0
                83.836263572396,27.9953027918743,0
                83.8366326461829,27.9953912273054,0
                83.8371292630843,27.995597091566,0
                83.8374992070451,27.9959382541919,0
                83.8377501047617,27.9962476675345,0
                83.8380719247977,27.9968481812032,0
                83.8385389784834,27.9973112093009,0
                83.8396528775149,27.9980276613665,0
                83.8412659569188,27.9988869214122,0
                83.8418719347162,27.9990658524183,0
                83.842422172131,27.9991454793678,0
                83.8429909080405,27.9991529246034,0
                83.8439430339398,27.9990163269591,0
                83.8448534130828,27.998963284293,0
                83.8449561515834,27.9988731060521,0
                83.8452806710163,27.9988215537935,0
                83.8457016190998,27.9986054546376,0
                83.8464947190432,27.9977174225119,0
                83.8465766455038,27.9977197989819,0
                83.8465800862915,27.9975280041354,0
                83.8466595125442,27.9975303173012,0
                83.8469342972859,27.9971155463371,0
                83.8479562337329,27.9965796738285,0
                83.8493959897275,27.9960488075201,0
                83.8494752940194,27.9959135076913,0
                83.8499301148107,27.9955733582285,0
                83.8510949748873,27.9948074465524,0
                83.8520987836276,27.9945063642363,0
                83.8522522641421,27.9944816194172,0
                83.8522766986136,27.9944816817657,0
                83.8529707317579,27.9943944506826,0
                83.8533444324285,27.9943564598169,0
                83.85343129782,27.9942820928515,0
                83.853694139394,27.9942079167729,0
                83.8551080959675,27.9931760945035,0
                83.8555674175616,27.9927500777193,0
                83.856261911112,27.9915980058623,0
                83.8563787743881,27.9914040873282,0
                83.8573659169387,27.990168715134,0
                83.8581060910956,27.9890257054484,0
                83.8583040748697,27.9885226917114,0
                83.8588474562977,27.9876907123557,0
                83.8589130106907,27.9876140953835,0
                83.8591634836799,27.9873165639866,0
              </coordinates>
            </LinearRing>
          </outerBoundaryIs>
        </Polygon>
      </Placemark>
      <Placemark id="GA_SYANGJA_Waling.10">
        <ExtendedData>
          <SchemaData schemaUrl="#GA_SYANGJA_Waling.schema">
            <SimpleData name="ogc_fid">3059</SimpleData>
            <SimpleData name="objectid_1">3060</SimpleData>
            <SimpleData name="dcode">39</SimpleData>
            <SimpleData name="district">SYANGJA</SimpleData>
            <SimpleData name="das">0</SimpleData>
            <SimpleData name="gapa_napa">Waling</SimpleData>
            <SimpleData name="type_gn">Nagarpalika</SimpleData>
            <SimpleData name="gn_code">11.000000000000000</SimpleData>
            <SimpleData name="new_ward_n">5</SimpleData>
            <SimpleData name="ddgnww">391104.999999999941792</SimpleData>
            <SimpleData name="center">Waling Bazar</SimpleData>
            <SimpleData name="state_code">4</SimpleData>
            <SimpleData name="ddgn">39011</SimpleData>
            <SimpleData name="area_sqkm">8.067731142440000</SimpleData>
            <SimpleData name="shape_leng">15803.733712699997341</SimpleData>
            <SimpleData name="shape_area">8067731.142439999617636</SimpleData>
            <SimpleData name="Province">GA</SimpleData>
            <SimpleData name="Address">Waling-5, SYANGJA, GA</SimpleData>
          </SchemaData>
        </ExtendedData>
        <Polygon>
          <outerBoundaryIs>
            <LinearRing>
              <coordinates>
                83.8246764744843,27.9807926728115,0
                83.8249928779805,27.9803982753221,0
                83.8250371862173,27.980332907494,0
                83.8251126782182,27.9801841094203,0
                83.8253086599065,27.9798008343128,0
                83.8257321273219,27.9786213857609,0
                83.8264742439801,27.9772099621784,0
                83.8268149026497,27.9763507958806,0
                83.8270483796839,27.9759539605666,0
                83.8276145163205,27.9747228308526,0
                83.8288325073185,27.9732623569834,0
                83.8295128134294,27.9721531558645,0
                83.8308793464309,27.9707469914947,0
                83.8311636253315,27.9705194543387,0
                83.8315739526489,27.9701905533949,0
                83.8318262368463,27.9699178938688,0
                83.8319188510912,27.9698097182825,0
                83.8321407698572,27.9692707699877,0
                83.8327178917746,27.9686803328582,0
                83.8331513489624,27.9679385938478,0
                83.833422891706,27.967131234037,0
                83.833472017027,27.9667973897921,0
                83.8334807804771,27.9660460831611,0
                83.8334777838423,27.9659197197206,0
                83.833428675022,27.9654255758458,0
                83.8335436717294,27.9648120085027,0
                83.8334210128322,27.9642117483022,0
                83.8334015937862,27.9634130078911,0
                83.833603009047,27.9631650956223,0
                83.8334451670009,27.9625579601795,0
                83.83345067254,27.9622714866789,0
                83.8337227715686,27.9617302900841,0
                83.8336222925576,27.9613940058047,0
                83.8336301059996,27.9612857037993,0
                83.8336622906559,27.9612045242292,0
                83.8340966801769,27.9606726413833,0
                83.8347301052698,27.9601815080428,0
                83.8350389419673,27.9600487753923,0
                83.8353487763566,27.9599995341435,0
                83.8357128029931,27.959375034544,0
                83.835893968655,27.959271421746,0
                83.8364293379228,27.9591141316801,0
                83.8371588096002,27.958778923035,0
                83.8372179268972,27.9587518638763,0
                83.8373868450468,27.9586053800136,0
                83.8375305781204,27.9584724573807,0
                83.8378168572046,27.9582065479846,0
                83.8383051735011,27.9578912713186,0
                83.838419597775,27.9578169674156,0
                83.839488649101,27.9574730160803,0
                83.8401847458606,27.9573294149341,0
                83.8405267629886,27.9573094844388,0
                83.8408114765689,27.957228620758,0
                83.8412143630627,27.9571162631563,0
                83.8423851533713,27.9566167641644,0
                83.8430172027378,27.9561954994545,0
                83.8434452116187,27.9560448947607,0
                83.8438209735787,27.9560520874473,0
                83.844030629252,27.9562463234206,0
                83.8441960436258,27.9562984460189,0
                83.8444372000644,27.9561971468573,0
                83.8446649874989,27.9559357360677,0
                83.8453927124585,27.9554469174557,0
                83.8457419817958,27.955275875476,0
                83.8458912155171,27.95510458081,0
                83.8458817910849,27.9545269451435,0
                83.8452962405807,27.9547022958575,0
                83.8449261049395,27.9545710511717,0
                83.844611338848,27.954365377334,0
                83.8441076654902,27.9539248470717,0
                83.8437091655196,27.9534122621661,0
                83.8433600913503,27.9532155242515,0
                83.8429562777633,27.9528766735008,0
                83.8418656188972,27.9524399457209,0
                83.8415153544662,27.9524057562654,0
                83.8408730641656,27.9524794265519,0
                83.8403841262764,27.9526232807674,0
                83.8398864978136,27.9529791780403,0
                83.83937593012,27.953542619885,0
                83.8387792390283,27.9545729539531,0
                83.838674116029,27.9551797724738,0
                83.8385373782363,27.9554977422123,0
                83.8384007026529,27.9558157109685,0
                83.8381742876422,27.9562012348555,0
                83.8377428979716,27.9566744975944,0
                83.8370642994802,27.9567797278553,0
                83.83562585866,27.9571931673479,0
                83.8348953294471,27.9572667745768,0
                83.834526005633,27.9571602784161,0
                83.8341383726361,27.9570492820582,0
                83.8335272114816,27.9567055539792,0
                83.8328501821428,27.9564227563754,0
                83.8326688321648,27.956399942735,0
                83.8319352402703,27.9565186702012,0
                83.8316758970011,27.9566672154093,0
                83.831572094236,27.9568430733208,0
                83.8311640168332,27.9572125951953,0
                83.8309000469693,27.9574514450225,0
                83.8305704638037,27.9575931766105,0
                83.8295844056422,27.9576979640424,0
                83.8287090816262,27.9578773719582,0
                83.8279384373754,27.9577613072576,0
                83.827287028012,27.957539442699,0
                83.8266276156406,27.9575611176011,0
                83.8254238939961,27.9579590003748,0
                83.8233392886111,27.958414363618,0
                83.8227389346894,27.9582691797491,0
                83.8225829595642,27.9580343236404,0
                83.8220684731608,27.9576772226415,0
                83.8218846905438,27.9573904333684,0
                83.8217200913542,27.9572368196926,0
                83.8211651086131,27.956949524677,0
                83.8211561841628,27.9563697018507,0
                83.8213380551987,27.9553095499143,0
                83.8211202733842,27.9552438029335,0
                83.8207637093921,27.954573295351,0
                83.82052286889,27.954460176626,0
                83.8196874199907,27.9543575480689,0
                83.8189852692623,27.9541264953168,0
                83.817803180574,27.9539286191385,0
                83.8175414028508,27.9539553626796,0
                83.817273123325,27.9541084074275,0
                83.8170131521266,27.9543810658795,0
                83.8165374598419,27.9546602212243,0
                83.8160851437006,27.9547385817532,0
                83.8151777022369,27.9547801883964,0
                83.8147991880462,27.9548947975367,0
                83.8131241611539,27.954908332219,0
                83.8126359136796,27.9549527584809,0
                83.8121739144005,27.954893444054,0
                83.8112149118286,27.9551674037225,0
                83.8100024472342,27.9552311914271,0
                83.8097916637456,27.9552038154501,0
                83.8094489627811,27.9550183265447,0
                83.8091539446583,27.9547945299769,0
                83.8086059015817,27.9543787466614,0
                83.8081054697638,27.9542944967436,0
                83.8078072567039,27.9544565393204,0
                83.8074897296435,27.9547696932094,0
                83.8071451401332,27.955299390738,0
                83.8057877980529,27.9565158215215,0
                83.8052271777677,27.9568895289383,0
                83.8049347777573,27.9569883898719,0
                83.8045110244742,27.9568547081256,0
                83.8040384626892,27.9568202035381,0
                83.8036871342288,27.9568535075139,0
                83.8026855131819,27.957120592679,0
                83.8013693768785,27.9570983868812,0
                83.8013793702293,27.9573668627331,0
                83.8014528515365,27.9578159479671,0
                83.8018494108932,27.9584144002958,0
                83.8018467851746,27.9584730821433,0
                83.8018292801109,27.9588566099388,0
                83.802024436514,27.9591275884774,0
                83.8021798508332,27.9592338933264,0
                83.8027675826358,27.9593430184246,0
                83.8031923329508,27.9595940646491,0
                83.8033422463406,27.9598176088222,0
                83.8035224626604,27.9602691339561,0
                83.803412630876,27.9619722901604,0
                83.8034749921874,27.9622770140549,0
                83.8036875194856,27.9626044876912,0
                83.8041666344546,27.9630473924501,0
                83.8049255855294,27.9635244862408,0
                83.8056849061478,27.9642836169715,0
                83.8059186799444,27.9646697729059,0
                83.8059431700084,27.9650037434538,0
                83.805831425715,27.9654841355913,0
                83.8056401302055,27.96588997083,0
                83.8050723186689,27.9665275920844,0
                83.8038431498403,27.9675344188568,0
                83.8030063649056,27.9686319936645,0
                83.8022133333068,27.9692580498558,0
                83.8016755263416,27.9694445870074,0
                83.8013943061316,27.9698547951041,0
                83.8008135040376,27.9701021389892,0
                83.8004833423326,27.971033424612,0
                83.8002133714955,27.9713805136171,0
                83.7997557426521,27.9714745602982,0
                83.7990987071321,27.9713878701192,0
                83.7988463611314,27.9716357190849,0
                83.7986129460606,27.9721091727733,0
                83.7984390826216,27.9726548707778,0
                83.7981722325976,27.9731824433057,0
                83.7978290841083,27.9735745280163,0
                83.7977193300384,27.9745038793564,0
                83.7973240492218,27.9755704639868,0
                83.7972627935714,27.9762449642356,0
                83.797311468937,27.9765383134753,0
                83.7975751133109,27.9769042223418,0
                83.7976957111361,27.9774526748774,0
                83.7976180850079,27.9780346204577,0
                83.7974213543126,27.9784156455462,0
                83.7975863053294,27.9797357783658,0
                83.7979726682984,27.9808869302483,0
                83.7981083871222,27.9815526849366,0
                83.7981826858004,27.9817287951798,0
                83.7983927102473,27.9822231912894,0
                83.7991545885275,27.9832193010136,0
                83.7996344563608,27.9834907210055,0
                83.8001785076355,27.9835682227345,0
                83.8007018761153,27.9834990501148,0
                83.8013054867476,27.9833171383383,0
                83.8020616432425,27.9829482463246,0
                83.8022737424446,27.9828266979882,0
                83.8025124650156,27.9825811610296,0
                83.8026276428746,27.982310562794,0
                83.8028536802319,27.982019904573,0
                83.8042568816365,27.981324615078,0
                83.8058595526899,27.9808350595318,0
                83.8063810506352,27.9805493433447,0
                83.8067673192589,27.9801911325353,0
                83.80697023467,27.9799003491893,0
                83.8073543195089,27.9793459053538,0
                83.8080534265251,27.9786948501531,0
                83.8091995964632,27.9781527295,0
                83.8103063269816,27.977989512358,0
                83.8107097727604,27.977996830237,0
                83.8110682225581,27.9781169500962,0
                83.8118646124904,27.9782872599686,0
                83.8124264137943,27.9782203368452,0
                83.8131121337339,27.9782776551953,0
                83.8140082001654,27.9783533499963,0
                83.8146735467499,27.9784625382861,0
                83.8153305210162,27.9784453625344,0
                83.8162753883449,27.978757974412,0
                83.8167773221685,27.9787337971732,0
                83.8170872795744,27.9787861094953,0
                83.8181307046678,27.9786769481604,0
                83.8186885710304,27.9784994729906,0
                83.8189797853242,27.9783667393034,0
                83.8191053319196,27.9783217460017,0
                83.8204291643776,27.9778564962385,0
                83.8211447574637,27.977764890567,0
                83.8216126947785,27.9777564617467,0
                83.8220995023135,27.9778880199536,0
                83.822307908554,27.9780574455482,0
                83.8224861910585,27.9783894182572,0
                83.8229183094456,27.9789200641649,0
                83.8233180621371,27.9792432283375,0
                83.8237880519402,27.9797627512012,0
                83.824408076866,27.9805983104724,0
                83.8246764744843,27.9807926728115,0
              </coordinates>
            </LinearRing>
          </outerBoundaryIs>
        </Polygon>
      </Placemark>
      <Placemark id="GA_SYANGJA_Waling.11">
        <ExtendedData>
          <SchemaData schemaUrl="#GA_SYANGJA_Waling.schema">
            <SimpleData name="ogc_fid">3061</SimpleData>
            <SimpleData name="objectid_1">3062</SimpleData>
            <SimpleData name="dcode">39</SimpleData>
            <SimpleData name="district">SYANGJA</SimpleData>
            <SimpleData name="das">0</SimpleData>
            <SimpleData name="gapa_napa">Waling</SimpleData>
            <SimpleData name="type_gn">Nagarpalika</SimpleData>
            <SimpleData name="gn_code">11.000000000000000</SimpleData>
            <SimpleData name="new_ward_n">7</SimpleData>
            <SimpleData name="ddgnww">391107.000000000058208</SimpleData>
            <SimpleData name="center">Waling Bazar</SimpleData>
            <SimpleData name="state_code">4</SimpleData>
            <SimpleData name="ddgn">39011</SimpleData>
            <SimpleData name="area_sqkm">10.226024954200000</SimpleData>
            <SimpleData name="shape_leng">16716.374536700001045</SimpleData>
            <SimpleData name="shape_area">10226024.954199999570847</SimpleData>
            <SimpleData name="Province">GA</SimpleData>
            <SimpleData name="Address">Waling-7, SYANGJA, GA</SimpleData>
          </SchemaData>
        </ExtendedData>
        <Polygon>
          <outerBoundaryIs>
            <LinearRing>
              <coordinates>
                83.8013693768785,27.9570983868812,0
                83.8026855131819,27.957120592679,0
                83.8036871342288,27.9568535075139,0
                83.8040384626892,27.9568202035381,0
                83.8045110244742,27.9568547081256,0
                83.8049347777573,27.9569883898719,0
                83.8052271777677,27.9568895289383,0
                83.8057877980529,27.9565158215215,0
                83.8071451401332,27.955299390738,0
                83.8074897296435,27.9547696932094,0
                83.8078072567039,27.9544565393204,0
                83.8081054697638,27.9542944967436,0
                83.8086059015817,27.9543787466614,0
                83.8091539446583,27.9547945299769,0
                83.8094489627811,27.9550183265447,0
                83.8097916637456,27.9552038154501,0
                83.8100024472342,27.9552311914271,0
                83.8112149118286,27.9551674037225,0
                83.8121739144005,27.954893444054,0
                83.8126359136796,27.9549527584809,0
                83.8131241611539,27.954908332219,0
                83.8147991880462,27.9548947975367,0
                83.8151777022369,27.9547801883964,0
                83.8160851437006,27.9547385817532,0
                83.8165374598419,27.9546602212243,0
                83.8170131521266,27.9543810658795,0
                83.817273123325,27.9541084074275,0
                83.8175414028508,27.9539553626796,0
                83.817803180574,27.9539286191385,0
                83.8189852692623,27.9541264953168,0
                83.8196874199907,27.9543575480689,0
                83.82052286889,27.954460176626,0
                83.8207637093921,27.954573295351,0
                83.8211202733842,27.9552438029335,0
                83.8213380551987,27.9553095499143,0
                83.82136593041,27.9551471283076,0
                83.8213772507873,27.9546485483293,0
                83.8213095841149,27.9540708492928,0
                83.8213964528905,27.9537866890584,0
                83.8217319767148,27.9534983449841,0
                83.8218470282839,27.9532638684221,0
                83.8225210247092,27.9520757360412,0
                83.8230254785135,27.9510272143495,0
                83.8231661513192,27.9508266093872,0
                83.8234707514416,27.9500328116009,0
                83.8235168789677,27.9495839150689,0
                83.8237862968692,27.9487404328139,0
                83.8243353671013,27.9478070890032,0
                83.8247061997518,27.9474623753617,0
                83.8258607386359,27.9471750450216,0
                83.8260563407476,27.9470128749091,0
                83.8264379172815,27.9468982663892,0
                83.8266691363026,27.946896269932,0
                83.8269619121185,27.9467432888407,0
                83.8271948209946,27.9466307402282,0
                83.8274062322989,27.9465272530384,0
                83.8271569821914,27.9450874420179,0
                83.8271472547643,27.9439977275363,0
                83.8273762320185,27.9436076416165,0
                83.8279962256193,27.942951897855,0
                83.8287169516987,27.9424519544321,0
                83.8290675410383,27.9418545136934,0
                83.829383451603,27.9410810266024,0
                83.8293913328804,27.9407223089981,0
                83.8291168265477,27.9397833896361,0
                83.8290469725487,27.9391899422289,0
                83.8288069549877,27.938535372851,0
                83.8287613376245,27.9384495669984,0
                83.8286299849588,27.9382034623393,0
                83.8275690259157,27.9369883050818,0
                83.8273230064085,27.9365254688687,0
                83.8272767682368,27.9362434312088,0
                83.8275758215968,27.9346892639167,0
                83.8275528933754,27.9343621048367,0
                83.827621525875,27.9335161828521,0
                83.827579538625,27.9331573393724,0
                83.8272185366707,27.9325499516194,0
                83.8270776325988,27.9318481999576,0
                83.8272156593367,27.9295424729729,0
                83.8273644580623,27.9292290660266,0
                83.8278711474677,27.9288912922816,0
                83.828717731052,27.9284569077988,0
                83.8301035546133,27.9279847850071,0
                83.8306502390201,27.9276267626911,0
                83.8310904965324,27.9274558480722,0
                83.8311646746486,27.9273994794715,0
                83.8313617758865,27.9272508085484,0
                83.8327374323183,27.9258875158654,0
                83.8338321770782,27.9250946671008,0
                83.8345151559389,27.9247164617617,0
                83.8361911888821,27.9243665830073,0
                83.8365147702883,27.9243736493424,0
                83.8370498875853,27.9243021018606,0
                83.837906147391,27.9243414248059,0
                83.838281033345,27.9244208606754,0
                83.8384153284287,27.9244007397208,0
                83.838462829103,27.9240533344727,0
                83.8384225864282,27.923807350855,0
                83.8378170056005,27.9227936172151,0
                83.8373563307048,27.9221342508904,0
                83.8361664450103,27.9207836547487,0
                83.8352901440068,27.9201238270676,0
                83.8344584471516,27.9194166269396,0
                83.8342794537472,27.9194877558417,0
                83.8339999983931,27.9195988161477,0
                83.8337793109638,27.919826429901,0
                83.8337792895877,27.919826456047,0
                83.8334193884075,27.9203742745556,0
                83.8332422867046,27.9205274490963,0
                83.8329223499196,27.9206646912602,0
                83.8326477788806,27.920858462742,0
                83.8326096102823,27.9208854021112,0
                83.8326095838464,27.9208854147137,0
                83.8322569834102,27.9209955414403,0
                83.8313351042257,27.9210982001708,0
                83.8311648546124,27.9211453642171,0
                83.830691243203,27.9212733871107,0
                83.830411714943,27.9215483046719,0
                83.8302672226252,27.9216090508394,0
                83.8299758859787,27.9216899095915,0
                83.8298066569706,27.9216851720067,0
                83.8297725848118,27.9217595947314,0
                83.829412722441,27.9218223253579,0
                83.8292016475911,27.9217882156718,0
                83.8292016110241,27.9217882093092,0
                83.8286286918035,27.9216927579912,0
                83.8283051078227,27.921721686322,0
                83.827565319526,27.9221246007006,0
                83.8273098786056,27.9226206478133,0
                83.8273098481031,27.9226206613122,0
                83.8264545574227,27.9229850742274,0
                83.8261352451935,27.9229214957916,0
                83.8257451150387,27.9228443053048,0
                83.825692574236,27.9228243600703,0
                83.8256496189708,27.9228080711322,0
                83.8253636005964,27.9229769196882,0
                83.8245290778003,27.9234406703213,0
                83.8240483778471,27.9238235717534,0
                83.8237654688885,27.924407568954,0
                83.823376717831,27.9246642837048,0
                83.8232580356686,27.9246280325881,0
                83.8231695115448,27.9239939187502,0
                83.8230072975621,27.9239801760384,0
                83.8226824542186,27.9241998667067,0
                83.822467888632,27.9243449885211,0
                83.8211198014131,27.9256518541215,0
                83.8209857881888,27.9257373453579,0
                83.8209045843263,27.9257891608107,0
                83.8207165587342,27.9260169383575,0
                83.8206720391807,27.9260708707817,0
                83.8206720249186,27.926070893325,0
                83.8203895957865,27.9267360955749,0
                83.8203386386089,27.9269254281539,0
                83.8201832648494,27.9275029841635,0
                83.8198834805771,27.927879319309,0
                83.8195506405103,27.9281157878471,0
                83.8193449781327,27.9284381409871,0
                83.8191064410592,27.9290515139098,0
                83.8190648262799,27.9292477458743,0
                83.819007511988,27.9295364650163,0
                83.8189796583679,27.9296763069555,0
                83.8189516002265,27.9301845653734,0
                83.8189276108966,27.9306193146951,0
                83.8187556249736,27.931117703791,0
                83.8185699672705,27.9314355939422,0
                83.8182904425805,27.9316743829622,0
                83.8179730685472,27.9316843215128,0
                83.8175997734555,27.9316960118817,0
                83.8174398861802,27.9317860372058,0
                83.8171160231368,27.9319684075296,0
                83.8165905713792,27.9321633527293,0
                83.8161345250798,27.9323325589718,0
                83.8159719869779,27.9323299972557,0
                83.8158233765201,27.9323276669575,0
                83.8154800516872,27.9323207953332,0
                83.8152171971863,27.9323155424855,0
                83.8147154036383,27.9321704792738,0
                83.8142950302992,27.9321383383235,0
                83.8140898811986,27.9320949297516,0
                83.8137690672976,27.9320270654877,0
                83.812636063708,27.9316758113437,0
                83.8123503408731,27.9316483590364,0
                83.8118226234377,27.9314355592385,0
                83.8110441793864,27.9307982405816,0
                83.8105341315112,27.9303011970661,0
                83.810121651854,27.9297613971552,0
                83.8101216285279,27.9297613718538,0
                83.8096908224327,27.9293614626746,0
                83.8095873540651,27.9291673524523,0
                83.8094585366342,27.928925691073,0
                83.8092871068464,27.9286985626254,0
                83.8091227262324,27.9284807734762,0
                83.809019884512,27.9283849879172,0
                83.8088073044982,27.9281870211069,0
                83.8086586165117,27.9282274240262,0
                83.8084113841163,27.9285248958369,0
                83.8082680770639,27.928768368142,0
                83.8081062260816,27.9289080420063,0
                83.8080139861249,27.9289868526091,0
                83.8078652066696,27.9289839629962,0
                83.8076395999601,27.9289795914798,0
                83.8074297269562,27.9289187595375,0
                83.8073657500321,27.9289002190504,0
                83.8068004730046,27.9285346168678,0
                83.8062680485314,27.9281902657429,0
                83.8061556310761,27.928187827028,0
                83.8057520632906,27.9283587369954,0
                83.8052424951728,27.9283174260461,0
                83.8050020886234,27.928177178505,0
                83.8047373608109,27.9275924488748,0
                83.8045129219325,27.9274003743337,0
                83.8045128985969,27.9274003553487,0
                83.8040986401243,27.9275148318453,0
                83.8031852689853,27.9281362275652,0
                83.8025340418254,27.9284692449226,0
                83.8020167936859,27.9288362051415,0
                83.8020167631522,27.9288362330742,0
                83.8009323564803,27.9300733094074,0
                83.8003887309938,27.9304222263744,0
                83.7992338693313,27.9304295751531,0
                83.7985818459514,27.9301488509181,0
                83.7975478062843,27.9299330287054,0
                83.797080237066,27.9299774506005,0
                83.7963943185842,27.9301772361971,0
                83.7956499759823,27.9307063198899,0
                83.7953889624086,27.9312045517997,0
                83.7953889450906,27.9312045752382,0
                83.7945992265252,27.9320584786259,0
                83.7944085412164,27.9324868683706,0
                83.7941855567669,27.9335491542003,0
                83.7942087237546,27.9340388040909,0
                83.7940153766178,27.9348484791054,0
                83.7939462683904,27.9355110936273,0
                83.7939367983049,27.9356019022133,0
                83.7939367992679,27.9356019301913,0
                83.7939871899761,27.9358185992372,0
                83.7940364728897,27.9360290377556,0
                83.7940807563775,27.9362180901695,0
                83.7940975541018,27.9364740060606,0
                83.7941180904745,27.9367866937739,0
                83.7941315375115,27.9371431505751,0
                83.7941383552469,27.9373236907852,0
                83.7940596695972,27.9382869683635,0
                83.793957050269,27.9385169508734,0
                83.7937834784413,27.9385821137581,0
                83.7937834458995,27.9385821263439,0
                83.7939656691067,27.9387876766139,0
                83.7943629246502,27.9389597297016,0
                83.7949334024152,27.9394231970955,0
                83.7950100752189,27.939644365706,0
                83.794955203745,27.939824723717,0
                83.7946829825508,27.9401740628136,0
                83.7940656182213,27.9406717577932,0
                83.7930051104426,27.9418840064867,0
                83.7925406602947,27.9425014436073,0
                83.7924385963957,27.9432616233573,0
                83.7921420653012,27.9436943916751,0
                83.7911629884913,27.9446900990681,0
                83.7905431873864,27.9451449230624,0
                83.7902467150428,27.9457311149638,0
                83.7902348934168,27.9462590048212,0
                83.7903631795199,27.946757836497,0
                83.7905890772461,27.9472048623435,0
                83.7916335930897,27.9488557293049,0
                83.7917912507916,27.9492778806408,0
                83.7916803174872,27.9498169554364,0
                83.7911078659602,27.9512126956331,0
                83.7909135736947,27.9515033535218,0
                83.7910599913532,27.9515261664069,0
                83.7913963148464,27.9518402677304,0
                83.7916175274548,27.9522557342521,0
                83.792115822175,27.9529198067139,0
                83.792711231153,27.9534734533039,0
                83.7931333561414,27.9537877444975,0
                83.7941002179332,27.9542404061905,0
                83.7953269268176,27.9543686009796,0
                83.7966445565095,27.9547089656456,0
                83.7978313955279,27.9547762285587,0
                83.7990994086441,27.9550554729253,0
                83.7992726338871,27.9551369684719,0
                83.7993680554804,27.9552702079971,0
                83.7994009255437,27.9553177040306,0
                83.7995387119373,27.9557126710688,0
                83.7994765897446,27.9559652723344,0
                83.7996408600349,27.956978558111,0
                83.7995698642633,27.9572379086392,0
                83.7995367431239,27.9572874654127,0
                83.7996136079438,27.9572898416313,0
                83.7996954704612,27.9573350263891,0
                83.7999557475726,27.9573670905459,0
                83.80041137933,27.9571443670213,0
                83.8006989039049,27.9570861269006,0
                83.8013693768785,27.9570983868812,0
              </coordinates>
            </LinearRing>
          </outerBoundaryIs>
        </Polygon>
      </Placemark>
      <Placemark id="GA_SYANGJA_Waling.12">
        <ExtendedData>
          <SchemaData schemaUrl="#GA_SYANGJA_Waling.schema">
            <SimpleData name="ogc_fid">3063</SimpleData>
            <SimpleData name="objectid_1">3064</SimpleData>
            <SimpleData name="dcode">39</SimpleData>
            <SimpleData name="district">SYANGJA</SimpleData>
            <SimpleData name="das">0</SimpleData>
            <SimpleData name="gapa_napa">Waling</SimpleData>
            <SimpleData name="type_gn">Nagarpalika</SimpleData>
            <SimpleData name="gn_code">11.000000000000000</SimpleData>
            <SimpleData name="new_ward_n">10</SimpleData>
            <SimpleData name="ddgnww">391110.000000000000000</SimpleData>
            <SimpleData name="center">Waling Bazar</SimpleData>
            <SimpleData name="state_code">4</SimpleData>
            <SimpleData name="ddgn">39011</SimpleData>
            <SimpleData name="area_sqkm">7.743191594790000</SimpleData>
            <SimpleData name="shape_leng">16504.728965499998594</SimpleData>
            <SimpleData name="shape_area">7743191.594789999537170</SimpleData>
            <SimpleData name="Province">GA</SimpleData>
            <SimpleData name="Address">Waling-10, SYANGJA, GA</SimpleData>
          </SchemaData>
        </ExtendedData>
        <Polygon>
          <outerBoundaryIs>
            <LinearRing>
              <coordinates>
                83.7633039257011,27.9779370274661,0
                83.7650507683843,27.9772383061219,0
                83.7677548606115,27.9764509822901,0
                83.768955205048,27.9762025859751,0
                83.7714819319549,27.9760759497927,0
                83.7721034156623,27.9758671659792,0
                83.7723091527801,27.9751364847416,0
                83.7731076341555,27.9738269911611,0
                83.7735109725809,27.9729613253204,0
                83.7737447717913,27.9720525367827,0
                83.773755655003,27.9715537698352,0
                83.7735705622271,27.9712061104105,0
                83.7733397224375,27.970991376075,0
                83.7727811800275,27.9706002156669,0
                83.7719162544291,27.9695382976558,0
                83.7714949434931,27.9691337655776,0
                83.7709822017336,27.9689930202871,0
                83.7702819818382,27.9690776260226,0
                83.7692002526965,27.9689855549627,0
                83.7673214429079,27.968955341194,0
                83.7660829179102,27.9691021208663,0
                83.7653480735245,27.9693287139699,0
                83.7627881571537,27.9697620721659,0
                83.7620471921946,27.9698442400369,0
                83.7599136029378,27.9698315199735,0
                83.7582377045525,27.9696909444618,0
                83.7576356631022,27.969570320585,0
                83.7559032781327,27.9691250211001,0
                83.7549803485941,27.968649612388,0
                83.7548140057431,27.9681710281474,0
                83.7547928907837,27.9678077477845,0
                83.7549846939531,27.9669981367816,0
                83.7551772359137,27.9667007294146,0
                83.7557098609927,27.9662977121693,0
                83.7562353558313,27.966131735053,0
                83.7572076015769,27.9661176264588,0
                83.7579356262012,27.9662497510488,0
                83.7592488808507,27.9666266128859,0
                83.7595826478714,27.9666700517566,0
                83.7597886212462,27.966611747658,0
                83.7603097478042,27.9662042920335,0
                83.7601929708979,27.9651730091321,0
                83.7599290181724,27.9645836834135,0
                83.7594613440872,27.9639105493868,0
                83.758180978112,27.9626380815821,0
                83.7577534215146,27.96208681243,0
                83.757634753294,27.9618858284792,0
                83.7580226426766,27.961719600114,0
                83.759054019926,27.9609633091108,0
                83.7600852068528,27.9603288833384,0
                83.761489108031,27.9590024005699,0
                83.7621512178738,27.9584710835154,0
                83.7632307782795,27.9576066165298,0
                83.7638878859538,27.9571812904955,0
                83.7647903318077,27.9569955712428,0
                83.7653920716525,27.9566085531771,0
                83.7662169165753,27.9557210211713,0
                83.7659791391796,27.9555310973951,0
                83.7655595112742,27.9553792292372,0
                83.7651536899717,27.9553717860788,0
                83.7646399509394,27.9551679213709,0
                83.7642555667253,27.9550408641517,0
                83.7639399851413,27.9549839272769,0
                83.7631795234665,27.9550570338439,0
                83.7626595903309,27.9551960133446,0
                83.7607815849226,27.9554838328663,0
                83.7601804157252,27.9554737611857,0
                83.759661920696,27.9555495592145,0
                83.7589996951436,27.9556747248907,0
                83.7581529899019,27.9559553109176,0
                83.7577178610755,27.955947741987,0
                83.7571767489732,27.9557843734631,0
                83.7565526505964,27.9555080135351,0
                83.7560953378558,27.9554485120672,0
                83.7556175221754,27.9556777960466,0
                83.7552945025361,27.9556727919476,0
                83.7547973230342,27.9554710525536,0
                83.7539195066172,27.9553024910048,0
                83.7532230377033,27.9552899813212,0
                83.7516329908382,27.9557428530452,0
                83.751417954317,27.9558958984586,0
                83.7512101690638,27.955915830323,0
                83.7505170842026,27.9553979295827,0
                83.7497964363075,27.9551236301531,0
                83.7491461474261,27.9551766152507,0
                83.7479624840929,27.9556143697343,0
                83.7478418736453,27.9556818617239,0
                83.7468464337429,27.9562372960942,0
                83.7455226625309,27.9567853507391,0
                83.7435070455595,27.9573568921094,0
                83.7427447636383,27.9577638430277,0
                83.7420799065148,27.9581935438273,0
                83.7419802958988,27.9581549834132,0
                83.7416559663648,27.9580348642921,0
                83.7407079718715,27.9578661147775,0
                83.7399166410455,27.9578059199803,0
                83.739351783299,27.9575905557273,0
                83.7390585147561,27.9573869445251,0
                83.7390276454898,27.9572717666644,0
                83.7392076999147,27.9564982775728,0
                83.7391876421893,27.9563651016001,0
                83.7391142176402,27.9562499234184,0
                83.7387783916553,27.9560416870177,0
                83.7385998599876,27.9556735926308,0
                83.7383755355201,27.954644369613,0
                83.7382729283623,27.9544072647731,0
                83.7377546370914,27.9537271929849,0
                83.7369944948733,27.9533963356024,0
                83.7350295783584,27.95295940735,0
                83.7348958392992,27.9533426831772,0
                83.7349188208273,27.9541098012548,0
                83.7345922255599,27.9547905466458,0
                83.7343667506681,27.9550428335128,0
                83.7330819714582,27.9557239391396,0
                83.7326418361496,27.9560637762467,0
                83.732401486342,27.9564243023293,0
                83.7321253947708,27.9565839708283,0
                83.7317082602805,27.9567658858219,0
                83.7314582930217,27.9567835054014,0
                83.7297706346769,27.9572426243109,0
                83.7290464165381,27.9573811005756,0
                83.7280321070741,27.9577198038675,0
                83.7276864603719,27.9579875873609,0
                83.7276492102456,27.9582898717143,0
                83.7272336371245,27.9584717860471,0
                83.7271989538276,27.9584874716261,0
                83.7254019419905,27.9585921838534,0
                83.72513759159,27.9591444425702,0
                83.724834499354,27.9595431511314,0
                83.7247401944118,27.9597889399644,0
                83.7241768301443,27.9598780485536,0
                83.7241058936162,27.9602975097066,0
                83.7242323701994,27.9606474796959,0
                83.7244854539388,27.9610315734421,0
                83.7247217211744,27.9616840808643,0
                83.7249872886033,27.9627946719824,0
                83.7249498465509,27.9632908763448,0
                83.7253570925785,27.9638873291811,0
                83.7257312220691,27.9642851114506,0
                83.7261797203489,27.964529721171,0
                83.7268674991904,27.9647409008109,0
                83.7274674022444,27.9655610856979,0
                83.7290406739803,27.966430531215,0
                83.729813185767,27.9669396849114,0
                83.7303711631698,27.9674980811352,0
                83.7309945711502,27.967923427411,0
                83.731329516837,27.9683820782806,0
                83.7316084748757,27.9686059994581,0
                83.7326494517252,27.9690908473713,0
                83.734480572656,27.9695185867954,0
                83.7350134324122,27.9698445034628,0
                83.7354077350499,27.970844732027,0
                83.7354984591493,27.9715420446909,0
                83.7353042230481,27.9721485494919,0
                83.7351929850735,27.9722792232446,0
                83.7347254174492,27.9725513166576,0
                83.7345299371957,27.9728600358313,0
                83.7344014437299,27.9734351060159,0
                83.7343982461528,27.973956246744,0
                83.7355267812887,27.9740080724135,0
                83.7366014479201,27.9741342027836,0
                83.7389923742294,27.9743124744173,0
                83.7393561389214,27.9742974187661,0
                83.739558986005,27.9743361683979,0
                83.7396239754256,27.9744062250502,0
                83.740381059655,27.9744978542051,0
                83.7426913753265,27.9745180759446,0
                83.7432946681349,27.9746138893181,0
                83.7437937807523,27.9749916132661,0
                83.7443263221271,27.9756108153495,0
                83.746033938891,27.9771526401471,0
                83.7464303827383,27.9773045700201,0
                83.7471041671687,27.9773102675292,0
                83.747841509092,27.9771424191543,0
                83.7478971268936,27.9771289841441,0
                83.7482234021659,27.9768475764838,0
                83.7487802074275,27.9766094200692,0
                83.7488980057049,27.9765058681428,0
                83.7489541827058,27.9766616680661,0
                83.7488461262211,27.9770946268125,0
                83.7486595199953,27.977412407743,0
                83.7486548909734,27.977624513217,0
                83.7490089010604,27.9778688091244,0
                83.7493834767692,27.9778469421726,0
                83.7504674711039,27.9770998396538,0
                83.7516691966919,27.9765582820103,0
                83.7522938676097,27.9763541230966,0
                83.7529532805862,27.976256017102,0
                83.7534987077185,27.9762660245905,0
                83.7536201247348,27.9764941311501,0
                83.7535095682038,27.9769158408813,0
                83.7536284824206,27.9772973083845,0
                83.7541593382244,27.9778329555802,0
                83.7547813081069,27.9782921115685,0
                83.7552637971268,27.9787396411266,0
                83.7556131852463,27.9789050068337,0
                83.7563808916989,27.9790733160055,0
                83.757238780566,27.9788785342713,0
                83.7578049585821,27.9786944975476,0
                83.7589318743344,27.9785024699403,0
                83.7599159318584,27.9784004319461,0
                83.7602894443906,27.9784303727248,0
                83.7615657123741,27.9783469008919,0
                83.762329239471,27.9781338690685,0
                83.7631939394879,27.9779819595415,0
                83.7633039257011,27.9779370274661,0
              </coordinates>
            </LinearRing>
          </outerBoundaryIs>
        </Polygon>
      </Placemark>
      <Placemark id="GA_SYANGJA_Waling.13">
        <ExtendedData>
          <SchemaData schemaUrl="#GA_SYANGJA_Waling.schema">
            <SimpleData name="ogc_fid">3075</SimpleData>
            <SimpleData name="objectid_1">3076</SimpleData>
            <SimpleData name="dcode">39</SimpleData>
            <SimpleData name="district">SYANGJA</SimpleData>
            <SimpleData name="das">0</SimpleData>
            <SimpleData name="gapa_napa">Waling</SimpleData>
            <SimpleData name="type_gn">Nagarpalika</SimpleData>
            <SimpleData name="gn_code">11.000000000000000</SimpleData>
            <SimpleData name="new_ward_n">1</SimpleData>
            <SimpleData name="ddgnww">391100.999999999941792</SimpleData>
            <SimpleData name="center">Waling Bazar</SimpleData>
            <SimpleData name="state_code">4</SimpleData>
            <SimpleData name="ddgn">39011</SimpleData>
            <SimpleData name="area_sqkm">3.942192523520000</SimpleData>
            <SimpleData name="shape_leng">9580.648264619998372</SimpleData>
            <SimpleData name="shape_area">3942192.523519999813288</SimpleData>
            <SimpleData name="Province">GA</SimpleData>
            <SimpleData name="Address">Waling-1, SYANGJA, GA</SimpleData>
          </SchemaData>
        </ExtendedData>
        <Polygon>
          <outerBoundaryIs>
            <LinearRing>
              <coordinates>
                83.7918132683817,27.9983539402619,0
                83.791975444475,27.9978194285055,0
                83.7919962792078,27.9965470441234,0
                83.7924194995472,27.9952097965886,0
                83.7924830035877,27.9945759174031,0
                83.7922776657709,27.9941153309892,0
                83.7913944247516,27.9933017663926,0
                83.7908195069853,27.9930346559364,0
                83.790552236567,27.9927454278514,0
                83.790368769109,27.9923526485364,0
                83.7903068472353,27.9919825554327,0
                83.7904418380555,27.9915179750457,0
                83.7904482790427,27.9913059314712,0
                83.7910292063087,27.9910585886028,0
                83.7911473811914,27.9909121035273,0
                83.7906503268796,27.9906767418536,0
                83.7896794616392,27.9904564341756,0
                83.7895021718862,27.990460618396,0
                83.7889403721547,27.9904756082356,0
                83.7881286647134,27.9906638285369,0
                83.7863353367139,27.9909408373141,0
                83.7858515908754,27.9908407761625,0
                83.7851949985729,27.9904652998441,0
                83.7848340561537,27.9900022110399,0
                83.7845828552908,27.9891963430303,0
                83.784631171651,27.9886685160352,0
                83.7848375312098,27.9880844475663,0
                83.7850290775546,27.9876267418689,0
                83.7854012892353,27.9870384887436,0
                83.786104774625,27.9862048253605,0
                83.7876260354696,27.9848444724733,0
                83.7886872798743,27.9842662282882,0
                83.7888684438658,27.9842146112352,0
                83.7869633726785,27.9817728018394,0
                83.7862906153694,27.9804135397647,0
                83.7856077211154,27.9796882825343,0
                83.7848672014676,27.9793757358564,0
                83.7845325629608,27.9791428141679,0
                83.7841606739073,27.9792234890244,0
                83.7837571638535,27.9792589168839,0
                83.7832407338357,27.9792220371695,0
                83.7818626627395,27.9795063649342,0
                83.7806944298309,27.9802107204519,0
                83.7804000911983,27.980338828484,0
                83.7781736324934,27.9807030109829,0
                83.7770107233382,27.9808004216335,0
                83.7760999670279,27.9809319572369,0
                83.7756685850261,27.9810531898458,0
                83.7755834085611,27.9810778740692,0
                83.7751807070701,27.9813163457972,0
                83.7749696058097,27.9815596331897,0
                83.7749108603845,27.9817084931291,0
                83.7748610524422,27.9818324813451,0
                83.7750042548493,27.9832382936745,0
                83.7749916929645,27.9833194740327,0
                83.7749594457429,27.9833849048905,0
                83.7744735002874,27.9839368476568,0
                83.7737381464643,27.984655333303,0
                83.7732226478616,27.9849139270405,0
                83.772859943899,27.9850239109244,0
                83.7725193009081,27.985054902587,0
                83.771358459234,27.9848995862943,0
                83.7708546497632,27.9850385655298,0
                83.7707391638397,27.9851083698891,0
                83.7705151877885,27.9854103393775,0
                83.7703275224559,27.9855092645295,0
                83.7715650903338,27.986343896675,0
                83.7716653861189,27.9865493797215,0
                83.7715402753531,27.9866574304516,0
                83.7712221922609,27.9866839855428,0
                83.7688150829177,27.9863573520795,0
                83.7685263062784,27.9865125203842,0
                83.7683155813447,27.986692626454,0
                83.7682109033029,27.9869157914384,0
                83.7682885094859,27.9873017581735,0
                83.7692750991971,27.9887405812884,0
                83.769862998494,27.9898651756143,0
                83.7700001636801,27.990063909678,0
                83.7701313326354,27.9900979712939,0
                83.7701015218232,27.9902039616348,0
                83.7703815350773,27.9907887878838,0
                83.770642673401,27.9915269752683,0
                83.7706847915978,27.9915744093999,0
                83.770905694667,27.9918229527154,0
                83.7716273247671,27.9929816086717,0
                83.771982259555,27.9938620975727,0
                83.7723336413266,27.9943386848151,0
                83.7726345355745,27.9944813636127,0
                83.7741008307133,27.99492815931,0
                83.7752449179864,27.9953993842581,0
                83.7760953629594,27.9955948179405,0
                83.7768351336148,27.99585318044,0
                83.7770758471371,27.9960769147109,0
                83.7771501453283,27.9962665863044,0
                83.7772782355121,27.9971670061293,0
                83.7773863380667,27.9975867822978,0
                83.7773840601481,27.9990104659399,0
                83.7776378160361,28.0001344312981,0
                83.7776423122387,28.000276542753,0
                83.7778507788644,28.0005679576106,0
                83.77791426912,28.0006063921946,0
                83.7780372463559,28.0009156790603,0
                83.7782042202039,28.0011483483818,0
                83.7783005070329,28.0017644186234,0
                83.7782914354233,28.0023013698426,0
                83.77832967532,28.0025518480508,0
                83.7785832000215,28.0027282733605,0
                83.7790881231976,28.0031781156079,0
                83.779470069493,28.0033388568413,0
                83.779594485455,28.003571400199,0
                83.7796576005882,28.003627959287,0
                83.7799107513471,28.0038065718125,0
                83.7800366693035,28.0039421243331,0
                83.7804387358754,28.0041796709769,0
                83.7806692621389,28.0044327142897,0
                83.7810500821669,28.0046499505716,0
                83.7811763130176,28.0047651926706,0
                83.782129925699,28.0052427892662,0
                83.7822561570833,28.0053399694346,0
                83.7828300133508,28.0055213998456,0
                83.7834701774545,28.0055697806166,0
                83.7843036282541,28.0055642943209,0
                83.7844947891625,28.0056232919256,0
                83.7846231465297,28.0056257311698,0
                83.7848777979649,28.005725414039,0
                83.7851764456609,28.00575060392,0
                83.7854350382937,28.0056202448516,0
                83.7858693012844,28.0052035393967,0
                83.7859587311305,28.0049758110057,0
                83.7859626726348,28.0047456446011,0
                83.7860297300933,28.0045720361654,0
                83.7861386557032,28.0044413624071,0
                83.7862255826745,28.0043647451328,0
                83.7864830495537,28.0042930061361,0
                83.7865185470315,28.0041960151629,0
                83.7865728549466,28.0040449671127,0
                83.7868350145226,28.0037024396916,0
                83.787287646356,28.0034594691171,0
                83.7878076477255,28.0030451398008,0
                83.7884543179981,28.0027099308489,0
                83.7892279071852,28.0024336555272,0
                83.7895021235434,28.0022648623957,0
                83.7898985128136,28.0020217654248,0
                83.7904020831879,28.0013953299077,0
                83.7905780032164,28.001109108988,0
                83.7907737959519,28.0007687054225,0
                83.7910371486736,28.0001418908562,0
                83.7910095275767,28.0001328287765,0
                83.7910204027171,28.000069647749,0
                83.7912624377386,27.9997812395154,0
                83.7914586698821,27.999368654894,0
                83.791545169338,27.9988295807104,0
                83.7917053425451,27.998471115763,0
                83.7918132683817,27.9983539402619,0
              </coordinates>
            </LinearRing>
          </outerBoundaryIs>
        </Polygon>
      </Placemark>
      <Placemark id="GA_SYANGJA_Waling.14">
        <ExtendedData>
          <SchemaData schemaUrl="#GA_SYANGJA_Waling.schema">
            <SimpleData name="ogc_fid">3076</SimpleData>
            <SimpleData name="objectid_1">3077</SimpleData>
            <SimpleData name="dcode">39</SimpleData>
            <SimpleData name="district">SYANGJA</SimpleData>
            <SimpleData name="das">0</SimpleData>
            <SimpleData name="gapa_napa">Waling</SimpleData>
            <SimpleData name="type_gn">Nagarpalika</SimpleData>
            <SimpleData name="gn_code">11.000000000000000</SimpleData>
            <SimpleData name="new_ward_n">2</SimpleData>
            <SimpleData name="ddgnww">391102.000000000000000</SimpleData>
            <SimpleData name="center">Waling Bazar</SimpleData>
            <SimpleData name="state_code">4</SimpleData>
            <SimpleData name="ddgn">39011</SimpleData>
            <SimpleData name="area_sqkm">4.429209038260000</SimpleData>
            <SimpleData name="shape_leng">11316.468806299999414</SimpleData>
            <SimpleData name="shape_area">4429209.038259999826550</SimpleData>
            <SimpleData name="Province">GA</SimpleData>
            <SimpleData name="Address">Waling-2, SYANGJA, GA</SimpleData>
          </SchemaData>
        </ExtendedData>
        <Polygon>
          <outerBoundaryIs>
            <LinearRing>
              <coordinates>
                83.8044469079157,28.0094772713735,0
                83.8046351921837,28.0096369713535,0
                83.804721363448,28.0097100495925,0
                83.8049957103175,28.0099450985986,0
                83.8054195235619,28.010200644204,0
                83.8056939902242,28.0104356396366,0
                83.8063355881925,28.0102537796504,0
                83.8065510046065,28.0100849095372,0
                83.8067235426221,28.0098978799562,0
                83.8069622143479,28.0095372275104,0
                83.8073505994973,28.0091429539742,0
                83.8076089859942,28.0089380006306,0
                83.8076090063662,28.008937980805,0
                83.8080581988669,28.0088099999541,0
                83.8084846415283,28.0087993193605,0
                83.8085840533671,28.0087680792607,0
                83.8086560491291,28.0087454428949,0
                83.808849758875,28.0085591087784,0
                83.8090870085908,28.0083308713321,0
                83.8094583365439,28.008050990141,0
                83.8097323021517,28.0078444777434,0
                83.8099325553696,28.007729649483,0
                83.8100541982536,28.0076598976488,0
                83.8104414050268,28.0073784202913,0
                83.8111273870634,28.0070454575058,0
                83.8115557011719,28.0068813479513,0
                83.8122390052996,28.0067965526878,0
                83.8127524192243,28.006670898451,0
                83.8128387628119,28.006685512257,0
                83.8130078332401,28.0067141400652,0
                83.8131343723042,28.0068316338619,0
                83.8132997793005,28.0072537230205,0
                83.8133155059376,28.0073938794218,0
                83.8133192733611,28.0074274578909,0
                83.8135525269208,28.0077687422306,0
                83.8136758398792,28.007949166059,0
                83.814394996548,28.0084600040187,0
                83.814520130761,28.0086903284032,0
                83.8145201490054,28.0086903627214,0
                83.8145195822975,28.0087451684035,0
                83.8145189697633,28.0088053562998,0
                83.8145339754686,28.0088474086581,0
                83.8145810106791,28.0089791492615,0
                83.8147061146283,28.0092116934755,0
                83.8149812550772,28.009406119295,0
                83.8151732360196,28.0093905592132,0
                83.8156847912621,28.0094182521811,0
                83.8160279369318,28.0092337741496,0
                83.8164592097665,28.008819252932,0
                83.8171448077494,28.00852460521,0
                83.8175936818614,28.008419248105,0
                83.818191469751,28.008370319796,0
                83.8188767018727,28.0080959782085,0
                83.8193901302686,28.0079522581206,0
                83.8193930798408,28.0077018407739,0
                83.8193333456374,28.007318125155,0
                83.8188292390674,28.0066609889221,0
                83.818704073235,28.0064284455648,0
                83.8186007172624,28.0061214714928,0
                83.8186032847751,28.0058913680027,0
                83.8186939692949,28.0054334731432,0
                83.8186574224205,28.0048964585902,0
                83.8184688278762,28.0046074193251,0
                83.8182578603082,28.0044131213134,0
                83.8179632196253,28.0040630231597,0
                83.8176932671982,28.0034467616121,0
                83.8176327196276,28.0031397893066,0
                83.8174441883702,28.0028305010351,0
                83.8170669995062,28.002268171252,0
                83.8168571590248,28.0019791321102,0
                83.816732494605,28.0016698448543,0
                83.8167175071746,28.0011351432971,0
                83.8166178454564,28.0005213227596,0
                83.816594668838,28.0001354821223,0
                83.8162642907528,27.9993544221889,0
                83.8162234891677,27.9990633227209,0
                83.8165421421714,27.9986914870993,0
                83.8168995974371,27.9985136956729,0
                83.8179544597664,27.9983369159238,0
                83.8182317418433,27.9980055754934,0
                83.8180092302533,27.996942730956,0
                83.8179706915375,27.9960311250929,0
                83.8178095437653,27.995141953478,0
                83.8173373748322,27.9942005304313,0
                83.8170101136582,27.9938436207231,0
                83.815827038394,27.9930389243238,0
                83.8155773881237,27.9928083786836,0
                83.8153254973825,27.9921988682149,0
                83.8152903333794,27.9912242050709,0
                83.8153299639844,27.9907030659439,0
                83.8152711818129,27.9895771667432,0
                83.8145345237309,27.9898988131861,0
                83.8134747184303,27.9903960017078,0
                83.8121658237984,27.9907258258763,0
                83.8117295719581,27.9905876443489,0
                83.8111074122644,27.9902551026489,0
                83.8103282647137,27.990337519894,0
                83.8098302082148,27.9902533948859,0
                83.8091134918639,27.9902523839395,0
                83.8080230074902,27.9904719713353,0
                83.8071190571019,27.9909129170288,0
                83.8063394051894,27.9912163773447,0
                83.8057164267633,27.9911884329224,0
                83.8044709117951,27.9908820035266,0
                83.8033181935371,27.9907698704172,0
                83.8020719804543,27.9910162661472,0
                83.8011367238783,27.9913195360506,0
                83.8007630238865,27.9913460284493,0
                83.8003826324881,27.9915891246266,0
                83.8000856769304,27.9913585788378,0
                83.7994880089998,27.9912155826129,0
                83.7984980349396,27.9903297096047,0
                83.7976347849352,27.9898366152446,0
                83.7968326458174,27.9896256217724,0
                83.7956364976147,27.9894501191917,0
                83.7933886119902,27.9893474681008,0
                83.792830310486,27.9894210769192,0
                83.7919340451644,27.989925142733,0
                83.7914199164358,27.9904342138095,0
                83.7912801786429,27.9907476201674,0
                83.7911473811914,27.9909121035273,0
                83.7910292063087,27.9910585886028,0
                83.7904482790427,27.9913059314712,0
                83.7904418380555,27.9915179750457,0
                83.7903068472353,27.9919825554327,0
                83.790368769109,27.9923526485364,0
                83.790552236567,27.9927454278514,0
                83.7908195069853,27.9930346559364,0
                83.7913944247516,27.9933017663926,0
                83.7922776657709,27.9941153309892,0
                83.7924830035877,27.9945759174031,0
                83.7924194995472,27.9952097965886,0
                83.7919962792078,27.9965470441234,0
                83.791975444475,27.9978194285055,0
                83.7918132683817,27.9983539402619,0
                83.7919449353994,27.998464682056,0
                83.7921907069574,27.99887114964,0
                83.7924457941434,27.9990678229889,0
                83.793360726536,27.9994798624587,0
                83.7942789752944,27.9996414253499,0
                83.7968682536228,27.9996407156596,0
                83.7975804732862,27.9995199878251,0
                83.7989685399095,27.9994340179783,0
                83.7996131437361,27.999301852124,0
                83.8006162562451,27.9994476671994,0
                83.8008896551138,27.9995428507195,0
                83.8010130742926,27.9996400313737,0
                83.8010328215352,27.9996423440802,0
                83.8010792431339,28.0001342374746,0
                83.8013069509083,28.0007188753586,0
                83.8013243165063,28.0010640946731,0
                83.8012799444104,28.0012355162731,0
                83.8011492070014,28.0014631807154,0
                83.8008897359453,28.0017628997894,0
                83.800202569037,28.0022108485781,0
                83.7997503716626,28.0025869944589,0
                83.7994258448461,28.0030016391159,0
                83.7992719200612,28.0034007887166,0
                83.7992670374363,28.0038023767575,0
                83.799328586631,28.0040325445295,0
                83.7993453263148,28.0044341956808,0
                83.799298575927,28.0047792889648,0
                83.7993172562869,28.0050072056565,0
                83.7992506978477,28.0052372468337,0
                83.7992473176049,28.0055237831356,0
                83.7991808218412,28.0057515736143,0
                83.7991333831424,28.0061530370729,0
                83.7988689039229,28.006894965804,0
                83.7986511120137,28.0072917386789,0
                83.7983478947728,28.0076883859023,0
                83.7969138053453,28.0092384723611,0
                83.7966080901544,28.0095809372153,0
                83.7961900078486,28.0102075611907,0
                83.7956013247796,28.0107955612674,0
                83.7949935224753,28.0112481350787,0
                83.795569317098,28.011429440348,0
                83.7958249053516,28.0115291855616,0
                83.796164982033,28.011687551255,0
                83.7962316635944,28.0115522522523,0
                83.7966479306204,28.011020431737,0
                83.7973004173903,28.0104528690443,0
                83.7978209170895,28.0100971592914,0
                83.7982092430586,28.0099668650221,0
                83.7986602462216,28.0099156267314,0
                83.8000700570284,28.0099560199617,0
                83.8007731489252,28.0100247748782,0
                83.8026283388811,28.0100003690864,0
                83.8032052633068,28.0099131981992,0
                83.8034617929646,28.0098413340768,0
                83.8039760413936,28.0096209871973,0
                83.8044271112964,28.0093622047725,0
                83.8044469079157,28.0094772713735,0
              </coordinates>
            </LinearRing>
          </outerBoundaryIs>
        </Polygon>
      </Placemark>
    </Document>
  </Document>
</kml>
