<?xml version="1.0" encoding="UTF-8"?>
<kml xmlns="http://www.opengis.net/kml/2.2">
  <Document id="root_doc">
    <Schema id="GA_SYANGJA_Aandhikhola.schema">
      <SimpleField name="ogc_fid" type="int"/>
      <SimpleField name="objectid_1" type="float"/>
      <SimpleField name="dcode" type="int"/>
      <SimpleField name="district" type="string"/>
      <SimpleField name="dan" type="string"/>
      <SimpleField name="das" type="int"/>
      <SimpleField name="gapa_napa" type="string"/>
      <SimpleField name="type_gn" type="string"/>
      <SimpleField name="gn_code" type="float"/>
      <SimpleField name="new_ward_n" type="float"/>
      <SimpleField name="ddgnww" type="float"/>
      <SimpleField name="center" type="string"/>
      <SimpleField name="state_code" type="int"/>
      <SimpleField name="ddgn" type="float"/>
      <SimpleField name="area_sqkm" type="float"/>
      <SimpleField name="shape_leng" type="float"/>
      <SimpleField name="shape_area" type="float"/>
      <SimpleField name="Province" type="string"/>
      <SimpleField name="Address" type="string"/>
    </Schema>
    <Document id="GA_SYANGJA_Aandhikhola">
      <name>GA_SYANGJA_Aandhikhola</name>
      <Placemark id="GA_SYANGJA_Aandhikhola.1">
        <ExtendedData>
          <SchemaData schemaUrl="#GA_SYANGJA_Aandhikhola.schema">
            <SimpleData name="ogc_fid">2985</SimpleData>
            <SimpleData name="objectid_1">2986</SimpleData>
            <SimpleData name="dcode">39</SimpleData>
            <SimpleData name="district">SYANGJA</SimpleData>
            <SimpleData name="das">0</SimpleData>
            <SimpleData name="gapa_napa">Aandhikhola</SimpleData>
            <SimpleData name="type_gn">Gaunpalika</SimpleData>
            <SimpleData name="gn_code">1.000000000000000</SimpleData>
            <SimpleData name="new_ward_n">3</SimpleData>
            <SimpleData name="ddgnww">390103.000000000058208</SimpleData>
            <SimpleData name="center">Setidobhan</SimpleData>
            <SimpleData name="state_code">4</SimpleData>
            <SimpleData name="ddgn">39001</SimpleData>
            <SimpleData name="area_sqkm">6.703640227260000</SimpleData>
            <SimpleData name="shape_leng">11359.826176700000360</SimpleData>
            <SimpleData name="shape_area">6703640.227260000072420</SimpleData>
            <SimpleData name="Province">GA</SimpleData>
            <SimpleData name="Address">Aandhikhola-3, SYANGJA, GA</SimpleData>
          </SchemaData>
        </ExtendedData>
        <Polygon>
          <outerBoundaryIs>
            <LinearRing>
              <coordinates>
                83.7825746468217,28.1966819398976,0
                83.7825786514181,28.1964134645831,0
                83.78239162156,28.1960476820129,0
                83.7823975039052,28.1956439066462,0
                83.7825313694874,28.1952425077185,0
                83.7826406074337,28.1950712122014,0
                83.7827295377803,28.194841235083,0
                83.7827755361718,28.1946111942841,0
                83.7827410529608,28.1940358080805,0
                83.7827889285805,28.1936907151135,0
                83.7828561733795,28.1934629866093,0
                83.7830532790915,28.1931180841433,0
                83.7835760352205,28.192433092134,0
                83.7837091502691,28.1920881253701,0
                83.7836507281058,28.1916864734822,0
                83.7834250838439,28.1910498398275,0
                83.7832376781166,28.1907043686835,0
                83.782796935295,28.190180284288,0
                83.7826095300344,28.189834812255,0
                83.7825701655163,28.1896045825212,0
                83.7825941023306,28.1894309115206,0
                83.7828602687014,28.1887432282153,0
                83.7833606513027,28.1881146050955,0
                83.783557695103,28.1877719521668,0
                83.7837099280165,28.1875804096995,0
                83.7837199410862,28.1868900968584,0
                83.7837438158817,28.1867186752544,0
                83.7838981775742,28.1863737090609,0
                83.7839886721096,28.1860309295933,0
                83.7839912374352,28.185857257914,0
                83.784058545518,28.1856272174889,0
                83.7840637396244,28.1852821239764,0
                83.7840243746072,28.1850518935989,0
                83.7839215193934,28.1847629181621,0
                83.7836293176855,28.1842999560337,0
                83.7835069667304,28.1838959284594,0
                83.7835532781182,28.1836478261296,0
                83.7838584335634,28.1832286813622,0
                83.7842462612685,28.1829833979375,0
                83.7846326499194,28.1828531032706,0
                83.7851060286399,28.1826079456114,0
                83.7852357640095,28.1824930830308,0
                83.7854537407426,28.1822069244501,0
                83.7854776157545,28.1820355033143,0
                83.7854390645202,28.1817466539874,0
                83.7852946535172,28.1813809342223,0
                83.7849991985387,28.1811300153864,0
                83.7849142097141,28.1811095779701,0
                83.7847448603068,28.180992023873,0
                83.7843419804662,28.180797347849,0
                83.7842563666725,28.1807972210989,0
                83.7839167271326,28.1806591035416,0
                83.7837057588409,28.1804849907995,0
                83.7837300732729,28.1802730105833,0
                83.7838168131285,28.1801783952498,0
                83.7840104762354,28.1800839070538,0
                83.7841391477248,28.1800480377379,0
                83.7842243855271,28.1800662244456,0
                83.7846515787497,28.1800511079371,0
                83.7852293782758,28.1799798105342,0
                83.785658635673,28.1798496414675,0
                83.7858318033759,28.1796784105097,0
                83.7858759239202,28.1795837316984,0
                83.7858788651589,28.1793919990111,0
                83.7857553891726,28.1790465910228,0
                83.7852562868876,28.1781207925985,0
                83.7849457796495,28.1774277249638,0
                83.7847774934556,28.1772514888137,0
                83.7845234682589,28.177097685728,0
                83.7840967140712,28.1770541829319,0
                83.7838391213199,28.1771665442629,0
                83.7834958520266,28.1772584675284,0
                83.7833043164196,28.1772198434439,0
                83.7830929731331,28.1770637913987,0
                83.7829467474814,28.1768311233183,0
                83.7826501652709,28.1766570094251,0
                83.782439197556,28.1764829587431,0
                83.7823553981074,28.1763655312267,0
                83.7822947864972,28.1761353006018,0
                83.782410595816,28.1755037971095,0
                83.7823323658227,28.1750050288923,0
                83.7822911864364,28.1749079748116,0
                83.7821644556724,28.174790421142,0
                83.7816988368732,28.1744986894477,0
                83.7815930398519,28.1744015095691,0
                83.7814881199988,28.1742275858715,0
                83.7815332421296,28.1740562271184,0
                83.7816204208441,28.1739209914299,0
                83.782008122454,28.1737343261518,0
                83.782651915112,28.1735684146279,0
                83.782868014356,28.1734176188888,0
                83.7829985004853,28.1732463236505,0
                83.7830213743998,28.1731313351161,0
                83.7830228764732,28.1730162829356,0
                83.7829399550356,28.1727837402846,0
                83.7829437101971,28.1724949542459,0
                83.7829878315561,28.1723799650858,0
                83.7834858987265,28.1719250770898,0
                83.7836384455627,28.1716974118606,0
                83.783644892963,28.1711785217191,0
                83.783562346202,28.1709460413406,0
                83.7831849095053,28.1703092188115,0
                83.7831878510569,28.1700791142494,0
                83.7832556600503,28.1697903915692,0
                83.783237355653,28.1695399764675,0
                83.7823744594759,28.1701071615491,0
                83.7818140275951,28.1704288736109,0
                83.781469633376,28.1705975398641,0
                83.7809544496147,28.1707252078447,0
                83.7806120584056,28.1707225778674,0
                83.7804412071991,28.1706815165607,0
                83.7799309681841,28.1704259067463,0
                83.7797613055537,28.1703105388136,0
                83.7794203532513,28.1701904197071,0
                83.7792285680201,28.1701314224016,0
                83.7782648210416,28.1701975257857,0
                83.7777520150917,28.1701538341659,0
                83.7771545975652,28.1700130251383,0
                83.7768357687907,28.1698365359068,0
                83.7766451732475,28.1696602361688,0
                83.7763293484997,28.169253581005,0
                83.7759892102479,28.1690770910929,0
                83.7758187337337,28.1690362177622,0
                83.7754759677286,28.1690513984161,0
                83.7752175616935,28.1692021302978,0
                83.7743318548368,28.169845932592,0
                83.7741594377778,28.1699607327419,0
                83.7737701706135,28.1702826966497,0
                83.7734680823563,28.1704717373272,0
                83.7732964796029,28.1705075436889,0
                83.7729757103379,28.1705024766834,0
                83.7725256454219,28.1705378418576,0
                83.7722679903953,28.1706298919223,0
                83.771922531689,28.1708571781755,0
                83.771405782869,28.1711202707551,0
                83.7710629530472,28.1711558244946,0
                83.7705504613964,28.1710715120613,0
                83.7699546084384,28.1708155258899,0
                83.7695269793438,28.1707922712362,0
                83.7693550012822,28.1708483886067,0
                83.7688801835773,28.1711679771056,0
                83.7685362266931,28.1712800863556,0
                83.7682796992636,28.1712774578275,0
                83.7677672064535,28.1711953937873,0
                83.7676181026489,28.1711364598388,0
                83.7674065103823,28.170942099039,0
                83.767151234273,28.1708040452653,0
                83.7664687038909,28.1706426742116,0
                83.7659345269176,28.1705786087901,0
                83.7653306004998,28.1709566272149,0
                83.765070379553,28.171222411989,0
                83.7648743375631,28.1715085697929,0
                83.7646581757017,28.1716796761272,0
                83.764485822305,28.1717537912502,0
                83.7636719306586,28.1718223353267,0
                83.763391464037,28.1720113756092,0
                83.7630863091362,28.1724485185913,0
                83.7628914561819,28.1726196878328,0
                83.7627187273253,28.172734425093,0
                83.762375083686,28.1728443471695,0
                83.7619865678203,28.1731099411885,0
                83.7618130246569,28.1732991089194,0
                83.7616817251758,28.1735290237017,0
                83.7616124137341,28.1739124254325,0
                83.7616299058145,28.1742192728574,0
                83.7615814656825,28.1746794802982,0
                83.7615345906525,28.1749862020837,0
                83.7613561024762,28.1755612093101,0
                83.7611173798959,28.1758089957808,0
                83.7608803458392,28.1759596653926,0
                83.7608366003004,28.1760363448817,0
                83.760637554647,28.1765322968664,0
                83.7605469336208,28.1769360087628,0
                83.7604357553069,28.1772403542809,0
                83.7601285339147,28.1778512318672,0
                83.7596497721818,28.1784798546292,0
                83.759217386535,28.1788016935397,0
                83.7588048693593,28.1792973293218,0
                83.7587803067384,28.1794665010318,0
                83.7587343687746,28.1797777227996,0
                83.7586673738665,28.1800055132698,0
                83.7583384678733,28.1806185773103,0
                83.7581819780934,28.1811529638795,0
                83.7580728020601,28.181306197824,0
                83.7577272179881,28.1815515457722,0
                83.7574230638625,28.1819141954085,0
                83.7573781921393,28.1820675553205,0
                83.7573530024263,28.182374277605,0
                83.757455230803,28.18275805635,0
                83.7575134007284,28.1832206407141,0
                83.7575036996082,28.1839899456829,0
                83.7574568239601,28.1842966673906,0
                83.7573460200979,28.1846010747372,0
                83.7572972674932,28.1850612197495,0
                83.7572066469088,28.1854446213356,0
                83.7571950057438,28.1863673501707,0
                83.757126006805,28.1867507511646,0
                83.7569478327511,28.1872873876886,0
                83.7567170248866,28.1885909526097,0
                83.7566053440529,28.1889720420126,0
                83.7565177902545,28.1891254013774,0
                83.7563601117697,28.1897387180892,0
                83.7562725582903,28.1898919527401,0
                83.7561401316713,28.1901962977612,0
                83.7561606903769,28.1902549809293,0
                83.7562454900676,28.19031372706,0
                83.7565016420192,28.1903751622745,0
                83.7577852193976,28.1904270535182,0
                83.7587460243137,28.190611488784,0
                83.7593233844603,28.1906349964855,0
                83.7595155448936,28.1906760583897,0
                83.7608584186268,28.1911137898404,0
                83.7611784998867,28.1911752891792,0
                83.7620738741155,28.191454339932,0
                83.7626502938907,28.1915749006151,0
                83.7630343036405,28.1916770853487,0
                83.7632897049859,28.1917745805216,0
                83.7640575975562,28.1919946980195,0
                83.764883852135,28.1924834788609,0
                83.7655203856406,28.1927958981677,0
                83.7668306907602,28.1937479574192,0
                83.7674834021874,28.1944078452362,0
                83.7680740627174,28.1949119340171,0
                83.7682857194762,28.1950476748617,0
                83.7688763792422,28.1955720739703,0
                83.7696727515946,28.1966338024997,0
                83.7697573018097,28.1966926111311,0
                83.7699880769876,28.1969817764335,0
                83.7706415404206,28.1975829821314,0
                83.7711050942661,28.198010137736,0
                83.7712748822299,28.1980893837029,0
                83.7717204429615,28.1983044963915,0
                83.7720398365202,28.1983839312947,0
                83.7722964904945,28.1983483134874,0
                83.7730015206404,28.1983539489673,0
                83.7740923137759,28.1982700368934,0
                83.7744760738413,28.1983112892626,0
                83.7753042684721,28.198664582889,0
                83.775939863184,28.1990153110818,0
                83.776513344689,28.1992508609648,0
                83.7766401380937,28.1993481040323,0
                83.7768312979879,28.1994274745539,0
                83.7771283184928,28.1995632172515,0
                83.7776216929319,28.1994151758372,0
                83.7778782834255,28.199399743954,0
                83.7780713213533,28.1993436901391,0
                83.7783297273491,28.1992110187503,0
                83.7793221072522,28.1985312833267,0
                83.7800363993467,28.197905226508,0
                83.780252248527,28.1977521186912,0
                83.7804692241255,28.1975065822405,0
                83.7807287562454,28.1972971676997,0
                83.781050402688,28.1972051812199,0
                83.7814376042388,28.1970163293261,0
                83.7822749984026,28.1967356177972,0
                83.7825746468217,28.1966819398976,0
              </coordinates>
            </LinearRing>
          </outerBoundaryIs>
        </Polygon>
      </Placemark>
      <Placemark id="GA_SYANGJA_Aandhikhola.2">
        <ExtendedData>
          <SchemaData schemaUrl="#GA_SYANGJA_Aandhikhola.schema">
            <SimpleData name="ogc_fid">2987</SimpleData>
            <SimpleData name="objectid_1">2988</SimpleData>
            <SimpleData name="dcode">39</SimpleData>
            <SimpleData name="district">SYANGJA</SimpleData>
            <SimpleData name="das">0</SimpleData>
            <SimpleData name="gapa_napa">Aandhikhola</SimpleData>
            <SimpleData name="type_gn">Gaunpalika</SimpleData>
            <SimpleData name="gn_code">1.000000000000000</SimpleData>
            <SimpleData name="new_ward_n">2</SimpleData>
            <SimpleData name="ddgnww">390102.000000000000000</SimpleData>
            <SimpleData name="center">Setidobhan</SimpleData>
            <SimpleData name="state_code">4</SimpleData>
            <SimpleData name="ddgn">39001</SimpleData>
            <SimpleData name="area_sqkm">15.877514535000000</SimpleData>
            <SimpleData name="shape_leng">18094.665916900001321</SimpleData>
            <SimpleData name="shape_area">15877514.535000000149012</SimpleData>
            <SimpleData name="Province">GA</SimpleData>
            <SimpleData name="Address">Aandhikhola-2, SYANGJA, GA</SimpleData>
          </SchemaData>
        </ExtendedData>
        <Polygon>
          <outerBoundaryIs>
            <LinearRing>
              <coordinates>
                83.783237355653,28.1695399764675,0
                83.7835820631686,28.1693532493165,0
                83.7840972461187,28.169223206094,0
                83.784782842841,28.1691746591438,0
                83.7855514246413,28.1692976605895,0
                83.7862343932809,28.1694589689246,0
                83.7865959041999,28.1696151483484,0
                83.7871062692074,28.1697942022813,0
                83.7871916329028,28.1697943286318,0
                83.787616447915,28.1699529464448,0
                83.7880420133802,28.1700528189457,0
                83.7884683300397,28.1701144450264,0
                83.7887245458007,28.1701170740539,0
                83.7892387295681,28.1700050921214,0
                83.7894986979528,28.1698520475481,0
                83.790102124249,28.1694965265439,0
                83.7906432471503,28.1691183195752,0
                83.7910958152393,28.1689317184254,0
                83.7915458805833,28.1688986042155,0
                83.7918882087982,28.1689194197669,0
                83.7922294736112,28.1690395390525,0
                83.7930872974777,28.1689528733535,0
                83.7936011037429,28.1689761292869,0
                83.7940270423712,28.1691527452461,0
                83.7941966429856,28.169270362412,0
                83.7946187644853,28.1697154536444,0
                83.7951911175273,28.1701246129866,0
                83.7955319441289,28.1702627929318,0
                83.7957880962174,28.1703217921399,0
                83.7960448730002,28.1703447312385,0
                83.796131175398,28.1703065484891,0
                83.7962836582107,28.1701172559647,0
                83.7963074707997,28.1699638947876,0
                83.7960411483387,28.1691174048851,0
                83.7957285156464,28.1684988312576,0
                83.7954768690946,28.1681329226748,0
                83.7952895270533,28.1677468301263,0
                83.795274787754,28.1672866217665,0
                83.795319660275,28.1671332614949,0
                83.7954515224699,28.1669055961331,0
                83.7956028786113,28.1668110451867,0
                83.7956866180558,28.1667863611626,0
                83.795990016558,28.1666988111158,0
                83.7966751124274,28.1667246324899,0
                83.7968470273658,28.1666888261029,0
                83.7971059950333,28.1665764023139,0
                83.7972779097103,28.1665405340175,0
                83.7974505140858,28.1664460449515,0
                83.7977116086627,28.1662005087976,0
                83.7978842116275,28.166126330384,0
                83.798485946792,28.1659986022035,0
                83.799598671112,28.1660679258655,0
                83.8002855191952,28.1659606336058,0
                83.8006297240683,28.1658686476162,0
                83.8009341890308,28.1655848029649,0
                83.8011999779609,28.165032482481,0
                83.8011667441888,28.164420975236,0
                83.8012108023664,28.1643443579568,0
                83.8012595534534,28.163963143283,0
                83.8013262973261,28.1638097828838,0
                83.8016520724034,28.1635283137747,0
                83.8019749683845,28.163415954286,0
                83.802147196851,28.1633597744851,0
                83.8023184242618,28.1633622769,0
                83.803343657857,28.1635442767787,0
                83.8038594031821,28.1634344817752,0
                83.8039666390164,28.1634368588991,0
                83.804165620128,28.1630378353852,0
                83.804304991071,28.1623499003802,0
                83.8042908767852,28.161891879093,0
                83.8043897555281,28.161050518965,0
                83.8046121736836,28.1605183838285,0
                83.8047703514747,28.1599861215489,0
                83.8049252112942,28.1596818397205,0
                83.8050595763614,28.1593007515848,0
                83.8051917504141,28.1590730868463,0
                83.8054531587878,28.1587891786434,0
                83.8057561216194,28.1586000761202,0
                83.8062082528483,28.1584315358616,0
                83.8068102374679,28.1582857457759,0
                83.8070691420542,28.1581732603982,0
                83.8072410573337,28.1581373912256,0
                83.8074999627657,28.1580069076486,0
                83.8083875438077,28.1574215995673,0
                83.8087132558077,28.1571400048869,0
                83.8092978732129,28.1567257393915,0
                83.8098406226869,28.1562526038607,0
                83.8105157965805,28.1555339289921,0
                83.8112360920974,28.154679893389,0
                83.8114133889377,28.1542988054449,0
                83.8116986093075,28.1538637867997,0
                83.812286104921,28.1532577261882,0
                83.8124377121775,28.1531631747235,0
                83.8127633618131,28.1528793311142,0
                83.8130013329061,28.1527307856968,0
                83.8136043817342,28.1525059401078,0
                83.8140340759194,28.1524163303479,0
                83.8146349342648,28.1523449086052,0
                83.8151488031838,28.1523501042384,0
                83.8154906934376,28.1523912309155,0
                83.8160028722569,28.1525114779112,0
                83.8166015412202,28.1525754190234,0
                83.816857192458,28.1526727897468,0
                83.816881756033,28.1524629966928,0
                83.8173037191546,28.1514934663458,0
                83.8176766807993,28.1509231486027,0
                83.8177213639475,28.1508081602042,0
                83.8181595681083,28.1501815360347,0
                83.8182931824419,28.1498387563118,0
                83.8182392648396,28.1491889397827,0
                83.8180286732417,28.14895852029,0
                83.8178589480336,28.1488613381666,0
                83.8172613435294,28.1487206539723,0
                83.8166878635425,28.1484085489067,0
                83.8157170749565,28.1475025525828,0
                83.8148482657614,28.1469012182412,0
                83.8147243499358,28.1466123051868,0
                83.8147091103764,28.1462106542425,0
                83.8146058167387,28.1459804232087,0
                83.8145220174012,28.1458449343642,0
                83.8141005827967,28.1454202160661,0
                83.8136769578969,28.1451105495331,0
                83.8134234966649,28.1448800672981,0
                83.8133396978815,28.1447626383078,0
                83.8132577137433,28.1445324081749,0
                83.8131941609919,28.144475850286,0
                83.8130713092982,28.1441305669105,0
                83.8130525031036,28.1439590815971,0
                83.8130546929146,28.1438237190326,0
                83.8130404543845,28.1433453876352,0
                83.8129574689842,28.143173839084,0
                83.8124104301452,28.142532326044,0
                83.8120157493985,28.1417218938641,0
                83.8114282188155,28.1409065828689,0
                83.8113033030389,28.1406762896761,0
                83.8110147939779,28.1399246034607,0
                83.8109985536207,28.1395771339952,0
                83.8109165071087,28.1393469040373,0
                83.8106233669571,28.1389020647842,0
                83.8099257859083,28.1382964835469,0
                83.8094238692451,28.1374835493129,0
                83.8091364864434,28.1366754928889,0
                83.808906086288,28.1363254586079,0
                83.8086115084329,28.1359776734631,0
                83.8084454126495,28.1356299517802,0
                83.8084086134138,28.1352260503364,0
                83.8082652031322,28.1348017119253,0
                83.8079901195718,28.1345869765294,0
                83.8074785036957,28.1344260461831,0
                83.8072232906741,28.1343084275068,0
                83.806443849903,28.1334341818682,0
                83.8059560464395,28.1331198901144,0
                83.8057643865696,28.1330406439629,0
                83.8052572135437,28.1325932397142,0
                83.8050892406723,28.132360632395,0
                83.8042672424506,28.1314863236515,0
                83.8039101747719,28.1310210481399,0
                83.8028141578781,28.1298553243379,0
                83.8026030027697,28.1296587757472,0
                83.8024329020928,28.1295817804974,0
                83.8021151991504,28.1293466713162,0
                83.8016900102221,28.1291294972556,0
                83.8014137999002,28.1289915052857,0
                83.8012408836856,28.1290837444328,0
                83.8009820412767,28.1291961672545,0
                83.8002671267065,28.129723045825,0
                83.7996184555097,28.1301372479926,0
                83.7992942449561,28.1303240381295,0
                83.7989707850073,28.1304543960372,0
                83.7987758714461,28.1305849437366,0
                83.7981017611421,28.1312472481932,0
                83.7979490275548,28.131436540954,0
                83.7978382249296,28.1316642691148,0
                83.7974233954887,28.1321780281992,0
                83.7971631131675,28.1323851928019,0
                83.7966439261449,28.1327228409693,0
                83.7965796227271,28.1327227780455,0
                83.7959330162107,28.1329812443221,0
                83.7951557371297,28.1333726336125,0
                83.7948965189615,28.1335234287959,0
                83.7946369257381,28.1336922212607,0
                83.7943769568615,28.1338813880389,0
                83.794006497624,28.1342779088578,0
                83.7937006555801,28.1346767423132,0
                83.7934146845438,28.1351523821984,0
                83.7932623274205,28.1353033036595,0
                83.7928933074129,28.135625393594,0
                83.7924827950767,28.1358481166248,0
                83.7920278493221,28.136188078716,0
                83.7916144593343,28.1366048471397,0
                83.7913118708268,28.1367735145635,0
                83.7910512138679,28.1369988022645,0
                83.7907918703822,28.1371495352128,0
                83.7901445765466,28.1374463726728,0
                83.789499220855,28.1376935900933,0
                83.7893686746309,28.137743021197,0
                83.7890438399562,28.1379116881752,0
                83.7883288013856,28.1383415131192,0
                83.7878078637845,28.1387174703074,0
                83.7876136386682,28.1387916480814,0
                83.786967909645,28.1388989408658,0
                83.7864286670171,28.1390627920378,0
                83.7859477815996,28.1396327953865,0
                83.7856655027674,28.1398377095818,0
                83.78477967766,28.1401905391562,0
                83.7841325095778,28.1403925727285,0
                83.7838083001866,28.1405409295134,0
                83.7830325875267,28.1407224627073,0
                83.781936044698,28.1408403104125,0
                83.7810314120015,28.1410396524435,0
                83.7801903952552,28.1412774298925,0
                83.779803070247,28.1413467302511,0
                83.7792222714707,28.1414157775311,0
                83.7784495000168,28.1414055159504,0
                83.7781267924286,28.1414591313919,0
                83.7776730369798,28.1416433569781,0
                83.7772163402696,28.1420216906753,0
                83.7766975929873,28.1422622235005,0
                83.775987185744,28.1423873879498,0
                83.7752103466159,28.1426433525058,0
                83.7740355473221,28.1436250577604,0
                83.7734521200797,28.1438857746517,0
                83.7722222764321,28.1442695325384,0
                83.7708680184843,28.1443846256672,0
                83.7703505843185,28.144532666895,0
                83.7701560468869,28.1446248428126,0
                83.7697675958057,28.144752700215,0
                83.7697026035351,28.1447910079428,0
                83.7694441998409,28.1448244384569,0
                83.7685428208402,28.1448116131851,0
                83.7683706557508,28.144847419945,0
                83.7677674220559,28.1449750230589,0
                83.7672543669424,28.1449290197308,0
                83.7669987149581,28.1448496478329,0
                83.7665525917626,28.1445939136717,0
                83.7664244228705,28.1445553532422,0
                83.7661672056904,28.1446090312863,0
                83.7658461858078,28.1446242749602,0
                83.7650759143221,28.1446161386932,0
                83.7647560207529,28.144554764471,0
                83.7637924611279,28.1446208054345,0
                83.7634701893425,28.1447330402871,0
                83.7631468542863,28.1449219556814,0
                83.7619876903598,28.1452561562588,0
                83.761279719337,28.1454218808963,0
                83.7607635338493,28.1456262292006,0
                83.7604400732834,28.1458535783109,0
                83.759987753457,28.1460986740222,0
                83.7593456512674,28.1461314101655,0
                83.7593224014208,28.1462847716611,0
                83.7593622662009,28.1465149388423,0
                83.7596278984845,28.147519413835,0
                83.7597739353925,28.1478287631207,0
                83.7599597747588,28.1483705297723,0
                83.7601692388326,28.1487566854297,0
                83.7603380873847,28.1489509830374,0
                83.7607835215859,28.1492450880016,0
                83.7610150461409,28.1495568132582,0
                83.7612001348033,28.1501730732862,0
                83.761366666484,28.1505614155363,0
                83.7615339506525,28.1508707646571,0
                83.7618918309822,28.15135422696,0
                83.7622089690328,28.1516660781362,0
                83.762951484814,28.1521749820506,0
                83.7636075726741,28.1527605016303,0
                83.7637341772784,28.1529163638791,0
                83.7641319852293,28.1536119327667,0
                83.7642760191749,28.1540769553723,0
                83.7643151328517,28.1543837403892,0
                83.7643077457783,28.1549997467784,0
                83.7641272549829,28.1557687986802,0
                83.7639940145875,28.156152074567,0
                83.763968824789,28.1564588588979,0
                83.7640087519865,28.156689026358,0
                83.764092737531,28.1568448256162,0
                83.7642194681917,28.1569623799009,0
                83.764324763639,28.1571159920754,0
                83.7644696114403,28.1575042721955,0
                83.7643569302939,28.1579643533138,0
                83.7636136282741,28.1592647866539,0
                83.7633095359975,28.15964555936,0
                83.7629171389329,28.1602563104985,0
                83.7624627544751,28.1606570167387,0
                83.7620958611817,28.1609226744933,0
                83.7619433141367,28.161150213985,0
                83.7618100741587,28.1615336146286,0
                83.7616326497887,28.1620521894726,0
                83.7611143369053,28.1624506455524,0
                83.760726258874,28.1626778060523,0
                83.760487661076,28.1629435904671,0
                83.7603350516737,28.1631734427197,0
                83.7602904915067,28.1633268027983,0
                83.7602866114886,28.1636335872708,0
                83.7603276024036,28.1637893233574,0
                83.7604744529007,28.1640219924797,0
                83.7607924059374,28.1642752246137,0
                83.7616236643137,28.1645339012766,0
                83.7617522091224,28.1645363413134,0
                83.7619653039029,28.1645954641637,0
                83.7621988320302,28.1647514538241,0
                83.7623251878721,28.164907316723,0
                83.7623866741349,28.1651398590945,0
                83.762335542081,28.1658323576633,0
                83.7623742812532,28.1661392674921,0
                83.7625195034293,28.1665252973487,0
                83.7626244239487,28.1666811597748,0
                83.7627458432209,28.1667874021492,0
                83.7631323468759,28.1671288146892,0
                83.7640233405623,28.1677348988237,0
                83.7644037194654,28.1681236201684,0
                83.7646977954488,28.1685685837624,0
                83.7649233124362,28.1693382679747,0
                83.7651751463825,28.1697267366457,0
                83.7654068595772,28.1699979030646,0
                83.7656822555425,28.1702307613357,0
                83.7659345269176,28.1705786087901,0
                83.7664687038909,28.1706426742116,0
                83.767151234273,28.1708040452653,0
                83.7674065103823,28.170942099039,0
                83.7676181026489,28.1711364598388,0
                83.7677672064535,28.1711953937873,0
                83.7682796992636,28.1712774578275,0
                83.7685362266931,28.1712800863556,0
                83.7688801835773,28.1711679771056,0
                83.7693550012822,28.1708483886067,0
                83.7695269793438,28.1707922712362,0
                83.7699546084384,28.1708155258899,0
                83.7705504613964,28.1710715120613,0
                83.7710629530472,28.1711558244946,0
                83.771405782869,28.1711202707551,0
                83.771922531689,28.1708571781755,0
                83.7722679903953,28.1706298919223,0
                83.7725256454219,28.1705378418576,0
                83.7729757103379,28.1705024766834,0
                83.7732964796029,28.1705075436889,0
                83.7734680823563,28.1704717373272,0
                83.7737701706135,28.1702826966497,0
                83.7741594377778,28.1699607327419,0
                83.7743318548368,28.169845932592,0
                83.7752175616935,28.1692021302978,0
                83.7754759677286,28.1690513984161,0
                83.7758187337337,28.1690362177622,0
                83.7759892102479,28.1690770910929,0
                83.7763293484997,28.169253581005,0
                83.7766451732475,28.1696602361688,0
                83.7768357687907,28.1698365359068,0
                83.7771545975652,28.1700130251383,0
                83.7777520150917,28.1701538341659,0
                83.7782648210416,28.1701975257857,0
                83.7792285680201,28.1701314224016,0
                83.7794203532513,28.1701904197071,0
                83.7797613055537,28.1703105388136,0
                83.7799309681841,28.1704259067463,0
                83.7804412071991,28.1706815165607,0
                83.7806120584056,28.1707225778674,0
                83.7809544496147,28.1707252078447,0
                83.781469633376,28.1705975398641,0
                83.7818140275951,28.1704288736109,0
                83.7823744594759,28.1701071615491,0
                83.783237355653,28.1695399764675,0
              </coordinates>
            </LinearRing>
          </outerBoundaryIs>
        </Polygon>
      </Placemark>
      <Placemark id="GA_SYANGJA_Aandhikhola.3">
        <ExtendedData>
          <SchemaData schemaUrl="#GA_SYANGJA_Aandhikhola.schema">
            <SimpleData name="ogc_fid">2993</SimpleData>
            <SimpleData name="objectid_1">2994</SimpleData>
            <SimpleData name="dcode">39</SimpleData>
            <SimpleData name="district">SYANGJA</SimpleData>
            <SimpleData name="das">0</SimpleData>
            <SimpleData name="gapa_napa">Aandhikhola</SimpleData>
            <SimpleData name="type_gn">Gaunpalika</SimpleData>
            <SimpleData name="gn_code">1.000000000000000</SimpleData>
            <SimpleData name="new_ward_n">1</SimpleData>
            <SimpleData name="ddgnww">390100.999999999941792</SimpleData>
            <SimpleData name="center">Setidobhan</SimpleData>
            <SimpleData name="state_code">4</SimpleData>
            <SimpleData name="ddgn">39001</SimpleData>
            <SimpleData name="area_sqkm">12.615645759000000</SimpleData>
            <SimpleData name="shape_leng">18075.836777799999254</SimpleData>
            <SimpleData name="shape_area">12615645.758999999612570</SimpleData>
            <SimpleData name="Province">GA</SimpleData>
            <SimpleData name="Address">Aandhikhola-1, SYANGJA, GA</SimpleData>
          </SchemaData>
        </ExtendedData>
        <Polygon>
          <outerBoundaryIs>
            <LinearRing>
              <coordinates>
                83.7593456512674,28.1461314101655,0
                83.759987753457,28.1460986740222,0
                83.7604400732834,28.1458535783109,0
                83.7607635338493,28.1456262292006,0
                83.761279719337,28.1454218808963,0
                83.7619876903598,28.1452561562588,0
                83.7631468542863,28.1449219556814,0
                83.7634701893425,28.1447330402871,0
                83.7637924611279,28.1446208054345,0
                83.7647560207529,28.144554764471,0
                83.7650759143221,28.1446161386932,0
                83.7658461858078,28.1446242749602,0
                83.7661672056904,28.1446090312863,0
                83.7664244228705,28.1445553532422,0
                83.7665525917626,28.1445939136717,0
                83.7669987149581,28.1448496478329,0
                83.7672543669424,28.1449290197308,0
                83.7677674220559,28.1449750230589,0
                83.7683706557508,28.144847419945,0
                83.7685428208402,28.1448116131851,0
                83.7694441998409,28.1448244384569,0
                83.7697026035351,28.1447910079428,0
                83.7697675958057,28.144752700215,0
                83.7701560468869,28.1446248428126,0
                83.7703505843185,28.144532666895,0
                83.7708680184843,28.1443846256672,0
                83.7722222764321,28.1442695325384,0
                83.7734521200797,28.1438857746517,0
                83.7740355473221,28.1436250577604,0
                83.7752103466159,28.1426433525058,0
                83.775987185744,28.1423873879498,0
                83.7766975929873,28.1422622235005,0
                83.7772163402696,28.1420216906753,0
                83.7776730369798,28.1416433569781,0
                83.7781267924286,28.1414591313919,0
                83.7784495000168,28.1414055159504,0
                83.7792222714707,28.1414157775311,0
                83.779803070247,28.1413467302511,0
                83.7801903952552,28.1412774298925,0
                83.7810314120015,28.1410396524435,0
                83.781936044698,28.1408403104125,0
                83.7830325875267,28.1407224627073,0
                83.7838083001866,28.1405409295134,0
                83.7841325095778,28.1403925727285,0
                83.78477967766,28.1401905391562,0
                83.7856655027674,28.1398377095818,0
                83.7859477815996,28.1396327953865,0
                83.7864286670171,28.1390627920378,0
                83.786967909645,28.1388989408658,0
                83.7876136386682,28.1387916480814,0
                83.7878078637845,28.1387174703074,0
                83.7883288013856,28.1383415131192,0
                83.7890438399562,28.1379116881752,0
                83.7893686746309,28.137743021197,0
                83.789499220855,28.1376935900933,0
                83.7901445765466,28.1374463726728,0
                83.7907918703822,28.1371495352128,0
                83.7910512138679,28.1369988022645,0
                83.7913118708268,28.1367735145635,0
                83.7916144593343,28.1366048471397,0
                83.7920278493221,28.136188078716,0
                83.7924827950767,28.1358481166248,0
                83.7928933074129,28.135625393594,0
                83.7932623274205,28.1353033036595,0
                83.7934146845438,28.1351523821984,0
                83.7937006555801,28.1346767423132,0
                83.794006497624,28.1342779088578,0
                83.7943769568615,28.1338813880389,0
                83.7946369257381,28.1336922212607,0
                83.7948965189615,28.1335234287959,0
                83.7951557371297,28.1333726336125,0
                83.7959330162107,28.1329812443221,0
                83.7965796227271,28.1327227780455,0
                83.7966439261449,28.1327228409693,0
                83.7971631131675,28.1323851928019,0
                83.7974233954887,28.1321780281992,0
                83.7978382249296,28.1316642691148,0
                83.7979490275548,28.131436540954,0
                83.7981017611421,28.1312472481932,0
                83.7987758714461,28.1305849437366,0
                83.7989707850073,28.1304543960372,0
                83.7992942449561,28.1303240381295,0
                83.7996184555097,28.1301372479926,0
                83.8002671267065,28.129723045825,0
                83.8009820412767,28.1291961672545,0
                83.8012408836856,28.1290837444328,0
                83.8014137999002,28.1289915052857,0
                83.8016722671474,28.1288993301526,0
                83.802579468005,28.1284133257903,0
                83.8027748209899,28.12824215691,0
                83.8029736097912,28.1280822371453,0
                83.8030784099125,28.1279966843451,0
                83.8033184460119,28.1277127759507,0
                83.8036260395919,28.1271988278154,0
                83.8037350898618,28.1270861521871,0
                83.8040419337684,28.1266308230097,0
                83.8042159136488,28.1264415933147,0
                83.8044112665565,28.1262704247383,0
                83.8047357890818,28.1260633231561,0
                83.8053180288123,28.1258227290662,0
                83.8055526234804,28.1257418653939,0
                83.8047963631602,28.1251248465617,0
                83.8044482273543,28.1248400549122,0
                83.8041070883947,28.1247222473122,0
                83.8037649478783,28.1246428121117,0
                83.8031657797986,28.1245607475645,0
                83.8019656281758,28.1245296681374,0
                83.8017076001814,28.1245676608425,0
                83.8004204591792,28.1246131986217,0
                83.7994776483705,28.1245847495609,0
                83.7991351952238,28.1245233115573,0
                83.7987944941106,28.1243671329671,0
                83.7986670751266,28.1242699520071,0
                83.7979916184572,28.1235356955367,0
                83.796722062486,28.1223380971332,0
                83.7959779830291,28.1218902507853,0
                83.7952935774186,28.1217696882353,0
                83.7948648221275,28.1217645568598,0
                83.794349703081,28.1218179192906,0
                83.7942630888748,28.1218561017662,0
                83.7936617303368,28.121945458868,0
                83.793489189398,28.1220196373013,0
                83.7931206701346,28.1222853572554,0
                83.7927950203574,28.1225871368281,0
                83.7925783591401,28.1227402447626,0
                83.7919693031518,28.123346242522,0
                83.7916873364131,28.123573655609,0
                83.7912545138905,28.1238369372054,0
                83.790909432304,28.1239875429281,0
                83.7905654148007,28.1240615309223,0
                83.7900471046368,28.1242863142183,0
                83.7894996152861,28.1242990547088,0
                83.7894881789781,28.1242989920272,0
                83.7894026273956,28.1242988660556,0
                83.7890612391158,28.1241607481711,0
                83.7888498976649,28.1239100169493,0
                83.7882974789629,28.1235052956914,0
                83.7880417034783,28.1233673038253,0
                83.7874437252132,28.1231723117947,0
                83.7869308588195,28.123054189764,0
                83.7866728305975,28.1230899323549,0
                83.7864142997989,28.1232045428516,0
                83.7862421351724,28.1232404743143,0
                83.785985106609,28.1232399704661,0
                83.7852142124322,28.1231372796235,0
                83.7847850812277,28.1231727071881,0
                83.7837590359985,28.1229364002402,0
                83.7835230053848,28.1229360837254,0
                83.7834200251971,28.1226087369893,0
                83.783236378268,28.121839116056,0
                83.7831527055385,28.1216675679272,0
                83.7830679681153,28.1215906989832,0
                83.782620532705,28.1213756488087,0
                83.7820458034148,28.1210273591417,0
                83.7814485757677,28.1207736850593,0
                83.7811064984633,28.1206941862621,0
                83.7809361484805,28.1206171910281,0
                83.7801930099419,28.1200181706373,0
                83.779511107743,28.1196876273679,0
                83.7793403815105,28.1196286928885,0
                83.7790831034004,28.1196260640125,0
                83.7787409003662,28.1195668135984,0
                83.7783976966499,28.1195820575606,0
                83.7779705064276,28.1194460006199,0
                83.7776279909537,28.1193868128041,0
                83.7770308256183,28.1191331385497,0
                83.7767114972081,28.1189588368562,0
                83.7763697949048,28.1188590904386,0
                83.7761140188521,28.1187232864207,0
                83.7758596832877,28.1184927410722,0
                83.7757547632988,28.1183188795085,0
                83.7756103536377,28.117858356487,0
                83.7755503069585,28.1175130746934,0
                83.7754054589808,28.1171089842112,0
                83.774920536915,28.1164539107848,0
                83.774814115563,28.1163747910395,0
                83.7743879886163,28.1161800522003,0
                83.7738748727871,28.1160619297276,0
                83.7732777706835,28.1157901948255,0
                83.7730653018249,28.1156341435562,0
                83.7728326498218,28.1154036609168,0
                83.7725555026727,28.1152475450121,0
                83.7722986002601,28.115226792893,0
                83.7719546453107,28.1153006559395,0
                83.7710065761634,28.1156984180627,0
                83.7708344116511,28.1157342237579,0
                83.770491895323,28.1156952843643,0
                83.770236495252,28.1155572310447,0
                83.7701305115094,28.1154419898336,0
                83.7701327641305,28.1152705677874,0
                83.7705536675633,28.1141792982863,0
                83.7705350497127,28.1139491308744,0
                83.7703465821879,28.1136036597152,0
                83.7699657030716,28.1131991904534,0
                83.7697764841922,28.1129100884978,0
                83.7695860764809,28.1126976668955,0
                83.7693104935063,28.1124648093784,0
                83.7690257718346,28.1129426362933,0
                83.7684582064052,28.1137426168239,0
                83.7681544290624,28.1140286489907,0
                83.7678731506942,28.1142379384913,0
                83.7670973727051,28.1145389613015,0
                83.7663229720546,28.1147632407935,0
                83.7656791200972,28.1148162888571,0
                83.7650360188983,28.1147926553068,0
                83.7648436708185,28.1147539680644,0
                83.7645862669813,28.1147715879618,0
                83.7642632456161,28.1148657618289,0
                83.7640042777156,28.115016494031,0
                83.7635493314063,28.1153767037545,0
                83.7634839005503,28.1154735694793,0
                83.7634185964545,28.1155005653794,0
                83.7628372943639,28.1157364106876,0
                83.7624502817336,28.1158305210036,0
                83.7618710468222,28.1158453226874,0
                83.7612294471489,28.115726885559,0
                83.7610374748633,28.1156475772922,0
                83.7607167060009,28.1155883274289,0
                83.760329694033,28.1156801882789,0
                83.7595534788002,28.1160217702495,0
                83.7591030387611,28.116036761643,0
                83.7580145047077,28.1156467802125,0
                83.7577157337565,28.1155469719856,0
                83.7579045770105,28.1158744444992,0
                83.7583031982128,28.1165497649168,0
                83.7583654982244,28.1167213130553,0
                83.7583418732545,28.1168949839225,0
                83.7580574026234,28.1173524387099,0
                83.7577970577849,28.1175799131699,0
                83.7569754693539,28.1181311635194,0
                83.7568880408285,28.1182460891706,0
                83.7566659331794,28.1188570923207,0
                83.7564681387258,28.1192583650333,0
                83.7565056888676,28.1196622665519,0
                83.7566914020874,28.1202379053727,0
                83.7567506365359,28.1206418064441,0
                83.7566597023935,28.1210433311229,0
                83.7566751909327,28.1215035401454,0
                83.7566295051372,28.1217335804993,0
                83.7565195783926,28.121963495935,0
                83.7564278940459,28.1224213279363,0
                83.7564255775189,28.1225950623336,0
                83.7564863140286,28.1228816618782,0
                83.7566534091889,28.1232294454816,0
                83.7566504058465,28.1234595498001,0
                83.7564716678659,28.1240322445464,0
                83.7564696017631,28.1242059793486,0
                83.7565521482824,28.1244543331708,0
                83.7565223268013,28.1251220840185,0
                83.7565935012539,28.1252800712534,0
                83.7564753164503,28.1259364468227,0
                83.7564719380019,28.1261665512806,0
                83.756794680701,28.1274756879078,0
                83.7568779789251,28.1276314250073,0
                83.7570401325081,28.1282476841633,0
                83.757204913873,28.1286721478771,0
                83.7572235960418,28.1288436325329,0
                83.7574084977904,28.1293853995734,0
                83.757595652084,28.1297715548393,0
                83.7575941510846,28.1298482354785,0
                83.7577611217608,28.1301576471508,0
                83.7578422297278,28.1304646201683,0
                83.7578359111916,28.1308481481619,0
                83.7577249830861,28.1310961239516,0
                83.7574848858032,28.1313415979263,0
                83.7569661383657,28.1315640698893,0
                83.7554150879251,28.1319267625653,0
                83.7548960277981,28.1321672325235,0
                83.754530136118,28.1323380861067,0
                83.7543399772379,28.1321617240151,0
                83.7540000273858,28.1319648610618,0
                83.7537669370667,28.131790686252,0
                83.7535968988512,28.131711440438,0
                83.7533409346371,28.1316500670189,0
                83.7528271277727,28.1316626826598,0
                83.7522260793564,28.1318488435667,0
                83.75145117579,28.1322264846104,0
                83.7508028770727,28.1327758001666,0
                83.7503907971491,28.1332330019923,0
                83.7500461527403,28.1334219166271,0
                83.7497026332228,28.1335340887491,0
                83.7492739398765,28.1336055132856,0
                83.7484185543824,28.133576877226,0
                83.7478381283233,28.1337946610319,0
                83.7476805227123,28.1338530279378,0
                83.7475732872361,28.1338528386193,0
                83.7472512671457,28.1338883302668,0
                83.7468637542646,28.1340184376917,0
                83.7462839552903,28.1341098579044,0
                83.7449964397274,28.1341165237757,0
                83.743645935766,28.1339898891108,0
                83.7430675155765,28.1338918892574,0
                83.742510278228,28.1338275734061,0
                83.7421201343443,28.1342825884597,0
                83.7419460890662,28.1345665598646,0
                83.7418583463323,28.1347964757943,0
                83.7418565297469,28.1350243298967,0
                83.7416797916029,28.1356331468862,0
                83.7417005994195,28.1357098900321,0
                83.7416558509865,28.1359376812363,0
                83.7416956506244,28.1363190847527,0
                83.7417128245286,28.1368537243925,0
                83.7417513089849,28.1373885512425,0
                83.7417058088165,28.1376727119906,0
                83.7416809294643,28.1380743002468,0
                83.7415705620907,28.1384530769328,0
                83.7415693092266,28.1386065004185,0
                83.7417144644677,28.1392181969376,0
                83.7415832880905,28.1395225425141,0
                83.7415806575781,28.1398270771451,0
                83.7415363477076,28.1399781876693,0
                83.7414057359523,28.1402057905129,0
                83.7412758755812,28.1403386509662,0
                83.7411455770586,28.1405481926823,0
                83.7408647972167,28.1407552316149,0
                83.7405617688409,28.1410773224527,0
                83.7404962128975,28.1412283075529,0
                83.7404943957772,28.1414584743644,0
                83.740664056154,28.1416888935718,0
                83.7407694120217,28.1419372478817,0
                83.7411529786028,28.1422447883218,0
                83.7415369850587,28.1424959593574,0
                83.7417287682065,28.1426700714544,0
                83.7424073456354,28.1436279330709,0
                83.7425990661716,28.1438019824538,0
                83.74291895697,28.1440146555779,0
                83.7433667021397,28.1443810049123,0
                83.7438140715497,28.1447653521553,0
                83.7440705985674,28.1448628474563,0
                83.7443908641077,28.1450574591023,0
                83.7447739290778,28.1454598042475,0
                83.7449427756849,28.1457669041671,0
                83.7449175202209,28.146224861923,0
                83.7449591363244,28.1463783488376,0
                83.745171289456,28.1466832621089,0
                83.7452345280387,28.1468368739704,0
                83.7452110886819,28.1470669147697,0
                83.7451012222854,28.1473690730592,0
                83.745054656324,28.14782696853,0
                83.7450524018767,28.1480931941165,0
                83.7458679181216,28.148081146252,0
                83.7461253837429,28.1480658389322,0
                83.7462967971757,28.1481045254622,0
                83.7466391237298,28.1482224580327,0
                83.7471521132497,28.1484738183153,0
                83.7477196579719,28.1486418113431,0
                83.7478378940162,28.1485698824966,0
                83.7481287960457,28.1483921530933,0
                83.7485141193674,28.1483770979075,0
                83.7487712734869,28.1483414178719,0
                83.7494796831926,28.1481374476069,0
                83.7499944285672,28.1480278405971,0
                83.7510854074861,28.1480388574812,0
                83.7516857036489,28.1479496872506,0
                83.752136520589,28.14781964328,0
                83.7525660915293,28.1476715386213,0
                83.7528231816306,28.1476562315651,0
                83.7533375522856,28.1475646230978,0
                83.7535308404772,28.1475085683634,0
                83.7539185420295,28.1473017182688,0
                83.7540044686196,28.147283784033,0
                83.7550211636211,28.1463718833229,0
                83.7552152655968,28.146239148152,0
                83.7557958169232,28.1459942417815,0
                83.7563093742419,28.1459816266316,0
                83.7567578747996,28.1460433779529,0
                83.757014590982,28.1460460687484,0
                83.7575297117797,28.1459184014096,0
                83.7577879926748,28.1457857300888,0
                83.758109762732,28.1457141167127,0
                83.7588766545684,28.1459906658537,0
                83.7593456512674,28.1461314101655,0
              </coordinates>
            </LinearRing>
          </outerBoundaryIs>
        </Polygon>
      </Placemark>
      <Placemark id="GA_SYANGJA_Aandhikhola.4">
        <ExtendedData>
          <SchemaData schemaUrl="#GA_SYANGJA_Aandhikhola.schema">
            <SimpleData name="ogc_fid">2998</SimpleData>
            <SimpleData name="objectid_1">2999</SimpleData>
            <SimpleData name="dcode">39</SimpleData>
            <SimpleData name="district">SYANGJA</SimpleData>
            <SimpleData name="das">0</SimpleData>
            <SimpleData name="gapa_napa">Aandhikhola</SimpleData>
            <SimpleData name="type_gn">Gaunpalika</SimpleData>
            <SimpleData name="gn_code">1.000000000000000</SimpleData>
            <SimpleData name="new_ward_n">6</SimpleData>
            <SimpleData name="ddgnww">390106.000000000000000</SimpleData>
            <SimpleData name="center">Setidobhan</SimpleData>
            <SimpleData name="state_code">4</SimpleData>
            <SimpleData name="ddgn">39001</SimpleData>
            <SimpleData name="area_sqkm">10.593036215800000</SimpleData>
            <SimpleData name="shape_leng">15749.543993100000080</SimpleData>
            <SimpleData name="shape_area">10593036.215800000354648</SimpleData>
            <SimpleData name="Province">GA</SimpleData>
            <SimpleData name="Address">Aandhikhola-6, SYANGJA, GA</SimpleData>
          </SchemaData>
        </ExtendedData>
        <Polygon>
          <outerBoundaryIs>
            <LinearRing>
              <coordinates>
                83.8396224366224,28.1382035877725,0
                83.8401195636593,28.1378838125098,0
                83.8404227776754,28.1376382145377,0
                83.8412824808128,28.137361752579,0
                83.8415410109321,28.1372514544168,0
                83.8417366137416,28.1370621625239,0
                83.8419545899804,28.1367962524171,0
                83.8420210213493,28.1366452047039,0
                83.8428476179848,28.1357030531732,0
                83.843580590607,28.1352752284506,0
                83.8444399812792,28.1349828938077,0
                83.844699199839,28.1348139756971,0
                83.8448711164372,28.1347419846954,0
                83.8450883418567,28.134516633537,0
                83.8453060680339,28.1342326001917,0
                83.8455010451698,28.1340636811193,0
                83.846103282173,28.1338070895268,0
                83.846254577299,28.1336944139476,0
                83.8464725531498,28.1334104430556,0
                83.8467978288009,28.133092665239,0
                83.8469519394994,28.1327905073722,0
                83.8471308639677,28.1322583084544,0
                83.8472398520922,28.1321072613162,0
                83.8473694619274,28.1320148969096,0
                83.8479074575017,28.1317740519112,0
                83.8482504123226,28.1317022516995,0
                83.8487639698573,28.1316735123405,0
                83.849192913974,28.1315837150887,0
                83.8493644541022,28.1315297849413,0
                83.8495157487262,28.1314171102184,0
                83.8499460702171,28.1312325706628,0
                83.8503743892494,28.131181144616,0
                83.8506318555275,28.1311092802865,0
                83.8508047102828,28.1309966682299,0
                83.8510436835143,28.1307351962932,0
                83.8511100527052,28.1305818363735,0
                83.8513717125328,28.1302234351201,0
                83.8515943197401,28.1296167435499,0
                83.8517895468867,28.1294297008419,0
                83.8520948901296,28.1290149316515,0
                83.8524847196625,28.1286588449003,0
                83.8529633542894,28.1280930913265,0
                83.853094716791,28.1278676134,0
                83.8531621497829,28.1276398224952,0
                83.8533815027018,28.127261047901,0
                83.8536860944055,28.126904898013,0
                83.8539893097731,28.126623177929,0
                83.8542052212345,28.1264722578734,0
                83.8549796240991,28.1261414247593,0
                83.8551954731814,28.1259927546652,0
                83.8554983751562,28.1257493442239,0
                83.8557159759023,28.1254856836022,0
                83.8561054938478,28.1251477206418,0
                83.8561427387116,28.1251252229289,0
                83.8563687741453,28.1249945510147,0
                83.85673541535,28.1248234472105,0
                83.8569729494502,28.1246725272807,0
                83.8571461795716,28.1245035451601,0
                83.857385904366,28.1241608306845,0
                83.8575848269328,28.1235902597178,0
                83.8575858916034,28.1234932685452,0
                83.8575873307602,28.1233601564222,0
                83.8573776813237,28.1229019439948,0
                83.857102349888,28.1225564713585,0
                83.8568270186149,28.1222290588284,0
                83.8564199497329,28.1221496221114,0
                83.8552764646916,28.1227711100723,0
                83.8546733533314,28.1230163907029,0
                83.8544156371562,28.1230521962142,0
                83.8541583594794,28.1230316312685,0
                83.8539020837188,28.1229163253324,0
                83.8531300614319,28.1229110009065,0
                83.8528727846756,28.122870063521,0
                83.8526378804633,28.1227728803366,0
                83.8523181149828,28.1225807058646,0
                83.8520226011069,28.1221381783488,0
                83.851876065047,28.1217950821686,0
                83.8516437278753,28.1214496720839,0
                83.8514573283674,28.1207997282718,0
                83.8512662952329,28.1206258037307,0
                83.8510100813116,28.1205104346829,0
                83.8506676294273,28.1204130635198,0
                83.8500670852848,28.120407867033,0
                83.8497231292199,28.1204819793729,0
                83.8490547126811,28.1208015651216,0
                83.8487760625498,28.1207991237903,0
                83.8484967246359,28.1208167425295,0
                83.8478113798331,28.1207348012183,0
                83.8461782188345,28.1209924394792,0
                83.8456643521863,28.1208925657936,0
                83.8446361169322,28.1207718727462,0
                83.8439497095837,28.1207462389651,0
                83.8424086716016,28.1204308680192,0
                83.8421517068873,28.1203922428109,0
                83.8419799172452,28.1204101137277,0
                83.8411862737655,28.1204024139898,0
                83.8406712798109,28.1203995306289,0
                83.8400696711706,28.1204913878862,0
                83.8397268432805,28.1204503242303,0
                83.8387871011098,28.1200814673378,0
                83.8376360199353,28.1193852620369,0
                83.8370384172992,28.1191340879825,0
                83.8366123512036,28.1190140301973,0
                83.8361844701712,28.1190473325573,0
                83.8359270665313,28.119103448484,0
                83.8353283968885,28.1190959399089,0
                83.8349012673731,28.1190548116627,0
                83.8343262831866,28.1189909955932,0
                83.8337689824755,28.1189857998433,0
                83.8333404768987,28.119039412965,0
                83.8328259178376,28.1191470829105,0
                83.8321406339672,28.1192184405441,0
                83.8318828541436,28.11929030513,0
                83.8313691089831,28.1193438544721,0
                83.8311607627656,28.119330039724,0
                83.8310268430723,28.1193208511921,0
                83.8301721488812,28.1191212930835,0
                83.8291449767987,28.1189778518899,0
                83.8280343820486,28.1186628633074,0
                83.8276066909088,28.118581176444,0
                83.8272641743574,28.1185603600197,0
                83.8266855652488,28.118534790957,0
                83.8259356656123,28.1185090309977,0
                83.825420171685,28.1185625179365,0
                83.8250759031906,28.1186343191406,0
                83.8247311973258,28.1187669889466,0
                83.824298498738,28.1190484569715,0
                83.8237801880387,28.1193117367054,0
                83.82347703712,28.1195211502485,0
                83.8226948767691,28.1202601336316,0
                83.8222369271249,28.1208100762823,0
                83.8216525596085,28.1212086562177,0
                83.8211761166443,28.1215486802284,0
                83.8209606446407,28.1216228580637,0
                83.8207231737744,28.1217353436115,0
                83.8204849521849,28.1219065120289,0
                83.8200099486782,28.1221314836714,0
                83.8196652421007,28.1222438437016,0
                83.8186330012628,28.1224635570474,0
                83.8177688572772,28.1229339383354,0
                83.817338287628,28.1230642326683,0
                83.8171650586304,28.1231768445064,0
                83.8165611973199,28.1234196874528,0
                83.8160453890993,28.1235114835159,0
                83.8152736799944,28.1235036595394,0
                83.8147571841145,28.123654137675,0
                83.8142411257137,28.1237436840222,0
                83.813898485251,28.1237206807757,0
                83.8137277590838,28.1236617457385,0
                83.8134707934985,28.1236411184235,0
                83.8129982936085,28.1236946061749,0
                83.8127405776457,28.1237303486398,0
                83.812312510191,28.123668848224,0
                83.8119714341498,28.1235307922138,0
                83.8117144693363,28.1234920423057,0
                83.8115430545247,28.1234896021196,0
                83.8113492050218,28.1235457185264,0
                83.8110889224937,28.1237731942714,0
                83.8106267796136,28.1246096110651,0
                83.8105109152146,28.1248621483437,0
                83.8102913140758,28.1251258090394,0
                83.8102763156543,28.1251438065099,0
                83.8100600924235,28.1252743544838,0
                83.8096900719368,28.1256528765204,0
                83.8092576245236,28.125916283208,0
                83.8089356042179,28.1259677109671,0
                83.8086363320163,28.1259266474252,0
                83.8084442960891,28.1258857728139,0
                83.808384866915,28.1258608995933,0
                83.8076779057391,28.1255688521273,0
                83.8073278290904,28.125489416481,0
                83.8071230447657,28.125443980097,0
                83.806544371718,28.1254567194951,0
                83.8056408005795,28.1257126194472,0
                83.8055526234804,28.1257418653939,0
                83.8053180288123,28.1258227290662,0
                83.8047357890818,28.1260633231561,0
                83.8044112665565,28.1262704247383,0
                83.8042159136488,28.1264415933147,0
                83.8040419337684,28.1266308230097,0
                83.8037350898618,28.1270861521871,0
                83.8036260395919,28.1271988278154,0
                83.8033184460119,28.1277127759507,0
                83.8030784099125,28.1279966843451,0
                83.8029736097912,28.1280822371453,0
                83.8027748209899,28.12824215691,0
                83.802579468005,28.1284133257903,0
                83.8016722671474,28.1288993301526,0
                83.8014137999002,28.1289915052857,0
                83.8016900102221,28.1291294972556,0
                83.8021151991504,28.1293466713162,0
                83.8024329020928,28.1295817804974,0
                83.8026030027697,28.1296587757472,0
                83.8028141578781,28.1298553243379,0
                83.8039101747719,28.1310210481399,0
                83.8042672424506,28.1314863236515,0
                83.8050892406723,28.132360632395,0
                83.8052572135437,28.1325932397142,0
                83.8057643865696,28.1330406439629,0
                83.8059560464395,28.1331198901144,0
                83.806443849903,28.1334341818682,0
                83.8072232906741,28.1343084275068,0
                83.8074785036957,28.1344260461831,0
                83.8079901195718,28.1345869765294,0
                83.8082652031322,28.1348017119253,0
                83.8084086134138,28.1352260503364,0
                83.8084454126495,28.1356299517802,0
                83.8086115084329,28.1359776734631,0
                83.808906086288,28.1363254586079,0
                83.8091364864434,28.1366754928889,0
                83.8094238692451,28.1374835493129,0
                83.8099257859083,28.1382964835469,0
                83.8106233669571,28.1389020647842,0
                83.8109165071087,28.1393469040373,0
                83.8109985536207,28.1395771339952,0
                83.8110147939779,28.1399246034607,0
                83.8113033030389,28.1406762896761,0
                83.8114282188155,28.1409065828689,0
                83.8120157493985,28.1417218938641,0
                83.8124104301452,28.142532326044,0
                83.8129574689842,28.143173839084,0
                83.8130404543845,28.1433453876352,0
                83.8130546929146,28.1438237190326,0
                83.8130525031036,28.1439590815971,0
                83.8130713092982,28.1441305669105,0
                83.8131941609919,28.144475850286,0
                83.8132577137433,28.1445324081749,0
                83.8133396978815,28.1447626383078,0
                83.8134234966649,28.1448800672981,0
                83.8136769578969,28.1451105495331,0
                83.8141005827967,28.1454202160661,0
                83.8145220174012,28.1458449343642,0
                83.8146058167387,28.1459804232087,0
                83.8147091103764,28.1462106542425,0
                83.8147243499358,28.1466123051868,0
                83.8148482657614,28.1469012182412,0
                83.8157170749565,28.1475025525828,0
                83.8166878635425,28.1484085489067,0
                83.8172613435294,28.1487206539723,0
                83.8178589480336,28.1488613381666,0
                83.8180286732417,28.14895852029,0
                83.8182392648396,28.1491889397827,0
                83.8182931824419,28.1498387563118,0
                83.8181595681083,28.1501815360347,0
                83.8177213639475,28.1508081602042,0
                83.8176766807993,28.1509231486027,0
                83.8173037191546,28.1514934663458,0
                83.816881756033,28.1524629966928,0
                83.816857192458,28.1526727897468,0
                83.8168991227145,28.1527315352,0
                83.8170042320326,28.1528467135146,0
                83.8171916996972,28.1531921225488,0
                83.8173390510706,28.1533660463643,0
                83.8177208081092,28.1535989687753,0
                83.8178915972075,28.1536397805069,0
                83.8182343015361,28.153622162389,0
                83.8186654340868,28.1534558099043,0
                83.8190951287558,28.1533638875685,0
                83.8200791833007,28.1534305842365,0
                83.8205081891696,28.1533974064358,0
                83.820852644861,28.1532872972895,0
                83.8209829422208,28.1531723096792,0
                83.8213313408329,28.152793786616,0
                83.8216133074232,28.1525684992754,0
                83.8217660409325,28.1523792059523,0
                83.8218768438008,28.1521492290971,0
                83.8219290988109,28.1515379104586,0
                83.8217828103265,28.1513075541584,0
                83.8215931525521,28.1510952577624,0
                83.8212803303647,28.1505578634984,0
                83.821197219955,28.150404376862,0
                83.8211365445061,28.1501741459764,0
                83.8211386727788,28.1500207849793,0
                83.8214248939664,28.1495270223093,0
                83.821812032046,28.1494169761916,0
                83.8220282558096,28.1492841785135,0
                83.8222711704536,28.1488287241943,0
                83.8224452126433,28.1486394314559,0
                83.8225314526554,28.1486012489254,0
                83.822831912733,28.1485677564316,0
                83.8230886280787,28.1485883840514,0
                83.8233442799738,28.1486676929604,0
                83.8238936335441,28.1491512204672,0
                83.8242345234793,28.1492689648806,0
                83.8244894862301,28.1494046445549,0
                83.8250019154282,28.1495068310767,0
                83.8255161595764,28.1494735920392,0
                83.8261158916489,28.1494789135675,0
                83.8262877450324,28.149443044669,0
                83.8268048051014,28.1492361960467,0
                83.8276683857131,28.1487860012361,0
                83.8280987685421,28.1486579563763,0
                83.8282717470084,28.1485634059478,0
                83.8289006108672,28.1480543367752,0
                83.8297702613983,28.1472026148938,0
                83.8299900512522,28.1468419015036,0
                83.8301672230074,28.1464607514404,0
                83.8301920991038,28.1462329595869,0
                83.8301529839426,28.1460027926055,0
                83.8300290697579,28.1456958181889,0
                83.8298607831474,28.1455015831455,0
                83.8297371808931,28.1451946097366,0
                83.8296764436174,28.1449666916841,0
                83.8297013199736,28.1447365878126,0
                83.8299200476006,28.1444323064668,0
                83.8300748445481,28.1441278985697,0
                83.8303148816216,28.1438439290086,0
                83.8307459518855,28.1436571400814,0
                83.8311605846645,28.1436103382432,0
                83.8315179134723,28.1435701599384,0
                83.8317778830881,28.1433448720175,0
                83.832216775686,28.1426415049086,0
                83.8326308548351,28.1421501811993,0
                83.8331141191918,28.1413341382684,0
                83.8333559713948,28.1408989311643,0
                83.8335543899461,28.1405179068412,0
                83.8338591051675,28.1401775669421,0
                83.834182940856,28.1399907146132,0
                83.834784488992,28.1398267387243,0
                83.8351537588581,28.1394662147289,0
                83.8355000301776,28.1392049318808,0
                83.83599959858,28.1387136713637,0
                83.8366885127151,28.138414459207,0
                83.8371185197543,28.1382863527299,0
                83.8373749858552,28.1382911695011,0
                83.8381434427215,28.1384139199849,0
                83.8383994702437,28.1384547950988,0
                83.8388050397582,28.1384981730998,0
                83.8391494342402,28.1383676276124,0
                83.8393422836515,28.1383521323204,0
                83.8396224366224,28.1382035877725,0
              </coordinates>
            </LinearRing>
          </outerBoundaryIs>
        </Polygon>
      </Placemark>
      <Placemark id="GA_SYANGJA_Aandhikhola.5">
        <ExtendedData>
          <SchemaData schemaUrl="#GA_SYANGJA_Aandhikhola.schema">
            <SimpleData name="ogc_fid">3008</SimpleData>
            <SimpleData name="objectid_1">3009</SimpleData>
            <SimpleData name="dcode">39</SimpleData>
            <SimpleData name="district">SYANGJA</SimpleData>
            <SimpleData name="das">0</SimpleData>
            <SimpleData name="gapa_napa">Aandhikhola</SimpleData>
            <SimpleData name="type_gn">Gaunpalika</SimpleData>
            <SimpleData name="gn_code">1.000000000000000</SimpleData>
            <SimpleData name="new_ward_n">5</SimpleData>
            <SimpleData name="ddgnww">390104.999999999941792</SimpleData>
            <SimpleData name="center">Setidobhan</SimpleData>
            <SimpleData name="state_code">4</SimpleData>
            <SimpleData name="ddgn">39001</SimpleData>
            <SimpleData name="area_sqkm">10.928281534600000</SimpleData>
            <SimpleData name="shape_leng">16443.318597299999965</SimpleData>
            <SimpleData name="shape_area">10928281.534600000828505</SimpleData>
            <SimpleData name="Province">GA</SimpleData>
            <SimpleData name="Address">Aandhikhola-5, SYANGJA, GA</SimpleData>
          </SchemaData>
        </ExtendedData>
        <Polygon>
          <outerBoundaryIs>
            <LinearRing>
              <coordinates>
                83.8280026848502,28.1719724026098,0
                83.8281352357452,28.1716859938558,0
                83.8282872807999,28.1715328221538,0
                83.8285934991279,28.171095429478,0
                83.8291564947809,28.1706585407364,0
                83.8305364476051,28.1700218077639,0
                83.83079428958,28.1699656915701,0
                83.8311597453651,28.1697021590068,0
                83.831659310659,28.1693418249651,0
                83.831917903943,28.1691932173728,0
                83.8325214549578,28.1688939413891,0
                83.8333818461301,28.1685587983907,0
                83.8335332028811,28.1684439357332,0
                83.8339687182591,28.1678939928815,0
                83.834380420642,28.1675357189138,0
                83.8345541512577,28.1673464263014,0
                83.8350515294672,28.1669680309483,0
                83.8352895012474,28.1667855514505,0
                83.8356361481848,28.166515269073,0
                83.8358318759789,28.1663079162838,0
                83.8359178648745,28.1662696710069,0
                83.8363948095095,28.1658754020545,0
                83.8368043834054,28.1656706142623,0
                83.8372383964076,28.165274032353,0
                83.8373918181613,28.1650463681074,0
                83.8375260569317,28.1646652172359,0
                83.837580627779,28.1639027247241,0
                83.8378075520846,28.1630637414262,0
                83.8378096794523,28.1629103181156,0
                83.8378987975819,28.1626825905932,0
                83.8379747405707,28.1619200977139,0
                83.8380673626607,28.1614622038112,0
                83.8383099012802,28.1610067483667,0
                83.8386789218462,28.1606462248975,0
                83.8389654567897,28.1601164028919,0
                83.8390961924943,28.1599631062474,0
                83.8393331002582,28.1598528695036,0
                83.8396555587135,28.159760695611,0
                83.8403396544591,28.1597885787096,0
                83.8409368216007,28.1599291383264,0
                83.8415356159141,28.1599366466399,0
                83.8420513000313,28.1597882932937,0
                83.8428262643519,28.1594936448939,0
                83.843344513624,28.1591942434049,0
                83.8436694132306,28.1589102740851,0
                83.8439783217469,28.1583037710717,0
                83.8441526782048,28.1580941680222,0
                83.8442389171235,28.1580581106664,0
                83.8444339568715,28.1578868791347,0
                83.8445870027328,28.157679525468,0
                83.8449763598676,28.1560014332188,0
                83.8451996549793,28.1553924920197,0
                83.8453317038707,28.1551647654343,0
                83.8455926751718,28.154883107014,0
                83.8459595674591,28.154675944717,0
                83.8464741876007,28.1545862735971,0
                83.8469671855832,28.1545349103439,0
                83.8476295333421,28.1546011027291,0
                83.848015983152,28.1545089919063,0
                83.8485578570916,28.1540584789506,0
                83.8486668452221,28.1539254304324,0
                83.8490976665821,28.1537205809673,0
                83.8492929564796,28.1535493498609,0
                83.849815961356,28.1529249771385,0
                83.8500531826282,28.1527943674142,0
                83.8503323339653,28.1527405017011,0
                83.8508665117582,28.1527862559576,0
                83.8512913253555,28.1529806824432,0
                83.8514796064363,28.153269722514,0
                83.8517126352411,28.1534075884217,0
                83.8519691001245,28.153430402461,0
                83.8522272555205,28.1533359156234,0
                83.8524221697578,28.1531872443066,0
                83.8526188987482,28.1529212092602,0
                83.852729327095,28.1526731706508,0
                83.8529954911824,28.1520665428545,0
                83.8533245825757,28.1515344713127,0
                83.8535453743067,28.1510790161478,0
                83.8537850354079,28.150794983566,0
                83.8540222563437,28.1506643741225,0
                83.8542175460997,28.150493142201,0
                83.8544582710065,28.1501346787282,0
                83.8545483908449,28.1498278958765,0
                83.8547894277681,28.1494694321113,0
                83.8549197258345,28.149336508469,0
                83.8551360126783,28.1491855256943,0
                83.8557586197976,28.1490034891606,0
                83.8562770584269,28.1486317191398,0
                83.8563857335005,28.1485190429868,0
                83.85660514954,28.1481402690488,0
                83.8566512730388,28.1479124151063,0
                83.8566624123386,28.147131923996,0
                83.856688665142,28.1468069534916,0
                83.8568211538282,28.1465047958855,0
                83.8568449032796,28.1463514350321,0
                83.8568504724384,28.1459701565223,0
                83.8567931779402,28.1454940114786,0
                83.8564504103058,28.1455455641247,0
                83.8561723853344,28.1455407477454,0
                83.8560239059882,28.1454639400442,0
                83.85581256321,28.1452877024631,0
                83.8557091437402,28.145057471303,0
                83.8556490950295,28.1447708712695,0
                83.8555258063937,28.144427837887,0
                83.8551076249339,28.143791139011,0
                83.8547073120186,28.1433869192556,0
                83.8544141720516,28.1429624530698,0
                83.8539708643042,28.1425739195635,0
                83.8538657559192,28.1424406798491,0
                83.8535279325134,28.1421673243939,0
                83.8534440705172,28.1420522082848,0
                83.8534035791056,28.1418806608498,0
                83.8534301457951,28.1415377540947,0
                83.8533477859811,28.1413075868885,0
                83.8530760185174,28.1408831207557,0
                83.8524849207398,28.1403794072926,0
                83.8517432792199,28.1399318735176,0
                83.8512332887721,28.1397146971924,0
                83.8500403298082,28.1394291414838,0
                83.8496986879868,28.1393858902984,0
                83.8491858193862,28.1393785702947,0
                83.8489716601428,28.1394144385657,0
                83.8489067307782,28.1394504972704,0
                83.8486243874638,28.1397705255413,0
                83.8483864774667,28.1399395069993,0
                83.8479557183449,28.1401601052215,0
                83.8471828803371,28.1403780730839,0
                83.8470107136052,28.1404703743315,0
                83.8464957802919,28.1405781685739,0
                83.8460681503162,28.1405731000064,0
                83.8454282382458,28.1404505389634,0
                83.8449147447245,28.1404454682972,0
                83.8444885544195,28.1403434712047,0
                83.8442332155907,28.1402461630546,0
                83.8437211602407,28.1401621004069,0
                83.8436355468929,28.1401620361462,0
                83.8433330832895,28.1403692005748,0
                83.842560245496,28.140551108636,0
                83.8423035304212,28.1405462931446,0
                83.8417062375194,28.1404259819758,0
                83.8410215164876,28.1404364699635,0
                83.840808420785,28.1403956577391,0
                83.8406596922383,28.1403164750076,0
                83.8404912810967,28.1401426127334,0
                83.8402195761959,28.1397203972223,0
                83.8400082322782,28.1395644700006,0
                83.8397522674472,28.139503221672,0
                83.8395611697148,28.1394240387349,0
                83.8394595655816,28.1390787555509,0
                83.8394843797,28.1388508388955,0
                83.839617868094,28.1385081222387,0
                83.8395972467459,28.1384516899135,0
                83.8396224366224,28.1382035877725,0
                83.8393422836515,28.1383521323204,0
                83.8391494342402,28.1383676276124,0
                83.8388050397582,28.1384981730998,0
                83.8383994702437,28.1384547950988,0
                83.8381434427215,28.1384139199849,0
                83.8373749858552,28.1382911695011,0
                83.8371185197543,28.1382863527299,0
                83.8366885127151,28.138414459207,0
                83.83599959858,28.1387136713637,0
                83.8355000301776,28.1392049318808,0
                83.8351537588581,28.1394662147289,0
                83.834784488992,28.1398267387243,0
                83.834182940856,28.1399907146132,0
                83.8338591051675,28.1401775669421,0
                83.8335543899461,28.1405179068412,0
                83.8333559713948,28.1408989311643,0
                83.8331141191918,28.1413341382684,0
                83.8326308548351,28.1421501811993,0
                83.832216775686,28.1426415049086,0
                83.8317778830881,28.1433448720175,0
                83.8315179134723,28.1435701599384,0
                83.8311605846645,28.1436103382432,0
                83.8307459518855,28.1436571400814,0
                83.8303148816216,28.1438439290086,0
                83.8300748445481,28.1441278985697,0
                83.8299200476006,28.1444323064668,0
                83.8297013199736,28.1447365878126,0
                83.8296764436174,28.1449666916841,0
                83.8297371808931,28.1451946097366,0
                83.8298607831474,28.1455015831455,0
                83.8300290697579,28.1456958181889,0
                83.8301529839426,28.1460027926055,0
                83.8301920991038,28.1462329595869,0
                83.8301672230074,28.1464607514404,0
                83.8299900512522,28.1468419015036,0
                83.8297702613983,28.1472026148938,0
                83.8289006108672,28.1480543367752,0
                83.8282717470084,28.1485634059478,0
                83.8280987685421,28.1486579563763,0
                83.8276683857131,28.1487860012361,0
                83.8268048051014,28.1492361960467,0
                83.8262877450324,28.149443044669,0
                83.8261158916489,28.1494789135675,0
                83.8255161595764,28.1494735920392,0
                83.8250019154282,28.1495068310767,0
                83.8244894862301,28.1494046445549,0
                83.8242345234793,28.1492689648806,0
                83.8238936335441,28.1491512204672,0
                83.8233442799738,28.1486676929604,0
                83.8230886280787,28.1485883840514,0
                83.822831912733,28.1485677564316,0
                83.8225314526554,28.1486012489254,0
                83.8224452126433,28.1486394314559,0
                83.8222711704536,28.1488287241943,0
                83.8220282558096,28.1492841785135,0
                83.821812032046,28.1494169761916,0
                83.8214248939664,28.1495270223093,0
                83.8211386727788,28.1500207849793,0
                83.8211365445061,28.1501741459764,0
                83.821197219955,28.150404376862,0
                83.8212803303647,28.1505578634984,0
                83.8215931525521,28.1510952577624,0
                83.8217828103265,28.1513075541584,0
                83.8219290988109,28.1515379104586,0
                83.8218768438008,28.1521492290971,0
                83.8217660409325,28.1523792059523,0
                83.8216133074232,28.1525684992754,0
                83.8213313408329,28.152793786616,0
                83.8209829422208,28.1531723096792,0
                83.820852644861,28.1532872972895,0
                83.8205081891696,28.1533974064358,0
                83.8200791833007,28.1534305842365,0
                83.8190951287558,28.1533638875685,0
                83.8186654340868,28.1534558099043,0
                83.8182343015361,28.153622162389,0
                83.8178915972075,28.1536397805069,0
                83.8177208081092,28.1535989687753,0
                83.8173390510706,28.1533660463643,0
                83.8171916996972,28.1531921225488,0
                83.8170042320326,28.1528467135146,0
                83.8168991227145,28.1527315352,0
                83.816857192458,28.1526727897468,0
                83.8166015412202,28.1525754190234,0
                83.8160028722569,28.1525114779112,0
                83.8154906934376,28.1523912309155,0
                83.8151488031838,28.1523501042384,0
                83.8146349342648,28.1523449086052,0
                83.8140340759194,28.1524163303479,0
                83.8136043817342,28.1525059401078,0
                83.8130013329061,28.1527307856968,0
                83.8127633618131,28.1528793311142,0
                83.8124377121775,28.1531631747235,0
                83.812286104921,28.1532577261882,0
                83.8116986093075,28.1538637867997,0
                83.8114133889377,28.1542988054449,0
                83.8112360920974,28.154679893389,0
                83.8105157965805,28.1555339289921,0
                83.8098406226869,28.1562526038607,0
                83.8092978732129,28.1567257393915,0
                83.8087132558077,28.1571400048869,0
                83.8083875438077,28.1574215995673,0
                83.8074999627657,28.1580069076486,0
                83.8072410573337,28.1581373912256,0
                83.8070691420542,28.1581732603982,0
                83.8068102374679,28.1582857457759,0
                83.8062082528483,28.1584315358616,0
                83.8057561216194,28.1586000761202,0
                83.8054531587878,28.1587891786434,0
                83.8051917504141,28.1590730868463,0
                83.8050595763614,28.1593007515848,0
                83.8049252112942,28.1596818397205,0
                83.8047703514747,28.1599861215489,0
                83.8046121736836,28.1605183838285,0
                83.8043897555281,28.161050518965,0
                83.8042908767852,28.161891879093,0
                83.804304991071,28.1623499003802,0
                83.804165620128,28.1630378353852,0
                83.8039666390164,28.1634368588991,0
                83.8039843820584,28.1636647757027,0
                83.8039334409486,28.1641813533757,0
                83.8039663612326,28.1648131085276,0
                83.8040682163538,28.1651561417509,0
                83.804152014628,28.1652735697651,0
                83.8043206766133,28.165447556682,0
                83.8045323317332,28.1656012962421,0
                83.8048291634362,28.1657957206414,0
                83.8054240145862,28.1661078897786,0
                83.8058267060107,28.1663792464505,0
                83.8059531231866,28.1665147356344,0
                83.8060567923542,28.1667450289895,0
                83.8060872872828,28.166787963326,0
                83.8062666333494,28.1670341310634,0
                83.8063937400583,28.1671312490686,0
                83.806733877764,28.1673258000196,0
                83.8070758937684,28.1673691760631,0
                83.8073305437639,28.1675251656691,0
                83.8073727239923,28.1675816617749,0
                83.8076424885273,28.1681798611926,0
                83.807636981082,28.1685836997113,0
                83.8073924386776,28.1692128265824,0
                83.8073198118111,28.1697880232841,0
                83.8073602399954,28.1699618205036,0
                83.8074862198484,28.1701356820393,0
                83.807590201256,28.1703659745749,0
                83.8075605059659,28.1709412343247,0
                83.807812591096,28.1712890193139,0
                83.8079816896614,28.1714449453297,0
                83.8081517274503,28.1715421895341,0
                83.8086630927451,28.1717391800457,0
                83.80926232416,28.171764812256,0
                83.809517537858,28.1719005541089,0
                83.8096859484254,28.1721128497322,0
                83.8096577546847,28.1725730572403,0
                83.8095442605265,28.1730331388883,0
                83.8095435098296,28.1730895709701,0
                83.8100141333007,28.1731330751892,0
                83.8104432016701,28.1730795243194,0
                83.8107025457725,28.1729287290072,0
                83.8111334293519,28.1727420650917,0
                83.8113053442087,28.1727061963847,0
                83.8116476724301,28.1727292620063,0
                83.8119038251072,28.1727882608842,0
                83.8120526780488,28.1728854422689,0
                83.8123082673294,28.1729647517189,0
                83.8124794941061,28.1729853146303,0
                83.8128230110911,28.1729316373205,0
                83.8136833381754,28.1726914233431,0
                83.8156440929505,28.1718683412708,0
                83.8160739737866,28.1717764192375,0
                83.8164171162185,28.1717408028283,0
                83.8167598204267,28.1717434953324,0
                83.8170585288244,28.1718251178398,0
                83.8173131161808,28.1719991682575,0
                83.8174832162883,28.1720964118123,0
                83.817752291745,28.1727510450371,0
                83.8178125908822,28.1730399572978,0
                83.8178281430729,28.1734437329387,0
                83.8178877536017,28.1737890150897,0
                83.8178812445782,28.1742492856196,0
                83.8180260934612,28.1745968188819,0
                83.8183821588724,28.1751748968146,0
                83.8188903323849,28.1756019912406,0
                83.8190817425628,28.1756812374526,0
                83.819338207646,28.1757221749714,0
                83.8198496349375,28.1759191030535,0
                83.820316315322,28.1762491425361,0
                83.8206966325922,28.1766173659712,0
                83.8209303482933,28.1767552946384,0
                83.8215288283432,28.1768553568776,0
                83.8223855253915,28.1768835556563,0
                83.8228969536401,28.1770804831906,0
                83.8233007702863,28.1772953449444,0
                83.8238996254274,28.1773772844633,0
                83.8244367435927,28.1772674280976,0
                83.8245450432083,28.1771908749364,0
                83.8248029465187,28.1771370714441,0
                83.8249752380272,28.177062830627,0
                83.825581290609,28.176607881233,0
                83.8260807333209,28.1761324951863,0
                83.8263837597697,28.1759252681702,0
                83.8270992392246,28.1752990241734,0
                83.8275340646021,28.1748438225894,0
                83.8276453061192,28.1745574128742,0
                83.8277363017738,28.1741740113733,0
                83.827695809601,28.174020524968,0
                83.8277214372568,28.1737137404198,0
                83.8278742338938,28.1735041992927,0
                83.8281768225158,28.1733149713142,0
                83.8282862484988,28.1731436757268,0
                83.8283097483322,28.1729903157258,0
                83.8282486989339,28.1727600854838,0
                83.8279553725937,28.1722972476515,0
                83.8279348140385,28.1722205045214,0
                83.8280026848502,28.1719724026098,0
              </coordinates>
            </LinearRing>
          </outerBoundaryIs>
        </Polygon>
      </Placemark>
      <Placemark id="GA_SYANGJA_Aandhikhola.6">
        <ExtendedData>
          <SchemaData schemaUrl="#GA_SYANGJA_Aandhikhola.schema">
            <SimpleData name="ogc_fid">3014</SimpleData>
            <SimpleData name="objectid_1">3015</SimpleData>
            <SimpleData name="dcode">39</SimpleData>
            <SimpleData name="district">SYANGJA</SimpleData>
            <SimpleData name="das">0</SimpleData>
            <SimpleData name="gapa_napa">Aandhikhola</SimpleData>
            <SimpleData name="type_gn">Gaunpalika</SimpleData>
            <SimpleData name="gn_code">1.000000000000000</SimpleData>
            <SimpleData name="new_ward_n">4</SimpleData>
            <SimpleData name="ddgnww">390104.000000000000000</SimpleData>
            <SimpleData name="center">Setidobhan</SimpleData>
            <SimpleData name="state_code">4</SimpleData>
            <SimpleData name="ddgn">39001</SimpleData>
            <SimpleData name="area_sqkm">12.896846310000001</SimpleData>
            <SimpleData name="shape_leng">18526.408414099998481</SimpleData>
            <SimpleData name="shape_area">12896846.310000000521541</SimpleData>
            <SimpleData name="Province">GA</SimpleData>
            <SimpleData name="Address">Aandhikhola-4, SYANGJA, GA</SimpleData>
          </SchemaData>
        </ExtendedData>
        <Polygon>
          <outerBoundaryIs>
            <LinearRing>
              <coordinates>
                83.809190798153,28.2199367510322,0
                83.8094072724277,28.2197678944609,0
                83.8096016226031,28.2196734060294,0
                83.8100555687086,28.219371691352,0
                83.8105520690898,28.2191084100489,0
                83.8107247985876,28.2190139216473,0
                83.8109199629215,28.2188427527109,0
                83.8112679868342,28.2184438569946,0
                83.8117457450799,28.2179887810901,0
                83.8120507743307,28.2175898846053,0
                83.8122275712533,28.2171907988323,0
                83.8123179408013,28.2168457691458,0
                83.8124135056448,28.2161014007427,0
                83.8126865558054,28.2148970142953,0
                83.8129059725818,28.2144980534918,0
                83.8134049774463,28.2140429156706,0
                83.813491341638,28.2140046700659,0
                83.8136001416812,28.2138717463504,0
                83.8137514993328,28.2137590715394,0
                83.8138389893409,28.2136442088058,0
                83.8139719784162,28.2133013664496,0
                83.8139955420359,28.2131300073332,0
                83.8141296572422,28.2127286091885,0
                83.8141946491276,28.2126723025587,0
                83.8143048892873,28.2124423252304,0
                83.8144791199831,28.2122350342413,0
                83.8148480151246,28.211874510663,0
                83.81499943409,28.2117800212628,0
                83.8153893891934,28.211437558908,0
                83.8156271094479,28.2113070743122,0
                83.8161474866264,28.2108519983013,0
                83.8164303931277,28.2105094720534,0
                83.8165182604198,28.2103381138433,0
                83.8166516248905,28.2099773982688,0
                83.8165273973595,28.2096681118577,0
                83.8163818612869,28.2093227038617,0
                83.8162546932298,28.2092074619241,0
                83.8157020245457,28.2088570478412,0
                83.8154057569041,28.2085859424839,0
                83.815304460713,28.2084503287059,0
                83.8146691885467,28.2076012705535,0
                83.8145861402738,28.2074274095907,0
                83.8144838484463,28.2070821266673,0
                83.8143853123377,28.2064479956091,0
                83.8142419033933,28.2059853473686,0
                83.8142230963156,28.2058138628176,0
                83.8142144917525,28.2048932591801,0
                83.8143066761134,28.2044332398842,0
                83.8143608721009,28.2036301262833,0
                83.8142792638992,28.2033412759954,0
                83.8142204678029,28.2029373112915,0
                83.8139748296365,28.2021293187488,0
                83.8136218930085,28.201321136284,0
                83.8133488125729,28.2009169188192,0
                83.8128633253548,28.2004131444132,0
                83.8124385126405,28.200139537315,0
                83.8119934542654,28.1997915620475,0
                83.8115921422819,28.1993645939935,0
                83.8114892247344,28.199075680977,0
                83.8114708562233,28.1988455147115,0
                83.8115376635494,28.1986741556589,0
                83.8115622892797,28.1984440521972,0
                83.8115449231269,28.1981575157436,0
                83.8112960930989,28.1975796265779,0
                83.8111317504977,28.1970604838933,0
                83.8110772717285,28.1963700451572,0
                83.8109577381062,28.1957359133427,0
                83.8108857045438,28.1947566886066,0
                83.8108256565636,28.1944678386531,0
                83.8108336663339,28.1938947665495,0
                83.8109323601452,28.1929745386631,0
                83.8109393064489,28.1924757715845,0
                83.8109234418081,28.1920742457046,0
                83.8108418332221,28.1917853324774,0
                83.8108046586251,28.1913814939314,0
                83.8108119811135,28.190864853602,0
                83.810971660657,28.1901746685081,0
                83.811028486124,28.1891978833442,0
                83.8111000484894,28.1886813062232,0
                83.81110806002,28.1881060461074,0
                83.8110672554583,28.187952559239,0
                83.8108989071659,28.1877402630889,0
                83.8104333526987,28.1873336055068,0
                83.8093681915572,28.1868988780603,0
                83.8091572243446,28.1866865185967,0
                83.8091174842101,28.1864562893424,0
                83.8091710547374,28.1857073581625,0
                83.8092624879514,28.1853058955029,0
                83.8092476868014,28.1848457499789,0
                83.809207258458,28.1846741393675,0
                83.8092120153134,28.1843267337032,0
                83.8092590140094,28.184040260808,0
                83.8095259926275,28.1833525147348,0
                83.809550556822,28.1831224110373,0
                83.8094895693951,28.1828922433624,0
                83.8091121314515,28.1823118526302,0
                83.8090511443951,28.1820816847382,0
                83.8090543987483,28.1818515811494,0
                83.8090998959139,28.1816801597273,0
                83.8092751273976,28.1814119367608,0
                83.8095774031204,28.1812250835524,0
                83.8097515707679,28.1810539147813,0
                83.810065236874,28.1800775079228,0
                83.8100670505402,28.1799623313507,0
                83.8101547925834,28.1797910348953,0
                83.8103288980167,28.1796198038907,0
                83.8107211673906,28.1791442906538,0
                83.81085302925,28.1789166261379,0
                83.8108982145925,28.1787429547233,0
                83.8108997163802,28.1786279653911,0
                83.8106692542943,28.1782801178963,0
                83.8106700053624,28.178223748118,0
                83.8105027838973,28.1779347094254,0
                83.8103576230354,28.1775871138634,0
                83.8102767024403,28.1772598298995,0
                83.8102998271391,28.1771448398254,0
                83.8103110912063,28.1763394136172,0
                83.8102089247077,28.1759940684974,0
                83.8099362823422,28.1755876010424,0
                83.8097318853685,28.1748947224891,0
                83.8096116629713,28.1743191486333,0
                83.8096174830977,28.1739153721489,0
                83.8095991153227,28.1736852679872,0
                83.8095373774204,28.1735137205283,0
                83.8095398807886,28.173339985544,0
                83.8095435098296,28.1730895709701,0
                83.8095442605265,28.1730331388883,0
                83.8096577546847,28.1725730572403,0
                83.8096859484254,28.1721128497322,0
                83.809517537858,28.1719005541089,0
                83.80926232416,28.171764812256,0
                83.8086630927451,28.1717391800457,0
                83.8081517274503,28.1715421895341,0
                83.8079816896614,28.1714449453297,0
                83.807812591096,28.1712890193139,0
                83.8075605059659,28.1709412343247,0
                83.807590201256,28.1703659745749,0
                83.8074862198484,28.1701356820393,0
                83.8073602399954,28.1699618205036,0
                83.8073198118111,28.1697880232841,0
                83.8073924386776,28.1692128265824,0
                83.807636981082,28.1685836997113,0
                83.8076424885273,28.1681798611926,0
                83.8073727239923,28.1675816617749,0
                83.8073305437639,28.1675251656691,0
                83.8070758937684,28.1673691760631,0
                83.806733877764,28.1673258000196,0
                83.8063937400583,28.1671312490686,0
                83.8062666333494,28.1670341310634,0
                83.8060872872828,28.166787963326,0
                83.8060567923542,28.1667450289895,0
                83.8059531231866,28.1665147356344,0
                83.8058267060107,28.1663792464505,0
                83.8054240145862,28.1661078897786,0
                83.8048291634362,28.1657957206414,0
                83.8045323317332,28.1656012962421,0
                83.8043206766133,28.165447556682,0
                83.804152014628,28.1652735697651,0
                83.8040682163538,28.1651561417509,0
                83.8039663612326,28.1648131085276,0
                83.8039334409486,28.1641813533757,0
                83.8039843820584,28.1636647757027,0
                83.8039666390164,28.1634368588991,0
                83.8038594031821,28.1634344817752,0
                83.803343657857,28.1635442767787,0
                83.8023184242618,28.1633622769,0
                83.802147196851,28.1633597744851,0
                83.8019749683845,28.163415954286,0
                83.8016520724034,28.1635283137747,0
                83.8013262973261,28.1638097828838,0
                83.8012595534534,28.163963143283,0
                83.8012108023664,28.1643443579568,0
                83.8011667441888,28.164420975236,0
                83.8011999779609,28.165032482481,0
                83.8009341890308,28.1655848029649,0
                83.8006297240683,28.1658686476162,0
                83.8002855191952,28.1659606336058,0
                83.799598671112,28.1660679258655,0
                83.798485946792,28.1659986022035,0
                83.7978842116275,28.166126330384,0
                83.7977116086627,28.1662005087976,0
                83.7974505140858,28.1664460449515,0
                83.7972779097103,28.1665405340175,0
                83.7971059950333,28.1665764023139,0
                83.7968470273658,28.1666888261029,0
                83.7966751124274,28.1667246324899,0
                83.795990016558,28.1666988111158,0
                83.7956866180558,28.1667863611626,0
                83.7956028786113,28.1668110451867,0
                83.7954515224699,28.1669055961331,0
                83.795319660275,28.1671332614949,0
                83.795274787754,28.1672866217665,0
                83.7952895270533,28.1677468301263,0
                83.7954768690946,28.1681329226748,0
                83.7957285156464,28.1684988312576,0
                83.7960411483387,28.1691174048851,0
                83.7963074707997,28.1699638947876,0
                83.7962836582107,28.1701172559647,0
                83.796131175398,28.1703065484891,0
                83.7960448730002,28.1703447312385,0
                83.7957880962174,28.1703217921399,0
                83.7955319441289,28.1702627929318,0
                83.7951911175273,28.1701246129866,0
                83.7946187644853,28.1697154536444,0
                83.7941966429856,28.169270362412,0
                83.7940270423712,28.1691527452461,0
                83.7936011037429,28.1689761292869,0
                83.7930872974777,28.1689528733535,0
                83.7922294736112,28.1690395390525,0
                83.7918882087982,28.1689194197669,0
                83.7915458805833,28.1688986042155,0
                83.7910958152393,28.1689317184254,0
                83.7906432471503,28.1691183195752,0
                83.790102124249,28.1694965265439,0
                83.7894986979528,28.1698520475481,0
                83.7892387295681,28.1700050921214,0
                83.7887245458007,28.1701170740539,0
                83.7884683300397,28.1701144450264,0
                83.7880420133802,28.1700528189457,0
                83.787616447915,28.1699529464448,0
                83.7871916329028,28.1697943286318,0
                83.7871062692074,28.1697942022813,0
                83.7865959041999,28.1696151483484,0
                83.7862343932809,28.1694589689246,0
                83.7855514246413,28.1692976605895,0
                83.784782842841,28.1691746591438,0
                83.7840972461187,28.169223206094,0
                83.7835820631686,28.1693532493165,0
                83.783237355653,28.1695399764675,0
                83.7832556600503,28.1697903915692,0
                83.7831878510569,28.1700791142494,0
                83.7831849095053,28.1703092188115,0
                83.783562346202,28.1709460413406,0
                83.783644892963,28.1711785217191,0
                83.7836384455627,28.1716974118606,0
                83.7834858987265,28.1719250770898,0
                83.7829878315561,28.1723799650858,0
                83.7829437101971,28.1724949542459,0
                83.7829399550356,28.1727837402846,0
                83.7830228764732,28.1730162829356,0
                83.7830213743998,28.1731313351161,0
                83.7829985004853,28.1732463236505,0
                83.782868014356,28.1734176188888,0
                83.782651915112,28.1735684146279,0
                83.782008122454,28.1737343261518,0
                83.7816204208441,28.1739209914299,0
                83.7815332421296,28.1740562271184,0
                83.7814881199988,28.1742275858715,0
                83.7815930398519,28.1744015095691,0
                83.7816988368732,28.1744986894477,0
                83.7821644556724,28.174790421142,0
                83.7822911864364,28.1749079748116,0
                83.7823323658227,28.1750050288923,0
                83.782410595816,28.1755037971095,0
                83.7822947864972,28.1761353006018,0
                83.7823553981074,28.1763655312267,0
                83.782439197556,28.1764829587431,0
                83.7826501652709,28.1766570094251,0
                83.7829467474814,28.1768311233183,0
                83.7830929731331,28.1770637913987,0
                83.7833043164196,28.1772198434439,0
                83.7834958520266,28.1772584675284,0
                83.7838391213199,28.1771665442629,0
                83.7840967140712,28.1770541829319,0
                83.7845234682589,28.177097685728,0
                83.7847774934556,28.1772514888137,0
                83.7849457796495,28.1774277249638,0
                83.7852562868876,28.1781207925985,0
                83.7857553891726,28.1790465910228,0
                83.7858788651589,28.1793919990111,0
                83.7858759239202,28.1795837316984,0
                83.7858318033759,28.1796784105097,0
                83.785658635673,28.1798496414675,0
                83.7852293782758,28.1799798105342,0
                83.7846515787497,28.1800511079371,0
                83.7842243855271,28.1800662244456,0
                83.7841391477248,28.1800480377379,0
                83.7840104762354,28.1800839070538,0
                83.7838168131285,28.1801783952498,0
                83.7837300732729,28.1802730105833,0
                83.7837057588409,28.1804849907995,0
                83.7839167271326,28.1806591035416,0
                83.7842563666725,28.1807972210989,0
                83.7843419804662,28.180797347849,0
                83.7847448603068,28.180992023873,0
                83.7849142097141,28.1811095779701,0
                83.7849991985387,28.1811300153864,0
                83.7852946535172,28.1813809342223,0
                83.7854390645202,28.1817466539874,0
                83.7854776157545,28.1820355033143,0
                83.7854537407426,28.1822069244501,0
                83.7852357640095,28.1824930830308,0
                83.7851060286399,28.1826079456114,0
                83.7846326499194,28.1828531032706,0
                83.7842462612685,28.1829833979375,0
                83.7838584335634,28.1832286813622,0
                83.7835532781182,28.1836478261296,0
                83.7835069667304,28.1838959284594,0
                83.7836293176855,28.1842999560337,0
                83.7839215193934,28.1847629181621,0
                83.7840243746072,28.1850518935989,0
                83.7840637396244,28.1852821239764,0
                83.784058545518,28.1856272174889,0
                83.7839912374352,28.185857257914,0
                83.7839886721096,28.1860309295933,0
                83.7838981775742,28.1863737090609,0
                83.7837438158817,28.1867186752544,0
                83.7837199410862,28.1868900968584,0
                83.7837099280165,28.1875804096995,0
                83.783557695103,28.1877719521668,0
                83.7833606513027,28.1881146050955,0
                83.7828602687014,28.1887432282153,0
                83.7825941023306,28.1894309115206,0
                83.7825701655163,28.1896045825212,0
                83.7826095300344,28.189834812255,0
                83.782796935295,28.190180284288,0
                83.7832376781166,28.1907043686835,0
                83.7834250838439,28.1910498398275,0
                83.7836507281058,28.1916864734822,0
                83.7837091502691,28.1920881253701,0
                83.7835760352205,28.192433092134,0
                83.7830532790915,28.1931180841433,0
                83.7828561733795,28.1934629866093,0
                83.7827889285805,28.1936907151135,0
                83.7827410529608,28.1940358080805,0
                83.7827755361718,28.1946111942841,0
                83.7827295377803,28.194841235083,0
                83.7826406074337,28.1950712122014,0
                83.7825313694874,28.1952425077185,0
                83.7823975039052,28.1956439066462,0
                83.78239162156,28.1960476820129,0
                83.7825786514181,28.1964134645831,0
                83.7825746468217,28.1966819398976,0
                83.7831498795512,28.1968024386573,0
                83.7835723166813,28.1971324771564,0
                83.7836553650325,28.1972860278332,0
                83.7837163513069,28.1975185075663,0
                83.7837107824324,28.1979020345572,0
                83.7838739997722,28.1984392384922,0
                83.7839092343564,28.1989581923941,0
                83.7840143427737,28.1990734331905,0
                83.784268744006,28.1991911771277,0
                83.7847176216314,28.1991760606403,0
                83.7850389541783,28.1991224448832,0
                83.7852970476723,28.1989897110766,0
                83.7856190691746,28.1988977244025,0
                83.7857469889486,28.1988979138831,0
                83.7861944281142,28.1989799139534,0
                83.7864491414505,28.1990975325065,0
                83.786575621472,28.1992128985428,0
                83.7868895076318,28.1996780486811,0
                83.7869906119476,28.2000617661565,0
                83.7869166702575,28.2007520145652,0
                83.7870360791168,28.2013657729993,0
                83.7870518818691,28.2017494261622,0
                83.7871328028451,28.2020585871678,0
                83.7872577808782,28.2022889429268,0
                83.7877205841438,28.2027927796583,0
                83.7884834104955,28.2032225648352,0
                83.7887392497495,28.2032635650588,0
                83.7894980820185,28.2034813700979,0
                83.790592427819,28.2038575403885,0
                83.7907210350299,28.2038577299042,0
                83.7910436181939,28.203783804484,0
                83.7912362174371,28.2037863075892,0
                83.7914923696743,28.2038656791752,0
                83.7916837788529,28.203962923726,0
                83.7918109471166,28.2040601668541,0
                83.792168140175,28.2045435663597,0
                83.7924003532293,28.2047965463135,0
                83.7926543152048,28.2050090313988,0
                83.7932922229643,28.2053619467588,0
                83.7938683923805,28.2055387526616,0
                83.7944221876855,28.2057742403219,0
                83.7945706656926,28.2058714831087,0
                83.7948241892658,28.2061245270199,0
                83.7951395136399,28.2065672418645,0
                83.7952663063272,28.2066846704642,0
                83.795903838914,28.2070533972551,0
                83.7962878472305,28.2071916412175,0
                83.7968611380576,28.2075624292222,0
                83.7973888684435,28.2081227614075,0
                83.7975384092566,28.2081635724301,0
                83.797865734747,28.2084506143666,0
                83.7980465829993,28.2086087902139,0
                83.7982604912434,28.2086294168369,0
                83.7985162043193,28.2087470973985,0
                83.7991568025919,28.2089059678291,0
                83.7993059688541,28.208985150575,0
                83.7994955633538,28.2092178206285,0
                83.799536680269,28.2093712441177,0
                83.7995509171142,28.2099060085377,0
                83.7997813787204,28.2102921021628,0
                83.8001002693924,28.2104865898966,0
                83.8003325454536,28.2107576934942,0
                83.8006081287928,28.210988177189,0
                83.8007334201169,28.2112207201753,0
                83.8008744497334,28.2119113477744,0
                83.8010949740044,28.212301940422,0
                83.8011467157437,28.2123922454607,0
                83.801293378433,28.2126226025787,0
                83.8013547405663,28.2128528321061,0
                83.8016883700053,28.2135458995497,0
                83.8017486057164,28.2138528106243,0
                83.8018720192355,28.2142365272254,0
                83.8020182429266,28.2145458142206,0
                83.8020997879331,28.214852787521,0
                83.8022670094136,28.2151598250529,0
                83.8025058248659,28.2165408910451,0
                83.802649858148,28.2170013515145,0
                83.8029014412096,28.2174258794015,0
                83.8030044216321,28.217732853151,0
                83.8030209112943,28.2181163811302,0
                83.8029760391891,28.2182697409426,0
                83.8029698436,28.2187276995708,0
                83.8028330368579,28.2193389539496,0
                83.8028300945729,28.2195690583339,0
                83.8031372822485,28.2206434028657,0
                83.8032415756361,28.2208758841898,0
                83.8034937222465,28.2212597904023,0
                83.803620890177,28.2213569709838,0
                83.8041324424527,28.2215720844733,0
                83.8045176397384,28.2216154622167,0
                83.8046686840351,28.2215389712145,0
                83.8050377041695,28.2211807599422,0
                83.8051685649713,28.221009527503,0
                83.8053475523655,28.2204367068759,0
                83.8055879650506,28.2200941170917,0
                83.8060874079527,28.2196209801558,0
                83.8064755465357,28.2194321289834,0
                83.8066692090787,28.2193760115847,0
                83.8070547823267,28.2193810175747,0
                83.8075034701856,28.2194990137827,0
                83.8079532843381,28.2195222068172,0
                83.8084020347278,28.2196243290811,0
                83.8085306425965,28.2196245190724,0
                83.8089778916241,28.2198191331115,0
                83.809190798153,28.2199367510322,0
              </coordinates>
            </LinearRing>
          </outerBoundaryIs>
        </Polygon>
      </Placemark>
    </Document>
  </Document>
</kml>
