<?xml version="1.0" encoding="UTF-8"?>
<kml xmlns="http://www.opengis.net/kml/2.2">
  <Document id="root_doc">
    <Schema id="LU_PALPA_Tinau.schema">
      <SimpleField name="ogc_fid" type="int"/>
      <SimpleField name="objectid_1" type="float"/>
      <SimpleField name="dcode" type="int"/>
      <SimpleField name="district" type="string"/>
      <SimpleField name="dan" type="string"/>
      <SimpleField name="das" type="int"/>
      <SimpleField name="gapa_napa" type="string"/>
      <SimpleField name="type_gn" type="string"/>
      <SimpleField name="gn_code" type="float"/>
      <SimpleField name="new_ward_n" type="float"/>
      <SimpleField name="ddgnww" type="float"/>
      <SimpleField name="center" type="string"/>
      <SimpleField name="state_code" type="int"/>
      <SimpleField name="ddgn" type="float"/>
      <SimpleField name="area_sqkm" type="float"/>
      <SimpleField name="shape_leng" type="float"/>
      <SimpleField name="shape_area" type="float"/>
      <SimpleField name="Province" type="string"/>
      <SimpleField name="Address" type="string"/>
    </Schema>
    <Document id="LU_PALPA_Tinau">
      <name>LU_PALPA_Tinau</name>
      <Placemark id="LU_PALPA_Tinau.1">
        <ExtendedData>
          <SchemaData schemaUrl="#LU_PALPA_Tinau.schema">
            <SimpleData name="ogc_fid">5696</SimpleData>
            <SimpleData name="objectid_1">5697</SimpleData>
            <SimpleData name="dcode">47</SimpleData>
            <SimpleData name="district">PALPA</SimpleData>
            <SimpleData name="das">0</SimpleData>
            <SimpleData name="gapa_napa">Tinau</SimpleData>
            <SimpleData name="type_gn">Gaunpalika</SimpleData>
            <SimpleData name="gn_code">10.000000000000000</SimpleData>
            <SimpleData name="new_ward_n">3</SimpleData>
            <SimpleData name="ddgnww">471003.000000000058208</SimpleData>
            <SimpleData name="center">Dobhan</SimpleData>
            <SimpleData name="state_code">5</SimpleData>
            <SimpleData name="ddgn">47010</SimpleData>
            <SimpleData name="area_sqkm">32.718385697099997</SimpleData>
            <SimpleData name="shape_leng">44767.547794300000533</SimpleData>
            <SimpleData name="shape_area">32718385.697099998593330</SimpleData>
            <SimpleData name="Province">LU</SimpleData>
            <SimpleData name="Address">Tinau-3, PALPA, LU</SimpleData>
          </SchemaData>
        </ExtendedData>
        <Polygon>
          <outerBoundaryIs>
            <LinearRing>
              <coordinates>
                83.5201331224643,27.7617479901246,0
                83.5200275144065,27.761688931842,0
                83.5198392296718,27.7615303806335,0
                83.5196708160214,27.7614124519409,0
                83.5193323031379,27.7612510858235,0
                83.5181779745465,27.7603648981731,0
                83.5176784251976,27.7598374380263,0
                83.5175133904655,27.7596045193616,0
                83.5172494345276,27.7590823738198,0
                83.5171460153188,27.7589466356373,0
                83.516726075721,27.7586315323211,0
                83.5164545541151,27.7583779254227,0
                83.515908136856,27.7579834538211,0
                83.5154851952818,27.7577811532176,0
                83.5151061902134,27.7575248567165,0
                83.5148524751774,27.7574044264337,0
                83.5139494226277,27.7567356616532,0
                83.5135495430704,27.7564770530096,0
                83.5130481817654,27.7560060252504,0
                83.512778223155,27.7556959251649,0
                83.5122533631529,27.7553015151607,0
                83.5118527976431,27.7550632176143,0
                83.5113405552512,27.7549756551375,0
                83.5107461387758,27.7547705393169,0
                83.5104894227263,27.7547470382634,0
                83.5102345838369,27.7546649779769,0
                83.5099813071054,27.7545241118791,0
                83.5095546163087,27.7544571751348,0
                83.5091301749327,27.7542954939044,0
                83.5086186829027,27.7541876219095,0
                83.5083434733286,27.7540670041199,0
                83.5079932179371,27.7535626685968,0
                83.5079749702353,27.7534475539858,0
                83.5078727382782,27.7532735047529,0
                83.507634970924,27.7525800012139,0
                83.5076049837951,27.7521196053717,0
                83.5073625899303,27.7515975863524,0
                83.5065591559012,27.7504327419364,0
                83.5064338629914,27.750314999789,0
                83.5063223811317,27.7501521377885,0
                83.5062073998892,27.7499847778872,0
                83.505935940547,27.7497288583742,0
                83.505853454413,27.74961349231,0
                83.5058159620281,27.7494215708905,0
                83.5057966553981,27.7493448291562,0
                83.5058855828209,27.7492322775114,0
                83.5060158166152,27.7491763468202,0
                83.5065946755292,27.7491694188556,0
                83.5070429280093,27.7492364197615,0
                83.5072340886311,27.7492980416842,0
                83.5074056274425,27.7493031705124,0
                83.5075108616957,27.7493622280104,0
                83.5076797124588,27.7494620963365,0
                83.5081203982134,27.7497975740272,0
                83.5084584736848,27.7499769991461,0
                83.5086474460184,27.7501153021647,0
                83.508745931905,27.7501517385008,0
                83.5096654905996,27.7505002211782,0
                83.5104314474085,27.7507082140499,0
                83.510623731546,27.7507314655168,0
                83.5110103062499,27.7507012857277,0
                83.511334390022,27.7506121742426,0
                83.5116561591885,27.7505997428424,0
                83.5117867686069,27.7505280002261,0
                83.5122403355417,27.7504032697164,0
                83.5126912765575,27.7503755286737,0
                83.5131439672137,27.750289169102,0
                83.5137243894307,27.7502257451416,0
                83.5139498003607,27.7501520685074,0
                83.514503103441,27.7499735304429,0
                83.514567470851,27.749976030612,0
                83.5150884051205,27.7497386847594,0
                83.5154131755572,27.7496292007127,0
                83.5158046279397,27.749427600465,0
                83.5163251243524,27.7492105649643,0
                83.5164568600145,27.7490982012308,0
                83.5165431605007,27.7490804551249,0
                83.5168070672899,27.7488377313819,0
                83.5170694116216,27.7486513777364,0
                83.5172215810097,27.7485796979672,0
                83.5175296702466,27.7482987283158,0
                83.5177257071268,27.7481888654688,0
                83.5186267750455,27.7481513836601,0
                83.5189519856268,27.7480239009033,0
                83.5194694807551,27.7479196673534,0
                83.5196000268621,27.747845675275,0
                83.5196643931604,27.7478481766684,0
                83.5199026129157,27.7477565013574,0
                83.5203609316725,27.7474602839176,0
                83.5205376620685,27.7472736176497,0
                83.520697334386,27.7469334632598,0
                83.5208525057255,27.7467444819024,0
                83.5210721049923,27.7465580031114,0
                83.5212317768852,27.7462177848698,0
                83.5214785650716,27.745821637894,0
                83.5215935551715,27.745537727362,0
                83.5216491823735,27.7450777072542,0
                83.5218103542211,27.7446811209036,0
                83.521988149337,27.7444538934506,0
                83.5221936929439,27.7440010639269,0
                83.5225267173285,27.7435871053441,0
                83.5226584520029,27.7434747427095,0
                83.5229044271092,27.7431168408555,0
                83.5234521121073,27.7426878266839,0
                83.5239726083671,27.7424707292734,0
                83.5246210887628,27.7422744441373,0
                83.5248818692678,27.7421444586592,0
                83.5251199010155,27.7420730955505,0
                83.5254030544753,27.7419071137177,0
                83.5261820797878,27.7416367746042,0
                83.5266385232542,27.7414172401731,0
                83.5269629821679,27.7413100053419,0
                83.5273490548666,27.7413000745821,0
                83.5276693876902,27.741344013022,0
                83.5281785659499,27.7415285029416,0
                83.5283712906819,27.7415314433823,0
                83.5284987717194,27.7415725040138,0
                83.5288854076042,27.7415422000901,0
                83.5291238154398,27.7414527744889,0
                83.5296033818238,27.7411565583013,0
                83.5298471048214,27.7408754011275,0
                83.5302825051246,27.7398706224611,0
                83.5305697838557,27.7395512184278,0
                83.530701519647,27.7394388551739,0
                83.5309842341664,27.7392931859169,0
                83.5313800637835,27.738937974827,0
                83.5324251228753,27.7383481686854,0
                83.5330757293778,27.7380750783051,0
                83.5335292334975,27.7379502840825,0
                83.533851315027,27.7379401012439,0
                83.5341065301554,27.7380018513493,0
                83.5346320140603,27.7383758882585,0
                83.5349534094721,27.7383837664404,0
                83.5352354368255,27.7382560942145,0
                83.5353678596047,27.7381256718876,0
                83.5355717144755,27.7377270224827,0
                83.5357484437741,27.7375403541918,0
                83.5362462562964,27.737359254832,0
                83.5363559932669,27.7372671380473,0
                83.536118038929,27.7365713858139,0
                83.5359959966691,27.7363408417999,0
                83.5359808161486,27.7361106759552,0
                83.5357844783502,27.7354737925803,0
                83.5358116672953,27.7352640620586,0
                83.5359668373389,27.7350772687099,0
                83.5364879593123,27.7348398593789,0
                83.5366166941668,27.7348222391191,0
                83.5368123565341,27.734732687518,0
                83.5372657982746,27.7346078300788,0
                83.5380465752523,27.7342810599357,0
                83.5386358802659,27.7338904172783,0
                83.5390272060649,27.7336886899807,0
                83.5394798975284,27.7336022053037,0
                83.5395405151778,27.7335820831251,0
                83.5401936823148,27.7333699245085,0
                83.5408629074295,27.7331938883113,0
                83.5411701844329,27.7329309168371,0
                83.5413970998644,27.7324782110252,0
                83.5414249768916,27.7322481702027,0
                83.5416671989597,27.7320053834802,0
                83.5418632378779,27.7318953972554,0
                83.5419930338659,27.7318597149654,0
                83.5424420340723,27.7318882803087,0
                83.5426361339275,27.7318528497402,0
                83.542893224682,27.7318581647452,0
                83.5438599729209,27.7317643758786,0
                83.5445075147176,27.7316062747973,0
                83.5450941299056,27.7313126862912,0
                83.5452886041584,27.7312613821367,0
                83.5456747412065,27.7312491384828,0
                83.5461906738411,27.7311831524111,0
                83.5464477009557,27.7311907799744,0
                83.5467065421266,27.7311374773024,0
                83.5472842144275,27.7311686702804,0
                83.5474780017509,27.7311355512522,0
                83.5477350305559,27.7311408047021,0
                83.5479935594864,27.7310897511948,0
                83.5485143061536,27.7308523417415,0
                83.5493910774223,27.7301467316347,0
                83.5499207680808,27.7295844155293,0
                83.5504081045588,27.7282209850266,0
                83.5504754731468,27.7281061208766,0
                83.5505245964517,27.7278783922958,0
                83.550661082122,27.7275945457087,0
                83.5507607663688,27.7270804676162,0
                83.5509873704845,27.7266276991139,0
                83.5512507150098,27.7264052244391,0
                83.5514031966608,27.7263131725981,0
                83.5516832841702,27.7262621801244,0
                83.5523293254857,27.726142452243,0
                83.5527147121861,27.7261504561542,0
                83.5532908207873,27.7262403326716,0
                83.5539900958725,27.7265246308149,0
                83.5549460260454,27.7268323041617,0
                83.5555173190702,27.7270936028177,0
                83.5561571070394,27.7272039147003,0
                83.5564747486661,27.7273448435075,0
                83.5567269616335,27.7275216451814,0
                83.5575500918543,27.7279799908765,0
                83.557803807327,27.728100422586,0
                83.5579960933285,27.7281236098303,0
                83.5583182385875,27.7280930550195,0
                83.5591580669257,27.7279400199555,0
                83.5599373437408,27.7276513693468,0
                83.5603896597328,27.727564885029,0
                83.5605845098927,27.7274933321231,0
                83.5610364495171,27.7274270944475,0
                83.5614865159594,27.7274172276083,0
                83.5619388312156,27.7273329294374,0
                83.5630948005283,27.7273771937882,0
                83.5633496415289,27.7274591893011,0
                83.5636059183628,27.7274848160284,0
                83.5642423297671,27.7277282416831,0
                83.5644126798981,27.7277716785254,0
                83.5645004205649,27.7276952488245,0
                83.5645662867969,27.7276412546173,0
                83.5651554030165,27.7272527982709,0
                83.5657398296492,27.7270357644174,0
                83.5663478789245,27.7267443632724,0
                83.5665672922041,27.7265578209554,0
                83.5667019033952,27.7263303431779,0
                83.5667067170717,27.7261589220564,0
                83.5666301100602,27.7258134506928,0
                83.5664712648664,27.7253526782037,0
                83.5663782251071,27.7248334735887,0
                83.5661996335545,27.7243139556269,0
                83.5659522360498,27.7239634828903,0
                83.5657751450141,27.7233875943563,0
                83.5657647184835,27.7229859427026,0
                83.5658383393245,27.7226432253243,0
                83.5660435716615,27.7221881441191,0
                83.5663515345623,27.7218913015241,0
                83.566743176361,27.7216691392059,0
                83.5674498301812,27.7216848361901,0
                83.5677950371224,27.7215979745136,0
                83.5679920748818,27.7214496793962,0
                83.5681267497197,27.7212222019931,0
                83.5681545626769,27.7209944091243,0
                83.568313735853,27.7206542548874,0
                83.5683571206004,27.7198533917862,0
                83.5683005706127,27.7195644160684,0
                83.5683083880176,27.7192779424232,0
                83.5685842387655,27.7185973202316,0
                83.568718849478,27.7183699682684,0
                83.5696180578834,27.7176056133993,0
                83.5704626386195,27.7172810924361,0
                83.5707248565352,27.7170969266829,0
                83.5711157458692,27.7168950751093,0
                83.5715044461832,27.7167879659753,0
                83.5716568651082,27.7166959147086,0
                83.5717014235914,27.7166396705906,0
                83.5717059268495,27.716468186659,0
                83.5716656826349,27.7163733190127,0
                83.5714778367462,27.7161967688366,0
                83.5713126762124,27.7159638507098,0
                83.5712728709328,27.7158486729245,0
                83.5713955522592,27.715275975103,0
                83.5715334786329,27.7149356336241,0
                83.5717748254863,27.7147311565566,0
                83.5719689870078,27.7146776023727,0
                83.57235981457,27.7144960619325,0
                83.5726833355611,27.7144067616606,0
                83.5730697850989,27.7143786448356,0
                83.5734599229659,27.714215166936,0
                83.5736777720116,27.7140848689753,0
                83.5744672405407,27.7134150654449,0
                83.5745122377149,27.7133406979585,0
                83.5746431588058,27.7132487089853,0
                83.5749684932519,27.7131029781134,0
                83.5752526458009,27.712898499911,0
                83.575411756529,27.7125583456728,0
                83.5753997646643,27.7122130638632,0
                83.5754916317813,27.7119854619143,0
                83.5755179448512,27.7118141023283,0
                83.575700115959,27.7114175785789,0
                83.5758640422074,27.7109058772489,0
                83.5762618722718,27.7104558602884,0
                83.5766348280298,27.7101388957573,0
                83.5768932946388,27.7100877783704,0
                83.5770204641025,27.7101287771343,0
                83.5775267034075,27.71042588245,0
                83.577985696962,27.7108762866211,0
                83.578272961868,27.7113419381416,0
                83.5784954233552,27.7118232087773,0
                83.5788506813826,27.7121559345981,0
                83.5791661352627,27.7123734820769,0
                83.5798660350367,27.7126373439804,0
                83.5803727115977,27.7129163904955,0
                83.5810660475728,27.7134284161877,0
                83.5812024034667,27.71347166447,0
                83.5813208254533,27.7135104127231,0
                83.5815111721933,27.7136102204794,0
                83.581831753719,27.7136360347329,0
                83.5820868429767,27.713718030805,0
                83.5822155130977,27.7137229081587,0
                83.5828544877118,27.7138692169666,0
                83.5833025528637,27.7139360293072,0
                83.5836213822896,27.7140385258167,0
                83.583813605111,27.7140616516213,0
                83.5841951765847,27.714223018839,0
                83.5845153836955,27.7142690812215,0
                83.5848330256818,27.7144098856347,0
                83.5850256866723,27.7144150136504,0
                83.5854073202403,27.7145763181644,0
                83.5859186876702,27.7146816908641,0
                83.5861935243615,27.7148223695376,0
                83.5863788062543,27.7151117214021,0
                83.5867801216421,27.7153317084152,0
                83.58697278474,27.7153345847386,0
                83.5874710349219,27.7151375482446,0
                83.5876878202744,27.7150456854177,0
                83.5874043075021,27.7144288615224,0
                83.5874168146118,27.7139709020348,0
                83.5873234004543,27.7134516979812,0
                83.587161178263,27.713103790411,0
                83.5866853795711,27.7124638399911,0
                83.5865019105594,27.7121158068227,0
                83.586520359016,27.7114277429834,0
                83.5863168929647,27.7110232767359,0
                83.5860475609449,27.7106727427418,0
                83.5857399250421,27.710150660393,0
                83.5856896279081,27.7096338294399,0
                83.5858899827169,27.7093522962998,0
                83.5859174838224,27.709122317804,0
                83.5856819030138,27.7084898705238,0
                83.5856376603596,27.7083724433882,0
                83.5856208534174,27.7081986458396,0
                83.5855218103006,27.7079117963679,0
                83.5855263123082,27.7077379994131,0
                83.5856444297863,27.7073413496581,0
                83.5858447844141,27.7070576901926,0
                83.5858495367106,27.7068862061284,0
                83.5857899853199,27.7067122825048,0
                83.5859275353509,27.7063720041127,0
                83.5859542233247,27.706182584567,0
                83.5860675864833,27.705955043076,0
                83.5859820359655,27.7059525418986,0
                83.5853044459738,27.7056504345292,0
                83.5847989575995,27.7053329544181,0
                83.584290903463,27.7051126538795,0
                83.5840350014595,27.705069029722,0
                83.5837758466102,27.705138206519,0
                83.5832962174596,27.7054526081837,0
                83.583122926259,27.7055265365239,0
                83.5829500111857,27.7055801543484,0
                83.582692671059,27.7055929614601,0
                83.5824357040742,27.7055876454246,0
                83.5820109509398,27.7054442145158,0
                83.5817547368862,27.7054186503363,0
                83.5815855110721,27.705339154989,0
                83.5812025633239,27.7052206600777,0
                83.5809907802538,27.7051545374253,0
                83.5805675913361,27.7049524865428,0
                83.5803953633487,27.7049881058158,0
                83.5800529091857,27.7049802890084,0
                83.5797937561673,27.7050494655598,0
                83.5794516144768,27.7050235884979,0
                83.5792793862697,27.7050591450085,0
                83.5790224210492,27.7050516413376,0
                83.5787640177091,27.7051049452517,0
                83.578507050395,27.7050974424223,0
                83.5782474593413,27.7051868665937,0
                83.5779030667535,27.7052557925625,0
                83.5776428490656,27.7053655287127,0
                83.5775981658451,27.7054398351292,0
                83.5771824645941,27.7057567370751,0
                83.5768289417096,27.7061504454969,0
                83.5765664099497,27.7063549862008,0
                83.5756958926411,27.7068509283243,0
                83.5753511862725,27.7069197909577,0
                83.5750049808665,27.7070451493413,0
                83.5748331908577,27.7070603956208,0
                83.5740530389121,27.7073874169716,0
                83.5735283507417,27.707776123636,0
                83.5732646945434,27.7080189723453,0
                83.573004415003,27.7081287093798,0
                83.5727459472371,27.7081798249547,0
                83.572404180938,27.7081539469235,0
                83.5718869364858,27.7082561175294,0
                83.5717132078392,27.7083481069509,0
                83.5713681276644,27.708435030767,0
                83.5713029472764,27.708491211921,0
                83.571236454417,27.7085474566653,0
                83.5710631644375,27.708619072041,0
                83.5708448150288,27.7087673059693,0
                83.5701856412173,27.7093654284583,0
                83.5697413149829,27.7099461820421,0
                83.5691533860614,27.7102963284899,0
                83.5688071807448,27.7104215619679,0
                83.5684809696984,27.7106055402663,0
                83.5679983386269,27.7110169332221,0
                83.567620880279,27.7115053833638,0
                83.5674287045801,27.7122651234688,0
                83.5674640682053,27.7125337258276,0
                83.5672186572925,27.7128894396219,0
                83.5670661753735,27.7129814290111,0
                83.5666344188693,27.7131064741791,0
                83.5662056013091,27.7131164031978,0
                83.5651691088923,27.7134177986675,0
                83.5645695631386,27.7134045401236,0
                83.5642285477172,27.7133402902681,0
                83.5637146173182,27.7133274085076,0
                83.5633705362991,27.7133782112927,0
                83.5625906982174,27.7136848585193,0
                83.5618141712558,27.7138764555192,0
                83.5616408821162,27.7139503205597,0
                83.5611238866071,27.7140524901512,0
                83.5606902526333,27.7142339062196,0
                83.5603403571608,27.7144945021462,0
                83.5598401067669,27.7147704072751,0
                83.5594897719558,27.7150490637771,0
                83.5590761984209,27.715286910566,0
                83.5588787212496,27.7154555166148,0
                83.5586574338643,27.7157164908683,0
                83.5584383958096,27.7158850338403,0
                83.5581784286826,27.7159925207689,0
                83.5580039507757,27.7161047583354,0
                83.5572241112024,27.7164113424242,0
                83.5569849539094,27.7165392031975,0
                83.5565546348279,27.7166055027821,0
                83.5562950427903,27.7166971162104,0
                83.555950274163,27.7167637909865,0
                83.55569293404,27.7167787244415,0
                83.5550100271604,27.7166862839802,0
                83.5545790194412,27.716772894668,0
                83.5543189897039,27.7168803804003,0
                83.5537161311344,27.7169821752327,0
                83.5532032634889,27.7169331709388,0
                83.5528655622577,27.7167515580384,0
                83.5523568212273,27.7165491304982,0
                83.5515898634884,27.71640000682,0
                83.5512477225382,27.7163718171804,0
                83.5497008632525,27.7165292169536,0
                83.5485862613433,27.716541385553,0
                83.5478129893835,27.716620116991,0
                83.5473808560955,27.7167427865277,0
                83.5471208895809,27.716852460047,0
                83.5470330870533,27.7169266404527,0
                83.5469468478777,27.7169444494487,0
                83.5468151762522,27.7170568128815,0
                83.5466425739125,27.7171081171424,0
                83.546554770683,27.717184546229,0
                83.5462951781656,27.7172739721375,0
                83.546272493637,27.7173099692252,0
                83.5460768302522,27.7174221438285,0
                83.5455497672577,27.717887468677,0
                83.5451480586468,27.7184704723623,0
                83.5443796479549,27.7191403363278,0
                83.5436018730599,27.7193723659222,0
                83.5432552296632,27.7195179106022,0
                83.5429100226748,27.7196047723556,0
                83.5424488266249,27.7200138539197,0
                83.5420151308029,27.7201952052395,0
                83.5415859380222,27.720225320871,0
                83.5404734627495,27.7201607467161,0
                83.5400438945154,27.7202089854287,0
                83.5395893886155,27.7203699016972,0
                83.5395407085015,27.7204103353223,0
                83.5393699150391,27.7205564442404,0
                83.5390790078074,27.7210089616355,0
                83.5388152257427,27.7212517483454,0
                83.5377945391053,27.7217446883301,0
                83.5367191653926,27.7226572136828,0
                83.5357409744302,27.7231524662809,0
                83.5353084043006,27.7232976971046,0
                83.5342854667251,27.7238673179291,0
                83.5337654706597,27.7240663535556,0
                83.5331304837246,27.7245515505295,0
                83.5327982712096,27.7249452596832,0
                83.53266628517,27.7250576849636,0
                83.5323392628246,27.725259662537,0
                83.531820015347,27.7254406381702,0
                83.5314926807645,27.725644802076,0
                83.5313371360525,27.7258518429725,0
                83.5311188492913,27.7260000133226,0
                83.5309484344116,27.7259565769158,0
                83.5304411959926,27.7256976563186,0
                83.5295995677316,27.7251442545442,0
                83.5294129730744,27.7249112740727,0
                83.5292731865346,27.7245429916251,0
                83.5292110719363,27.7244661234109,0
                83.5289574193965,27.724345629849,0
                83.5287003921251,27.7243402514204,0
                83.528267822215,27.7244831686828,0
                83.5279412365086,27.7246670858418,0
                83.5273453673283,27.7252855200834,0
                83.5270402156714,27.7254717482236,0
                83.5266953863548,27.7255404865132,0
                83.5261813934917,27.7255297299655,0
                83.5259251776922,27.7254859809781,0
                83.5257320775755,27.7255011001901,0
                83.5256454025375,27.7255369096707,0
                83.5255137292684,27.725649272263,0
                83.5254021790944,27.7258000682824,0
                83.5252492601976,27.7259100564223,0
                83.5249021160148,27.7260555384371,0
                83.5243855576936,27.7261395225686,0
                83.5241898948427,27.7262313860603,0
                83.5240150407702,27.7263615599364,0
                83.523583971737,27.7264481066077,0
                83.5234983586622,27.7264455430148,0
                83.5230997927274,27.7261305664337,0
                83.5223388388399,27.7257511519956,0
                83.5217434851342,27.725586656224,0
                83.5212294278057,27.7255735869523,0
                83.5201961256128,27.7257437435199,0
                83.519337740457,27.725781353126,0
                83.5183948663277,27.7257803385937,0
                83.5177465117647,27.7259766233139,0
                83.5176144015657,27.7261070462807,0
                83.5174509768379,27.7265825016082,0
                83.517141449201,27.7269199033173,0
                83.5163624853641,27.7271901804285,0
                83.5162088147648,27.7273204779175,0
                83.5159159072834,27.7278316148301,0
                83.5155200771165,27.7281867650045,0
                83.514888404687,27.7285545335272,0
                83.5146692442445,27.72872295332,0
                83.5143217863432,27.7288864949595,0
                83.5137150499202,27.7291234640468,0
                83.5133709708231,27.7291718927916,0
                83.5131150693735,27.7291281428418,0
                83.512945841967,27.7290485838077,0
                83.5126105183455,27.7287744169791,0
                83.5123606189544,27.7285185603083,0
                83.5119331918782,27.7277070654649,0
                83.511754850868,27.72718523519,0
                83.5115053885959,27.726913567032,0
                83.5108721054763,27.7265729645548,0
                83.5107444984996,27.7265319036132,0
                83.5105567766427,27.7263552288335,0
                83.5103504338391,27.7260657517117,0
                83.5102660091675,27.7260248160361,0
                83.5102039560555,27.7259456347004,0
                83.5097402113063,27.7256687772562,0
                83.5094858715837,27.7255685326467,0
                83.5091656658025,27.7255222823043,0
                83.5090376836444,27.7254992825423,0
                83.5089112645302,27.7254221627739,0
                83.5083992094619,27.7253323510534,0
                83.5077189295713,27.7251471695678,0
                83.5073767876123,27.7251188542142,0
                83.5068616676612,27.7251464062757,0
                83.5066913170998,27.7251051568157,0
                83.506261372819,27.7251532086608,0
                83.5057440030291,27.7252574405013,0
                83.5050524038423,27.7254715372927,0
                83.5045357845222,27.7255554587335,0
                83.5041012755347,27.7257568705029,0
                83.503497916014,27.7258766017231,0
                83.5025459739414,27.7262003696365,0
                83.5021538358954,27.7264222811654,0
                83.5018234361651,27.7267392474196,0
                83.5016886991645,27.7269665990498,0
                83.5016163913375,27.7272506363858,0
                83.5010543854937,27.7281759192704,0
                83.50061037153,27.7287225493842,0
                83.4999528868923,27.7292436174363,0
                83.4996927946635,27.7293532293898,0
                83.4992605999376,27.7294757734483,0
                83.4990039478436,27.7294522716622,0
                83.498750295404,27.729331778068,0
                83.498603505526,27.729213912105,0
                83.4982658041457,27.7290344852391,0
                83.4981405101389,27.7289166813822,0
                83.4978795484174,27.7287397564776,0
                83.4976147753019,27.7285605809014,0
                83.4973641887357,27.7283250359849,0
                83.4971954003678,27.7282251048506,0
                83.4967350945796,27.7278331332305,0
                83.4964443899079,27.7275026586542,0
                83.4961563733013,27.7270751928521,0
                83.496031079444,27.7269574520744,0
                83.495545900504,27.7266781571879,0
                83.49503791081,27.7264574187571,0
                83.4944258110051,27.726119002796,0
                83.4940856088534,27.7260342548437,0
                83.4934871884898,27.7259644394697,0
                83.4928074086968,27.7257566355499,0
                83.4923565932859,27.7257865640353,0
                83.4920325727471,27.7258756123074,0
                83.4919451460204,27.7259294185388,0
                83.4912406639625,27.7266037231273,0
                83.4910139371566,27.7270383053861,0
                83.4907536508499,27.7274593258122,0
                83.490524485308,27.7278735969202,0
                83.4904981114689,27.7280246453475,0
                83.4903591858218,27.7283264275348,0
                83.4898241837483,27.7289404275097,0
                83.4895605912573,27.7291245314904,0
                83.4894271047904,27.729272891329,0
                83.4892518774981,27.729382816501,0
                83.4887327559302,27.7295207964789,0
                83.4885620292957,27.729497607222,0
                83.4880889655636,27.7295432219592,0
                83.4879361094791,27.7296328989471,0
                83.4878699307729,27.7296890788635,0
                83.4875974587795,27.7301392846363,0
                83.4875487740842,27.7303105808454,0
                83.4874365349606,27.7304590661149,0
                83.4872639327712,27.7304922470848,0
                83.4870087817165,27.7304281242685,0
                83.4863599389205,27.7299722179318,0
                83.4859238173579,27.729559999242,0
                83.4854703258656,27.7290326015579,0
                83.4853697183012,27.7288381808485,0
                83.4853068524219,27.728797370669,0
                83.4848551107334,27.7282136050062,0
                83.4847538780525,27.7280394936214,0
                83.484372319315,27.7272844931033,0
                83.4841582350664,27.7266496727352,0
                83.4839159633766,27.7262042712151,0
                83.4836882486876,27.7259688511576,0
                83.4834170379194,27.7257512421591,0
                83.4825595400507,27.7251365979657,0
                83.4823939417073,27.7249599861693,0
                83.4822250281996,27.7248781149132,0
                83.4821643491937,27.7247808731304,0
                83.4818923901696,27.7245835749872,0
                83.4811339369731,27.7241994720121,0
                83.4807950457604,27.7240763536877,0
                83.48012026825,27.7237534349427,0
                83.4798486831367,27.723553887046,0
                83.4794059963853,27.7233333369952,0
                83.4791515940436,27.7232489022753,0
                83.4789838059112,27.7231489727118,0
                83.4787286543173,27.7230849105828,0
                83.478306839949,27.7228824852442,0
                83.4774266562654,27.7223060865875,0
                83.4763520607527,27.7217605572233,0
                83.4761820832355,27.7217169957079,0
                83.4760983450767,27.7216580627189,0
                83.4755267394248,27.7214528219409,0
                83.4750766105646,27.7214578768915,0
                83.4741267965855,27.7216618452374,0
                83.4738697686143,27.7216540908063,0
                83.4736997919805,27.7216105930397,0
                83.4728447198651,27.72155095925,0
                83.471911600719,27.7212563471398,0
                83.4710364067764,27.7211559678474,0
                83.4709497302196,27.7211917131677,0
                83.4700913441506,27.721226822683,0
                83.469832503425,27.7212754389132,0
                83.4693315652034,27.7215104090858,0
                83.4688109437812,27.7216866985035,0
                83.4686365274572,27.721778500601,0
                83.4684814839181,27.721926796242,0
                83.4681508976689,27.7221895175984,0
                83.468233510197,27.7222823228624,0
                83.4682959369442,27.722341319484,0
                83.4684559725964,27.7226690412429,0
                83.4686253744203,27.7233622936262,0
                83.4687335233027,27.7245855601216,0
                83.4687045232041,27.7248133516973,0
                83.468608280492,27.7251153233146,0
                83.4681729467457,27.7259439293902,0
                83.4680160891874,27.7261486583758,0
                83.467874411857,27.726527058889,0
                83.4678213515869,27.7268315314952,0
                83.4678510894356,27.7272129338445,0
                83.4680164270082,27.7280189897058,0
                83.4682143296502,27.7285026988242,0
                83.4682870633068,27.7288841651497,0
                83.468281872493,27.7290375881137,0
                83.4685265086378,27.7300357515077,0
                83.4689071297614,27.73081112546,0
                83.4689636805401,27.7310414183627,0
                83.4689797383635,27.7311949048079,0
                83.4688195044269,27.7314943744668,0
                83.4687474469623,27.7317219788565,0
                83.4685275965195,27.7318880839457,0
                83.4682595015416,27.7322051772981,0
                83.4679727846573,27.7324455889956,0
                83.4678857333035,27.7324812721363,0
                83.467686444014,27.7326655026535,0
                83.4670069638271,27.7331051387991,0
                83.4664115344073,27.7336037097652,0
                83.466012892537,27.7339744202462,0
                83.4656112498399,27.7344399339815,0
                83.4646619110724,27.7358824147352,0
                83.4644774919825,27.7362607521044,0
                83.4643280627728,27.7368671324982,0
                83.4643203089441,27.7370949868359,0
                83.4641523209329,27.7376244997568,0
                83.4640615178084,27.7377753597786,0
                83.4640106445742,27.7380030253643,0
                83.4639172779462,27.73822825384,0
                83.4638132821003,27.7387603299238,0
                83.4636957923596,27.7390621752025,0
                83.4637121605338,27.7392156000492,0
                83.4636348531049,27.7395944378266,0
                83.4635147365682,27.7399729651377,0
                83.4631298392033,27.7405739054684,0
                83.4630123475832,27.7408757500416,0
                83.4629830345009,27.741103542116,0
                83.4631523738343,27.7417946078518,0
                83.4632729787791,27.7420274001803,0
                83.4634575116588,27.7422808814364,0
                83.4635564933182,27.7425113605307,0
                83.4635651106052,27.7428949515614,0
                83.4634040630857,27.7432147329133,0
                83.4632263334527,27.7433990256342,0
                83.462811570733,27.7436185004876,0
                83.4623079460928,27.743927901521,0
                83.462241015853,27.7440021443121,0
                83.4619586765477,27.7441093182326,0
                83.4615855964818,27.7443651010067,0
                83.4614948554017,27.7445158979777,0
                83.4610035360357,27.7450938392627,0
                83.4609917169128,27.7454366832527,0
                83.4609662827802,27.7455088002081,0
                83.4610520203552,27.7455542363831,0
                83.4612175563026,27.7457286600586,0
                83.4614690832491,27.7458897747238,0
                83.4618908983095,27.7460923253172,0
                83.4624788125448,27.7464509895865,0
                83.4630089250638,27.7466177954112,0
                83.4639155446911,27.7470635177115,0
                83.4642972413836,27.7471890742073,0
                83.4651978723856,27.7471745278431,0
                83.4654582764187,27.7470875394558,0
                83.4656516884328,27.7470724808007,0
                83.4658462260742,27.7470213019362,0
                83.4659337765868,27.7469652461149,0
                83.4663224137829,27.7468810091303,0
                83.46664899971,27.7467379015782,0
                83.4668424109624,27.7467228430513,0
                83.4671668057757,27.7466382946751,0
                83.4675536936015,27.7466104900955,0
                83.4677489812572,27.746539061673,0
                83.4682012345849,27.7464753860918,0
                83.4683530886307,27.7464218321118,0
                83.4686730465528,27.7464681455681,0
                83.4690506791491,27.7467087534727,0
                83.4694867371549,27.7471210981494,0
                83.4696482729443,27.7474105116236,0
                83.4697450656863,27.7477199860384,0
                83.4698068059468,27.7477969168919,0
                83.4699054761815,27.7480477085887,0
                83.4701317530564,27.7483215618226,0
                83.470257858835,27.7484010565878,0
                83.4705751901836,27.7485241129925,0
                83.4711499865693,27.748636861545,0
                83.4717263435291,27.7487089878344,0
                83.4721142933489,27.748642750818,0
                83.4728931931897,27.7484359064925,0
                83.4730903570972,27.7483080458809,0
                83.4734812456793,27.7481651905815,0
                83.4738736970747,27.7479658397001,0
                83.4741805347707,27.747763987287,0
                83.474236778968,27.7477393649463,0
                83.4743286383383,27.7478254204196,0
                83.4746013497414,27.7480047208441,0
                83.4749332994719,27.7483195737004,0
                83.4751993809606,27.7486906058816,0
                83.4754682008631,27.7496121528161,0
                83.475441578771,27.7497654492839,0
                83.4751048022129,27.750152284961,0
                83.4749728794982,27.7503052069324,0
                83.4747672118747,27.7506811699635,0
                83.4747141520662,27.7509855792575,0
                83.4747893847058,27.7512926777903,0
                83.475009409198,27.7517560751838,0
                83.4756026266565,27.7525930722224,0
                83.476141656378,27.7537525379344,0
                83.4765208272828,27.7552137238636,0
                83.4769128805032,27.756291383703,0
                83.4771541515862,27.7567570942387,0
                83.4774008624431,27.7570693824831,0
                83.4778501027673,27.7577298916421,0
                83.4779707679597,27.7579627489532,0
                83.4780946860508,27.7580986132033,0
                83.4782529696255,27.7584850167331,0
                83.4784781220559,27.7587971801919,0
                83.4785991021977,27.7590300363267,0
                83.4787495692851,27.7596442955228,0
                83.4787749184121,27.7607882561715,0
                83.4788690858801,27.76117447136,0
                83.4791319164658,27.7616379347853,0
                83.4794031765948,27.7624850497076,0
                83.4794648541863,27.7625642303824,0
                83.4794973444407,27.7628689522724,0
                83.4794705945581,27.7630222523771,0
                83.4793557313763,27.7632474782327,0
                83.4791318178258,27.7635263875356,0
                83.4790454537388,27.7635440737509,0
                83.478541827346,27.7638557869352,0
                83.4781947475016,27.7639785821755,0
                83.4776054450146,27.7642877339973,0
                83.4774723343535,27.7644158444067,0
                83.4774020917303,27.7645870165185,0
                83.4769400203374,27.7649372269072,0
                83.4767823510959,27.7651622668862,0
                83.4761670485238,27.7656021546875,0
                83.4755602510472,27.7657961279814,0
                83.4752161099906,27.7658241832646,0
                83.4747019291391,27.7658109262907,0
                83.4745293261959,27.7658441077554,0
                83.4741010701151,27.7658312274276,0
                83.4735850131529,27.7658743403004,0
                83.4733047999065,27.7659252700452,0
                83.4734422129124,27.7662912374772,0
                83.4736038109772,27.7665806515759,0
                83.4740340546367,27.7671666062945,0
                83.4746399014654,27.7676404467647,0
                83.4749682233067,27.7680681018592,0
                83.4753419165609,27.7684215122105,0
                83.4756347482379,27.7686415596217,0
                83.4758032866243,27.7687210550807,0
                83.4763240213126,27.7691742724662,0
                83.4768179446468,27.7697785380967,0
                83.4775547751566,27.7701806997446,0
                83.4778755441332,27.7702089514955,0
                83.4774612203824,27.770408177362,0
                83.4771995656802,27.770533537987,0
                83.4765518369892,27.770668764665,0
                83.4760352792331,27.7707321883823,0
                83.4751992676302,27.7707268025902,0
                83.4750694086648,27.7707624211195,0
                83.4743617524343,27.7707619739936,0
                83.4739788055604,27.7706747878859,0
                83.4736577238066,27.7706667846136,0
                83.473268899639,27.7707510205668,0
                83.4728833885782,27.7707405156168,0
                83.4726288615696,27.7706560823894,0
                83.4725663722976,27.7705972103288,0
                83.4723125945264,27.7704947154841,0
                83.4721849248254,27.7704739044152,0
                83.4719694527625,27.7705046482789,0
                83.4714345757566,27.7711005231717,0
                83.4712007193249,27.771668155946,0
                83.4709761190746,27.7719674373567,0
                83.4709294991652,27.7720799885971,0
                83.4709469939797,27.7721951659284,0
                83.4708068810284,27.7725330080996,0
                83.4707559472246,27.7727607379513,0
                83.4707598108159,27.7732773785065,0
                83.470682062655,27.7736764663633,0
                83.470714929052,27.7739631289797,0
                83.4707034237835,27.7743059720539,0
                83.4707728482678,27.7745115791835,0
                83.4728317443512,27.7752684804467,0
                83.4730330809868,27.7759280493067,0
                83.4730472627626,27.7760815344825,0
                83.4730456341156,27.77635676064,0
                83.4729405761215,27.7767805328359,0
                83.4729481963357,27.7770310105396,0
                83.4729939369983,27.7771485009008,0
                83.4730495532892,27.7772434923625,0
                83.4730332358095,27.7775457781492,0
                83.4728792527897,27.7777865661727,0
                83.472586974159,27.7780336635059,0
                83.4723669397643,27.7781501505001,0
                83.4721772759105,27.7782283908429,0
                83.4716782166801,27.778287377557,0
                83.4715721041363,27.7783366205028,0
                83.4714517422361,27.778505353901,0
                83.4714954163232,27.7789116295879,0
                83.471920348763,27.779429902584,0
                83.4719572760394,27.7796691932508,0
                83.4720125807347,27.7797686854376,0
                83.4722387974911,27.7799365481873,0
                83.4724412657587,27.7801606558148,0
                83.4726640462286,27.7802607760645,0
                83.4728569581109,27.780238968221,0
                83.4729586929692,27.7802641561212,0
                83.4731312310164,27.7803730852789,0
                83.4734818018039,27.7807738046464,0
                83.4736486481267,27.7810384076947,0
                83.4736144629393,27.7812323269507,0
                83.4734939125979,27.7813740016313,0
                83.4727660685591,27.7816554640153,0
                83.4727255727309,27.7816982094112,0
                83.4725657805911,27.781772075255,0
                83.4720429736397,27.7818196879648,0
                83.4717987539925,27.7819518603279,0
                83.4716744575275,27.7819626697373,0
                83.4715717815408,27.7820773459053,0
                83.4715847736836,27.7824090646171,0
                83.4718400461905,27.782728165129,0
                83.4718590421881,27.7828049080714,0
                83.4717942312805,27.7831521262503,0
                83.4716303088859,27.783485406767,0
                83.4718372127623,27.783775008263,0
                83.4722317290792,27.7834426064935,0
                83.4722774131262,27.7833683017995,0
                83.472740169447,27.7830158408453,0
                83.4740412533275,27.7826102100619,0
                83.4744988841357,27.7824111094536,0
                83.4750178795892,27.7822912536098,0
                83.4753010322504,27.7821637699989,0
                83.4760929994434,27.7815937084768,0
                83.4767193042359,27.780862784893,0
                83.4776262611771,27.7800472458321,0
                83.4777824952979,27.7798605155018,0
                83.4781117681748,27.7796407275268,0
                83.478438413538,27.77949755775,0
                83.4790225886193,27.7793418318811,0
                83.4793464213981,27.7792753432345,0
                83.4799253454675,27.77927078855,0
                83.4807439878232,27.7791609996638,0
                83.4809180907304,27.7790895081731,0
                83.4809627112741,27.7790332639903,0
                83.4813197963402,27.7786216817586,0
                83.48167469265,27.7782688449258,0
                83.481945475859,27.7778772592056,0
                83.4820194105505,27.7775932230831,0
                83.4821558955478,27.7773681198981,0
                83.4824906702394,27.7769745977843,0
                83.4830625524859,27.7759230770272,0
                83.4834182002212,27.7755498676256,0
                83.4838143397692,27.7752557748849,0
                83.4842076050053,27.7750384256032,0
                83.484661920543,27.7749160065423,0
                83.4855017473898,27.7748063402135,0
                83.4865312361265,27.7747966075853,0
                83.4873019443347,27.774835615959,0
                83.4877543860968,27.7747718170578,0
                83.4882683798275,27.7747872597258,0
                83.4890473405161,27.7745781032372,0
                83.4898841662287,27.7745631173493,0
                83.4899437836523,27.7745610558881,0
                83.4905796416946,27.7743423360669,0
                83.4910283913422,27.7743890893187,0
                83.4913471602375,27.7744917711193,0
                83.4914736425684,27.7745712047519,0
                83.4916660532236,27.7745945176234,0
                83.4923033403731,27.7747998838687,0
                83.492556614379,27.774940686499,0
                83.4931973400303,27.7750310644242,0
                83.4935831636757,27.7750392560339,0
                83.4937127094219,27.7750036370261,0
                83.4942917579524,27.7749967084477,0
                83.4945499736883,27.7749637776046,0
                83.4948741200003,27.7748747295123,0
                83.4953941166502,27.7746758805459,0
                83.4959776041701,27.7745177786,0
                83.4962396333771,27.7743517976731,0
                83.4964994136381,27.774260245937,0
                83.4970234748243,27.773928222004,0
                83.4978786802013,27.7735658307116,0
                83.4986507096098,27.7732369968812,0
                83.4995659079819,27.7727213702014,0
                83.4997609466544,27.7726476291674,0
                83.5003705590753,27.7723182320422,0
                83.5004346132195,27.7723183570417,0
                83.5018317553869,27.7714322083857,0
                83.5021397194669,27.7711513015399,0
                83.5026202239429,27.7708372135513,0
                83.5029943056682,27.7705000602825,0
                83.5039118202359,27.7698896923232,0
                83.5050829229572,27.7694178789809,0
                83.5054090087384,27.7692520861391,0
                83.5059924958488,27.7690917339263,0
                83.5063154525551,27.7690409934017,0
                83.5078065747461,27.7686153669791,0
                83.5080023007516,27.7685235670791,0
                83.5094283037995,27.7681337487851,0
                83.5095566619125,27.7681365000844,0
                83.5097517000516,27.7680650099785,0
                83.5107202617753,27.7679330371793,0
                83.5116206408888,27.7679339879516,0
                83.5122007521983,27.7678886884412,0
                83.5128486688637,27.7677104018494,0
                83.5136558824666,27.7672123981499,0
                83.5141620739703,27.7667448845633,0
                83.5142071320529,27.766670579536,0
                83.5148643658042,27.7661675092858,0
                83.515560280347,27.765817988824,0
                83.5163492482353,27.7652048067753,0
                83.516850938844,27.7648907190744,0
                83.5171144694144,27.7646659933308,0
                83.5172014583754,27.7646301853862,0
                83.5175758537427,27.7642750353457,0
                83.5181649692094,27.7639048266862,0
                83.519018680012,27.763273772533,0
                83.5191954726141,27.7630849176596,0
                83.5194802524514,27.7628625047114,0
                83.519657731591,27.7626555894206,0
                83.519997260804,27.7620114644361,0
                83.5201331224643,27.7617479901246,0
              </coordinates>
            </LinearRing>
          </outerBoundaryIs>
        </Polygon>
      </Placemark>
      <Placemark id="LU_PALPA_Tinau.2">
        <ExtendedData>
          <SchemaData schemaUrl="#LU_PALPA_Tinau.schema">
            <SimpleData name="ogc_fid">5697</SimpleData>
            <SimpleData name="objectid_1">5698</SimpleData>
            <SimpleData name="dcode">47</SimpleData>
            <SimpleData name="district">PALPA</SimpleData>
            <SimpleData name="das">0</SimpleData>
            <SimpleData name="gapa_napa">Tinau</SimpleData>
            <SimpleData name="type_gn">Gaunpalika</SimpleData>
            <SimpleData name="gn_code">10.000000000000000</SimpleData>
            <SimpleData name="new_ward_n">2</SimpleData>
            <SimpleData name="ddgnww">471002.000000000000000</SimpleData>
            <SimpleData name="center">Dobhan</SimpleData>
            <SimpleData name="state_code">5</SimpleData>
            <SimpleData name="ddgn">47010</SimpleData>
            <SimpleData name="area_sqkm">36.733059526399998</SimpleData>
            <SimpleData name="shape_leng">36016.600286900000356</SimpleData>
            <SimpleData name="shape_area">36733059.526399999856949</SimpleData>
            <SimpleData name="Province">LU</SimpleData>
            <SimpleData name="Address">Tinau-2, PALPA, LU</SimpleData>
          </SchemaData>
        </ExtendedData>
        <Polygon>
          <outerBoundaryIs>
            <LinearRing>
              <coordinates>
                83.4707728482678,27.7745115791835,0
                83.4707034237835,27.7743059720539,0
                83.470714929052,27.7739631289797,0
                83.470682062655,27.7736764663633,0
                83.4707598108159,27.7732773785065,0
                83.4707559472246,27.7727607379513,0
                83.4708068810284,27.7725330080996,0
                83.4709469939797,27.7721951659284,0
                83.4709294991652,27.7720799885971,0
                83.4709761190746,27.7719674373567,0
                83.4712007193249,27.771668155946,0
                83.4714345757566,27.7711005231717,0
                83.4719694527625,27.7705046482789,0
                83.4721849248254,27.7704739044152,0
                83.4723125945264,27.7704947154841,0
                83.4725663722976,27.7705972103288,0
                83.4726288615696,27.7706560823894,0
                83.4728833885782,27.7707405156168,0
                83.473268899639,27.7707510205668,0
                83.4736577238066,27.7706667846136,0
                83.4739788055604,27.7706747878859,0
                83.4743617524343,27.7707619739936,0
                83.4750694086648,27.7707624211195,0
                83.4751992676302,27.7707268025902,0
                83.4760352792331,27.7707321883823,0
                83.4765518369892,27.770668764665,0
                83.4771995656802,27.770533537987,0
                83.4774612203824,27.770408177362,0
                83.4778755441332,27.7702089514955,0
                83.4775547751566,27.7701806997446,0
                83.4768179446468,27.7697785380967,0
                83.4763240213126,27.7691742724662,0
                83.4758032866243,27.7687210550807,0
                83.4756347482379,27.7686415596217,0
                83.4753419165609,27.7684215122105,0
                83.4749682233067,27.7680681018592,0
                83.4746399014654,27.7676404467647,0
                83.4740340546367,27.7671666062945,0
                83.4736038109772,27.7665806515759,0
                83.4734422129124,27.7662912374772,0
                83.4733047999065,27.7659252700452,0
                83.4735850131529,27.7658743403004,0
                83.4741010701151,27.7658312274276,0
                83.4745293261959,27.7658441077554,0
                83.4747019291391,27.7658109262907,0
                83.4752161099906,27.7658241832646,0
                83.4755602510472,27.7657961279814,0
                83.4761670485238,27.7656021546875,0
                83.4767823510959,27.7651622668862,0
                83.4769400203374,27.7649372269072,0
                83.4774020917303,27.7645870165185,0
                83.4774723343535,27.7644158444067,0
                83.4776054450146,27.7642877339973,0
                83.4781947475016,27.7639785821755,0
                83.478541827346,27.7638557869352,0
                83.4790454537388,27.7635440737509,0
                83.4791318178258,27.7635263875356,0
                83.4793557313763,27.7632474782327,0
                83.4794705945581,27.7630222523771,0
                83.4794973444407,27.7628689522724,0
                83.4794648541863,27.7625642303824,0
                83.4794031765948,27.7624850497076,0
                83.4791319164658,27.7616379347853,0
                83.4788690858801,27.76117447136,0
                83.4787749184121,27.7607882561715,0
                83.4787495692851,27.7596442955228,0
                83.4785991021977,27.7590300363267,0
                83.4784781220559,27.7587971801919,0
                83.4782529696255,27.7584850167331,0
                83.4780946860508,27.7580986132033,0
                83.4779707679597,27.7579627489532,0
                83.4778501027673,27.7577298916421,0
                83.4774008624431,27.7570693824831,0
                83.4771541515862,27.7567570942387,0
                83.4769128805032,27.756291383703,0
                83.4765208272828,27.7552137238636,0
                83.476141656378,27.7537525379344,0
                83.4756026266565,27.7525930722224,0
                83.475009409198,27.7517560751838,0
                83.4747893847058,27.7512926777903,0
                83.4747141520662,27.7509855792575,0
                83.4747672118747,27.7506811699635,0
                83.4749728794982,27.7503052069324,0
                83.4751048022129,27.750152284961,0
                83.475441578771,27.7497654492839,0
                83.4754682008631,27.7496121528161,0
                83.4751993809606,27.7486906058816,0
                83.4749332994719,27.7483195737004,0
                83.4746013497414,27.7480047208441,0
                83.4743286383383,27.7478254204196,0
                83.474236778968,27.7477393649463,0
                83.4741805347707,27.747763987287,0
                83.4738736970747,27.7479658397001,0
                83.4734812456793,27.7481651905815,0
                83.4730903570972,27.7483080458809,0
                83.4728931931897,27.7484359064925,0
                83.4721142933489,27.748642750818,0
                83.4717263435291,27.7487089878344,0
                83.4711499865693,27.748636861545,0
                83.4705751901836,27.7485241129925,0
                83.470257858835,27.7484010565878,0
                83.4701317530564,27.7483215618226,0
                83.4699054761815,27.7480477085887,0
                83.4698068059468,27.7477969168919,0
                83.4697450656863,27.7477199860384,0
                83.4696482729443,27.7474105116236,0
                83.4694867371549,27.7471210981494,0
                83.4690506791491,27.7467087534727,0
                83.4686730465528,27.7464681455681,0
                83.4683530886307,27.7464218321118,0
                83.4682012345849,27.7464753860918,0
                83.4677489812572,27.746539061673,0
                83.4675536936015,27.7466104900955,0
                83.4671668057757,27.7466382946751,0
                83.4668424109624,27.7467228430513,0
                83.46664899971,27.7467379015782,0
                83.4663224137829,27.7468810091303,0
                83.4659337765868,27.7469652461149,0
                83.4658462260742,27.7470213019362,0
                83.4656516884328,27.7470724808007,0
                83.4654582764187,27.7470875394558,0
                83.4651978723856,27.7471745278431,0
                83.4642972413836,27.7471890742073,0
                83.4639155446911,27.7470635177115,0
                83.4630089250638,27.7466177954112,0
                83.4624788125448,27.7464509895865,0
                83.4618908983095,27.7460923253172,0
                83.4614690832491,27.7458897747238,0
                83.4612175563026,27.7457286600586,0
                83.4610520203552,27.7455542363831,0
                83.4609662827802,27.7455088002081,0
                83.4609917169128,27.7454366832527,0
                83.4610035360357,27.7450938392627,0
                83.4614948554017,27.7445158979777,0
                83.4615855964818,27.7443651010067,0
                83.4619586765477,27.7441093182326,0
                83.462241015853,27.7440021443121,0
                83.4623079460928,27.743927901521,0
                83.462811570733,27.7436185004876,0
                83.4632263334527,27.7433990256342,0
                83.4634040630857,27.7432147329133,0
                83.4635651106052,27.7428949515614,0
                83.4635564933182,27.7425113605307,0
                83.4634575116588,27.7422808814364,0
                83.4632729787791,27.7420274001803,0
                83.4631523738343,27.7417946078518,0
                83.4629830345009,27.741103542116,0
                83.4630123475832,27.7408757500416,0
                83.4631298392033,27.7405739054684,0
                83.4635147365682,27.7399729651377,0
                83.4636348531049,27.7395944378266,0
                83.4637121605338,27.7392156000492,0
                83.4636957923596,27.7390621752025,0
                83.4638132821003,27.7387603299238,0
                83.4639172779462,27.73822825384,0
                83.4640106445742,27.7380030253643,0
                83.4640615178084,27.7377753597786,0
                83.4641523209329,27.7376244997568,0
                83.4643203089441,27.7370949868359,0
                83.4643280627728,27.7368671324982,0
                83.4644774919825,27.7362607521044,0
                83.4646619110724,27.7358824147352,0
                83.4656112498399,27.7344399339815,0
                83.466012892537,27.7339744202462,0
                83.4664115344073,27.7336037097652,0
                83.4670069638271,27.7331051387991,0
                83.467686444014,27.7326655026535,0
                83.4678857333035,27.7324812721363,0
                83.4679727846573,27.7324455889956,0
                83.4682595015416,27.7322051772981,0
                83.4685275965195,27.7318880839457,0
                83.4687474469623,27.7317219788565,0
                83.4688195044269,27.7314943744668,0
                83.4689797383635,27.7311949048079,0
                83.4689636805401,27.7310414183627,0
                83.4689071297614,27.73081112546,0
                83.4685265086378,27.7300357515077,0
                83.468281872493,27.7290375881137,0
                83.4682870633068,27.7288841651497,0
                83.4682143296502,27.7285026988242,0
                83.4680164270082,27.7280189897058,0
                83.4678510894356,27.7272129338445,0
                83.4678213515869,27.7268315314952,0
                83.467874411857,27.726527058889,0
                83.4680160891874,27.7261486583758,0
                83.4681729467457,27.7259439293902,0
                83.468608280492,27.7251153233146,0
                83.4687045232041,27.7248133516973,0
                83.4687335233027,27.7245855601216,0
                83.4686253744203,27.7233622936262,0
                83.4684559725964,27.7226690412429,0
                83.4682959369442,27.722341319484,0
                83.468233510197,27.7222823228624,0
                83.4681508976689,27.7221895175984,0
                83.4680630955946,27.722259134914,0
                83.4676626409771,27.7226862780582,0
                83.4670483399583,27.723108042773,0
                83.4663506767865,27.7234505633429,0
                83.4655700877845,27.7237160278187,0
                83.4653086194886,27.7238413883478,0
                83.4647020097271,27.7240353613511,0
                83.4643956105376,27.7242191523737,0
                83.4641297022445,27.7244775629623,0
                83.4636307538674,27.7252856060258,0
                83.4633414114085,27.7256003859187,0
                83.4630550704279,27.7258226114675,0
                83.4627947904485,27.7259096001845,0
                83.4615881994996,27.7261057513432,0
                83.4605505813701,27.7263633993431,0
                83.4600365882022,27.7263501427458,0
                83.4593488666471,27.7264060646258,0
                83.4588351858503,27.7263928083956,0
                83.4584944834021,27.7263260587087,0
                83.4582363296073,27.7263566152018,0
                83.45769371138,27.7265530259272,0
                83.4567535129693,27.7270998368833,0
                83.4563239442006,27.727125265764,0
                83.4562186453974,27.7271451379256,0
                83.4559788016625,27.7271915681075,0
                83.4557180855229,27.7272988654745,0
                83.4555172950053,27.7275236551712,0
                83.4553532461839,27.7279381779263,0
                83.4551550196323,27.7280840374902,0
                83.4548969287597,27.7281168423279,0
                83.4542170221465,27.7279449733387,0
                83.4541333483839,27.727885976898,0
                83.4535404319726,27.7276783612731,0
                83.4533723305794,27.7275783671611,0
                83.4528314740296,27.7271046521801,0
                83.4525580770684,27.7269457250258,0
                83.4521827577166,27.7266486840643,0
                83.451843930259,27.7265255026079,0
                83.4515021020164,27.7264970612828,0
                83.4509847947852,27.726576234729,0
                83.4495067300172,27.727184030969,0
                83.4492470756642,27.7272552086051,0
                83.4489488030789,27.727208895593,0
                83.4487780763688,27.7271833957565,0
                83.4484400003214,27.7270421540456,0
                83.4479293834107,27.726931842476,0
                83.4475714962922,27.7267499172088,0
                83.4472806651006,27.7264757496039,0
                83.446868855483,27.7259867868195,0
                83.4466814462295,27.7258280483067,0
                83.4462064580008,27.7253004648661,0
                83.4458999439893,27.7248728106093,0
                83.4453607126338,27.7243427253006,0
                83.4451304980719,27.724183860982,0
                83.4445402067949,27.7238995025768,0
                83.4443702310115,27.7238559418131,0
                83.4439420376968,27.7238451864891,0
                83.4434242923232,27.7239446068566,0
                83.4430149082463,27.7240107196309,0
                83.4428894232793,27.7240710865925,0
                83.4424484155456,27.7242813736388,0
                83.442339492538,27.7243351167569,0
                83.4422483771228,27.724485914365,0
                83.4421710055456,27.724864629923,0
                83.442157998424,27.7252458448137,0
                83.44234096954,27.7255376343941,0
                83.4425283786362,27.7256940593558,0
                83.4426061141706,27.7259267907599,0
                83.4427080340188,27.7260805896729,0
                83.4427668364964,27.7262365144138,0
                83.4427110243051,27.7266153548969,0
                83.4426440940516,27.7266895342146,0
                83.4425265415154,27.7269913793621,0
                83.4422791931545,27.7273288455164,0
                83.4419801585653,27.7279300372632,0
                83.4411551254353,27.728863003035,0
                83.4409498344629,27.7292186552998,0
                83.4409018383291,27.7293696404847,0
                83.4406544882533,27.7297069807657,0
                83.4402560971379,27.730077691498,0
                83.4402107264439,27.7301520596513,0
                83.4399028265854,27.7303740969701,0
                83.4397030358233,27.7305786373787,0
                83.4394549374562,27.7309341012804,0
                83.4392998318376,27.7310823361582,0
                83.4392090902184,27.7312308840614,0
                83.438448799551,27.7321461015646,0
                83.4381660228065,27.732271336275,0
                83.4376475261276,27.7323910045716,0
                83.4374749241641,27.7324241241386,0
                83.4373898105927,27.7324034994858,0
                83.4373023846571,27.7324573069163,0
                83.4367883279576,27.7324439255355,0
                83.4362382183873,27.7322363723149,0
                83.4360715546248,27.7320980693903,0
                83.4353760920969,27.7317545274404,0
                83.4347805486854,27.7316235313267,0
                83.4345235222636,27.7316179652155,0
                83.4341757520945,27.7317609467412,0
                83.4340232717651,27.7318324994545,0
                83.4336266939069,27.732144465938,0
                83.4333819711757,27.7324051879592,0
                83.4332216110885,27.7327068457031,0
                83.433104435504,27.7329906938579,0
                83.4330300641118,27.7332926657045,0
                83.4330486229088,27.733369471922,0
                83.4325842894238,27.7344054337732,0
                83.432517360211,27.7344818623695,0
                83.4323045007083,27.7350653068601,0
                83.4323982314848,27.7354515856885,0
                83.432602699228,27.7357434379062,0
                83.4326615001182,27.7358970490678,0
                83.4327243658068,27.7359356096336,0
                83.4331342378308,27.7364811293554,0
                83.4332282816502,27.736867282524,0
                83.4332520173615,27.7374201702633,0
                83.4332226418145,27.737647899294,0
                83.4329700406302,27.7381386637105,0
                83.4328579913846,27.7382872118644,0
                83.4327858083817,27.73851475264,0
                83.4325157121109,27.7388881517103,0
                83.4319640276329,27.7393506651497,0
                83.4316199475625,27.7393785940936,0
                83.4311936301357,27.7393091564683,0
                83.4311092681422,27.7392682208533,0
                83.4310229666175,27.7392859063943,0
                83.4308529899188,27.7392423451627,0
                83.4303396841435,27.7392109021451,0
                83.4300804055549,27.7392617066588,0
                83.4298025684979,27.739233516518,0
                83.4295648493132,27.7392843836477,0
                83.4292208312323,27.739314563961,0
                83.4291357190241,27.7392939396298,0
                83.4288979994196,27.7393448056065,0
                83.4282820734252,27.7397867567522,0
                83.4279699831269,27.7401239085028,0
                83.4274168610797,27.7406066688513,0
                83.427090276327,27.7407497142382,0
                83.4267581284859,27.741046181433,0
                83.4262968715737,27.7413601456485,0
                83.4257958714548,27.7415768697628,0
                83.4257076930716,27.7416509866041,0
                83.4256217675354,27.7416482978838,0
                83.4252936834194,27.7418297762482,0
                83.4252081327645,27.7418294623298,0
                83.4248391796409,27.7419519448213,0
                83.4247554423981,27.741892950376,0
                83.4243931786317,27.7418260124684,0
                83.4240985953693,27.7416668357137,0
                83.4235477361814,27.7414795309604,0
                83.4232751504507,27.7413001673772,0
                83.423170665422,27.7412207979053,0
                83.4225513876458,27.7405346005371,0
                83.4223881015029,27.7403014943177,0
                83.4222903075586,27.7400303929637,0
                83.4221470796884,27.7398357198831,0
                83.4219324827341,27.7398484037773,0
                83.4214939106547,27.7401241223267,0
                83.4210326553819,27.7404357116557,0
                83.4209460410154,27.7404533967896,0
                83.4208999192812,27.7405479506922,0
                83.4207666860546,27.7406781864222,0
                83.420680383538,27.7406959331578,0
                83.4205476502269,27.7408059833611,0
                83.4201105787678,27.7410432674017,0
                83.4200242779606,27.7410587024986,0
                83.4198486735835,27.7411708149191,0
                83.4192609342812,27.7414210338691,0
                83.4190020310363,27.7414718371129,0
                83.4183049938845,27.7417779865436,0
                83.4179582874167,27.7418825975858,0
                83.4177005095716,27.7418950300037,0
                83.4173549295735,27.7419635183167,0
                83.416926486865,27.7419504503188,0
                83.4162431422797,27.7418753219796,0
                83.4154806866949,27.7416036460571,0
                83.4146214995162,27.7410449966651,0
                83.4145572605426,27.7409680021028,0
                83.4143128607382,27.7406714009292,0
                83.4142139405095,27.7404408572378,0
                83.41397110593,27.7400314531223,0
                83.4135181151876,27.7395016191332,0
                83.4133176482014,27.7391127144227,0
                83.4131536745288,27.7388976674817,0
                83.41286178079,27.7386594976834,0
                83.4126088173394,27.7385388806857,0
                83.4121837518257,27.7384310078254,0
                83.4114918522021,27.7379903495331,0
                83.4114510468992,27.7379315423616,0
                83.4113454367284,27.7378904818254,0
                83.4107459036012,27.7372607171949,0
                83.4106622283275,27.7372017217863,0
                83.4101509970887,27.7364978388709,0
                83.4098571650977,27.7363183513014,0
                83.4094134787525,27.7361337364446,0
                83.4091828243931,27.7359928703669,0
                83.4090609061912,27.7357982604978,0
                83.4088950569623,27.7356396483546,0
                83.4088169465433,27.7354272283268,0
                83.4087150888043,27.7352711166766,0
                83.4084235061409,27.7350330075239,0
                83.4078235868685,27.7350168752568,0
                83.4076543603302,27.7349551907104,0
                83.4072281067174,27.7348857538202,0
                83.4070559411728,27.7349007498113,0
                83.4065471999126,27.7347338820331,0
                83.4061194460375,27.7347027524513,0
                83.4059483438569,27.7346975001655,0
                83.405689128538,27.7347482430168,0
                83.4052319349613,27.7349448420724,0
                83.4046553137042,27.7354838468825,0
                83.4043405361855,27.735897618095,0
                83.4041203114994,27.736063661304,0
                83.4035016351583,27.7365821680389,0
                83.4033695887145,27.736674157029,0
                83.4031459887794,27.736937131139,0
                83.4029919438721,27.7370469939561,0
                83.4029056418459,27.7370646781726,0
                83.4024805757739,27.7369568063281,0
                83.4021376853032,27.7369463021408,0
                83.401793605784,27.7369763562301,0
                83.4011020697405,27.7371290190741,0
                83.4008409778777,27.7372361932609,0
                83.4005121437746,27.7374378581424,0
                83.4004004676215,27.7375682198341,0
                83.4002249267572,27.7376780188454,0
                83.400138625838,27.737695703133,0
                83.3999183388002,27.7378616850777,0
                83.3995902534988,27.7380430390495,0
                83.3993457819847,27.738285637736,0
                83.3988955801649,27.7388860769956,0
                83.3977982657959,27.7401966292538,0
                83.3974373657875,27.7407027026831,0
                83.3973677469979,27.7408535631759,0
                83.3971117080194,27.7414210091368,0
                83.3966104473972,27.7422491140726,0
                83.3961918481207,27.7437702196771,0
                83.3957653950223,27.7443121008917,0
                83.3957412084647,27.7443886564139,0
                83.3952977613793,27.7447973620565,0
                83.3952735131739,27.7448739803901,0
                83.3950505993622,27.745116704914,0
                83.3948875519531,27.7454746709569,0
                83.3947055709972,27.7457762037508,0
                83.3944146037165,27.7461133561413,0
                83.3943263644908,27.746187409966,0
                83.3938048040258,27.7463836964171,0
                83.3936292017729,27.7464934972417,0
                83.3931961309947,27.7466156659221,0
                83.3928899819126,27.7467790213177,0
                83.3923381725058,27.7472233492129,0
                83.3919381552239,27.7476141200753,0
                83.3916021292571,27.7480255146565,0
                83.3910983798064,27.748318855522,0
                83.3904026539343,27.7485865703758,0
                83.3900566364431,27.7486729950056,0
                83.3897110575728,27.7487392342857,0
                83.3892810506629,27.7487665997385,0
                83.3886571967183,27.7488247730049,0
                83.3885943297312,27.7487861492487,0
                83.3885452086465,27.7489551340667,0
                83.3885422578781,27.7496454459889,0
                83.3886653573497,27.7501514029518,0
                83.388710597121,27.7503389498567,0
                83.3887942723091,27.7503979439742,0
                83.3890990974455,27.7508662818004,0
                83.389610765616,27.7515521657959,0
                83.3898944698373,27.7520181903875,0
                83.3901806726948,27.7524097844434,0
                83.3903813884446,27.752798752169,0
                83.3906140312777,27.7534946307555,0
                83.3907740549878,27.7544158619186,0
                83.3907413536265,27.755333966055,0
                83.3908107748291,27.7557967991366,0
                83.3908343864254,27.7563338767243,0
                83.3907831251465,27.7571752378675,0
                83.3908065391278,27.7583236963369,0
                83.3910391182637,27.7590196367177,0
                83.3911888361467,27.7596362081065,0
                83.391172330851,27.7600941663405,0
                83.3910620191863,27.7607817900004,0
                83.3910264309038,27.7623880187758,0
                83.390967116757,27.7628457900491,0
                83.3907150794099,27.7632981203984,0
                83.3903181775447,27.7642056563523,0
                83.3902721716208,27.7648935949038,0
                83.3901916110136,27.765351239441,0
                83.3900653035174,27.765885377272,0
                83.3901914107173,27.7659648704517,0
                83.3907698961545,27.7659810028447,0
                83.3917346409676,27.7659874544012,0
                83.392057911843,27.7659392766944,0
                83.3924429850721,27.7659702796778,0
                83.3934728466702,27.7659589847835,0
                83.3941331311999,27.7660927952112,0
                83.3947056135025,27.7662802867065,0
                83.3948950239409,27.7663804051893,0
                83.3952714053922,27.7666572609548,0
                83.3955258708684,27.7667396318327,0
                83.3961861549716,27.7668733801774,0
                83.3962940162233,27.7668557585539,0
                83.396359569412,27.7668199497262,0
                83.3967460804791,27.7668103324363,0
                83.3976520884999,27.766663171819,0
                83.3979734826376,27.7666713004685,0
                83.3981650797794,27.7667150505367,0
                83.3984824102846,27.7668382302533,0
                83.3986110809619,27.7668410443697,0
                83.3988019284099,27.7669027927084,0
                83.3993710967572,27.7671850258574,0
                83.4001272376785,27.7676463070878,0
                83.4007525186772,27.7681589576578,0
                83.4009441178982,27.7682026443535,0
                83.4013954317713,27.7681752798528,0
                83.4016115924476,27.7681242876713,0
                83.4019397389329,27.7679429959164,0
                83.402074536863,27.7677743266882,0
                83.4020805406969,27.7676006548179,0
                83.4019213803819,27.7672524967076,0
                83.4018243366115,27.7669632711486,0
                83.4018091550587,27.7667917854392,0
                83.4018364034968,27.76662042735,0
                83.4020013264447,27.7662037172062,0
                83.4022003654839,27.7660376106768,0
                83.402659872068,27.765782389912,0
                83.4029188378354,27.7657316491254,0
                83.4031111877703,27.7657550251046,0
                83.4034478888529,27.765937013286,0
                83.4036349230183,27.7661137489683,0
                83.4041072864546,27.766700142336,0
                83.4043511831363,27.7670869854981,0
                83.4044501030325,27.7673198403027,0
                83.4046616241719,27.7680134057858,0
                83.4048865874766,27.7683256948567,0
                83.4052006048823,27.7685436166963,0
                83.4054550682563,27.7686259874495,0
                83.4057109704383,27.7686721749849,0
                83.406347882393,27.7688599189869,0
                83.4066034723627,27.7689062298837,0
                83.4069256805027,27.7688939870442,0
                83.40725119949,27.7687893756704,0
                83.4073825591875,27.7687154473496,0
                83.4075552238044,27.768682389974,0
                83.4078420652943,27.7684602274945,0
                83.4081688367714,27.7683149956193,0
                83.4083455666081,27.7681668232483,0
                83.4084884919326,27.7677703617085,0
                83.4087147803322,27.7674328952808,0
                83.409115547278,27.7670217513486,0
                83.4093284677044,27.766454055884,0
                83.4094844501592,27.7662854480895,0
                83.410523940797,27.766007927675,0
                83.4114938774716,27.765878952826,0
                83.4127279052325,27.7655502524342,0
                83.4133106427785,27.765448958808,0
                83.413825073889,27.7654624649369,0
                83.413952304771,27.765505837248,0
                83.4143392538813,27.7654759085261,0
                83.4145567249998,27.7654858488142,0
                83.4154315443365,27.7655256707332,0
                83.4159400356162,27.7657104739414,0
                83.4162607417431,27.7657367274567,0
                83.416969897209,27.7656991158501,0
                83.4172738593586,27.7655920685595,0
                83.4175800706469,27.7654287124045,0
                83.4179115952459,27.7651503052998,0
                83.4180027119223,27.7649995072888,0
                83.4182471834307,27.7647568460697,0
                83.4184454724704,27.7646087999381,0
                83.4188357960418,27.764486378721,0
                83.4199976442579,27.7643829683474,0
                83.4200612601999,27.76440352992,0
                83.4209180196365,27.7644454776195,0
                83.4209139551611,27.7645605290312,0
                83.4207297233354,27.7649184942051,0
                83.4204135063685,27.7653683855036,0
                83.4201738485671,27.7654779349192,0
                83.4197184690892,27.7656181651071,0
                83.4194531873101,27.765840390859,0
                83.4193404501568,27.7659911260965,0
                83.4193337609104,27.7661806092449,0
                83.419731014493,27.7664778374428,0
                83.4197276369449,27.7665748296432,0
                83.4195509087117,27.7667230005622,0
                83.4192897531104,27.7668301730737,0
                83.4191770146882,27.7669809081374,0
                83.4191047710939,27.7672084490894,0
                83.4187055669254,27.7675790359138,0
                83.4185205856457,27.767957311074,0
                83.4184937732395,27.7681083581707,0
                83.418654496431,27.7684181458128,0
                83.418799910983,27.7685563854561,0
                83.418859401356,27.7686919985927,0
                83.4188114035037,27.7688429223887,0
                83.4183257111079,27.7692334426525,0
                83.4182774643826,27.7693844283663,0
                83.4185184856288,27.7698502008882,0
                83.4185158602163,27.7699245694776,0
                83.418355063223,27.7702262903077,0
                83.4183710587762,27.7703797772051,0
                83.4184748546973,27.7704795196595,0
                83.4187971250588,27.7704673378911,0
                83.4190307166218,27.7705314600422,0
                83.419072335533,27.7705722694749,0
                83.4191318879369,27.7707056337807,0
                83.4191077009984,27.7707822509759,0
                83.4189960261794,27.770912612496,0
                83.4189684644905,27.7710839728349,0
                83.4190890057079,27.7713168270693,0
                83.4192932242004,27.77160880506,0
                83.4194591360875,27.771767417588,0
                83.4203352538724,27.7724772411318,0
                83.420838856296,27.7734089771284,0
                83.4211576130667,27.7741051693259,0
                83.421423321695,27.7744740157626,0
                83.4215571692704,27.7749371015819,0
                83.4215303574004,27.7750903980962,0
                83.421300753651,27.7755226071757,0
                83.4212497581029,27.7757503353785,0
                83.4212846852274,27.7759805639674,0
                83.4213862933944,27.7761366776591,0
                83.4214640280898,27.7763693451609,0
                83.4214695190966,27.7768273668912,0
                83.42132997025,27.7771291491103,0
                83.4211725494169,27.7773360647422,0
                83.4211003047292,27.7775636063653,0
                83.4211110468591,27.7778704542144,0
                83.4209931194583,27.7781723626748,0
                83.4210038633532,27.7784792087052,0
                83.4211429516505,27.7794003152118,0
                83.4212608655402,27.7797076641219,0
                83.4215446950305,27.78017368973,0
                83.4215208204021,27.7802502453736,0
                83.4214322689111,27.7803242993847,0
                83.4213035250882,27.7809329293368,0
                83.4213432674708,27.7810301091464,0
                83.4216312225028,27.7813810186618,0
                83.4218206315698,27.7814810753249,0
                83.4220993440881,27.781489016732,0
                83.4222045171168,27.7815481384831,0
                83.4222421344295,27.7817039370263,0
                83.4222018787538,27.7822362622128,0
                83.4222420608061,27.7823153816227,0
                83.4222554277099,27.7825455485414,0
                83.4220865033376,27.7830750596582,0
                83.4220931192113,27.7834969599111,0
                83.4221950394611,27.7836508216771,0
                83.4223200219387,27.7837506281492,0
                83.4227200898542,27.7839711137807,0
                83.4229068729537,27.7841479128152,0
                83.4230087935409,27.7843039633717,0
                83.4230032287411,27.7844573865736,0
                83.4229309845609,27.7846849902816,0
                83.4227701876722,27.7849866469186,0
                83.4227675622261,27.7850610786279,0
                83.4229550852231,27.7858312001794,0
                83.4230401852797,27.7864655184359,0
                83.4232873344301,27.786757620817,0
                83.4233650069188,27.7869903499353,0
                83.423196020055,27.7875198004262,0
                83.4233487883865,27.7886711349849,0
                83.4232736677305,27.7889753569239,0
                83.4231116844545,27.7893153870404,0
                83.4230004451944,27.7894277507177,0
                83.422913394742,27.7894634335018,0
                83.4226339314956,27.7894734891704,0
                83.4222855995029,27.7896187833057,0
                83.4221107464013,27.7897082734996,0
                83.4219555143771,27.7898588197641,0
                83.4213434635643,27.7903367670103,0
                83.4214039431182,27.7908943434889,0
                83.4212940702408,27.7915797158564,0
                83.4213296231175,27.7918145076508,0
                83.4213636143274,27.7920403007218,0
                83.4214614090724,27.7923114643725,0
                83.4215306515604,27.7921786026871,0
                83.4219597197978,27.7921713610498,0
                83.4222191238041,27.7921205560353,0
                83.4234403963428,27.79217082048,0
                83.4242192952853,27.791982287193,0
                83.4244771991841,27.7919697921806,0
                83.4245616249803,27.7920107890695,0
                83.4246271802762,27.7919726693577,0
                83.4247559123187,27.791977733929,0
                83.4252562233012,27.7918151302999,0
                83.4257327255691,27.7916591528723,0
                83.4261044918372,27.7914576768712,0
                83.4263032191046,27.7912915061592,0
                83.426526942826,27.7910284706986,0
                83.4268551531439,27.7908471173372,0
                83.4271863011853,27.7905867716442,0
                83.4277757281533,27.7902981810345,0
                83.4280362575213,27.7902090058145,0
                83.4286275598406,27.789859421552,0
                83.429083813934,27.7897011935611,0
                83.4293457832783,27.7895736452915,0
                83.4300022009437,27.7892086264153,0
                83.4306184407749,27.7887666749706,0
                83.431192622386,27.7883020382464,0
                83.4319327786398,27.7879982025897,0
                83.4325006458691,27.7877049886582,0
                83.4325906357658,27.7875948113671,0
                83.4326413835834,27.7873648959862,0
                83.4325289079637,27.7869041866438,0
                83.4325348476384,27.7867327007206,0
                83.4324652407443,27.7862721799578,0
                83.4326252880779,27.7859885833659,0
                83.4328046428404,27.7857636684454,0
                83.4328750123162,27.785594746387,0
                83.4328381460608,27.7854208881326,0
                83.4328950830592,27.7850217997307,0
                83.4332601090687,27.7844005475256,0
                83.4333854769053,27.7838866603635,0
                83.4335209006104,27.7836999281795,0
                83.4336526972201,27.7836080014855,0
                83.4338885407381,27.7836135667445,0
                83.4340980708954,27.7837519952844,0
                83.4349669377697,27.7846738006535,0
                83.4350740989186,27.7852879331205,0
                83.4351035261782,27.7856715877756,0
                83.4352002562506,27.7859788113449,0
                83.4354049103191,27.7862526639571,0
                83.435470026773,27.7862348535511,0
                83.4355820150505,27.786104429704,0
                83.4358235485893,27.7859385731554,0
                83.4360185242614,27.7858873940818,0
                83.4364773425675,27.7856501100121,0
                83.4366075128684,27.7856146142343,0
                83.4371333240798,27.7853030896848,0
                83.4373929769238,27.7852341624094,0
                83.4384419731796,27.7846879775625,0
                83.4390957038512,27.7843995755704,0
                83.439224875324,27.7843842668719,0
                83.4394213491462,27.7842925898504,0
                83.4398109245944,27.7841881060453,0
                83.4400695158077,27.7841576127282,0
                83.440787613501,27.7838694615986,0
                83.4424285369825,27.7829555699949,0
                83.442889918891,27.7826437920406,0
                83.44334867434,27.7824065079528,0
                83.4439355380563,27.7821923482659,0
                83.4443864137067,27.7821849816879,0
                83.4446413170389,27.7822492927532,0
                83.4452261776288,27.7820936897403,0
                83.4458397291825,27.7817261081865,0
                83.4464365344046,27.7812254129432,0
                83.4469499759167,27.7806475975713,0
                83.4470370274093,27.7806096017572,0
                83.447149016411,27.7804791790559,0
                83.4472807491001,27.7803872515379,0
                83.4485245326345,27.7797897618624,0
                83.4489847886473,27.7795141061258,0
                83.4493154999442,27.7792559460432,0
                83.449774255779,27.7790186636795,0
                83.4506072783615,27.7785052843916,0
                83.4511619025483,27.7779840894388,0
                83.4513840652999,27.7777616136552,0
                83.4514525565786,27.7776468133179,0
                83.4517177125612,27.7774244624666,0
                83.4521195429798,27.7769770714129,0
                83.4524293825533,27.7766985387769,0
                83.4528780215934,27.7761362838919,0
                83.4533207197309,27.775745449917,0
                83.4536053102437,27.7755819067525,0
                83.453915962156,27.7752830014846,0
                83.4542897921017,27.7750250932808,0
                83.4545118899876,27.7748025542322,0
                83.4556565670387,27.7739723333109,0
                83.4562179398612,27.7734262662962,0
                83.4563447367686,27.7733026553825,0
                83.4566352685955,27.7729654413634,0
                83.4569674799133,27.7726689095904,0
                83.4576284636145,27.7721683406067,0
                83.4576913897006,27.7722092745009,0
                83.4578145586131,27.7723653870305,0
                83.4581383789257,27.7729284036564,0
                83.4582173040206,27.7731205134439,0
                83.4583104082876,27.773524727024,0
                83.4583135208826,27.7740594299998,0
                83.4583983235389,27.7740823655805,0
                83.4584626273954,27.7740826175101,0
                83.4586159828829,27.7739906896289,0
                83.4588395828566,27.7737297798918,0
                83.459038558715,27.7735636736936,0
                83.459298589277,27.7734924969368,0
                83.460327762394,27.7735010111821,0
                83.4605829786066,27.7735651965665,0
                83.4609051860099,27.7735529525274,0
                83.4613423190737,27.7733154799551,0
                83.4618601890835,27.7732339966612,0
                83.4619881714881,27.7732570584226,0
                83.4625038518845,27.7732320065735,0
                83.4632740602578,27.7732891384737,0
                83.4639103479091,27.7734968783389,0
                83.4641815576303,27.7737145501612,0
                83.4645315006935,27.7741445802596,0
                83.4646922867756,27.7744543031884,0
                83.4648691919965,27.7749175157394,0
                83.465137149438,27.7752299272198,0
                83.4654375969019,27.7758491886775,0
                83.4656419405016,27.7761411034908,0
                83.4660357531919,27.7765351986862,0
                83.4662240383917,27.7766735636529,0
                83.4665849893239,27.7767787485047,0
                83.4667590916557,27.776707195461,0
                83.4668703280098,27.776594831831,0
                83.4671165524508,27.7762956751603,0
                83.4673671506925,27.7758815292894,0
                83.4676986130662,27.7756030597058,0
                83.4678511560211,27.7755314420782,0
                83.4683057851959,27.7754090854184,0
                83.4686930456283,27.7753789698963,0
                83.4688236549968,27.7753253506097,0
                83.4690171300255,27.7753125424257,0
                83.4696019291634,27.7751546276793,0
                83.4698623955243,27.7750653904834,0
                83.4703218395429,27.7748099201337,0
                83.470734475346,27.7746490033284,0
                83.4707813461918,27.774536453169,0
                83.4707728482678,27.7745115791835,0
              </coordinates>
            </LinearRing>
          </outerBoundaryIs>
        </Polygon>
      </Placemark>
      <Placemark id="LU_PALPA_Tinau.3">
        <ExtendedData>
          <SchemaData schemaUrl="#LU_PALPA_Tinau.schema">
            <SimpleData name="ogc_fid">5709</SimpleData>
            <SimpleData name="objectid_1">5710</SimpleData>
            <SimpleData name="dcode">47</SimpleData>
            <SimpleData name="district">PALPA</SimpleData>
            <SimpleData name="das">0</SimpleData>
            <SimpleData name="gapa_napa">Tinau</SimpleData>
            <SimpleData name="type_gn">Gaunpalika</SimpleData>
            <SimpleData name="gn_code">10.000000000000000</SimpleData>
            <SimpleData name="new_ward_n">1</SimpleData>
            <SimpleData name="ddgnww">471000.999999999941792</SimpleData>
            <SimpleData name="center">Dobhan</SimpleData>
            <SimpleData name="state_code">5</SimpleData>
            <SimpleData name="ddgn">47010</SimpleData>
            <SimpleData name="area_sqkm">44.105916705500000</SimpleData>
            <SimpleData name="shape_leng">35022.629011099998024</SimpleData>
            <SimpleData name="shape_area">44105916.705499999225140</SimpleData>
            <SimpleData name="Province">LU</SimpleData>
            <SimpleData name="Address">Tinau-1, PALPA, LU</SimpleData>
          </SchemaData>
        </ExtendedData>
        <Polygon>
          <outerBoundaryIs>
            <LinearRing>
              <coordinates>
                83.4079591471381,27.7990069023801,0
                83.4081531282357,27.7986783740406,0
                83.4081950056637,27.7982814730414,0
                83.4083948595203,27.7980251232433,0
                83.4090382214427,27.7973983775646,0
                83.4096994504723,27.7971688451994,0
                83.4097731280634,27.7971421005025,0
                83.4109169910873,27.7962738214155,0
                83.4115863544975,27.7955411473704,0
                83.4125588667949,27.7946676787478,0
                83.41305886706,27.7944555171075,0
                83.4139673685249,27.7945269627255,0
                83.4145562910657,27.7944076699851,0
                83.4153816216078,27.7942419470903,0
                83.4157431386276,27.7941351498231,0
                83.4162275792164,27.7938709937998,0
                83.4166935240309,27.7934984098075,0
                83.4167716491719,27.7928805925082,0
                83.4168714523674,27.79271404686,0
                83.4169948166361,27.7924235115784,0
                83.4169628262044,27.7921165402092,0
                83.4170082584001,27.7920423597435,0
                83.4171623035402,27.7919301220355,0
                83.4174652637201,27.7918614441314,0
                83.4180647454459,27.7918978253061,0
                83.4183233379256,27.7918650825328,0
                83.4185823652878,27.7918142791597,0
                83.4191919775495,27.7915641237502,0
                83.4197948349888,27.7915035127881,0
                83.4203850125256,27.7911923630344,0
                83.4205633038836,27.7910059448278,0
                83.4207247884715,27.7906861635282,0
                83.4207910931907,27.7906300445839,0
                83.4209231401846,27.7905381169405,0
                83.4213434635643,27.7903367670103,0
                83.4219555143771,27.7898588197641,0
                83.4221107464013,27.7897082734996,0
                83.4222855995029,27.7896187833057,0
                83.4226339314956,27.7894734891704,0
                83.422913394742,27.7894634335018,0
                83.4230004451944,27.7894277507177,0
                83.4231116844545,27.7893153870404,0
                83.4232736677305,27.7889753569239,0
                83.4233487883865,27.7886711349849,0
                83.423196020055,27.7875198004262,0
                83.4233650069188,27.7869903499353,0
                83.4232873344301,27.786757620817,0
                83.4230401852797,27.7864655184359,0
                83.4229550852231,27.7858312001794,0
                83.4227675622261,27.7850610786279,0
                83.4227701876722,27.7849866469186,0
                83.4229309845609,27.7846849902816,0
                83.4230032287411,27.7844573865736,0
                83.4230087935409,27.7843039633717,0
                83.4229068729537,27.7841479128152,0
                83.4227200898542,27.7839711137807,0
                83.4223200219387,27.7837506281492,0
                83.4221950394611,27.7836508216771,0
                83.4220931192113,27.7834969599111,0
                83.4220865033376,27.7830750596582,0
                83.4222554277099,27.7825455485414,0
                83.4222420608061,27.7823153816227,0
                83.4222018787538,27.7822362622128,0
                83.4222421344295,27.7817039370263,0
                83.4222045171168,27.7815481384831,0
                83.4220993440881,27.781489016732,0
                83.4218206315698,27.7814810753249,0
                83.4216312225028,27.7813810186618,0
                83.4213432674708,27.7810301091464,0
                83.4213035250882,27.7809329293368,0
                83.4214322689111,27.7803242993847,0
                83.4215208204021,27.7802502453736,0
                83.4215446950305,27.78017368973,0
                83.4212608655402,27.7797076641219,0
                83.4211429516505,27.7794003152118,0
                83.4210038633532,27.7784792087052,0
                83.4209931194583,27.7781723626748,0
                83.4211110468591,27.7778704542144,0
                83.4211003047292,27.7775636063653,0
                83.4211725494169,27.7773360647422,0
                83.42132997025,27.7771291491103,0
                83.4214695190966,27.7768273668912,0
                83.4214640280898,27.7763693451609,0
                83.4213862933944,27.7761366776591,0
                83.4212846852274,27.7759805639674,0
                83.4212497581029,27.7757503353785,0
                83.421300753651,27.7755226071757,0
                83.4215303574004,27.7750903980962,0
                83.4215571692704,27.7749371015819,0
                83.421423321695,27.7744740157626,0
                83.4211576130667,27.7741051693259,0
                83.420838856296,27.7734089771284,0
                83.4203352538724,27.7724772411318,0
                83.4194591360875,27.771767417588,0
                83.4192932242004,27.77160880506,0
                83.4190890057079,27.7713168270693,0
                83.4189684644905,27.7710839728349,0
                83.4189960261794,27.770912612496,0
                83.4191077009984,27.7707822509759,0
                83.4191318879369,27.7707056337807,0
                83.419072335533,27.7705722694749,0
                83.4190307166218,27.7705314600422,0
                83.4187971250588,27.7704673378911,0
                83.4184748546973,27.7704795196595,0
                83.4183710587762,27.7703797772051,0
                83.418355063223,27.7702262903077,0
                83.4185158602163,27.7699245694776,0
                83.4185184856288,27.7698502008882,0
                83.4182774643826,27.7693844283663,0
                83.4183257111079,27.7692334426525,0
                83.4188114035037,27.7688429223887,0
                83.418859401356,27.7686919985927,0
                83.418799910983,27.7685563854561,0
                83.418654496431,27.7684181458128,0
                83.4184937732395,27.7681083581707,0
                83.4185205856457,27.767957311074,0
                83.4187055669254,27.7675790359138,0
                83.4191047710939,27.7672084490894,0
                83.4191770146882,27.7669809081374,0
                83.4192897531104,27.7668301730737,0
                83.4195509087117,27.7667230005622,0
                83.4197276369449,27.7665748296432,0
                83.419731014493,27.7664778374428,0
                83.4193337609104,27.7661806092449,0
                83.4193404501568,27.7659911260965,0
                83.4194531873101,27.765840390859,0
                83.4197184690892,27.7656181651071,0
                83.4201738485671,27.7654779349192,0
                83.4204135063685,27.7653683855036,0
                83.4207297233354,27.7649184942051,0
                83.4209139551611,27.7645605290312,0
                83.4209180196365,27.7644454776195,0
                83.4200612601999,27.76440352992,0
                83.4199976442579,27.7643829683474,0
                83.4188357960418,27.764486378721,0
                83.4184454724704,27.7646087999381,0
                83.4182471834307,27.7647568460697,0
                83.4180027119223,27.7649995072888,0
                83.4179115952459,27.7651503052998,0
                83.4175800706469,27.7654287124045,0
                83.4172738593586,27.7655920685595,0
                83.416969897209,27.7656991158501,0
                83.4162607417431,27.7657367274567,0
                83.4159400356162,27.7657104739414,0
                83.4154315443365,27.7655256707332,0
                83.4145567249998,27.7654858488142,0
                83.4143392538813,27.7654759085261,0
                83.413952304771,27.765505837248,0
                83.413825073889,27.7654624649369,0
                83.4133106427785,27.765448958808,0
                83.4127279052325,27.7655502524342,0
                83.4114938774716,27.765878952826,0
                83.410523940797,27.766007927675,0
                83.4094844501592,27.7662854480895,0
                83.4093284677044,27.766454055884,0
                83.409115547278,27.7670217513486,0
                83.4087147803322,27.7674328952808,0
                83.4084884919326,27.7677703617085,0
                83.4083455666081,27.7681668232483,0
                83.4081688367714,27.7683149956193,0
                83.4078420652943,27.7684602274945,0
                83.4075552238044,27.768682389974,0
                83.4073825591875,27.7687154473496,0
                83.40725119949,27.7687893756704,0
                83.4069256805027,27.7688939870442,0
                83.4066034723627,27.7689062298837,0
                83.406347882393,27.7688599189869,0
                83.4057109704383,27.7686721749849,0
                83.4054550682563,27.7686259874495,0
                83.4052006048823,27.7685436166963,0
                83.4048865874766,27.7683256948567,0
                83.4046616241719,27.7680134057858,0
                83.4044501030325,27.7673198403027,0
                83.4043511831363,27.7670869854981,0
                83.4041072864546,27.766700142336,0
                83.4036349230183,27.7661137489683,0
                83.4034478888529,27.765937013286,0
                83.4031111877703,27.7657550251046,0
                83.4029188378354,27.7657316491254,0
                83.402659872068,27.765782389912,0
                83.4022003654839,27.7660376106768,0
                83.4020013264447,27.7662037172062,0
                83.4018364034968,27.76662042735,0
                83.4018091550587,27.7667917854392,0
                83.4018243366115,27.7669632711486,0
                83.4019213803819,27.7672524967076,0
                83.4020805406969,27.7676006548179,0
                83.402074536863,27.7677743266882,0
                83.4019397389329,27.7679429959164,0
                83.4016115924476,27.7681242876713,0
                83.4013954317713,27.7681752798528,0
                83.4009441178982,27.7682026443535,0
                83.4007525186772,27.7681589576578,0
                83.4001272376785,27.7676463070878,0
                83.3993710967572,27.7671850258574,0
                83.3988019284099,27.7669027927084,0
                83.3986110809619,27.7668410443697,0
                83.3984824102846,27.7668382302533,0
                83.3981650797794,27.7667150505367,0
                83.3979734826376,27.7666713004685,0
                83.3976520884999,27.766663171819,0
                83.3967460804791,27.7668103324363,0
                83.396359569412,27.7668199497262,0
                83.3962940162233,27.7668557585539,0
                83.3961861549716,27.7668733801774,0
                83.3955258708684,27.7667396318327,0
                83.3952714053922,27.7666572609548,0
                83.3948950239409,27.7663804051893,0
                83.3947056135025,27.7662802867065,0
                83.3941331311999,27.7660927952112,0
                83.3934728466702,27.7659589847835,0
                83.3924429850721,27.7659702796778,0
                83.392057911843,27.7659392766944,0
                83.3917346409676,27.7659874544012,0
                83.3907698961545,27.7659810028447,0
                83.3901914107173,27.7659648704517,0
                83.3900653035174,27.765885377272,0
                83.3901916110136,27.765351239441,0
                83.3902721716208,27.7648935949038,0
                83.3903181775447,27.7642056563523,0
                83.3907150794099,27.7632981203984,0
                83.390967116757,27.7628457900491,0
                83.3910264309038,27.7623880187758,0
                83.3910620191863,27.7607817900004,0
                83.391172330851,27.7600941663405,0
                83.3911888361467,27.7596362081065,0
                83.3910391182637,27.7590196367177,0
                83.3908065391278,27.7583236963369,0
                83.3907831251465,27.7571752378675,0
                83.3908343864254,27.7563338767243,0
                83.3908107748291,27.7557967991366,0
                83.3907413536265,27.755333966055,0
                83.3907740549878,27.7544158619186,0
                83.3906140312777,27.7534946307555,0
                83.3903813884446,27.752798752169,0
                83.3901806726948,27.7524097844434,0
                83.3898944698373,27.7520181903875,0
                83.389610765616,27.7515521657959,0
                83.3890990974455,27.7508662818004,0
                83.3887942723091,27.7503979439742,0
                83.388710597121,27.7503389498567,0
                83.3886653573497,27.7501514029518,0
                83.3885422578781,27.7496454459889,0
                83.3885452086465,27.7489551340667,0
                83.3885943297312,27.7487861492487,0
                83.3884564799353,27.7484358045119,0
                83.3882936318442,27.7482026988341,0
                83.3880452321288,27.747946654587,0
                83.3878778820555,27.7478263514798,0
                83.387456504435,27.7476236760361,0
                83.3872006030335,27.7475774263539,0
                83.3867709710919,27.7476048543013,0
                83.3864287673285,27.7475762888682,0
                83.3861315592728,27.7474914801273,0
                83.3859396488307,27.7474657923647,0
                83.3856852454989,27.7473834207407,0
                83.3853887882443,27.7472783632666,0
                83.3851578215399,27.7471396833397,0
                83.3849719132857,27.7469425736417,0
                83.3848749927381,27.7466510984975,0
                83.3846750274083,27.7462441327251,0
                83.3846984631889,27.7461878254944,0
                83.3843670877044,27.7452590288612,0
                83.3844066037652,27.7441492552888,0
                83.384374738973,27.7438422200641,0
                83.3843152500208,27.7437065435215,0
                83.3843193760882,27.7435914917397,0
                83.3842610744772,27.743417507058,0
                83.3840974766709,27.7432024614487,0
                83.3838892575498,27.7430255375392,0
                83.3835526817194,27.7428435480064,0
                83.3829958799186,27.7428275412784,0
                83.3825650623827,27.742873030247,0
                83.3820250077915,27.7429924492686,0
                83.3816559288228,27.7431171203005,0
                83.3812039884196,27.7431602336609,0
                83.3800044002272,27.7431277811929,0
                83.3795770196621,27.7430965276345,0
                83.3794925947462,27.7430555297804,0
                83.3790607128526,27.7431393272379,0
                83.3786310195871,27.7431667568964,0
                83.3781127751462,27.7432659268354,0
                83.3777687572407,27.7432959824739,0
                83.3775114170447,27.743288041756,0
                83.377002988699,27.74312104895,0
                83.3767444608929,27.7431514798081,0
                83.3764825547516,27.7432789012145,0
                83.3763099519806,27.7433119584464,0
                83.3759658733035,27.7433397621743,0
                83.3757765260932,27.7432396436553,0
                83.3756409889825,27.7428329287327,0
                83.3756277450314,27.7426026999713,0
                83.375624630131,27.7420860591945,0
                83.3757267511749,27.7416307268675,0
                83.3757604397267,27.7412856957343,0
                83.3756676483501,27.7408814180671,0
                83.3753450150964,27.7403182141289,0
                83.375186417615,27.739949745812,0
                83.3743133724985,27.7385852933553,0
                83.3742959392526,27.7384701777975,0
                83.3741755865211,27.7382350088548,0
                83.3734407030518,27.7372005920126,0
                83.3731166320758,27.7366756969439,0
                83.372896172979,27.7360949341881,0
                83.3729662380266,27.7354837391617,0
                83.3730854787438,27.7351413351687,0
                83.3730702952958,27.7349697874308,0
                83.3728961361268,27.7347704912145,0
                83.3728643276768,27.7347342428884,0
                83.3726728536621,27.7346904949961,0
                83.3721535461613,27.7348280365489,0
                83.3709450156654,27.7350436240422,0
                83.3705953088371,27.7352270396506,0
                83.3704821337166,27.7353957718484,0
                83.369977194729,27.7357251097966,0
                83.3697119137558,27.7359472732441,0
                83.3689458209539,27.7363859724289,0
                83.3676437365025,27.7368290375803,0
                83.3670824968903,27.7369279573692,0
                83.3667524109757,27.7371678678751,0
                83.3663697647087,27.7376737539459,0
                83.3662304661086,27.7379754749965,0
                83.3660745972185,27.7387374035792,0
                83.3660738349911,27.7393487233028,0
                83.3659985258799,27.7396530069151,0
                83.3657070584482,27.7400103456241,0
                83.36557044684,27.740235384714,0
                83.3655220137611,27.7403863077802,0
                83.3651366784884,27.7409711254788,0
                83.3650242537969,27.7411195472284,0
                83.3648024679907,27.7413238384741,0
                83.364395705248,27.7414979403923,0
                83.3642063544616,27.7415738070336,0
                83.3628402802422,27.7419352536095,0
                83.3623442775669,27.7422510912744,0
                83.3621522978078,27.7425615607584,0
                83.3620664102936,27.7437592014344,0
                83.3616836982671,27.7444861295994,0
                83.3611071936998,27.745449096853,0
                83.3607901667132,27.7458379938499,0
                83.3605695012644,27.746218268483,0
                83.3594406267927,27.7475893153862,0
                83.3584810385646,27.7490580417456,0
                83.3584234782552,27.7493038319012,0
                83.3584067769858,27.7501520048787,0
                83.3583900759628,27.7510047406123,0
                83.3581978432486,27.7514573842627,0
                83.3578476936078,27.7518731525638,0
                83.3574323051169,27.7522141165647,0
                83.3571819009035,27.752312227669,0
                83.3566541575429,27.7523007834172,0
                83.3562210900909,27.7523596466938,0
                83.3552544009878,27.7526574799557,0
                83.3548562653256,27.7527030333928,0
                83.3545444974271,27.7525661657479,0
                83.3539459004114,27.7520535145447,0
                83.3536450043948,27.7519505823154,0
                83.3529390443057,27.7515772302791,0
                83.3515235539251,27.7510990017517,0
                83.3509275130793,27.7509586305746,0
                83.3503242230026,27.7506941447965,0
                83.3500778811043,27.750647833544,0
                83.3496060744571,27.7504605924878,0
                83.3489832183852,27.750496018657,0
                83.3481864556861,27.7502034703171,0
                83.3481382749147,27.7501513497601,0
                83.347708404159,27.7496800724821,0
                83.346027312618,27.7499022768044,0
                83.3460159969407,27.7501503791977,0
                83.3460104947837,27.750269931442,0
                83.3461462187185,27.7506857082894,0
                83.3460912870857,27.7508140695284,0
                83.3462184461357,27.7513854582163,0
                83.3462023797763,27.7517486121608,0
                83.3460123887499,27.7525599112575,0
                83.3454668168953,27.7535659369708,0
                83.3453094466355,27.7544879138372,0
                83.3448456101672,27.7557152952177,0
                83.3437134244877,27.7569507915586,0
                83.3429628248873,27.7575676622337,0
                83.3420482495839,27.7580935384363,0
                83.3408324116901,27.7581057685269,0
                83.3400805160398,27.7579803932882,0
                83.3405382603232,27.7583593657861,0
                83.3412273067596,27.7609075842105,0
                83.3412890130218,27.7626721748313,0
                83.3418617176566,27.7675933007569,0
                83.341928356741,27.7696444913328,0
                83.3420304562285,27.7703308060444,0
                83.3422049202971,27.7709430661175,0
                83.3424732820212,27.7730358170112,0
                83.3423360769,27.7749190196646,0
                83.3425627113674,27.7760865438182,0
                83.3428046018955,27.7767848589828,0
                83.3428983377095,27.776855229041,0
                83.3428302213376,27.7768932868278,0
                83.3432485853853,27.77782702015,0
                83.3434086081126,27.7788408061158,0
                83.343374606551,27.7791091570731,0
                83.3432990530611,27.779185462076,0
                83.3436406761095,27.7801143820923,0
                83.3436602860091,27.7807620116964,0
                83.343495230729,27.7815801231904,0
                83.3437206227381,27.78238674163,0
                83.3439077158271,27.7827553352299,0
                83.3442689740854,27.7830503761541,0
                83.3445698076558,27.7831195002963,0
                83.3447867170905,27.7830641323389,0
                83.3450781237052,27.7826909838685,0
                83.3454116469634,27.7823834553284,0
                83.3458610242196,27.7823224036318,0
                83.3475173002437,27.7824633531364,0
                83.3481039068351,27.7826284720854,0
                83.3484703550192,27.7828040247171,0
                83.3487509980807,27.7830738184553,0
                83.348842664759,27.7835435258935,0
                83.3485827573219,27.7838423707194,0
                83.3474832727442,27.7841868850924,0
                83.3472386758088,27.7843617402806,0
                83.3471867391919,27.784663775573,0
                83.3473769591721,27.7848858199009,0
                83.3478476459047,27.7849715067699,0
                83.3482494051664,27.7849282664999,0
                83.3497060345247,27.7843011577444,0
                83.350476998273,27.7841310598645,0
                83.3505895457433,27.7841338124463,0
                83.3513071934414,27.7844395448909,0
                83.3519451113121,27.7842981315463,0
                83.3522459460087,27.7843085719486,0
                83.3525552726094,27.7846077358222,0
                83.3528243555018,27.7849993931996,0
                83.352878281126,27.7851643789728,0
                83.353517252455,27.7855373547494,0
                83.3537017851101,27.7857547758066,0
                83.3537719612183,27.7858385815391,0
                83.3537335876373,27.7860618096697,0
                83.3533426923752,27.7865766339435,0
                83.3532214503566,27.7870227787445,0
                83.3532028206125,27.7874355524572,0
                83.3533455376565,27.7880814971335,0
                83.3530417462956,27.7890998382576,0
                83.3530238029752,27.7895013631601,0
                83.3533165058736,27.7899878233278,0
                83.3536935116965,27.7903189253541,0
                83.3537629341776,27.7905313442583,0
                83.3536381965147,27.7908240655316,0
                83.3530989489878,27.7911712756369,0
                83.3527710436441,27.7918149622941,0
                83.3525210667722,27.7923033517167,0
                83.3523765215758,27.7924042153741,0
                83.3520977442272,27.7925721339299,0
                83.3517764026854,27.7930669592831,0
                83.3514914968844,27.7934062987465,0
                83.3514467506421,27.7935211630425,0
                83.3513549422452,27.7938636934668,0
                83.3513954976631,27.7939789329041,0
                83.3515426003954,27.7941511067863,0
                83.3525367045894,27.7948551834594,0
                83.352957576789,27.7952835885368,0
                83.3531869758162,27.7956298116202,0
                83.3532484647566,27.7958037975021,0
                83.3532462127788,27.7959188486353,0
                83.3533655630157,27.7964361153961,0
                83.3534365991832,27.7972396070963,0
                83.3534008386562,27.7980403463415,0
                83.3532864718588,27.7984391831393,0
                83.3529568186088,27.7988911374901,0
                83.3528853207382,27.7992923513835,0
                83.3528726846648,27.7999781639911,0
                83.3529299187997,27.800380065638,0
                83.3530930758112,27.8008410887839,0
                83.3531091306119,27.8011276871584,0
                83.353063383118,27.8012989218879,0
                83.3530807520858,27.8015291516602,0
                83.3530095664713,27.8019281143785,0
                83.3529312473286,27.8027828479628,0
                83.3528864391659,27.8028954001559,0
                83.3528126886899,27.8034659096644,0
                83.3528061820589,27.8038651859907,0
                83.3528480507936,27.803924056334,0
                83.3529039691096,27.804438697449,0
                83.3531318042308,27.8049564666374,0
                83.353361264866,27.8053591219662,0
                83.3539273617194,27.8061672449158,0
                83.3541561351243,27.806626268609,0
                83.3544853877175,27.8074874452935,0
                83.3545206867352,27.8079455928832,0
                83.3544090711872,27.8082112545855,0
                83.353948433819,27.8088318159784,0
                83.3536823964325,27.8093427030295,0
                83.3535069782019,27.8095674926643,0
                83.3532233235447,27.8098504620091,0
                83.3527446300076,27.8102430443336,0
                83.3523302408364,27.8106359409432,0
                83.3521135159741,27.8107658005111,0
                83.3515255217534,27.8112909310821,0
                83.3505518945314,27.8117533736561,0
                83.350156060159,27.81233819128,0
                83.350019383215,27.8128112708039,0
                83.3499535762306,27.8128876373535,0
                83.3495945444022,27.8138516073903,0
                83.3489814873556,27.814586469191,0
                83.3485670964166,27.8149793647155,0
                83.348456984518,27.8151502847588,0
                83.3485818369587,27.8153810162062,0
                83.3486435758467,27.815552752343,0
                83.34874968415,27.8156299958117,0
                83.3491563175943,27.8156928087917,0
                83.3498432872961,27.8157028186297,0
                83.3502704153618,27.8158221265096,0
                83.3504822587077,27.815996863857,0
                83.3508248367849,27.8160413648526,0
                83.3513423324603,27.8159151966638,0
                83.351687850632,27.8157859649053,0
                83.3520132486082,27.8155821762165,0
                83.3526450516847,27.8150007990792,0
                83.3531439286364,27.8146849613859,0
                83.3534898843874,27.8145377302879,0
                83.3540915542495,27.8144886183714,0
                83.355384075294,27.8142216627583,0
                83.3561616645042,27.8139275137904,0
                83.3569382526772,27.8136919847234,0
                83.3577409672856,27.8131700426913,0
                83.3580856107887,27.8130791197572,0
                83.3583450145306,27.812969758021,0
                83.3587742078959,27.8129740148307,0
                83.3592016471247,27.8130955725596,0
                83.3595447268742,27.8131197633542,0
                83.3597177056386,27.8130460856542,0
                83.3598716255287,27.8128189197311,0
                83.3600013602823,27.8127631138238,0
                83.3606648939161,27.8128677406716,0
                83.3609224224816,27.8128711815527,0
                83.3610944617798,27.812856184558,0
                83.3613534925155,27.812764884398,0
                83.3617829350263,27.8127691402195,0
                83.3625526407843,27.8129531360391,0
                83.3628111693306,27.8128798962089,0
                83.3629845855266,27.8127882195943,0
                83.3632431139846,27.8127329793622,0
                83.3640067034315,27.8125560064137,0
                83.3644202765586,27.8123277836593,0
                83.3662573596439,27.8115127601731,0
                83.3671716858416,27.8109303279226,0
                83.367488021109,27.8107964064963,0
                83.3680620710879,27.8106952371703,0
                83.3691113130734,27.8103594083846,0
                83.3702457913896,27.8100938249407,0
                83.3718713271262,27.8098711202143,0
                83.3722387169118,27.8098570643332,0
                83.372879002908,27.8099839998233,0
                83.3728948127461,27.8099863115116,0
                83.3746126439657,27.8101452625272,0
                83.374934785485,27.8102234478975,0
                83.3751047617335,27.8103437513663,0
                83.3754750781182,27.8108034658263,0
                83.3757835141573,27.8118968084062,0
                83.3759634881782,27.8120894195073,0
                83.3762132638919,27.8122349088225,0
                83.376630383741,27.812782803268,0
                83.3768101576784,27.8136251682375,0
                83.3767921370602,27.814782437777,0
                83.3768369901676,27.8156444230839,0
                83.3769401462494,27.8164729735533,0
                83.3771563569608,27.8170424886385,0
                83.3777793225415,27.817726685582,0
                83.3782315686743,27.818060350804,0
                83.3784297895745,27.8181808423837,0
                83.3791384988196,27.818608189703,0
                83.3794734448907,27.8191082746171,0
                83.3798029569401,27.8194662476767,0
                83.3803650584846,27.8199583367733,0
                83.3821860667851,27.8199191174334,0
                83.382670497913,27.8200701734679,0
                83.3837564066371,27.8205533343067,0
                83.3838180859258,27.8205197763971,0
                83.3845438088465,27.8201371957552,0
                83.3847420349169,27.8199824627928,0
                83.3851994815748,27.8196257531186,0
                83.3868014735176,27.8185928088619,0
                83.3873104833143,27.8178708195695,0
                83.3884835392169,27.8165020231719,0
                83.3888575619133,27.8159802632531,0
                83.3892949570173,27.8151857794256,0
                83.3912356297381,27.8122072033124,0
                83.3917340084082,27.8117423777999,0
                83.3922155128986,27.8114557247319,0
                83.3926983899676,27.8112524994334,0
                83.393570901696,27.8110307199653,0
                83.3948406790093,27.8105579709244,0
                83.3953106948684,27.8097636745773,0
                83.3964872221977,27.8066417254107,0
                83.39668151548,27.8063131955957,0
                83.3970958439908,27.8058412448444,0
                83.3977654513699,27.8053071777357,0
                83.3986662800311,27.8047086819453,0
                83.3991459763957,27.8042189221738,0
                83.399606420896,27.8038870222952,0
                83.4003284563417,27.8035517516076,0
                83.4009475071434,27.8030468061758,0
                83.4017727210156,27.8024728081873,0
                83.403301713805,27.8019560036786,0
                83.4047564685646,27.8013192082224,0
                83.4053285930999,27.8006629013077,0
                83.4056251200628,27.8004453626243,0
                83.405962076078,27.8003633124719,0
                83.4063973972267,27.8000831567138,0
                83.4067659824734,27.7996132047044,0
                83.4069775202854,27.7994336617573,0
                83.4075814466061,27.7991225746122,0
                83.4079591471381,27.7990069023801,0
              </coordinates>
            </LinearRing>
          </outerBoundaryIs>
        </Polygon>
      </Placemark>
      <Placemark id="LU_PALPA_Tinau.4">
        <ExtendedData>
          <SchemaData schemaUrl="#LU_PALPA_Tinau.schema">
            <SimpleData name="ogc_fid">5715</SimpleData>
            <SimpleData name="objectid_1">5716</SimpleData>
            <SimpleData name="dcode">47</SimpleData>
            <SimpleData name="district">PALPA</SimpleData>
            <SimpleData name="das">0</SimpleData>
            <SimpleData name="gapa_napa">Tinau</SimpleData>
            <SimpleData name="type_gn">Gaunpalika</SimpleData>
            <SimpleData name="gn_code">10.000000000000000</SimpleData>
            <SimpleData name="new_ward_n">4</SimpleData>
            <SimpleData name="ddgnww">471004.000000000000000</SimpleData>
            <SimpleData name="center">Dobhan</SimpleData>
            <SimpleData name="state_code">5</SimpleData>
            <SimpleData name="ddgn">47010</SimpleData>
            <SimpleData name="area_sqkm">23.884614612800000</SimpleData>
            <SimpleData name="shape_leng">25848.759694799999124</SimpleData>
            <SimpleData name="shape_area">23884614.612799998372793</SimpleData>
            <SimpleData name="Province">LU</SimpleData>
            <SimpleData name="Address">Tinau-4, PALPA, LU</SimpleData>
          </SchemaData>
        </ExtendedData>
        <Polygon>
          <outerBoundaryIs>
            <LinearRing>
              <coordinates>
                83.5952647063329,27.7652214589254,0
                83.5952310911561,27.76487836299,0
                83.5951361123765,27.7644178422319,0
                83.5949320844558,27.7640314351225,0
                83.5947943007222,27.7635685378909,0
                83.5947424422543,27.7631103289698,0
                83.5947861399296,27.7622689044012,0
                83.5947494610991,27.762038676396,0
                83.5946095498003,27.7616547074097,0
                83.5945167598275,27.7611174417029,0
                83.5945483258912,27.7607362279433,0
                83.5946635673317,27.7604342574145,0
                83.5947528069315,27.760301395485,0
                83.5948014926134,27.7600917270592,0
                83.594873925427,27.7597873187086,0
                83.5948850727819,27.7585667408638,0
                83.5949737667793,27.7576510124354,0
                83.5950718241942,27.757195554419,0
                83.5951820790279,27.7562798274158,0
                83.5953634990031,27.7559013025427,0
                83.5954338074681,27.7556736364952,0
                83.5958595124119,27.75499576567,0
                83.5960409948217,27.7546172399862,0
                83.5961153057345,27.7542384642718,0
                83.596467280316,27.7531000711871,0
                83.5965909024039,27.7524912531438,0
                83.5966827686806,27.7522636509955,0
                83.5968381885104,27.7520565471649,0
                83.5970434203891,27.7516036540564,0
                83.5971689163541,27.7509181548708,0
                83.5971126806095,27.7506111192482,0
                83.5970117621647,27.7503784517114,0
                83.5970176402239,27.7501550966746,0
                83.5972463071538,27.7496210224905,0
                83.5976972635459,27.7487897926422,0
                83.5978165689075,27.7483343991635,0
                83.5978715088247,27.7478765026595,0
                83.5977768410928,27.7474159799099,0
                83.5976949802863,27.7472623049495,0
                83.597097202899,27.7463693772969,0
                83.5969717856535,27.7462516978959,0
                83.5965777223518,27.7457474245557,0
                83.5958875149467,27.7451023477054,0
                83.5958059647898,27.7449464848929,0
                83.5952191788337,27.7444370850597,0
                83.5951785615712,27.7443602784192,0
                83.5948652965998,27.7440479894601,0
                83.5940444804156,27.7434770282333,0
                83.5935344259421,27.7433108486008,0
                83.5933644492597,27.7432516640558,0
                83.5930438066051,27.7432236610487,0
                83.5924650708457,27.7432129035942,0
                83.5921406115149,27.7433202636451,0
                83.5918140885722,27.7435043046142,0
                83.5914856902666,27.7437627762336,0
                83.5911591060756,27.7439468172502,0
                83.5908310822553,27.7441895400199,0
                83.5903918828504,27.7445808103683,0
                83.5902100241619,27.7449773957965,0
                83.590160964908,27.7452051242709,0
                83.589893242692,27.7456013970514,0
                83.5893456819529,27.7460284763031,0
                83.589105898826,27.7461766453371,0
                83.588840302823,27.7464939873802,0
                83.5885495837573,27.7469466304476,0
                83.5880642002179,27.7474505770967,0
                83.5876040683309,27.7478237243975,0
                83.5872146789504,27.7479489576438,0
                83.5870189544067,27.7480588808078,0
                83.5867103011229,27.7483760972487,0
                83.5860102596924,27.7488974770841,0
                83.5856211834599,27.7490226471537,0
                83.585302729376,27.7488998411564,0
                83.5848596051337,27.7486412949217,0
                83.584350302993,27.7484389933882,0
                83.5839670424421,27.7483363712714,0
                83.5836500895771,27.7481751310127,0
                83.5828208928826,27.7479086434079,0
                83.5824369458336,27.7478443308596,0
                83.5819901311655,27.7477188969726,0
                83.5816084368614,27.7475575303983,0
                83.5812922319987,27.7473602941603,0
                83.5812013711115,27.7473194217526,0
                83.5806564478926,27.7470786215993,0
                83.580213699176,27.7468020769957,0
                83.5800882819545,27.7466842741333,0
                83.5800474128264,27.7466074678015,0
                83.5799216201326,27.7465077873317,0
                83.5796127941817,27.7460240761271,0
                83.5791119967529,27.7455171134605,0
                83.5788805931751,27.7453584997418,0
                83.5785472703859,27.7449874661241,0
                83.5777945724458,27.7442834551435,0
                83.5772875192071,27.744004409014,0
                83.5770323674853,27.7439224127493,0
                83.576717602544,27.7436687435836,0
                83.5765709984819,27.743551002666,0
                83.5765121997474,27.7433387082118,0
                83.5766684323411,27.743113606858,0
                83.576977085822,27.7427941402435,0
                83.577195871562,27.7426278458854,0
                83.5773539194289,27.742326000187,0
                83.5773939895121,27.7416379998872,0
                83.5771725927953,27.7411002963836,0
                83.576865643613,27.7405579032735,0
                83.5766156194938,27.7402841114867,0
                83.5764310881423,27.7399744474676,0
                83.5761405089119,27.7396238501385,0
                83.5759384823298,27.7391629512276,0
                83.5758131265857,27.739045272808,0
                83.5753574483917,27.7384414447308,0
                83.5751535458272,27.7380550390009,0
                83.5751638633274,27.7376737618256,0
                83.5744681684817,27.7364352376383,0
                83.5743714384737,27.7360513334549,0
                83.5743561326715,27.735821167133,0
                83.5742746480239,27.7356674921762,0
                83.5739845669851,27.7352988330567,0
                83.5738620894125,27.7350661020908,0
                83.5733569759162,27.7347103146922,0
                83.5730653331866,27.7344002742585,0
                83.5729834097586,27.7342646613217,0
                83.5730094711544,27.7340932388862,0
                83.5729707300824,27.7339397528048,0
                83.5728264403981,27.7337249581682,0
                83.5724284384265,27.7333717325755,0
                83.5721337929496,27.7331745583271,0
                83.5717792873662,27.7328034607842,0
                83.5715471948524,27.7326650952786,0
                83.5712964201562,27.7324319249944,0
                83.5711116386727,27.7321223251838,0
                83.5710728960251,27.7319664632087,0
                83.5709099866559,27.7316590517565,0
                83.5706592751179,27.7314034465288,0
                83.5705766649147,27.7312880799867,0
                83.5704315610378,27.7311138434184,0
                83.569549318292,27.730443266271,0
                83.5691688085593,27.730243589473,0
                83.568340049347,27.7299769756132,0
                83.5680864006424,27.7298386092865,0
                83.5677683813869,27.7297157410876,0
                83.567452178016,27.7295184426492,0
                83.567134223402,27.7293775758394,0
                83.5651766341819,27.7280538515131,0
                83.5646024019601,27.7278895445151,0
                83.5644971681546,27.7278103000632,0
                83.5644126798981,27.7277716785254,0
                83.5642423297671,27.7277282416831,0
                83.5636059183628,27.7274848160284,0
                83.5633496415289,27.7274591893011,0
                83.5630948005283,27.7273771937882,0
                83.5619388312156,27.7273329294374,0
                83.5614865159594,27.7274172276083,0
                83.5610364495171,27.7274270944475,0
                83.5605845098927,27.7274933321231,0
                83.5603896597328,27.727564885029,0
                83.5599373437408,27.7276513693468,0
                83.5591580669257,27.7279400199555,0
                83.5583182385875,27.7280930550195,0
                83.5579960933285,27.7281236098303,0
                83.557803807327,27.728100422586,0
                83.5575500918543,27.7279799908765,0
                83.5567269616335,27.7275216451814,0
                83.5564747486661,27.7273448435075,0
                83.5561571070394,27.7272039147003,0
                83.5555173190702,27.7270936028177,0
                83.5549460260454,27.7268323041617,0
                83.5539900958725,27.7265246308149,0
                83.5532908207873,27.7262403326716,0
                83.5527147121861,27.7261504561542,0
                83.5523293254857,27.726142452243,0
                83.5516832841702,27.7262621801244,0
                83.5514031966608,27.7263131725981,0
                83.5512507150098,27.7264052244391,0
                83.5509873704845,27.7266276991139,0
                83.5507607663688,27.7270804676162,0
                83.550661082122,27.7275945457087,0
                83.5505245964517,27.7278783922958,0
                83.5504754731468,27.7281061208766,0
                83.5504081045588,27.7282209850266,0
                83.5499207680808,27.7295844155293,0
                83.5493910774223,27.7301467316347,0
                83.5485143061536,27.7308523417415,0
                83.5479935594864,27.7310897511948,0
                83.5477350305559,27.7311408047021,0
                83.5474780017509,27.7311355512522,0
                83.5472842144275,27.7311686702804,0
                83.5467065421266,27.7311374773024,0
                83.5464477009557,27.7311907799744,0
                83.5461906738411,27.7311831524111,0
                83.5456747412065,27.7312491384828,0
                83.5452886041584,27.7312613821367,0
                83.5450941299056,27.7313126862912,0
                83.5445075147176,27.7316062747973,0
                83.5438599729209,27.7317643758786,0
                83.542893224682,27.7318581647452,0
                83.5426361339275,27.7318528497402,0
                83.5424420340723,27.7318882803087,0
                83.5419930338659,27.7318597149654,0
                83.5418632378779,27.7318953972554,0
                83.5416671989597,27.7320053834802,0
                83.5414249768916,27.7322481702027,0
                83.5413970998644,27.7324782110252,0
                83.5411701844329,27.7329309168371,0
                83.5408629074295,27.7331938883113,0
                83.5401936823148,27.7333699245085,0
                83.5395405151778,27.7335820831251,0
                83.5394798975284,27.7336022053037,0
                83.5390272060649,27.7336886899807,0
                83.5386358802659,27.7338904172783,0
                83.5380465752523,27.7342810599357,0
                83.5372657982746,27.7346078300788,0
                83.5368123565341,27.734732687518,0
                83.5366166941668,27.7348222391191,0
                83.5364879593123,27.7348398593789,0
                83.5359668373389,27.7350772687099,0
                83.5358116672953,27.7352640620586,0
                83.5357844783502,27.7354737925803,0
                83.5359808161486,27.7361106759552,0
                83.5359959966691,27.7363408417999,0
                83.536118038929,27.7365713858139,0
                83.5363559932669,27.7372671380473,0
                83.5362462562964,27.737359254832,0
                83.5357484437741,27.7375403541918,0
                83.5355717144755,27.7377270224827,0
                83.5353678596047,27.7381256718876,0
                83.5352354368255,27.7382560942145,0
                83.5349534094721,27.7383837664404,0
                83.5346320140603,27.7383758882585,0
                83.5341065301554,27.7380018513493,0
                83.533851315027,27.7379401012439,0
                83.5335292334975,27.7379502840825,0
                83.5330757293778,27.7380750783051,0
                83.5324251228753,27.7383481686854,0
                83.5313800637835,27.738937974827,0
                83.5309842341664,27.7392931859169,0
                83.530701519647,27.7394388551739,0
                83.5305697838557,27.7395512184278,0
                83.5302825051246,27.7398706224611,0
                83.5298471048214,27.7408754011275,0
                83.5296033818238,27.7411565583013,0
                83.5291238154398,27.7414527744889,0
                83.5288854076042,27.7415422000901,0
                83.5284987717194,27.7415725040138,0
                83.5283712906819,27.7415314433823,0
                83.5281785659499,27.7415285029416,0
                83.5276693876902,27.741344013022,0
                83.5273490548666,27.7413000745821,0
                83.5269629821679,27.7413100053419,0
                83.5266385232542,27.7414172401731,0
                83.5261820797878,27.7416367746042,0
                83.5254030544753,27.7419071137177,0
                83.5251199010155,27.7420730955505,0
                83.5248818692678,27.7421444586592,0
                83.5246210887628,27.7422744441373,0
                83.5239726083671,27.7424707292734,0
                83.5234521121073,27.7426878266839,0
                83.5229044271092,27.7431168408555,0
                83.5226584520029,27.7434747427095,0
                83.5225267173285,27.7435871053441,0
                83.5221936929439,27.7440010639269,0
                83.521988149337,27.7444538934506,0
                83.5218103542211,27.7446811209036,0
                83.5216491823735,27.7450777072542,0
                83.5215935551715,27.745537727362,0
                83.5214785650716,27.745821637894,0
                83.5212317768852,27.7462177848698,0
                83.5210721049923,27.7465580031114,0
                83.5208525057255,27.7467444819024,0
                83.520697334386,27.7469334632598,0
                83.5205376620685,27.7472736176497,0
                83.5203609316725,27.7474602839176,0
                83.5199026129157,27.7477565013574,0
                83.5196643931604,27.7478481766684,0
                83.5196000268621,27.747845675275,0
                83.5194694807551,27.7479196673534,0
                83.5189519856268,27.7480239009033,0
                83.5186267750455,27.7481513836601,0
                83.5177257071268,27.7481888654688,0
                83.5175296702466,27.7482987283158,0
                83.5172215810097,27.7485796979672,0
                83.5170694116216,27.7486513777364,0
                83.5168070672899,27.7488377313819,0
                83.5165431605007,27.7490804551249,0
                83.5164568600145,27.7490982012308,0
                83.5163251243524,27.7492105649643,0
                83.5158046279397,27.749427600465,0
                83.5154131755572,27.7496292007127,0
                83.5150884051205,27.7497386847594,0
                83.514567470851,27.749976030612,0
                83.514503103441,27.7499735304429,0
                83.5139498003607,27.7501520685074,0
                83.5137243894307,27.7502257451416,0
                83.5131439672137,27.750289169102,0
                83.5126912765575,27.7503755286737,0
                83.5122403355417,27.7504032697164,0
                83.5117867686069,27.7505280002261,0
                83.5116561591885,27.7505997428424,0
                83.511334390022,27.7506121742426,0
                83.5110103062499,27.7507012857277,0
                83.510623731546,27.7507314655168,0
                83.5104314474085,27.7507082140499,0
                83.5096654905996,27.7505002211782,0
                83.508745931905,27.7501517385008,0
                83.5086474460184,27.7501153021647,0
                83.5084584736848,27.7499769991461,0
                83.5081203982134,27.7497975740272,0
                83.5076797124588,27.7494620963365,0
                83.5075108616957,27.7493622280104,0
                83.5074056274425,27.7493031705124,0
                83.5072340886311,27.7492980416842,0
                83.5070429280093,27.7492364197615,0
                83.5065946755292,27.7491694188556,0
                83.5060158166152,27.7491763468202,0
                83.5058855828209,27.7492322775114,0
                83.5057966553981,27.7493448291562,0
                83.5058159620281,27.7494215708905,0
                83.505853454413,27.74961349231,0
                83.505935940547,27.7497288583742,0
                83.5062073998892,27.7499847778872,0
                83.5063223811317,27.7501521377885,0
                83.5064338629914,27.750314999789,0
                83.5065591559012,27.7504327419364,0
                83.5073625899303,27.7515975863524,0
                83.5076049837951,27.7521196053717,0
                83.507634970924,27.7525800012139,0
                83.5078727382782,27.7532735047529,0
                83.5079749702353,27.7534475539858,0
                83.5079932179371,27.7535626685968,0
                83.5083434733286,27.7540670041199,0
                83.5086186829027,27.7541876219095,0
                83.5091301749327,27.7542954939044,0
                83.5095546163087,27.7544571751348,0
                83.5099813071054,27.7545241118791,0
                83.5102345838369,27.7546649779769,0
                83.5104894227263,27.7547470382634,0
                83.5107461387758,27.7547705393169,0
                83.5113405552512,27.7549756551375,0
                83.5118527976431,27.7550632176143,0
                83.5122533631529,27.7553015151607,0
                83.512778223155,27.7556959251649,0
                83.5130481817654,27.7560060252504,0
                83.5135495430704,27.7564770530096,0
                83.5139494226277,27.7567356616532,0
                83.5148524751774,27.7574044264337,0
                83.5151061902134,27.7575248567165,0
                83.5154851952818,27.7577811532176,0
                83.515908136856,27.7579834538211,0
                83.5164545541151,27.7583779254227,0
                83.516726075721,27.7586315323211,0
                83.5171460153188,27.7589466356373,0
                83.5172494345276,27.7590823738198,0
                83.5175133904655,27.7596045193616,0
                83.5176784251976,27.7598374380263,0
                83.5181779745465,27.7603648981731,0
                83.5193323031379,27.7612510858235,0
                83.5196708160214,27.7614124519409,0
                83.5198392296718,27.7615303806335,0
                83.5200275144065,27.761688931842,0
                83.5201331224643,27.7617479901246,0
                83.5204065210886,27.7619452257732,0
                83.5208064611863,27.7622015226315,0
                83.5212672677967,27.7625957435896,0
                83.5213706876806,27.7627314209403,0
                83.5214643538933,27.7632123163413,0
                83.521668883461,27.7635604743505,0
                83.5218570423607,27.7637371498085,0
                83.5220256422469,27.7638347057704,0
                83.5225568807549,27.764001261405,0
                83.5227257309798,27.7640988805567,0
                83.5231506097547,27.7642424993891,0
                83.5232767151996,27.7643398675664,0
                83.5233611416852,27.7643808026179,0
                83.523658348681,27.7645014195856,0
                83.5239139382052,27.7645654805466,0
                83.5244303708657,27.7644995575301,0
                83.5249441129858,27.7645306884327,0
                83.525288694254,27.7644799469585,0
                83.5258891767015,27.7644730204315,0
                83.5264067336846,27.7643687241206,0
                83.5267539413908,27.7642232440361,0
                83.5272714356829,27.7641212600104,0
                83.5275315276585,27.7640296468128,0
                83.527962033648,27.7639634096936,0
                83.5286484421426,27.7639589845713,0
                83.529671927077,27.764172292401,0
                83.5302652170768,27.764433715799,0
                83.5304962451257,27.7646105775941,0
                83.5309824242361,27.7648694375475,0
                83.5315094736404,27.7652051034261,0
                83.5326626119657,27.766167908869,0
                83.5330863659812,27.7663475872232,0
                83.5336834694879,27.766475958372,0
                83.5340268631661,27.7664635284209,0
                83.5342828909042,27.7665072786409,0
                83.5348829959364,27.7665205977818,0
                83.535229016083,27.7664134260923,0
                83.535600782545,27.7661529547869,0
                83.5358835602175,27.7660072858652,0
                83.5362299545977,27.7658978621146,0
                83.5365718454336,27.7659441757405,0
                83.5371655730154,27.7661875378329,0
                83.5373129272969,27.7662850943984,0
                83.5374780873518,27.766518013558,0
                83.5377216712074,27.7670219725829,0
                83.5379083905928,27.767254952476,0
                83.5380500539989,27.7675623028291,0
                83.5381539122693,27.7676799810221,0
                83.5385965976193,27.7679567132179,0
                83.538888553244,27.7682690025938,0
                83.5389997137393,27.7689033841657,0
                83.539080699538,27.7690773686208,0
                83.5391205664768,27.769192547651,0
                83.5391596212243,27.7693280983095,0
                83.5392224868939,27.7693869689354,0
                83.5393448396193,27.76961751223,0
                83.539539872318,27.7698302461371,0
                83.5396156120904,27.7699116780989,0
                83.5397414057705,27.7700091079415,0
                83.5403563804804,27.7702706561602,0
                83.5405245423185,27.7703885228885,0
                83.5408790505245,27.7707596824389,0
                83.5410427103344,27.7710512840965,0
                83.5411472569038,27.771148651151,0
                83.541256994989,27.7710542858238,0
                83.541546589548,27.7706603888207,0
                83.5415927101084,27.7705454631495,0
                83.5416266521447,27.7700875047954,0
                83.5415456044839,27.7699135811736,0
                83.5415489174215,27.7697985297829,0
                83.5416858437505,27.7694966842138,0
                83.5419277532226,27.7692718338689,0
                83.5423616344606,27.7690905441703,0
                83.5424948714473,27.7689194979869,0
                83.5426091098926,27.7686739596028,0
                83.542719284698,27.7685615972656,0
                83.5434109469439,27.7683652495169,0
                83.5435222468797,27.7682144536737,0
                83.5436536072454,27.7681224013121,0
                83.5439776910101,27.7680332263992,0
                83.5445558613586,27.7680644194872,0
                83.544939059301,27.7681694790033,0
                83.5453624348146,27.7683694045938,0
                83.5455767192599,27.7683746575829,0
                83.5456634577717,27.7683365999408,0
                83.545995421983,27.7679608892917,0
                83.5460854749997,27.7678100287888,0
                83.5462167721277,27.7677179141923,0
                83.546541229609,27.7676107426418,0
                83.5468638136864,27.7675779988463,0
                83.5473828725601,27.7674171463762,0
                83.5476652752854,27.7672895377276,0
                83.5477969466186,27.7671771134407,0
                83.5481671514784,27.7669752605625,0
                83.5484257427873,27.7669242074402,0
                83.5489381092454,27.7670116443737,0
                83.5492595671704,27.7670172123636,0
                83.5497365058456,27.7668359854954,0
                83.5501863833837,27.7668464927152,0
                83.5503351744757,27.7669056144093,0
                83.5504594061906,27.7670617267692,0
                83.5505996304875,27.7674276326059,0
                83.5508553446127,27.7674916930695,0
                83.5511123732563,27.7674970727104,0
                83.551630992484,27.7673542812709,0
                83.5522542228295,27.7673111698244,0
                83.5523624597321,27.7672754247409,0
                83.5526471748811,27.7670507607045,0
                83.5527163565204,27.7668795278699,0
                83.5527100569872,27.7663244536915,0
                83.5528206074462,27.7661940293649,0
                83.5530821378669,27.7660459207291,0
                83.553389038628,27.7658053853951,0
                83.5535624541181,27.7657315811223,0
                83.5537119953122,27.7657546439414,0
                83.5538422292739,27.7656986520517,0
                83.5540993211379,27.7657039667465,0
                83.5548657762784,27.7659117740885,0
                83.5553159045919,27.765922216663,0
                83.555489319246,27.7658483503987,0
                83.5555343774329,27.7657740460811,0
                83.5557534133113,27.7656055025689,0
                83.5560988077953,27.7655163909964,0
                83.556308963127,27.7656750049554,0
                83.5566683486878,27.7658746798958,0
                83.556919122896,27.7661078488826,0
                83.5570221691827,27.7662639001755,0
                83.5571475878045,27.7663816405828,0
                83.5573380599608,27.7664815088902,0
                83.5575962769635,27.7664484544751,0
                83.5579441698468,27.7662646021575,0
                83.5581376456788,27.766249418193,0
                83.5587086878415,27.7665490242881,0
                83.5590948877141,27.7665367192079,0
                83.5593344811186,27.7664089229726,0
                83.5594446573748,27.7662964333957,0
                83.559513525572,27.7661252014635,0
                83.5595182783396,27.7659537165088,0
                83.559565214041,27.7658004805114,0
                83.559721447572,27.7655752533819,0
                83.5599171720296,27.7654834517009,0
                83.5603974887148,27.765169113407,0
                83.5609149855509,27.7650646928907,0
                83.5620843834034,27.7654339278041,0
                83.5626245641141,27.7652912606356,0
                83.5630379521429,27.7650714744381,0
                83.5631915568321,27.7649410513926,0
                83.563475023797,27.7647750075954,0
                83.5638032346546,27.7645323483968,0
                83.5640044631649,27.7642306899775,0
                83.5643304217572,27.7640647729503,0
                83.5645863255601,27.7641287093739,0
                83.5649040928032,27.7642696393122,0
                83.5657907147721,27.7647845427676,0
                83.5659845630174,27.7647512993433,0
                83.5662245335112,27.7646031918173,0
                83.5666203631642,27.7642479170602,0
                83.5667311631109,27.7641174298533,0
                83.5669339563053,27.7637570908697,0
                83.5671538055482,27.7635524251574,0
                83.5673491572701,27.763460562946,0
                83.567960394375,27.7630721691838,0
                83.5682859174898,27.7629242494727,0
                83.5686110626479,27.7627988916389,0
                83.5692587929806,27.7626407277596,0
                83.5694548299721,27.7625285534255,0
                83.5695843151065,27.7624928085643,0
                83.5701069992253,27.7621989062583,0
                83.5705608798178,27.7620739872875,0
                83.5709083354641,27.7619103197727,0
                83.5714585860055,27.7613863758703,0
                83.5715924456275,27.7611972695371,0
                83.5717245556047,27.7610667828492,0
                83.5717904228343,27.7610106015946,0
                83.5722718027461,27.7606555787277,0
                83.5735086489831,27.7601292072444,0
                83.5736831901133,27.7600169713324,0
                83.5737939899992,27.7598863591546,0
                83.5739908422298,27.7597358758381,0
                83.5744446591765,27.7596131440099,0
                83.5748323571493,27.7595444068643,0
                83.5750923873997,27.7594527305907,0
                83.5751560652322,27.7594732302816,0
                83.5754785239567,27.7594426120589,0
                83.5757378030884,27.7593712471291,0
                83.5758036695116,27.7593150043578,0
                83.5761924956606,27.7592101440923,0
                83.5763211664857,27.7592128342929,0
                83.576839724766,27.7590699798288,0
                83.5771005045837,27.7589421829011,0
                83.577359095169,27.7588888173227,0
                83.577944583657,27.7586537219667,0
                83.5783594103254,27.758375253992,0
                83.5786849314023,27.7582295837209,0
                83.5790780703672,27.7579713009802,0
                83.5793820342276,27.7578233198533,0
                83.5795137687712,27.7577131429018,0
                83.5797719222524,27.7576800881271,0
                83.5799233395163,27.7576264082378,0
                83.580055012921,27.757513983394,0
                83.5802652307693,27.7576725957667,0
                83.5803712783497,27.7577135311229,0
                83.5804962601717,27.7578492718727,0
                83.5807492844251,27.7580079483824,0
                83.5812013474239,27.7581785643431,0
                83.5813435128656,27.7582308749271,0
                83.581939493237,27.7583973701855,0
                83.5823625576314,27.7586152317145,0
                83.5829311623212,27.7589915177799,0
                83.5833303518951,27.7593063085954,0
                83.5838367163307,27.7596034145163,0
                83.5844444381845,27.7601331258391,0
                83.5846319698672,27.7603277988263,0
                83.5847138319226,27.7604814739474,0
                83.5850275356393,27.7607757026759,0
                83.5851749503284,27.7608753837659,0
                83.5853587320607,27.7612234159959,0
                83.5859854478692,27.7618276846497,0
                83.5864015087238,27.7623140212779,0
                83.5865488615632,27.7624137657009,0
                83.587239131399,27.7630588430346,0
                83.5879558395836,27.7635144365269,0
                83.5882951663153,27.7636553681657,0
                83.5888923355866,27.763783488902,0
                83.5899211344105,27.7637865060452,0
                83.5904341896482,27.7638557580237,0
                83.5910339840785,27.7638688270409,0
                83.591804129155,27.7639432707212,0
                83.591974543173,27.7639843944506,0
                83.5924880378544,27.764015273782,0
                83.5929992793774,27.7641408330469,0
                83.5934245317762,27.7642842016948,0
                83.5935953204294,27.7643072658586,0
                83.5942082321059,27.7646452443898,0
                83.5944393231768,27.7648219191539,0
                83.5947795249085,27.7649244783955,0
                83.5950756071286,27.7650832802728,0
                83.5952647063329,27.7652214589254,0
              </coordinates>
            </LinearRing>
          </outerBoundaryIs>
        </Polygon>
      </Placemark>
      <Placemark id="LU_PALPA_Tinau.5">
        <ExtendedData>
          <SchemaData schemaUrl="#LU_PALPA_Tinau.schema">
            <SimpleData name="ogc_fid">5716</SimpleData>
            <SimpleData name="objectid_1">5717</SimpleData>
            <SimpleData name="dcode">47</SimpleData>
            <SimpleData name="district">PALPA</SimpleData>
            <SimpleData name="das">0</SimpleData>
            <SimpleData name="gapa_napa">Tinau</SimpleData>
            <SimpleData name="type_gn">Gaunpalika</SimpleData>
            <SimpleData name="gn_code">10.000000000000000</SimpleData>
            <SimpleData name="new_ward_n">5</SimpleData>
            <SimpleData name="ddgnww">471004.999999999941792</SimpleData>
            <SimpleData name="center">Dobhan</SimpleData>
            <SimpleData name="state_code">5</SimpleData>
            <SimpleData name="ddgn">47010</SimpleData>
            <SimpleData name="area_sqkm">27.568756649200001</SimpleData>
            <SimpleData name="shape_leng">28846.884225800000422</SimpleData>
            <SimpleData name="shape_area">27568756.649199999868870</SimpleData>
            <SimpleData name="Province">LU</SimpleData>
            <SimpleData name="Address">Tinau-5, PALPA, LU</SimpleData>
          </SchemaData>
        </ExtendedData>
        <Polygon>
          <outerBoundaryIs>
            <LinearRing>
              <coordinates>
                83.5771336668793,27.8047950408348,0
                83.5769888809613,27.8045238131383,0
                83.576970385015,27.8043702633312,0
                83.577082436722,27.8041247863292,0
                83.5769598980806,27.8038175637392,0
                83.5770117753778,27.8033597302724,0
                83.5774069187934,27.8028690935891,0
                83.5775380925618,27.8027386068332,0
                83.5781035857939,27.8023274664653,0
                83.5787075086354,27.8021284922699,0
                83.5787946856122,27.8020723749712,0
                83.579397170345,27.8019478332408,0
                83.5796146446418,27.8017995991765,0
                83.5797478829786,27.8015540615872,0
                83.5799341212241,27.8007920693353,0
                83.5800900453481,27.8004902875841,0
                83.5806582907636,27.799925597367,0
                83.5811141738051,27.7996472540047,0
                83.5812007259198,27.7995775112566,0
                83.5814625083084,27.799366285619,0
                83.5819247720293,27.7987449109793,0
                83.5822302988605,27.7984638778163,0
                83.5824738983657,27.798065168688,0
                83.5827703133236,27.7971546304412,0
                83.5828006319465,27.7966967344502,0
                83.5827452727105,27.7962362747678,0
                83.5825427489387,27.7956220160209,0
                83.582516205726,27.7947803409337,0
                83.5822767567225,27.7938591077538,0
                83.5822614513367,27.7935521972933,0
                83.5823068266062,27.79321166705,0
                83.5823612658202,27.7928260149931,0
                83.5824806958583,27.7923705576629,0
                83.5825381988455,27.7918361069013,0
                83.5825433869805,27.7918157969597,0
                83.5826810651256,27.7913040329259,0
                83.5827255132011,27.7904626096413,0
                83.5827183364343,27.789927907356,0
                83.5825715627233,27.7890046760797,0
                83.5824962669523,27.7886208969753,0
                83.5824344653218,27.7885236540708,0
                83.5823566055455,27.7882369305166,0
                83.5821503894017,27.7879249537566,0
                83.5819720480102,27.787387437696,0
                83.5818495696677,27.7871547077242,0
                83.5817973971689,27.7866941863482,0
                83.5815181382513,27.7859240011391,0
                83.5814785357317,27.7850056448821,0
                83.5816041581253,27.7843201465163,0
                83.581550484293,27.783936430342,0
                83.5814686854231,27.7837804436073,0
                83.5814730006832,27.7836270821282,0
                83.5813780852749,27.7831664977239,0
                83.5814015204214,27.7830898796223,0
                83.5816359264284,27.7831537521227,0
                83.5819753156037,27.7832946832375,0
                83.5825784876651,27.7831927013401,0
                83.5831776565223,27.7832418934991,0
                83.5834380606295,27.7831344081656,0
                83.5838682537822,27.7830860442989,0
                83.5841287222409,27.7829763070631,0
                83.5843471325345,27.7828280116573,0
                83.5847787012374,27.7827414019926,0
                83.5864082331895,27.7827552370742,0
                83.5867542519765,27.782648003436,0
                83.5871467676648,27.7824077180543,0
                83.5873241849124,27.7822006775593,0
                83.5876292731192,27.7820166357644,0
                83.5879172404786,27.781679044838,0
                83.588069783954,27.7815847445915,0
                83.5885232881874,27.7814800107797,0
                83.5887866950435,27.7812574724383,0
                83.5893913669596,27.7810968093072,0
                83.5897391987095,27.7809331414072,0
                83.5899967278863,27.7809180833183,0
                83.5908654937937,27.7805168213032,0
                83.5914682909795,27.7804329012214,0
                83.5919876620542,27.7802719853186,0
                83.5923820529589,27.7799550210402,0
                83.5926732111217,27.779502377529,0
                83.5930039857249,27.7791649144892,0
                83.5933748769004,27.7789245672721,0
                83.5936568413679,27.7788148299744,0
                83.5938313840506,27.7787025924669,0
                83.5942263991817,27.7783675677676,0
                83.5944960609293,27.7779148625282,0
                83.5946922384633,27.7769993854713,0
                83.5948952811734,27.7766209224102,0
                83.5950913213354,27.7765109988337,0
                83.5952859209139,27.7764573819677,0
                83.595789611835,27.7760662999618,0
                83.5959907767456,27.7757645171482,0
                83.5960848329163,27.7754602334707,0
                83.5964356042843,27.7751814526846,0
                83.5966535786582,27.7750512796267,0
                83.5968090619393,27.7748441751372,0
                83.5970944025437,27.7746035770819,0
                83.5973633129096,27.7741689331361,0
                83.5974632475064,27.7736367329764,0
                83.5974262571893,27.773406503274,0
                83.5974630903289,27.7720325640532,0
                83.5973099381745,27.7713417500816,0
                83.5970416073458,27.7709528432235,0
                83.5961017506545,27.7700160389462,0
                83.5956644431542,27.7695296368597,0
                83.5955609586884,27.7693917742418,0
                83.5955415897291,27.769315030069,0
                83.595334621679,27.7690256157226,0
                83.5951094086121,27.768636898064,0
                83.5950509221203,27.7684065414818,0
                83.5950399921633,27.7680252649033,0
                83.5949990623502,27.7679483961202,0
                83.5950053158931,27.7677182905008,0
                83.5950521257014,27.7675672437892,0
                83.5950980122002,27.7666513893231,0
                83.5953132489362,27.7658149670316,0
                83.5953041340706,27.7653569467188,0
                83.5952647063329,27.7652214589254,0
                83.5950756071286,27.7650832802728,0
                83.5947795249085,27.7649244783955,0
                83.5944393231768,27.7648219191539,0
                83.5942082321059,27.7646452443898,0
                83.5935953204294,27.7643072658586,0
                83.5934245317762,27.7642842016948,0
                83.5929992793774,27.7641408330469,0
                83.5924880378544,27.764015273782,0
                83.591974543173,27.7639843944506,0
                83.591804129155,27.7639432707212,0
                83.5910339840785,27.7638688270409,0
                83.5904341896482,27.7638557580237,0
                83.5899211344105,27.7637865060452,0
                83.5888923355866,27.763783488902,0
                83.5882951663153,27.7636553681657,0
                83.5879558395836,27.7635144365269,0
                83.587239131399,27.7630588430346,0
                83.5865488615632,27.7624137657009,0
                83.5864015087238,27.7623140212779,0
                83.5859854478692,27.7618276846497,0
                83.5853587320607,27.7612234159959,0
                83.5851749503284,27.7608753837659,0
                83.5850275356393,27.7607757026759,0
                83.5847138319226,27.7604814739474,0
                83.5846319698672,27.7603277988263,0
                83.5844444381845,27.7601331258391,0
                83.5838367163307,27.7596034145163,0
                83.5833303518951,27.7593063085954,0
                83.5829311623212,27.7589915177799,0
                83.5823625576314,27.7586152317145,0
                83.581939493237,27.7583973701855,0
                83.5813435128656,27.7582308749271,0
                83.5812013474239,27.7581785643431,0
                83.5807492844251,27.7580079483824,0
                83.5804962601717,27.7578492718727,0
                83.5803712783497,27.7577135311229,0
                83.5802652307693,27.7576725957667,0
                83.580055012921,27.757513983394,0
                83.5799233395163,27.7576264082378,0
                83.5797719222524,27.7576800881271,0
                83.5795137687712,27.7577131429018,0
                83.5793820342276,27.7578233198533,0
                83.5790780703672,27.7579713009802,0
                83.5786849314023,27.7582295837209,0
                83.5783594103254,27.758375253992,0
                83.577944583657,27.7586537219667,0
                83.577359095169,27.7588888173227,0
                83.5771005045837,27.7589421829011,0
                83.576839724766,27.7590699798288,0
                83.5763211664857,27.7592128342929,0
                83.5761924956606,27.7592101440923,0
                83.5758036695116,27.7593150043578,0
                83.5757378030884,27.7593712471291,0
                83.5754785239567,27.7594426120589,0
                83.5751560652322,27.7594732302816,0
                83.5750923873997,27.7594527305907,0
                83.5748323571493,27.7595444068643,0
                83.5744446591765,27.7596131440099,0
                83.5739908422298,27.7597358758381,0
                83.5737939899992,27.7598863591546,0
                83.5736831901133,27.7600169713324,0
                83.5735086489831,27.7601292072444,0
                83.5722718027461,27.7606555787277,0
                83.5717904228343,27.7610106015946,0
                83.5717245556047,27.7610667828492,0
                83.5715924456275,27.7611972695371,0
                83.5714585860055,27.7613863758703,0
                83.5709083354641,27.7619103197727,0
                83.5705608798178,27.7620739872875,0
                83.5701069992253,27.7621989062583,0
                83.5695843151065,27.7624928085643,0
                83.5694548299721,27.7625285534255,0
                83.5692587929806,27.7626407277596,0
                83.5686110626479,27.7627988916389,0
                83.5682859174898,27.7629242494727,0
                83.567960394375,27.7630721691838,0
                83.5673491572701,27.763460562946,0
                83.5671538055482,27.7635524251574,0
                83.5669339563053,27.7637570908697,0
                83.5667311631109,27.7641174298533,0
                83.5666203631642,27.7642479170602,0
                83.5662245335112,27.7646031918173,0
                83.5659845630174,27.7647512993433,0
                83.5657907147721,27.7647845427676,0
                83.5649040928032,27.7642696393122,0
                83.5645863255601,27.7641287093739,0
                83.5643304217572,27.7640647729503,0
                83.5640044631649,27.7642306899775,0
                83.5638032346546,27.7645323483968,0
                83.563475023797,27.7647750075954,0
                83.5631915568321,27.7649410513926,0
                83.5630379521429,27.7650714744381,0
                83.5626245641141,27.7652912606356,0
                83.5620843834034,27.7654339278041,0
                83.5609149855509,27.7650646928907,0
                83.5603974887148,27.765169113407,0
                83.5599171720296,27.7654834517009,0
                83.559721447572,27.7655752533819,0
                83.559565214041,27.7658004805114,0
                83.5595182783396,27.7659537165088,0
                83.559513525572,27.7661252014635,0
                83.5594446573748,27.7662964333957,0
                83.5593344811186,27.7664089229726,0
                83.5590948877141,27.7665367192079,0
                83.5587086878415,27.7665490242881,0
                83.5581376456788,27.766249418193,0
                83.5579441698468,27.7662646021575,0
                83.5575962769635,27.7664484544751,0
                83.5573380599608,27.7664815088902,0
                83.5571475878045,27.7663816405828,0
                83.5570221691827,27.7662639001755,0
                83.556919122896,27.7661078488826,0
                83.5566683486878,27.7658746798958,0
                83.556308963127,27.7656750049554,0
                83.5560988077953,27.7655163909964,0
                83.5557534133113,27.7656055025689,0
                83.5555343774329,27.7657740460811,0
                83.555489319246,27.7658483503987,0
                83.5553159045919,27.765922216663,0
                83.5548657762784,27.7659117740885,0
                83.5540993211379,27.7657039667465,0
                83.5538422292739,27.7656986520517,0
                83.5537119953122,27.7657546439414,0
                83.5535624541181,27.7657315811223,0
                83.553389038628,27.7658053853951,0
                83.5530821378669,27.7660459207291,0
                83.5528206074462,27.7661940293649,0
                83.5527100569872,27.7663244536915,0
                83.5527163565204,27.7668795278699,0
                83.5526471748811,27.7670507607045,0
                83.5523624597321,27.7672754247409,0
                83.5522542228295,27.7673111698244,0
                83.551630992484,27.7673542812709,0
                83.5511123732563,27.7674970727104,0
                83.5508553446127,27.7674916930695,0
                83.5505996304875,27.7674276326059,0
                83.5504594061906,27.7670617267692,0
                83.5503351744757,27.7669056144093,0
                83.5501863833837,27.7668464927152,0
                83.5497365058456,27.7668359854954,0
                83.5492595671704,27.7670172123636,0
                83.5489381092454,27.7670116443737,0
                83.5484257427873,27.7669242074402,0
                83.5481671514784,27.7669752605625,0
                83.5477969466186,27.7671771134407,0
                83.5476652752854,27.7672895377276,0
                83.5473828725601,27.7674171463762,0
                83.5468638136864,27.7675779988463,0
                83.546541229609,27.7676107426418,0
                83.5462167721277,27.7677179141923,0
                83.5460854749997,27.7678100287888,0
                83.545995421983,27.7679608892917,0
                83.5456634577717,27.7683365999408,0
                83.5455767192599,27.7683746575829,0
                83.5453624348146,27.7683694045938,0
                83.544939059301,27.7681694790033,0
                83.5445558613586,27.7680644194872,0
                83.5439776910101,27.7680332263992,0
                83.5436536072454,27.7681224013121,0
                83.5435222468797,27.7682144536737,0
                83.5434109469439,27.7683652495169,0
                83.542719284698,27.7685615972656,0
                83.5426091098926,27.7686739596028,0
                83.5424948714473,27.7689194979869,0
                83.5423616344606,27.7690905441703,0
                83.5419277532226,27.7692718338689,0
                83.5416858437505,27.7694966842138,0
                83.5415489174215,27.7697985297829,0
                83.5415456044839,27.7699135811736,0
                83.5416266521447,27.7700875047954,0
                83.5415927101084,27.7705454631495,0
                83.541546589548,27.7706603888207,0
                83.541256994989,27.7710542858238,0
                83.5411472569038,27.771148651151,0
                83.5410427103344,27.7710512840965,0
                83.5408790505245,27.7707596824389,0
                83.5405245423185,27.7703885228885,0
                83.5403563804804,27.7702706561602,0
                83.5397414057705,27.7700091079415,0
                83.5396156120904,27.7699116780989,0
                83.539539872318,27.7698302461371,0
                83.5393448396193,27.76961751223,0
                83.5392224868939,27.7693869689354,0
                83.5391596212243,27.7693280983095,0
                83.5391205664768,27.769192547651,0
                83.539080699538,27.7690773686208,0
                83.5389997137393,27.7689033841657,0
                83.538888553244,27.7682690025938,0
                83.5385965976193,27.7679567132179,0
                83.5381539122693,27.7676799810221,0
                83.5380500539989,27.7675623028291,0
                83.5379083905928,27.767254952476,0
                83.5377216712074,27.7670219725829,0
                83.5374780873518,27.766518013558,0
                83.5373129272969,27.7662850943984,0
                83.5371655730154,27.7661875378329,0
                83.5365718454336,27.7659441757405,0
                83.5362299545977,27.7658978621146,0
                83.5358835602175,27.7660072858652,0
                83.535600782545,27.7661529547869,0
                83.535229016083,27.7664134260923,0
                83.5348829959364,27.7665205977818,0
                83.5342828909042,27.7665072786409,0
                83.5340268631661,27.7664635284209,0
                83.5336834694879,27.766475958372,0
                83.5330863659812,27.7663475872232,0
                83.5326626119657,27.766167908869,0
                83.5315094736404,27.7652051034261,0
                83.5309824242361,27.7648694375475,0
                83.5304962451257,27.7646105775941,0
                83.5302652170768,27.764433715799,0
                83.529671927077,27.764172292401,0
                83.5286484421426,27.7639589845713,0
                83.527962033648,27.7639634096936,0
                83.5275315276585,27.7640296468128,0
                83.5272714356829,27.7641212600104,0
                83.5267539413908,27.7642232440361,0
                83.5264067336846,27.7643687241206,0
                83.5258891767015,27.7644730204315,0
                83.525288694254,27.7644799469585,0
                83.5249441129858,27.7645306884327,0
                83.5244303708657,27.7644995575301,0
                83.5239139382052,27.7645654805466,0
                83.523658348681,27.7645014195856,0
                83.5233611416852,27.7643808026179,0
                83.5228013245418,27.7652497769816,0
                83.5223364372016,27.7657738485867,0
                83.5221800790428,27.7660012001082,0
                83.5218272452952,27.7663564750887,0
                83.5215380261836,27.7667322497606,0
                83.5204132790392,27.7678564420062,0
                83.5197317975734,27.7684542524049,0
                83.5194407008166,27.7689067066131,0
                83.5191450412919,27.7695125851862,0
                83.5189331194577,27.7701954577501,0
                83.5189184240915,27.7707301600879,0
                83.5188631090119,27.7711879924659,0
                83.5188972864921,27.7714949028721,0
                83.5188913310689,27.7724898749938,0
                83.5189238805333,27.7728735912353,0
                83.5188446941937,27.7734079786579,0
                83.5188618761144,27.7735615280016,0
                83.5186415746911,27.7745511852505,0
                83.5182156806406,27.775210743509,0
                83.5180786925334,27.7755125899928,0
                83.5179457708954,27.7756633237052,0
                83.5177659130122,27.7759650438014,0
                83.5174468172048,27.7766475393155,0
                83.5170242385819,27.7771920467236,0
                83.5168210081873,27.7775703852011,0
                83.5165726438352,27.778790082277,0
                83.5163670359529,27.7792451635537,0
                83.5162254212241,27.7797184313454,0
                83.5160903097897,27.7799458459802,0
                83.5159941274776,27.7803268103463,0
                83.5156310377016,27.7810452405347,0
                83.5155348547949,27.7814262044953,0
                83.5153739948401,27.7818046673512,0
                83.5151025201766,27.7823158659964,0
                83.51496884756,27.7825049725902,0
                83.5146265663384,27.7832415259149,0
                83.5145088254686,27.7836224277163,0
                83.5144789476167,27.7839268357081,0
                83.5140374208602,27.785161655719,0
                83.5139795419954,27.7856962313565,0
                83.5140057148598,27.7863077388394,0
                83.5140443313111,27.7864612880245,0
                83.5140357014805,27.7867681349767,0
                83.5141129369068,27.7870752333093,0
                83.5140826841729,27.7874000157857,0
                83.514134230677,27.7878604750106,0
                83.5142769549886,27.7881317026931,0
                83.5144550465769,27.7886692824941,0
                83.5146288846428,27.7893625346629,0
                83.5149337690141,27.7899818575403,0
                83.515182653658,27.7910566403974,0
                83.5152611265823,27.7918150097655,0
                83.5153349788868,27.7925326973552,0
                83.5153319779375,27.7926432488502,0
                83.5152876657696,27.7928326056077,0
                83.515196298324,27.7931368896778,0
                83.5149741944022,27.7935151652377,0
                83.5149285110819,27.7936661510904,0
                83.5149663759975,27.7939166914676,0
                83.5150487991256,27.7940704283097,0
                83.5151698377899,27.7944543951765,0
                83.5153047431279,27.7952219526223,0
                83.5154262196882,27.7955676107757,0
                83.515530076935,27.7957417227139,0
                83.5155484468748,27.7958952075439,0
                83.5156275549281,27.796220367971,0
                83.5158378353067,27.7964151042286,0
                83.5160497422557,27.7965534683782,0
                83.516241028148,27.7966331516024,0
                83.5164337523145,27.7966360301208,0
                83.5165209914325,27.7965619120955,0
                83.5167369653766,27.7964904843061,0
                83.5168445761794,27.7964728003796,0
                83.5169509349851,27.7965137998146,0
                83.5170337350089,27.796647162545,0
                83.517049976898,27.7969157014369,0
                83.5169591707926,27.7971635532256,0
                83.5168295014664,27.7972172969135,0
                83.5167846917866,27.7973118493169,0
                83.5167618189143,27.7973885300532,0
                83.5170748939487,27.7978137455143,0
                83.5173704747336,27.798029106694,0
                83.5176231872549,27.798264650288,0
                83.5178110313189,27.7985157566955,0
                83.5179390128004,27.7985568164064,0
                83.5182186019507,27.7985036379107,0
                83.5185018813187,27.7982790379495,0
                83.5187884136994,27.797882890407,0
                83.5189453358735,27.7975428616161,0
                83.5191653758206,27.7972592655527,0
                83.5192522401019,27.7972031470265,0
                83.5194059098262,27.7970164166794,0
                83.5196006992268,27.7969246140928,0
                83.5198579772823,27.7969277447774,0
                83.5199855213194,27.7969688046814,0
                83.5201758044689,27.797107107272,0
                83.5205586266916,27.7972663492482,0
                83.5209392583531,27.7975203946069,0
                83.5212588380106,27.7976230143796,0
                83.5215796065987,27.7976670164816,0
                83.5217707668908,27.7977466375074,0
                83.522156779402,27.7977343945429,0
                83.5225032359077,27.7975686637183,0
                83.5229173116441,27.7972317009989,0
                83.5232425228267,27.797047784081,0
                83.523372129662,27.7969917923819,0
                83.523802574286,27.7969053071773,0
                83.5242606466836,27.7965120368386,0
                83.5246111690886,27.7961342008346,0
                83.5250027470627,27.7958558565826,0
                83.5254571901789,27.7956340090024,0
                83.5257139690922,27.7956575121202,0
                83.5257988305036,27.7956984472177,0
                83.5259436193404,27.7959673614571,0
                83.5258041902596,27.7965015607783,0
                83.5256697018008,27.7968034693193,0
                83.5257080052764,27.7970336991119,0
                83.5258503539818,27.7974199789473,0
                83.5260773764821,27.7978630042463,0
                83.5260973731625,27.7979397487991,0
                83.5260485603207,27.7982261582124,0
                83.5261320478409,27.7983414630428,0
                83.5262600303073,27.7983825222953,0
                83.526496060362,27.798367527341,0
                83.5267557168347,27.7982376071013,0
                83.5268869507646,27.7981071834678,0
                83.5271078029634,27.7977852782054,0
                83.5272206693208,27.7975014304035,0
                83.5273311576874,27.7973303222053,0
                83.527340415381,27.7968723628864,0
                83.5272604928055,27.7965832635285,0
                83.5272445637846,27.7962966645564,0
                83.5272694381092,27.7961253049032,0
                83.527561099744,27.7954810553309,0
                83.5278011968416,27.7952561420939,0
                83.5279960469222,27.7951644035699,0
                83.5281247807164,27.7951670922612,0
                83.5285071635268,27.7953263342625,0
                83.5288882321513,27.7955825668391,0
                83.5294821480678,27.7958982347486,0
                83.5296085670034,27.7959956649344,0
                83.5297080451821,27.7963795694963,0
                83.5296148013824,27.7967605328898,0
                83.5294374425082,27.7970622540886,0
                83.5293686359311,27.7972921686116,0
                83.5293544368057,27.797998293382,0
                83.5294372346723,27.7981519688888,0
                83.5296920116135,27.7982724611428,0
                83.5299487881173,27.7982958373092,0
                83.5301851948706,27.7982605948393,0
                83.5303383642107,27.7981121731525,0
                83.5305165362738,27.7977698314439,0
                83.5306533995873,27.7973710582403,0
                83.5306790250374,27.797143203829,0
                83.5306015443428,27.796739050995,0
                83.530594872785,27.795994492618,0
                83.5305349458865,27.7957641382408,0
                83.5305385747074,27.7955927165767,0
                83.5306542547806,27.7951553825217,0
                83.5307646806178,27.7950045859342,0
                83.5309391612551,27.7948539760437,0
                83.5310039655519,27.7948181674538,0
                83.5313266726953,27.7947651158319,0
                83.531903031178,27.7948911761697,0
                83.5322841628686,27.7951270976028,0
                83.5324925658619,27.7954165748765,0
                83.532552366817,27.7956469298298,0
                83.5326980308041,27.7958797862523,0
                83.5327579563463,27.7960920812134,0
                83.532863626839,27.7961691380195,0
                83.5332466981349,27.7963103180092,0
                83.5340190960652,27.7962655218974,0
                83.5348549852199,27.7962819082073,0
                83.5349826540468,27.7963229691725,0
                83.5354965849438,27.7963494745213,0
                83.5369254069717,27.7956503100288,0
                83.5371194445468,27.7955968803469,0
                83.5375690085337,27.7956231965976,0
                83.5378453459041,27.7957436900936,0
                83.5379085235601,27.795800311492,0
                83.5379881304514,27.7961096590524,0
                83.5379176982219,27.79641400509,0
                83.5377192183798,27.7966953517994,0
                83.53773471147,27.7970022630343,0
                83.5377751408347,27.7971174403385,0
                83.5379014966813,27.7972352442696,0
                83.5380939069655,27.7972561825395,0
                83.5382230162513,27.7972408099988,0
                83.5385467247085,27.797131325809,0
                83.5387418876175,27.7970214009197,0
                83.5393891186396,27.7968024936734,0
                83.5395394115804,27.7967398142066,0
                83.5400379120868,27.7965271532108,0
                83.5402959411805,27.7964738490716,0
                83.5406806997944,27.7965382875472,0
                83.5413202374416,27.7967231543642,0
                83.5418334164049,27.7967880321713,0
                83.5420918840203,27.7967167307826,0
                83.5423098586758,27.7965301877042,0
                83.5427218078841,27.7963081513157,0
                83.5430446403359,27.7962370376763,0
                83.5433017948747,27.7962424165707,0
                83.543429463116,27.7962834156071,0
                83.5435777545188,27.7963809090063,0
                83.5439357001494,27.79671144569,0
                83.5441921028548,27.7967552586714,0
                83.5446005498392,27.7966866457247,0
                83.5447540939586,27.7965156634324,0
                83.5448442121394,27.796288123284,0
                83.5448049707412,27.7961165128959,0
                83.5448322228451,27.7958096672631,0
                83.5449413968106,27.795717613425,0
                83.5452865414499,27.7956081911418,0
                83.5454169634318,27.7955161400651,0
                83.5454621470354,27.7954012122914,0
                83.5454258461655,27.7950558689818,0
                83.5454982802278,27.7946568431504,0
                83.5455027225129,27.7944266778012,0
                83.5455710930335,27.7942193225064,0
                83.5457906930018,27.7939560362137,0
                83.5460502861885,27.793826052051,0
                83.5463083151067,27.7937930585253,0
                83.5470726421672,27.7941700989325,0
                83.5473282314864,27.7942499085682,0
                83.5475202052657,27.7942911578138,0
                83.5477774204898,27.7942965357599,0
                83.5482289876078,27.7942280494782,0
                83.5485944383865,27.7941772468794,0
                83.5487889149803,27.7941035072852,0
                83.5486576802278,27.7942361811826,0
                83.5485456885067,27.79448178143,0
                83.548537682791,27.794883308181,0
                83.5484428734829,27.7953410155216,0
                83.548352819895,27.7955686810674,0
                83.5481768385659,27.7957936577632,0
                83.5479144313237,27.7960567535834,0
                83.5474796709867,27.796355408764,0
                83.5472408878596,27.7965035168408,0
                83.5469160525298,27.7966694333406,0
                83.5468516857103,27.7966692457044,0
                83.5465916544793,27.7968172901658,0
                83.5463511828465,27.7970601401951,0
                83.5462620035148,27.7972313103962,0
                83.5462315618341,27.7976892688623,0
                83.5463115459082,27.7979783055047,0
                83.5466655509346,27.7985006396633,0
                83.5469615054439,27.7987159374615,0
                83.5471314821221,27.7987954938017,0
                83.5477078398476,27.7989191799393,0
                83.5480530455697,27.7988120072454,0
                83.5486550918194,27.7987079634965,0
                83.5490006741228,27.7985804803477,0
                83.5491718380825,27.7986013555225,0
                83.5494298666519,27.7985503031636,0
                83.5498594344653,27.7985201240617,0
                83.550459042346,27.7985491308382,0
                83.5510557082407,27.798731560689,0
                83.5516505604272,27.7990087329669,0
                83.5522461642728,27.7992295347238,0
                83.5529253179954,27.799585950353,0
                83.5532421455155,27.7998216206671,0
                83.5534121206858,27.7999011169717,0
                83.5538400641425,27.799947681221,0
                83.5540125411439,27.7998918135753,0
                83.5541861440987,27.7997818260952,0
                83.554623344646,27.7993500607086,0
                83.5548008890827,27.7990460276477,0
                83.5549385050119,27.798590695646,0
                83.5549660708666,27.7982862242124,0
                83.5550576875644,27.7979819410053,0
                83.5551464923051,27.7978287682159,0
                83.5554737051764,27.7975298006047,0
                83.5557332964768,27.7974200642778,0
                83.5562472277452,27.797448694557,0
                83.5564168275,27.7975463131018,0
                83.5565436217206,27.7976437435102,0
                83.5568368260724,27.7979944045203,0
                83.5570436025211,27.7983786234445,0
                83.5572316346718,27.7986319157829,0
                83.5575056571819,27.7988652100978,0
                83.5578240474667,27.7990241392964,0
                83.5581660651079,27.7990680776803,0
                83.5587672356094,27.7990226533336,0
                83.559457584507,27.798805997044,0
                83.5602304193561,27.7987430135511,0
                83.5606607383773,27.7986744642526,0
                83.5610883692022,27.7987186549998,0
                83.5612171631365,27.7987213437709,0
                83.5615368060251,27.7988035904674,0
                83.5617075950619,27.7988447781165,0
                83.5619187525172,27.7990213891578,0
                83.5619776134551,27.7992900533657,0
                83.5619528005777,27.7994614758021,0
                83.5617328249746,27.7997427585255,0
                83.5612984400657,27.8000414746676,0
                83.5608652421938,27.8002634484532,0
                83.5606248951374,27.8004882995646,0
                83.5604479756763,27.8007720833792,0
                83.560378105689,27.8010583699852,0
                83.5603736629708,27.8012862237123,0
                83.5611921614521,27.8021800296888,0
                83.5615514204489,27.8024360746172,0
                83.5618041954259,27.8026693706068,0
                83.5618873692706,27.8028048595397,0
                83.5621821996705,27.8030765892706,0
                83.5622882462731,27.803135586239,0
                83.562980702799,27.8038935910127,0
                83.5634451323594,27.8042651268029,0
                83.5636999722983,27.8043854955012,0
                83.5641259748799,27.8045267385064,0
                83.5643831900599,27.8045298042765,0
                83.5650667202513,27.8046583047129,0
                83.5656616348587,27.8049354117663,0
                83.5659152863086,27.8051122134766,0
                83.5660637015039,27.8052096435633,0
                83.5665069484721,27.805562993502,0
                83.5667821576157,27.8057398576704,0
                83.5670978596144,27.8060318975761,0
                83.5674382490679,27.8061705788162,0
                83.5676954654591,27.8061758946423,0
                83.5682123984162,27.8060511631573,0
                83.5684694887199,27.8060564807559,0
                83.5690722864427,27.8059320629953,0
                83.5699307342182,27.8058895803788,0
                83.5701031489629,27.8058359631337,0
                83.5702747508143,27.8058387767502,0
                83.5707047571969,27.8057701647533,0
                83.5709636002121,27.8056784904779,0
                83.5711363916829,27.8056248731046,0
                83.5716119568686,27.8054232737034,0
                83.5718087470398,27.8052162945765,0
                83.5719415461741,27.8050091277003,0
                83.5722507013243,27.8045543621262,0
                83.5727050194396,27.8043346381456,0
                83.5730494117437,27.804263524801,0
                83.5733054396326,27.8043252113727,0
                83.5734514764419,27.8045377569038,0
                83.5735342758415,27.8046936806474,0
                83.5735735797978,27.8048652291093,0
                83.5735228287273,27.8052667536524,0
                83.5734249541056,27.805895883247,0
                83.573569368054,27.8061851719622,0
                83.5737793967954,27.8064182167513,0
                83.5744815476865,27.8066775799798,0
                83.5751652040305,27.8068037657817,0
                83.5753375570171,27.8067704583472,0
                83.5754679155347,27.8066760936816,0
                83.5757531349164,27.8063362546559,0
                83.5757759452546,27.8062618866915,0
                83.5759518640271,27.806034535433,0
                83.5765181718144,27.8055873342716,0
                83.5768241375671,27.8052859280155,0
                83.5769769950936,27.8051351935553,0
                83.5771097315903,27.8049280286559,0
                83.5771336668793,27.8047950408348,0
              </coordinates>
            </LinearRing>
          </outerBoundaryIs>
        </Polygon>
      </Placemark>
      <Placemark id="LU_PALPA_Tinau.6">
        <ExtendedData>
          <SchemaData schemaUrl="#LU_PALPA_Tinau.schema">
            <SimpleData name="ogc_fid">5720</SimpleData>
            <SimpleData name="objectid_1">5721</SimpleData>
            <SimpleData name="dcode">47</SimpleData>
            <SimpleData name="district">PALPA</SimpleData>
            <SimpleData name="das">0</SimpleData>
            <SimpleData name="gapa_napa">Tinau</SimpleData>
            <SimpleData name="type_gn">Gaunpalika</SimpleData>
            <SimpleData name="gn_code">10.000000000000000</SimpleData>
            <SimpleData name="new_ward_n">6</SimpleData>
            <SimpleData name="ddgnww">471006.000000000000000</SimpleData>
            <SimpleData name="center">Dobhan</SimpleData>
            <SimpleData name="state_code">5</SimpleData>
            <SimpleData name="ddgn">47010</SimpleData>
            <SimpleData name="area_sqkm">36.984855043300001</SimpleData>
            <SimpleData name="shape_leng">40058.961898800000199</SimpleData>
            <SimpleData name="shape_area">36984855.043300002813339</SimpleData>
            <SimpleData name="Province">LU</SimpleData>
            <SimpleData name="Address">Tinau-6, PALPA, LU</SimpleData>
          </SchemaData>
        </ExtendedData>
        <Polygon>
          <outerBoundaryIs>
            <LinearRing>
              <coordinates>
                83.5151026362387,27.8085191842536,0
                83.5150847045859,27.808347637301,0
                83.5148555540591,27.8080174774841,0
                83.5147121435689,27.8076717549101,0
                83.5146322224227,27.807382717519,0
                83.5146403527862,27.806983378988,0
                83.5144328883259,27.8066352199439,0
                83.514312287036,27.8062309417112,0
                83.5143395388603,27.8059445316732,0
                83.5143847860641,27.805831854725,0
                83.5143892886402,27.8056016879362,0
                83.5145247141632,27.8052592211111,0
                83.5145045934849,27.8052027892286,0
                83.5145860990164,27.8043434297682,0
                83.5143245875656,27.8034785038117,0
                83.5142446040496,27.8031915920643,0
                83.5142041751049,27.8030764135928,0
                83.5142086796034,27.8028463099009,0
                83.5141512563481,27.8025009015636,0
                83.5142641210046,27.8022169908817,0
                83.5142258177113,27.8019867619009,0
                83.5142800718345,27.8014138774253,0
                83.5143966280093,27.8009585459237,0
                83.5145094942789,27.8006723860024,0
                83.5147757164279,27.8002198055007,0
                83.514804218471,27.7998747117061,0
                83.5148718385795,27.7997057915442,0
                83.5149215891896,27.7993607596758,0
                83.5149260294128,27.79913284319,0
                83.5148258622174,27.7987873101282,0
                83.5148523010438,27.7985392085662,0
                83.5148971108848,27.7984446550219,0
                83.5151572654379,27.7982966097345,0
                83.5155423377647,27.798340862331,0
                83.5162494932233,27.7983546211765,0
                83.5164410917754,27.7984139328077,0
                83.5170839429473,27.7984252530437,0
                83.5173399078896,27.7984893134096,0
                83.5178110313189,27.7985157566955,0
                83.5176231872549,27.798264650288,0
                83.5173704747336,27.798029106694,0
                83.5170748939487,27.7978137455143,0
                83.5167618189143,27.7973885300532,0
                83.5167846917866,27.7973118493169,0
                83.5168295014664,27.7972172969135,0
                83.5169591707926,27.7971635532256,0
                83.517049976898,27.7969157014369,0
                83.5170337350089,27.796647162545,0
                83.5169509349851,27.7965137998146,0
                83.5168445761794,27.7964728003796,0
                83.5167369653766,27.7964904843061,0
                83.5165209914325,27.7965619120955,0
                83.5164337523145,27.7966360301208,0
                83.516241028148,27.7966331516024,0
                83.5160497422557,27.7965534683782,0
                83.5158378353067,27.7964151042286,0
                83.5156275549281,27.796220367971,0
                83.5155484468748,27.7958952075439,0
                83.515530076935,27.7957417227139,0
                83.5154262196882,27.7955676107757,0
                83.5153047431279,27.7952219526223,0
                83.5151698377899,27.7944543951765,0
                83.5150487991256,27.7940704283097,0
                83.5149663759975,27.7939166914676,0
                83.5149285110819,27.7936661510904,0
                83.5149741944022,27.7935151652377,0
                83.515196298324,27.7931368896778,0
                83.5152876657696,27.7928326056077,0
                83.5153319779375,27.7926432488502,0
                83.5153349788868,27.7925326973552,0
                83.5152611265823,27.7918150097655,0
                83.515182653658,27.7910566403974,0
                83.5149337690141,27.7899818575403,0
                83.5146288846428,27.7893625346629,0
                83.5144550465769,27.7886692824941,0
                83.5142769549886,27.7881317026931,0
                83.514134230677,27.7878604750106,0
                83.5140826841729,27.7874000157857,0
                83.5141129369068,27.7870752333093,0
                83.5140357014805,27.7867681349767,0
                83.5140443313111,27.7864612880245,0
                83.5140057148598,27.7863077388394,0
                83.5139795419954,27.7856962313565,0
                83.5140374208602,27.785161655719,0
                83.5144789476167,27.7839268357081,0
                83.5145088254686,27.7836224277163,0
                83.5146265663384,27.7832415259149,0
                83.51496884756,27.7825049725902,0
                83.5151025201766,27.7823158659964,0
                83.5153739948401,27.7818046673512,0
                83.5155348547949,27.7814262044953,0
                83.5156310377016,27.7810452405347,0
                83.5159941274776,27.7803268103463,0
                83.5160903097897,27.7799458459802,0
                83.5162254212241,27.7797184313454,0
                83.5163670359529,27.7792451635537,0
                83.5165726438352,27.778790082277,0
                83.5168210081873,27.7775703852011,0
                83.5170242385819,27.7771920467236,0
                83.5174468172048,27.7766475393155,0
                83.5177659130122,27.7759650438014,0
                83.5179457708954,27.7756633237052,0
                83.5180786925334,27.7755125899928,0
                83.5182156806406,27.775210743509,0
                83.5186415746911,27.7745511852505,0
                83.5188618761144,27.7735615280016,0
                83.5188446941937,27.7734079786579,0
                83.5189238805333,27.7728735912353,0
                83.5188913310689,27.7724898749938,0
                83.5188972864921,27.7714949028721,0
                83.5188631090119,27.7711879924659,0
                83.5189184240915,27.7707301600879,0
                83.5189331194577,27.7701954577501,0
                83.5191450412919,27.7695125851862,0
                83.5194407008166,27.7689067066131,0
                83.5197317975734,27.7684542524049,0
                83.5204132790392,27.7678564420062,0
                83.5215380261836,27.7667322497606,0
                83.5218272452952,27.7663564750887,0
                83.5221800790428,27.7660012001082,0
                83.5223364372016,27.7657738485867,0
                83.5228013245418,27.7652497769816,0
                83.5233611416852,27.7643808026179,0
                83.5232767151996,27.7643398675664,0
                83.5231506097547,27.7642424993891,0
                83.5227257309798,27.7640988805567,0
                83.5225568807549,27.764001261405,0
                83.5220256422469,27.7638347057704,0
                83.5218570423607,27.7637371498085,0
                83.521668883461,27.7635604743505,0
                83.5214643538933,27.7632123163413,0
                83.5213706876806,27.7627314209403,0
                83.5212672677967,27.7625957435896,0
                83.5208064611863,27.7622015226315,0
                83.5204065210886,27.7619452257732,0
                83.5201331224643,27.7617479901246,0
                83.519997260804,27.7620114644361,0
                83.519657731591,27.7626555894206,0
                83.5194802524514,27.7628625047114,0
                83.5191954726141,27.7630849176596,0
                83.519018680012,27.763273772533,0
                83.5181649692094,27.7639048266862,0
                83.5175758537427,27.7642750353457,0
                83.5172014583754,27.7646301853862,0
                83.5171144694144,27.7646659933308,0
                83.516850938844,27.7648907190744,0
                83.5163492482353,27.7652048067753,0
                83.515560280347,27.765817988824,0
                83.5148643658042,27.7661675092858,0
                83.5142071320529,27.766670579536,0
                83.5141620739703,27.7667448845633,0
                83.5136558824666,27.7672123981499,0
                83.5128486688637,27.7677104018494,0
                83.5122007521983,27.7678886884412,0
                83.5116206408888,27.7679339879516,0
                83.5107202617753,27.7679330371793,0
                83.5097517000516,27.7680650099785,0
                83.5095566619125,27.7681365000844,0
                83.5094283037995,27.7681337487851,0
                83.5080023007516,27.7685235670791,0
                83.5078065747461,27.7686153669791,0
                83.5063154525551,27.7690409934017,0
                83.5059924958488,27.7690917339263,0
                83.5054090087384,27.7692520861391,0
                83.5050829229572,27.7694178789809,0
                83.5039118202359,27.7698896923232,0
                83.5029943056682,27.7705000602825,0
                83.5026202239429,27.7708372135513,0
                83.5021397194669,27.7711513015399,0
                83.5018317553869,27.7714322083857,0
                83.5004346132195,27.7723183570417,0
                83.5003705590753,27.7723182320422,0
                83.4997609466544,27.7726476291674,0
                83.4995659079819,27.7727213702014,0
                83.4986507096098,27.7732369968812,0
                83.4978786802013,27.7735658307116,0
                83.4970234748243,27.773928222004,0
                83.4964994136381,27.774260245937,0
                83.4962396333771,27.7743517976731,0
                83.4959776041701,27.7745177786,0
                83.4953941166502,27.7746758805459,0
                83.4948741200003,27.7748747295123,0
                83.4945499736883,27.7749637776046,0
                83.4942917579524,27.7749967084477,0
                83.4937127094219,27.7750036370261,0
                83.4935831636757,27.7750392560339,0
                83.4931973400303,27.7750310644242,0
                83.492556614379,27.774940686499,0
                83.4923033403731,27.7747998838687,0
                83.4916660532236,27.7745945176234,0
                83.4914736425684,27.7745712047519,0
                83.4913471602375,27.7744917711193,0
                83.4910283913422,27.7743890893187,0
                83.4905796416946,27.7743423360669,0
                83.4899437836523,27.7745610558881,0
                83.4898841662287,27.7745631173493,0
                83.4890473405161,27.7745781032372,0
                83.4882683798275,27.7747872597258,0
                83.4877543860968,27.7747718170578,0
                83.4873019443347,27.774835615959,0
                83.4865312361265,27.7747966075853,0
                83.4855017473898,27.7748063402135,0
                83.484661920543,27.7749160065423,0
                83.4842076050053,27.7750384256032,0
                83.4838143397692,27.7752557748849,0
                83.4834182002212,27.7755498676256,0
                83.4830625524859,27.7759230770272,0
                83.4824906702394,27.7769745977843,0
                83.4821558955478,27.7773681198981,0
                83.4820194105505,27.7775932230831,0
                83.481945475859,27.7778772592056,0
                83.48167469265,27.7782688449258,0
                83.4813197963402,27.7786216817586,0
                83.4809627112741,27.7790332639903,0
                83.4809180907304,27.7790895081731,0
                83.4807439878232,27.7791609996638,0
                83.4799253454675,27.77927078855,0
                83.4793464213981,27.7792753432345,0
                83.4790225886193,27.7793418318811,0
                83.478438413538,27.77949755775,0
                83.4781117681748,27.7796407275268,0
                83.4777824952979,27.7798605155018,0
                83.4776262611771,27.7800472458321,0
                83.4767193042359,27.780862784893,0
                83.4760929994434,27.7815937084768,0
                83.4753010322504,27.7821637699989,0
                83.4750178795892,27.7822912536098,0
                83.4744988841357,27.7824111094536,0
                83.4740412533275,27.7826102100619,0
                83.472740169447,27.7830158408453,0
                83.4722774131262,27.7833683017995,0
                83.4722317290792,27.7834426064935,0
                83.4718372127623,27.783775008263,0
                83.4716303088859,27.783485406767,0
                83.4717942312805,27.7831521262503,0
                83.4718590421881,27.7828049080714,0
                83.4718400461905,27.782728165129,0
                83.4715847736836,27.7824090646171,0
                83.4715717815408,27.7820773459053,0
                83.4716744575275,27.7819626697373,0
                83.4717987539925,27.7819518603279,0
                83.4720429736397,27.7818196879648,0
                83.4725657805911,27.781772075255,0
                83.4727255727309,27.7816982094112,0
                83.4727660685591,27.7816554640153,0
                83.4734939125979,27.7813740016313,0
                83.4736144629393,27.7812323269507,0
                83.4736486481267,27.7810384076947,0
                83.4734818018039,27.7807738046464,0
                83.4731312310164,27.7803730852789,0
                83.4729586929692,27.7802641561212,0
                83.4728569581109,27.780238968221,0
                83.4726640462286,27.7802607760645,0
                83.4724412657587,27.7801606558148,0
                83.4722387974911,27.7799365481873,0
                83.4720125807347,27.7797686854376,0
                83.4719572760394,27.7796691932508,0
                83.471920348763,27.779429902584,0
                83.4714954163232,27.7789116295879,0
                83.4714517422361,27.778505353901,0
                83.4715721041363,27.7783366205028,0
                83.4716782166801,27.778287377557,0
                83.4721772759105,27.7782283908429,0
                83.4723669397643,27.7781501505001,0
                83.472586974159,27.7780336635059,0
                83.4728792527897,27.7777865661727,0
                83.4730332358095,27.7775457781492,0
                83.4730495532892,27.7772434923625,0
                83.4729939369983,27.7771485009008,0
                83.4729481963357,27.7770310105396,0
                83.4729405761215,27.7767805328359,0
                83.4730456341156,27.77635676064,0
                83.4730472627626,27.7760815344825,0
                83.4730330809868,27.7759280493067,0
                83.4728317443512,27.7752684804467,0
                83.4707728482678,27.7745115791835,0
                83.4707813461918,27.774536453169,0
                83.470734475346,27.7746490033284,0
                83.4703218395429,27.7748099201337,0
                83.4698623955243,27.7750653904834,0
                83.4696019291634,27.7751546276793,0
                83.4690171300255,27.7753125424257,0
                83.4688236549968,27.7753253506097,0
                83.4686930456283,27.7753789698963,0
                83.4683057851959,27.7754090854184,0
                83.4678511560211,27.7755314420782,0
                83.4676986130662,27.7756030597058,0
                83.4673671506925,27.7758815292894,0
                83.4671165524508,27.7762956751603,0
                83.4668703280098,27.776594831831,0
                83.4667590916557,27.776707195461,0
                83.4665849893239,27.7767787485047,0
                83.4662240383917,27.7766735636529,0
                83.4660357531919,27.7765351986862,0
                83.4656419405016,27.7761411034908,0
                83.4654375969019,27.7758491886775,0
                83.465137149438,27.7752299272198,0
                83.4648691919965,27.7749175157394,0
                83.4646922867756,27.7744543031884,0
                83.4645315006935,27.7741445802596,0
                83.4641815576303,27.7737145501612,0
                83.4639103479091,27.7734968783389,0
                83.4632740602578,27.7732891384737,0
                83.4625038518845,27.7732320065735,0
                83.4619881714881,27.7732570584226,0
                83.4618601890835,27.7732339966612,0
                83.4613423190737,27.7733154799551,0
                83.4609051860099,27.7735529525274,0
                83.4605829786066,27.7735651965665,0
                83.460327762394,27.7735010111821,0
                83.459298589277,27.7734924969368,0
                83.459038558715,27.7735636736936,0
                83.4588395828566,27.7737297798918,0
                83.4586159828829,27.7739906896289,0
                83.4584626273954,27.7740826175101,0
                83.4583983235389,27.7740823655805,0
                83.4583135208826,27.7740594299998,0
                83.4583104082876,27.773524727024,0
                83.4582173040206,27.7731205134439,0
                83.4581383789257,27.7729284036564,0
                83.4578145586131,27.7723653870305,0
                83.4576913897006,27.7722092745009,0
                83.4576284636145,27.7721683406067,0
                83.4569674799133,27.7726689095904,0
                83.4566352685955,27.7729654413634,0
                83.4563447367686,27.7733026553825,0
                83.4562179398612,27.7734262662962,0
                83.4556565670387,27.7739723333109,0
                83.4545118899876,27.7748025542322,0
                83.4542897921017,27.7750250932808,0
                83.453915962156,27.7752830014846,0
                83.4536053102437,27.7755819067525,0
                83.4533207197309,27.775745449917,0
                83.4528780215934,27.7761362838919,0
                83.4524293825533,27.7766985387769,0
                83.4521195429798,27.7769770714129,0
                83.4517177125612,27.7774244624666,0
                83.4514525565786,27.7776468133179,0
                83.4513840652999,27.7777616136552,0
                83.4511619025483,27.7779840894388,0
                83.4506072783615,27.7785052843916,0
                83.449774255779,27.7790186636795,0
                83.4493154999442,27.7792559460432,0
                83.4489847886473,27.7795141061258,0
                83.4485245326345,27.7797897618624,0
                83.4472807491001,27.7803872515379,0
                83.447149016411,27.7804791790559,0
                83.4470370274093,27.7806096017572,0
                83.4469499759167,27.7806475975713,0
                83.4464365344046,27.7812254129432,0
                83.4458397291825,27.7817261081865,0
                83.4452261776288,27.7820936897403,0
                83.4446413170389,27.7822492927532,0
                83.4443864137067,27.7821849816879,0
                83.4439355380563,27.7821923482659,0
                83.44334867434,27.7824065079528,0
                83.442889918891,27.7826437920406,0
                83.4424285369825,27.7829555699949,0
                83.440787613501,27.7838694615986,0
                83.4400695158077,27.7841576127282,0
                83.4398109245944,27.7841881060453,0
                83.4394213491462,27.7842925898504,0
                83.439224875324,27.7843842668719,0
                83.4390957038512,27.7843995755704,0
                83.4384419731796,27.7846879775625,0
                83.4373929769238,27.7852341624094,0
                83.4371333240798,27.7853030896848,0
                83.4366075128684,27.7856146142343,0
                83.4364773425675,27.7856501100121,0
                83.4360185242614,27.7858873940818,0
                83.4358235485893,27.7859385731554,0
                83.4355820150505,27.786104429704,0
                83.435470026773,27.7862348535511,0
                83.4354049103191,27.7862526639571,0
                83.4352002562506,27.7859788113449,0
                83.4351035261782,27.7856715877756,0
                83.4350740989186,27.7852879331205,0
                83.4349669377697,27.7846738006535,0
                83.4340980708954,27.7837519952844,0
                83.4338885407381,27.7836135667445,0
                83.4336526972201,27.7836080014855,0
                83.4335209006104,27.7836999281795,0
                83.4333854769053,27.7838866603635,0
                83.4332601090687,27.7844005475256,0
                83.4328950830592,27.7850217997307,0
                83.4328381460608,27.7854208881326,0
                83.4328750123162,27.785594746387,0
                83.4328046428404,27.7857636684454,0
                83.4326252880779,27.7859885833659,0
                83.4324652407443,27.7862721799578,0
                83.4325348476384,27.7867327007206,0
                83.4325289079637,27.7869041866438,0
                83.4326413835834,27.7873648959862,0
                83.4325906357658,27.7875948113671,0
                83.4325006458691,27.7877049886582,0
                83.4319327786398,27.7879982025897,0
                83.431192622386,27.7883020382464,0
                83.4306184407749,27.7887666749706,0
                83.4300022009437,27.7892086264153,0
                83.4293457832783,27.7895736452915,0
                83.429083813934,27.7897011935611,0
                83.4286275598406,27.789859421552,0
                83.4280362575213,27.7902090058145,0
                83.4277757281533,27.7902981810345,0
                83.4271863011853,27.7905867716442,0
                83.4268551531439,27.7908471173372,0
                83.426526942826,27.7910284706986,0
                83.4263032191046,27.7912915061592,0
                83.4261044918372,27.7914576768712,0
                83.4257327255691,27.7916591528723,0
                83.4252562233012,27.7918151302999,0
                83.4247559123187,27.791977733929,0
                83.4246271802762,27.7919726693577,0
                83.4245616249803,27.7920107890695,0
                83.4244771991841,27.7919697921806,0
                83.4242192952853,27.791982287193,0
                83.4234403963428,27.79217082048,0
                83.4222191238041,27.7921205560353,0
                83.4219597197978,27.7921713610498,0
                83.4215306515604,27.7921786026871,0
                83.4214614090724,27.7923114643725,0
                83.4214023514198,27.7924488268487,0
                83.4214814015322,27.7925596936467,0
                83.4211045654238,27.7931672579326,0
                83.4212113584247,27.7933685526381,0
                83.4219035150901,27.7934526180956,0
                83.4226007313519,27.7935999279803,0
                83.4232374593801,27.7936048760259,0
                83.4245114048038,27.7940772267039,0
                83.4248842906524,27.7941532255399,0
                83.4265471811155,27.7947173882921,0
                83.4268865040403,27.795091047143,0
                83.4270239802285,27.7954187684051,0
                83.4270685912063,27.7958047972196,0
                83.4268624786412,27.7965800357368,0
                83.42697745477,27.7970317472527,0
                83.4271561752164,27.7973686568177,0
                83.4275095422497,27.7984959364138,0
                83.4277093751248,27.7992796801487,0
                83.427672998131,27.799629211291,0
                83.4272081035788,27.800703481458,0
                83.4270601749696,27.8012736771639,0
                83.4270000975355,27.8024466323926,0
                83.4273677779902,27.8034589844204,0
                83.427753028323,27.8040178149927,0
                83.4286333324021,27.8048381914153,0
                83.4288342301027,27.8055406939531,0
                83.4288751495509,27.806206383848,0
                83.4289561339967,27.8063601845762,0
                83.4286888494289,27.8067742057436,0
                83.4285290517977,27.8071254823531,0
                83.4285654783799,27.807441517247,0
                83.4286574624494,27.8076156275692,0
                83.4291385152471,27.8080642823101,0
                83.4299983111424,27.809471105652,0
                83.4300162396881,27.8097961389483,0
                83.429951740755,27.8101862282038,0
                83.4300897786141,27.8105387606757,0
                83.4302751225951,27.8108170511119,0
                83.4307916724932,27.8110898461918,0
                83.430939088352,27.8112258377221,0
                83.4311611755392,27.8115832457771,0
                83.4316231703718,27.8119055352271,0
                83.4316813506707,27.8118786646327,0
                83.4317669644976,27.8118812893135,0
                83.4322322831431,27.811578637642,0
                83.4332042828341,27.811368296664,0
                83.4338863837245,27.8110822695994,0
                83.4356562283521,27.8101035720761,0
                83.4372907742134,27.8094085983331,0
                83.4392897160238,27.8082729183282,0
                83.4403466467281,27.8077491707184,0
                83.4405421852006,27.8075965618131,0
                83.4407889692834,27.8074035202834,0
                83.4409770106628,27.8071651696326,0
                83.4413775241842,27.8069952529956,0
                83.4421375511907,27.8067907846948,0
                83.4424321361195,27.8067964756544,0
                83.4431090452969,27.8069052895045,0
                83.4434796851363,27.8068074904607,0
                83.4436734779314,27.8064269649014,0
                83.4440390589223,27.8062096159581,0
                83.4441941723043,27.8057026013179,0
                83.4439480951994,27.8049457920611,0
                83.4439844059188,27.8047270613315,0
                83.4445117850991,27.8041809313674,0
                83.4448368762288,27.8036836690224,0
                83.4453830014246,27.8030631700469,0
                83.4454923685132,27.8027613243697,0
                83.4454322594964,27.8023549226227,0
                83.4454578838709,27.8021813151276,0
                83.4455126908716,27.8021251327777,0
                83.4457832169868,27.8020607679027,0
                83.4459875137776,27.8015516919443,0
                83.4460007716866,27.8010034911904,0
                83.4462493679009,27.8007608309121,0
                83.4464067230439,27.8006937765672,0
                83.4477539759491,27.800942836746,0
                83.4481387383167,27.8008089790286,0
                83.4494045187285,27.8002251772229,0
                83.449920702262,27.800139255636,0
                83.4509563804459,27.7998387983637,0
                83.4514768789504,27.799576892499,0
                83.4520749246342,27.7995950246414,0
                83.4524766232321,27.7994838539607,0
                83.4533498277028,27.799020283172,0
                83.4537322767193,27.7990285391958,0
                83.4541428428921,27.7991790944549,0
                83.4546518936626,27.7994924489972,0
                83.4549589145019,27.7995432620572,0
                83.4554057966055,27.7993081645467,0
                83.4560424731341,27.7986924788117,0
                83.4561847622955,27.7989028374978,0
                83.4562174433455,27.7990315768331,0
                83.4563738492118,27.7996458975748,0
                83.4568064022919,27.8002950961924,0
                83.4568307056737,27.8006471270859,0
                83.4570179165618,27.8013811270449,0
                83.4570299596184,27.8022859197638,0
                83.4572711521489,27.8035886804592,0
                83.457416437476,27.8039592736388,0
                83.4576384046782,27.8041654458174,0
                83.4580712828405,27.8042370715464,0
                83.4588438683963,27.8041160327965,0
                83.4592935580195,27.8041245388153,0
                83.459419164472,27.8042423421708,0
                83.4594148498415,27.8044160755357,0
                83.4584722693128,27.8053734750816,0
                83.4575360750695,27.8057353026227,0
                83.4572188670164,27.8057476097597,0
                83.4562173225672,27.8052924478567,0
                83.4559898548859,27.8051877666762,0
                83.4558073179007,27.8051442057424,0
                83.4554744843242,27.8052353788967,0
                83.4546160313712,27.8055974587134,0
                83.4542473282913,27.805693068171,0
                83.4537258272801,27.8060745262061,0
                83.4536046483335,27.8064711142019,0
                83.4527961191829,27.807189911992,0
                83.4524199168447,27.8073260183405,0
                83.4519595392202,27.8073580710312,0
                83.4516769554768,27.8072260792569,0
                83.4511923951185,27.8072151337495,0
                83.4507786430598,27.8069337155785,0
                83.4503175182341,27.8068551535658,0
                83.4495154285527,27.8073595964954,0
                83.4492378384869,27.8074374592934,0
                83.4486336054361,27.8074982573356,0
                83.4483952611584,27.8075988060543,0
                83.4482404015298,27.807923087929,0
                83.448363751594,27.8083048057276,0
                83.4482316405312,27.8085277195726,0
                83.4478998062756,27.8086685156768,0
                83.4477961307066,27.8088440604029,0
                83.4478615434699,27.8096543625862,0
                83.447396039178,27.8098216536368,0
                83.4468349889654,27.809873577314,0
                83.4463718597702,27.810067989874,0
                83.4463087995481,27.810376773777,0
                83.4464441518165,27.8105804450782,0
                83.4474543779998,27.8112635866758,0
                83.447873564929,27.8116623677857,0
                83.4488792333841,27.8121852751539,0
                83.4491326341033,27.8123171418187,0
                83.449689246509,27.8123283981451,0
                83.4506933651471,27.812156429208,0
                83.4511288690301,27.8121649363983,0
                83.4518032827221,27.8120073984697,0
                83.4526464194891,27.8119994743941,0
                83.4534559425889,27.8117274480809,0
                83.453921563513,27.8118556947168,0
                83.4552810711294,27.8118429654298,0
                83.4556486450337,27.811914339581,0
                83.456156821592,27.812155451825,0
                83.4562171879124,27.8122053233564,0
                83.456521018577,27.8124524918851,0
                83.4566976183739,27.812534361754,0
                83.4569397719319,27.8125669257432,0
                83.4572179245271,27.8125093733486,0
                83.4580819313378,27.8126323124318,0
                83.4581967269288,27.8127049962317,0
                83.4584335617892,27.8131097751871,0
                83.4584284347954,27.8133195676435,0
                83.4582855682554,27.8137860245261,0
                83.4583068736388,27.8140297522834,0
                83.4586060726791,27.8145927052596,0
                83.4589640836766,27.8148039424961,0
                83.4598805185509,27.8150399346809,0
                83.4607877103743,27.8149915772051,0
                83.4617112124875,27.8150087151644,0
                83.4624671018267,27.8154448757506,0
                83.4644350211515,27.815759315165,0
                83.4651321712605,27.8160869212499,0
                83.4660050472175,27.8164197157996,0
                83.4665725274592,27.8167513201039,0
                83.4674698307609,27.8174632068394,0
                83.4678033480057,27.8175073326892,0
                83.4683847718942,27.8174441596822,0
                83.469045186809,27.8173113070938,0
                83.4695044995251,27.817308563647,0
                83.4705959790898,27.8172992081806,0
                83.471102531409,27.8175696276687,0
                83.4720261006556,27.8172618578161,0
                83.472539782097,27.8172389921869,0
                83.4728818706018,27.8168116609314,0
                83.4735181060883,27.8164259568507,0
                83.4737322717803,27.8160048716307,0
                83.4740991053181,27.8156610970773,0
                83.4742704042448,27.815194704471,0
                83.4745476895937,27.8146610695699,0
                83.4748201582782,27.814391347742,0
                83.4756589274785,27.814035829366,0
                83.4760911846873,27.8139810909169,0
                83.4764179504432,27.8141041488454,0
                83.4765544924493,27.814206203075,0
                83.4771164044322,27.8149054608785,0
                83.477284879405,27.8150233905729,0
                83.4780347769639,27.8150713972705,0
                83.4781380147893,27.8150469641619,0
                83.4780532052754,27.8155249189675,0
                83.4781597463007,27.815796083521,0
                83.4788678899363,27.8164891579369,0
                83.4792882660329,27.8167411405174,0
                83.4793480051863,27.8168541940529,0
                83.4790887825803,27.8172074710215,0
                83.4786189043782,27.817354575973,0
                83.4785033547773,27.8175165585002,0
                83.4785267850159,27.8177219781467,0
                83.4789408425451,27.8184274836672,0
                83.4793793380085,27.818808143145,0
                83.4804004876003,27.820188284344,0
                83.4804726547883,27.8207502965272,0
                83.4803150413496,27.8212031912812,0
                83.479576440893,27.8217712540358,0
                83.4791974889246,27.8219390449552,0
                83.4795007525591,27.8223417627462,0
                83.479661788925,27.822556745275,0
                83.4796930911666,27.8229133393984,0
                83.4795284810397,27.823323299811,0
                83.4795209123055,27.8236323967807,0
                83.4796925711213,27.8238902503597,0
                83.4800748287372,27.824157856624,0
                83.4813691432681,27.8248125673176,0
                83.4816955289655,27.825219911954,0
                83.4819226842485,27.8253402781696,0
                83.481920683222,27.825428208808,0
                83.4821104046248,27.8255621354912,0
                83.482777932806,27.8258759310453,0
                83.4831954353587,27.8261482868118,0
                83.483908513441,27.8268864193551,0
                83.4845896514208,27.8279493963385,0
                83.485531945085,27.8287877087484,0
                83.4857281087599,27.8286959079402,0
                83.487596183699,27.8281072406285,0
                83.4881810496301,27.8277325960015,0
                83.4885432603432,27.8273301385957,0
                83.4894618252855,27.8272906550688,0
                83.4901545487597,27.8271194937242,0
                83.4902737835624,27.8270590012329,0
                83.490788651146,27.8270496348066,0
                83.4910446791544,27.8271115080525,0
                83.4912162805527,27.8271143858927,0
                83.4913014558856,27.8271530708553,0
                83.4913858811257,27.8272120043639,0
                83.4916773342424,27.8276372210656,0
                83.4919516692491,27.8278525180793,0
                83.4923771711958,27.8280323836884,0
                83.4926726887515,27.8282681168219,0
                83.4934150813122,27.8286634053298,0
                83.4937570974995,27.8287255926955,0
                83.4941859775776,27.8287339097691,0
                83.49427240398,27.8286959148644,0
                83.4946160469352,27.8286836092084,0
                83.4950420491653,27.8288250396293,0
                83.4956368388223,27.8291024609871,0
                83.4958949303533,27.8290695936288,0
                83.4963229343002,27.8291343447884,0
                83.4973469797479,27.8293997728218,0
                83.4976898715218,27.8294055278028,0
                83.4978777847039,27.8293791590487,0
                83.4982923551336,27.829319733511,0
                83.4984655837542,27.829245929244,0
                83.4988962135681,27.8291571939353,0
                83.4996702997557,27.8290742761587,0
                83.4998872106229,27.8289442295923,0
                83.4999320810861,27.8288496131868,0
                83.4997661091381,27.8285782589905,0
                83.4993462355516,27.8281322933422,0
                83.4992026994327,27.8278226956348,0
                83.4991843925421,27.8276692079232,0
                83.4989777391818,27.82728261529,0
                83.4985550531275,27.8269697618378,0
                83.4984482539938,27.8269490124171,0
                83.4982574074756,27.8268490800118,0
                83.4978777768522,27.8264822960786,0
                83.4978156004937,27.8264210504815,0
                83.4975395764759,27.8262824325096,0
                83.4973724161916,27.826069762189,0
                83.4970838404803,27.8255091831224,0
                83.4968954957515,27.8252760771843,0
                83.4966211613206,27.8250607808616,0
                83.4959220748213,27.8246295580883,0
                83.4955841886879,27.8243733895564,0
                83.4950742603561,27.8241345899605,0
                83.4948842265274,27.8239985373344,0
                83.4944697329687,27.8232840942267,0
                83.4941990885344,27.8228950003477,0
                83.4939879965377,27.8227205126617,0
                83.4938835747529,27.8225848373679,0
                83.493524440767,27.8223284794485,0
                83.4932717293962,27.8220952461775,0
                83.4930667650915,27.8216319104259,0
                83.4928879266919,27.8209408458707,0
                83.4928911180363,27.8207874831493,0
                83.492983673161,27.8204628894052,0
                83.4929882399415,27.8202327858313,0
                83.4930546719213,27.820138295857,0
                83.4932304014559,27.8199313786434,0
                83.4933820713646,27.8198574508849,0
                83.4934924964357,27.8197067160208,0
                83.4938198949604,27.8194439319669,0
                83.4940794871182,27.8193343219242,0
                83.4944235665852,27.8192814557058,0
                83.494489183896,27.8192252754204,0
                83.4945776758211,27.8190924762373,0
                83.4946490468732,27.8187498211105,0
                83.4947594731255,27.818599085186,0
                83.4949115163192,27.8185048461155,0
                83.495061559315,27.8185076600486,0
                83.4957508449783,27.8183658091065,0
                83.4958793268483,27.8183684982906,0
                83.4960088727458,27.8183328796414,0
                83.4963522659206,27.8183183230787,0
                83.4965249927467,27.8182648301058,0
                83.4973859437866,27.8181258565348,0
                83.49772871083,27.8181316106383,0
                83.4978780636346,27.8181524232485,0
                83.4984987934832,27.818240426141,0
                83.4991847629545,27.818251934974,0
                83.4994912901429,27.8179507174487,0
                83.4995597859772,27.8177614237536,0
                83.4998642482707,27.817555009463,0
                83.5000375380214,27.8174630815551,0
                83.5009008031848,27.817209054783,0
                83.5019391117889,27.8167682995855,0
                83.5025464117854,27.8164523988394,0
                83.502891304855,27.8163633505499,0
                83.5033205586746,27.8163513580557,0
                83.5042686870558,27.8161359539397,0
                83.504525840767,27.8161413945867,0
                83.5047846804353,27.8160700929828,0
                83.504850298691,27.816011662338,0
                83.5050509052228,27.8156333875478,0
                83.5051279058099,27.8150222565185,0
                83.5053317018782,27.8144904951878,0
                83.5059680040728,27.8137911296212,0
                83.5060983645244,27.8137171385102,0
                83.5065068117889,27.8136666506641,0
                83.5069352521454,27.8136930295804,0
                83.5070216807542,27.8136572212735,0
                83.5074577523646,27.8133203833896,0
                83.5077859027873,27.8129989166243,0
                83.5086981047073,27.8124403571039,0
                83.5087844058399,27.8124226092612,0
                83.5092120343614,27.8124872988884,0
                83.5096408524019,27.8124956158969,0
                83.510325258477,27.8125837446289,0
                83.5110972800734,27.8125775055954,0
                83.512131708731,27.8123464797493,0
                83.5126461396996,27.8123550501164,0
                83.5131618847614,27.8122870016316,0
                83.5135062783246,27.8122182015257,0
                83.5139172274566,27.812034661844,0
                83.5140920811505,27.8118841150816,0
                83.5142274446617,27.8115416487195,0
                83.5142518814006,27.8113905996697,0
                83.5144540509294,27.8109355194131,0
                83.5144386216515,27.8106286719536,0
                83.5145181257173,27.8098663669812,0
                83.5148075357357,27.8093371695011,0
                83.5148764052461,27.8091072523674,0
                83.5148596621177,27.8088793358055,0
                83.5149040959547,27.8088027818104,0
                83.5151026362387,27.8085191842536,0
              </coordinates>
            </LinearRing>
          </outerBoundaryIs>
        </Polygon>
      </Placemark>
    </Document>
  </Document>
</kml>
