<?xml version="1.0" encoding="UTF-8"?>
<kml xmlns="http://www.opengis.net/kml/2.2">
  <Document id="root_doc">
    <Schema id="SU_ACHHAM_Chaurpati.schema">
      <SimpleField name="ogc_fid" type="int"/>
      <SimpleField name="objectid_1" type="float"/>
      <SimpleField name="dcode" type="int"/>
      <SimpleField name="district" type="string"/>
      <SimpleField name="dan" type="string"/>
      <SimpleField name="das" type="int"/>
      <SimpleField name="gapa_napa" type="string"/>
      <SimpleField name="type_gn" type="string"/>
      <SimpleField name="gn_code" type="float"/>
      <SimpleField name="new_ward_n" type="float"/>
      <SimpleField name="ddgnww" type="float"/>
      <SimpleField name="center" type="string"/>
      <SimpleField name="state_code" type="int"/>
      <SimpleField name="ddgn" type="float"/>
      <SimpleField name="area_sqkm" type="float"/>
      <SimpleField name="shape_leng" type="float"/>
      <SimpleField name="shape_area" type="float"/>
      <SimpleField name="Province" type="string"/>
      <SimpleField name="Address" type="string"/>
    </Schema>
    <Document id="SU_ACHHAM_Chaurpati">
      <name>SU_ACHHAM_Chaurpati</name>
      <Placemark id="SU_ACHHAM_Chaurpati.1">
        <ExtendedData>
          <SchemaData schemaUrl="#SU_ACHHAM_Chaurpati.schema">
            <SimpleData name="ogc_fid">2558</SimpleData>
            <SimpleData name="objectid_1">2559</SimpleData>
            <SimpleData name="dcode">69</SimpleData>
            <SimpleData name="district">ACHHAM</SimpleData>
            <SimpleData name="das">0</SimpleData>
            <SimpleData name="gapa_napa">Chaurpati</SimpleData>
            <SimpleData name="type_gn">Gaunpalika</SimpleData>
            <SimpleData name="gn_code">2.000000000000000</SimpleData>
            <SimpleData name="new_ward_n">6</SimpleData>
            <SimpleData name="ddgnww">690206.000000000116415</SimpleData>
            <SimpleData name="center">Chaurpati 1</SimpleData>
            <SimpleData name="state_code">7</SimpleData>
            <SimpleData name="ddgn">69002</SimpleData>
            <SimpleData name="area_sqkm">13.385796447800001</SimpleData>
            <SimpleData name="shape_leng">19679.098980999999185</SimpleData>
            <SimpleData name="shape_area">13385796.447799999266863</SimpleData>
            <SimpleData name="Province">SU</SimpleData>
            <SimpleData name="Address">Chaurpati-6, ACHHAM, SU</SimpleData>
          </SchemaData>
        </ExtendedData>
        <Polygon>
          <outerBoundaryIs>
            <LinearRing>
              <coordinates>
                81.1388540415749,29.3038714721239,0
                81.1387474326028,29.3037565440495,0
                81.1385380330165,29.3032379015991,0
                81.1385397229144,29.3031251621196,0
                81.1384363051423,29.3027801305243,0
                81.1384421872102,29.3023786057589,0
                81.1386211697401,29.3019791452173,0
                81.1388406426782,29.3017916037059,0
                81.1390172480268,29.3015636897542,0
                81.1393684551737,29.301263284905,0
                81.1397423486936,29.3008658895181,0
                81.1398755218628,29.3006379126075,0
                81.1401398657192,29.3003353823028,0
                81.1402739149892,29.3000510357582,0
                81.1404130319461,29.2994215341566,0
                81.1404573399909,29.2993651019275,0
                81.140548832795,29.2990221360082,0
                81.1405510496406,29.2973619154844,0
                81.1405106210217,29.2971702455081,0
                81.1394835900579,29.296280314982,0
                81.1391397667275,29.2960663296213,0
                81.1387093917301,29.2958705300814,0
                81.1384303073494,29.2956949177687,0
                81.1381718450093,29.2955981725694,0
                81.1379990565901,29.2955577367241,0
                81.1375658034884,29.2955514185605,0
                81.1371992311246,29.2954322377559,0
                81.1365577043424,29.2948531573661,0
                81.1359829209646,29.2941387165827,0
                81.1357930153046,29.2937938085979,0
                81.1356712926845,29.2932186734377,0
                81.135299427997,29.2919558485189,0
                81.1351423924719,29.2916447502988,0
                81.1349214311,29.2912051012673,0
                81.1345414309426,29.2906280245211,0
                81.1342444157249,29.290260617291,0
                81.1335835796219,29.2896229178636,0
                81.1333715517102,29.2893524407061,0
                81.1331158408283,29.2891000230005,0
                81.1327730174437,29.2888680400066,0
                81.1322577171158,29.2885934335916,0
                81.1307905499952,29.2882519452275,0
                81.13053096083,29.2882296316228,0
                81.1302725602783,29.2881306373495,0
                81.1298665592921,29.2878016621506,0
                81.1295273004665,29.2873756969946,0
                81.1292919611993,29.2872022106869,0
                81.1286028100253,29.2869637856937,0
                81.1282592981407,29.2867701118209,0
                81.1280023995012,29.2865560655883,0
                81.1278576783988,29.2860576726469,0
                81.1276662722898,29.2857691344923,0
                81.1274092495597,29.2855167795663,0
                81.1268277098142,29.2852060506415,0
                81.1263087204364,29.2850463710534,0
                81.1262218576921,29.2850464317332,0
                81.1257480528673,29.2847717013122,0
                81.1252985592687,29.284327736605,0
                81.1252562544247,29.2842307452837,0
                81.1251918892507,29.2841924978646,0
                81.1249573645924,29.2838836484724,0
                81.1247019052236,29.283538802042,0
                81.1246596628567,29.2834598710982,0
                81.1242748481235,29.2830360931512,0
                81.1242116092254,29.2829008550955,0
                81.1239339652744,29.2825920049509,0
                81.1234050550104,29.2816316496568,0
                81.1233640004963,29.2814579783459,0
                81.1233466332968,29.2811715047927,0
                81.1234184436518,29.2807135482752,0
                81.1235318098121,29.2803705822988,0
                81.1235596879915,29.2799713074018,0
                81.12360549666,29.2797998240383,0
                81.1236105654427,29.2794546689575,0
                81.1235571491148,29.2786516804703,0
                81.1234969135794,29.2783065863996,0
                81.123310012232,29.2777315753136,0
                81.1233159557569,29.2773300505235,0
                81.1233644554656,29.2769871457828,0
                81.1235940019045,29.2761297285319,0
                81.1235858318224,29.2752116895254,0
                81.1236366456907,29.274697300847,0
                81.123662397252,29.2744288260036,0
                81.1237297036174,29.274277653616,0
                81.1238024527167,29.2737610150314,0
                81.1240736162501,29.2730186510879,0
                81.1242286610584,29.2728109848451,0
                81.124407705594,29.2724498964292,0
                81.1253121613584,29.2714858736257,0
                81.1253995872538,29.2714474407152,0
                81.1254441455886,29.2713729484754,0
                81.1258384706522,29.2711289768916,0
                81.126036321515,29.2709573074057,0
                81.1266988694308,29.2702010125552,0
                81.1268096690567,29.2700497776319,0
                81.1268766624854,29.269916666546,0
                81.1270341470827,29.2695555770218,0
                81.1269989749327,29.2689803800859,0
                81.1268081945814,29.2686534707811,0
                81.1265291734917,29.2684417365447,0
                81.1262952746409,29.2680945790148,0
                81.1262119780329,29.2678442259565,0
                81.1262382917449,29.2675396923312,0
                81.1263484662802,29.2674268295333,0
                81.1267427298378,29.2671827944123,0
                81.126853529358,29.2670496211869,0
                81.1269202718368,29.2669345078753,0
                81.1269687093484,29.2665916028905,0
                81.1268437958397,29.2662082621763,0
                81.1264811655443,29.265764235996,0
                81.1263969929705,29.2655928756325,0
                81.1263586286202,29.2652477830667,0
                81.1264729327382,29.264848383799,0
                81.1264578802763,29.2643881768659,0
                81.1260345143254,29.2636374283254,0
                81.1259310977018,29.2632924596935,0
                81.1259367286422,29.2628931847427,0
                81.1260052862294,29.2626630196718,0
                81.1261382704504,29.2624937241686,0
                81.1261623956267,29.2623222404322,0
                81.1262525119525,29.2620920755774,0
                81.1262841445878,29.2614063281219,0
                81.1263346461315,29.2609280610562,0
                81.1266028698026,29.2603954264633,0
                81.1268671498466,29.2601493280133,0
                81.1278490842645,29.2597987491712,0
                81.1281562331819,29.2595908352302,0
                81.1282885300294,29.2594396637085,0
                81.1285100680574,29.2591551932747,0
                81.1286009977779,29.2588709084235,0
                81.1286970585119,29.2582414687649,0
                81.1287418663298,29.2581263550412,0
                81.1287720602481,29.2575534093208,0
                81.1288629906861,29.2572668744089,0
                81.1289971008601,29.2570208368471,0
                81.1293048139477,29.2567566160393,0
                81.1295014758702,29.2566639400387,0
                81.1298283707231,29.2565711405679,0
                81.1302636250048,29.2565007780085,0
                81.1306150814714,29.2562364945929,0
                81.1311011504509,29.2556495560361,0
                81.1313693104849,29.2551349829729,0
                81.1318355710747,29.2544149311556,0
                81.1321226005565,29.2540943407395,0
                81.1324515592382,29.2538481799549,0
                81.132715590047,29.2536223295966,0
                81.1326080434989,29.2535434611717,0
                81.1325221184556,29.2534871521163,0
                81.1322631561202,29.2533678478378,0
                81.1312264293104,29.2530124911874,0
                81.1304751687184,29.252413161831,0
                81.1300924802662,29.2518541469969,0
                81.1296427997445,29.2514282429868,0
                81.1294720769393,29.2512163852261,0
                81.1292358624127,29.2510406488052,0
                81.1281371483171,29.2504551884673,0
                81.1280734088713,29.2503785694483,0
                81.1276814665565,29.2501353365275,0
                81.1276166652471,29.2499797252568,0
                81.1276059797688,29.2499549151281,0
                81.1270848115625,29.2493621510073,0
                81.1263459829553,29.2489252442289,0
                81.1258896143149,29.2485805823489,0
                81.1254987345835,29.2483508486164,0
                81.124368277724,29.2475849666088,0
                81.1231726480958,29.2465551713025,0
                81.1227079006653,29.2464428007166,0
                81.1223124594948,29.2461634468295,0
                81.121087448798,29.2456637887416,0
                81.1206511357938,29.2455536055296,0
                81.1200386615214,29.2452948092183,0
                81.1196876512468,29.2450875732355,0
                81.1196223478532,29.2450899471619,0
                81.1189425724298,29.244698037252,0
                81.1183922816771,29.2442270740972,0
                81.1181297565926,29.2441167058844,0
                81.1172735675643,29.243770163287,0
                81.1172111393511,29.243745352396,0
                81.1159241325781,29.2434554873754,0
                81.1154884440782,29.243403985675,0
                81.1150538780099,29.2434089169743,0
                81.114531262602,29.2433574775165,0
                81.1134841603716,29.2431237348766,0
                81.1127843238476,29.2428446265667,0
                81.1120611797369,29.2424527155873,0
                81.1116434925942,29.2421350521068,0
                81.1110033425372,29.2414566063298,0
                81.1108453710634,29.2410777643875,0
                81.1105464679213,29.241443413729,0
                81.1103103712933,29.2416556409758,0
                81.1102038209924,29.2418091252337,0
                81.1101621370188,29.241942237267,0
                81.1099062907212,29.2422875766883,0
                81.109735123646,29.2424613702489,0
                81.1094590905035,29.2429218232821,0
                81.1093945354716,29.2429783173378,0
                81.1085300854267,29.2433308976113,0
                81.1084009759489,29.2434279490784,0
                81.1079475351093,29.2436426110469,0
                81.1071677621623,29.243862079906,0
                81.1067140087554,29.2440564299557,0
                81.1065189102559,29.2440971734335,0
                81.1061297102663,29.2442554034784,0
                81.1059346118012,29.2442758994526,0
                81.1054145555712,29.244413879376,0
                81.1046993385095,29.2445565433027,0
                81.1041782214278,29.2446200930122,0
                81.1030741788056,29.244936798308,0
                81.1027509696805,29.2451490869273,0
                81.1025564954781,29.2452281391175,0
                81.1018451474308,29.2456550274555,0
                81.1014580075714,29.2459463071669,0
                81.1011341111463,29.246120224093,0
                81.0999001492651,29.2464956719153,0
                81.0995123232772,29.2467282702758,0
                81.0991224366918,29.2468481285502,0
                81.0986009453777,29.2468529962606,0
                81.09851383257,29.2468553072247,0
                81.0981680023846,29.2469909143226,0
                81.097908973211,29.2471287107502,0
                81.097779489555,29.2472055145453,0
                81.09760832166,29.2473793081727,0
                81.0974385277238,29.247665903875,0
                81.0972064876416,29.2481826654777,0
                81.0971453661216,29.2484691998824,0
                81.0971922310521,29.2486969920658,0
                81.0971761629748,29.2490985167314,0
                81.0972698924332,29.2495541010575,0
                81.0973601256076,29.2497818932164,0
                81.0968439427148,29.2499807425815,0
                81.0966748397918,29.2500462966369,0
                81.0973183742184,29.2501789176576,0
                81.0973614925307,29.2502375382598,0
                81.0976204427353,29.2510381546983,0
                81.0977068028991,29.2512095141882,0
                81.0977717931369,29.251265822732,0
                81.09792264073,29.2516672874831,0
                81.0979225140116,29.2517800265225,0
                81.0980734212451,29.2522942306267,0
                81.0980944725949,29.2527521256081,0
                81.0979635406129,29.2534357479316,0
                81.0980064019102,29.2538936432786,0
                81.0982441122983,29.2542949840223,0
                81.0983522826975,29.2544099122967,0
                81.0985684377081,29.2545631507624,0
                81.0992825844283,29.2548896926568,0
                81.0996072846934,29.2551759197359,0
                81.0998017550605,29.2553855911401,0
                81.1000176540083,29.2558816722002,0
                81.1000392739762,29.2559967246689,0
                81.1000820130908,29.2562808858331,0
                81.1001468750665,29.2565109281571,0
                81.1001460529535,29.257023005026,0
                81.1000591241311,29.257214797993,0
                81.1000158777174,29.2573479105495,0
                81.0999286977456,29.2576321950419,0
                81.099819700582,29.2583180049507,0
                81.0996892727184,29.2587737729486,0
                81.0996459024604,29.2588302047823,0
                81.0995803425513,29.259173109181,0
                81.0995798333063,29.2596874359551,0
                81.0996223827949,29.2600866494575,0
                81.0998809541566,29.26111511934,0
                81.0999022608888,29.261286541306,0
                81.1000105543787,29.2615142716457,0
                81.1002914451559,29.2619742318279,0
                81.1005070935761,29.2625447442032,0
                81.1010255040547,29.263575217521,0
                81.1013279484128,29.2643758348662,0
                81.1017383173226,29.2650634632635,0
                81.1020191410911,29.2658053980088,0
                81.1022134816816,29.2662068010647,0
                81.1026022294278,29.266892242223,0
                81.1026670920145,29.2670658514105,0
                81.1030777734408,29.2677512929885,0
                81.1030991433257,29.2678843437025,0
                81.1031423226832,29.2679993963989,0
                81.1032936737968,29.2681910054559,0
                81.1034016536729,29.2684751680312,0
                81.1039849291743,29.2696206311017,0
                81.1044824736589,29.2703081989834,0
                81.104676690554,29.2706509198491,0
                81.1048064822026,29.2708223427418,0
                81.1049578952411,29.2710522607397,0
                81.1051308665576,29.2713385489354,0
                81.1058444393288,29.2722538484313,0
                81.1059739804742,29.2724838288023,0
                81.1064495919109,29.2731127758423,0
                81.1072932085479,29.2740888219797,0
                81.1073581994424,29.2741271316125,0
                81.1078122518857,29.2746614005221,0
                81.1082018172983,29.2750626182585,0
                81.109023372122,29.2761514654475,0
                81.1097156383322,29.2769516499592,0
                81.1101478816549,29.2775242269659,0
                81.1104072752919,29.2779841881449,0
                81.1106237400051,29.2782705387164,0
                81.1107534085952,29.2783832177301,0
                81.1111212245183,29.278843055097,0
                81.1113159447257,29.2789962935121,0
                81.1117918704224,29.2795304999256,0
                81.1120296436675,29.2799318405921,0
                81.1121373729581,29.2802181903497,0
                81.1121584875532,29.2806738356829,0
                81.1120490557821,29.2811882237892,0
                81.1120265533699,29.2814747591152,0
                81.1119394352195,29.2817590436355,0
                81.1119163682023,29.28221693864,0
                81.1117636949454,29.2826163367433,0
                81.1115024707122,29.2831309097691,0
                81.1114365991555,29.2834738143814,0
                81.111457276608,29.2838730276419,0
                81.1116082487343,29.2842743666295,0
                81.1116943574508,29.2845225321209,0
                81.1118673298302,29.2847320773681,0
                81.1132739894453,29.2860144773839,0
                81.1136849243739,29.2865103741653,0
                81.1140742390513,29.2869115918208,0
                81.1143551920822,29.2873693032891,0
                81.1146145258657,29.2877140869753,0
                81.1151759926978,29.2887444980608,0
                81.1157382138039,29.2895448061033,0
                81.1167116250865,29.2905770979279,0
                81.1172094240718,29.2910165012588,0
                81.1174255150659,29.2912667306829,0
                81.1178248282226,29.2916430758271,0
                81.1180321715852,29.2918391229928,0
                81.1188140457678,29.2928693502191,0
                81.1189662688807,29.2932120705045,0
                81.1190100027017,29.2937849551839,0
                81.1189236934809,29.2942993433076,0
                81.1189242478306,29.2946986179579,0
                81.1189024991315,29.2948136698522,0
                81.1189028684854,29.2951182040591,0
                81.1188816168317,29.2954046767875,0
                81.1189037917006,29.2959190043931,0
                81.118947469271,29.2961467961682,0
                81.1189475876564,29.2965460081297,0
                81.1192738394083,29.2974051831892,0
                81.119469494687,29.2977478406059,0
                81.1198167507836,29.2982054902835,0
                81.1198822393723,29.2983790999911,0
                81.1205771894815,29.2992942745204,0
                81.1208809560209,29.2995805011356,0
                81.1215102985691,29.3000581526235,0
                81.121575663372,29.3000964002767,0
                81.1216841479644,29.30015495892,0
                81.1219880396896,29.3003645058702,0
                81.122248564055,29.3005379311075,0
                81.1223350520182,29.3005378691653,0
                81.1224219762741,29.3005941778829,0
                81.1229426523102,29.3007673564026,0
                81.123171744808,29.3008235420488,0
                81.1232609196987,29.3008460410325,0
                81.1235140717287,29.3008683550009,0
                81.1239458859615,29.3009694759971,0
                81.1247463375088,29.3010544163781,0
                81.1250499833135,29.3010406095994,0
                81.1257890721355,29.3008775097574,0
                81.1261573347233,29.3008613915184,0
                81.1270446496891,29.3009485204871,0
                81.1271950024577,29.3010273274565,0
                81.1275408908749,29.3010878891342,0
                81.1285333120538,29.3013846879439,0
                81.128770215423,29.3014837447031,0
                81.1295232934398,29.3018371592547,0
                81.1297809427622,29.3019925233947,0
                81.1310716925775,29.3026364184724,0
                81.1312861605518,29.3027918443132,0
                81.1315638043138,29.3030622597822,0
                81.1317357171902,29.3031613158113,0
                81.1319081920464,29.30321981271,0
                81.1323409451789,29.303262252162,0
                81.1334580295929,29.3039243308214,0
                81.1342328550785,29.3042776833336,0
                81.1345778683734,29.3043969263501,0
                81.1355685378436,29.3048087140988,0
                81.1357653244564,29.3046957280125,0
                81.1362423222607,29.3046636749229,0
                81.1364801013177,29.3047039862659,0
                81.136805933552,29.3046518083036,0
                81.1369586009836,29.3045771923571,0
                81.1371538871096,29.304558946917,0
                81.137394043335,29.3044481484195,0
                81.1378509207278,29.3043191037867,0
                81.1380913900317,29.3041699956239,0
                81.1384204134442,29.3038877148225,0
                81.1385503954469,29.3038875291743,0
                81.1388540415749,29.3038714721239,0
              </coordinates>
            </LinearRing>
          </outerBoundaryIs>
        </Polygon>
      </Placemark>
      <Placemark id="SU_ACHHAM_Chaurpati.2">
        <ExtendedData>
          <SchemaData schemaUrl="#SU_ACHHAM_Chaurpati.schema">
            <SimpleData name="ogc_fid">2572</SimpleData>
            <SimpleData name="objectid_1">2573</SimpleData>
            <SimpleData name="dcode">69</SimpleData>
            <SimpleData name="district">ACHHAM</SimpleData>
            <SimpleData name="das">0</SimpleData>
            <SimpleData name="gapa_napa">Chaurpati</SimpleData>
            <SimpleData name="type_gn">Gaunpalika</SimpleData>
            <SimpleData name="gn_code">2.000000000000000</SimpleData>
            <SimpleData name="new_ward_n">5</SimpleData>
            <SimpleData name="ddgnww">690205.000000000000000</SimpleData>
            <SimpleData name="center">Chaurpati 1</SimpleData>
            <SimpleData name="state_code">7</SimpleData>
            <SimpleData name="ddgn">69002</SimpleData>
            <SimpleData name="area_sqkm">18.585992044200001</SimpleData>
            <SimpleData name="shape_leng">26818.165069499998935</SimpleData>
            <SimpleData name="shape_area">18585992.044199999421835</SimpleData>
            <SimpleData name="Province">SU</SimpleData>
            <SimpleData name="Address">Chaurpati-5, ACHHAM, SU</SimpleData>
          </SchemaData>
        </ExtendedData>
        <Polygon>
          <outerBoundaryIs>
            <LinearRing>
              <coordinates>
                81.1758393661238,29.2259081316696,0
                81.1759484060284,29.2263094708149,0
                81.176144126752,29.2264626471826,0
                81.1778839561209,29.226173884979,0
                81.1786669741482,29.2261728334283,0
                81.1797109534746,29.2263067731579,0
                81.180320119953,29.2263240295861,0
                81.1815381981534,29.2265727734842,0
                81.1826692886757,29.2268780102932,0
                81.1832348348086,29.2269155770566,0
                81.1839735558358,29.2264182586004,0
                81.1843643838438,29.2260184889103,0
                81.184755398141,29.2257495192305,0
                81.1851029154616,29.22557978994,0
                81.1854938064409,29.225234201805,0
                81.1859718712148,29.2249109267118,0
                81.1864280676781,29.2243960428853,0
                81.1865799243306,29.2242807438311,0
                81.1868625749997,29.2241856311776,0
                81.1872970789795,29.2241285803238,0
                81.1876448438418,29.224128147842,0
                81.1891883148251,29.2244147045209,0
                81.1899710790507,29.2246256331897,0
                81.1901451157857,29.2247020657011,0
                81.1917103322169,29.2251036122276,0
                81.1924932205087,29.2253528500107,0
                81.1925800833806,29.2253910970682,0
                81.1926453855831,29.2254677161832,0
                81.1929931485114,29.2255822099551,0
                81.1939498884692,29.225792954048,0
                81.1949931809411,29.2259086446164,0
                81.1954279322937,29.2260230774891,0
                81.1962975624159,29.2260601487443,0
                81.196558153032,29.2260033451814,0
                81.1969276045866,29.2258697374987,0
                81.1971005357571,29.2248769572767,0
                81.1971001702832,29.2243423194915,0
                81.1971647337548,29.2238076201355,0
                81.1970341335277,29.2234243423869,0
                81.1967732328844,29.2233299724333,0
                81.1965122722835,29.2231769827011,0
                81.1958377489981,29.2226027771305,0
                81.1950984840643,29.2221075003026,0
                81.1946199919639,29.2218398313097,0
                81.1946194412652,29.2211902047768,0
                81.194706120892,29.2209599773983,0
                81.1947273145772,29.2204434004683,0
                81.1948139357645,29.2199853202213,0
                81.1947918840001,29.2195838571556,0
                81.1949652435114,29.2191257147978,0
                81.194986743944,29.2189542307814,0
                81.1949866256742,29.2185527057659,0
                81.1949425749236,29.2182098625942,0
                81.1948117901815,29.2176935331429,0
                81.1944854077224,29.217121019692,0
                81.1940931643842,29.216203538092,0
                81.1934402709265,29.2152863645346,0
                81.1930757642625,29.2149440157672,0
                81.1927879337465,29.2146737247235,0
                81.1923093793998,29.2143496237186,0
                81.1910482511125,29.2137197900221,0
                81.1905266372696,29.2135649224789,0
                81.1896787603248,29.2132029447698,0
                81.1894179220259,29.2131265734049,0
                81.1890698474798,29.2129533964284,0
                81.1882874592396,29.212724407233,0
                81.187330847997,29.2122655624398,0
                81.1862870608428,29.2118452119799,0
                81.1858956821252,29.2115570461843,0
                81.1851131077697,29.2112332526671,0
                81.1848520196073,29.2111569441287,0
                81.1841565580709,29.2108308403554,0
                81.1836345126236,29.2104098097788,0
                81.1835910814128,29.2103714371883,0
                81.1833515621977,29.2097987998235,0
                81.1833293224629,29.2093972749055,0
                81.1832421534262,29.2089958737201,0
                81.1832201024216,29.2085380406936,0
                81.1831368049289,29.2083193102533,0
                81.1831113097146,29.2082516908806,0
                81.1830681321237,29.2080216493443,0
                81.1830246389372,29.2079653417294,0
                81.1829380957151,29.2075639400492,0
                81.1821787285447,29.2059588299623,0
                81.1819183393683,29.2052125828763,0
                81.1818534826049,29.2046960054109,0
                81.1818541151984,29.2042945430249,0
                81.1819846029299,29.2039515140692,0
                81.1822455121547,29.2035699283762,0
                81.1822893199894,29.2034548151226,0
                81.182419994995,29.203168155712,0
                81.1824633705992,29.2028230013043,0
                81.18235527073,29.2021937462385,0
                81.1823342258382,29.2013907576788,0
                81.1822260610372,29.2009307367629,0
                81.1822480665988,29.2004546563831,0
                81.1826829507074,29.2001293179166,0
                81.1828349941722,29.1999960195415,0
                81.1829654795955,29.1998244122956,0
                81.1832485734911,29.1994224539018,0
                81.183400933154,29.1990794254171,0
                81.1835529156296,29.1989055063866,0
                81.1836836520863,29.198677467012,0
                81.1837490230374,29.1983908697304,0
                81.1838148404294,29.1976441902568,0
                81.1840108232081,29.1970709333718,0
                81.1842066762025,29.1967864632929,0
                81.1843805310908,29.1966125445304,0
                81.1849675208492,29.1961740931104,0
                81.1854676481521,29.1956973946938,0
                81.1858374143576,29.1954668581758,0
                81.1864895863686,29.1948365513621,0
                81.1866638212199,29.1943220388017,0
                81.1868378648969,29.1940916881988,0
                81.1871205177713,29.193843152005,0
                81.1874684770218,29.1934433818913,0
                81.1875554696325,29.1932132169746,0
                81.1877513220696,29.192946744741,0
                81.1871430332359,29.1927920005061,0
                81.1868605098378,29.192754000827,0
                81.1863392720444,29.1926013199827,0
                81.1857309216679,29.1923720833836,0
                81.184340744314,29.1919701639103,0
                81.17999949146,29.1903587542734,0
                81.1795652397501,29.1903006921231,0
                81.1793917629165,29.1903392479671,0
                81.1791307954844,29.1904929805375,0
                81.1789572575182,29.1904909783478,0
                81.1785233183107,29.1903945436293,0
                81.1772656868948,29.1898773870533,0
                81.1772225059403,29.1898188293022,0
                81.1767233877853,29.189781138973,0
                81.1755945428601,29.1897781235567,0
                81.1742930997853,29.1895474395333,0
                81.1737725494776,29.1893563878558,0
                81.1733385482794,29.1892396429412,0
                81.1730783979896,29.1891249628187,0
                81.1727311970015,29.1890487144661,0
                81.1724709207442,29.1890287758356,0
                81.1716032936725,29.188817845547,0
                81.1710804307722,29.1886109826108,0
                81.1699984618494,29.1881837581127,0
                81.1692179501604,29.1878192812695,0
                81.1688712515462,29.1876076713822,0
                81.1686111015023,29.1874929910725,0
                81.168177162837,29.1873965561804,0
                81.1677432854563,29.1873564916203,0
                81.1672225455374,29.1872420579777,0
                81.1667888577409,29.1870869415823,0
                81.1659214840761,29.1866459079265,0
                81.1651409086803,29.1863784225768,0
                81.1648347652601,29.1862412436854,0
                81.1647070964897,29.1861849972789,0
                81.1645548045539,29.1861851826324,0
                81.1639471420637,29.1859355096358,0
                81.1629052934466,29.1854766006208,0
                81.1616897199784,29.1848645162277,0
                81.1615158693701,29.1848241430408,0
                81.1612557207887,29.1846913389078,0
                81.159952969637,29.1842304894598,0
                81.1590847827678,29.1838277646932,0
                81.1588026999797,29.1836363418698,0
                81.1586065988614,29.1837899495857,0
                81.1581492769442,29.1843251434732,0
                81.1574744216177,29.1849169541478,0
                81.1569734171514,29.1854904563489,0
                81.1568860501614,29.185720683547,0
                81.1568641126765,29.1858921041491,0
                81.156858630778,29.1884163061761,0
                81.1569441077582,29.1890478741165,0
                81.1571384458013,29.1896228227184,0
                81.1573763424342,29.1901391534565,0
                81.1573975235479,29.1903105119588,0
                81.1575919873015,29.190829153912,0
                81.1577430188749,29.1914019156032,0
                81.1578293795163,29.1915755255241,0
                81.1580230886494,29.1923783280335,0
                81.158174435411,29.1927796673465,0
                81.1582611093995,29.1929149064996,0
                81.15845500633,29.1936590899004,0
                81.1584546282552,29.1938327603713,0
                81.1583236419492,29.19411941988,0
                81.1581277262699,29.1943677688779,0
                81.1577357749592,29.194634426499,0
                81.1574315649914,29.1947295378694,0
                81.1565185000382,29.1948637005144,0
                81.155866399137,29.1950156153566,0
                81.155409773845,29.1950341694516,0
                81.1550836927121,29.195111220344,0
                81.1546921804364,29.1952628257804,0
                81.1541050047934,29.1956086603444,0
                81.1538437249779,29.1958186997896,0
                81.1528426627613,29.1964491900226,0
                81.151863283788,29.1971744218954,0
                81.1514063425769,29.1974230795097,0
                81.150905653394,29.1978612821442,0
                81.1503614705012,29.198225052589,0
                81.1494472715188,29.1989320990916,0
                81.1483365916086,29.2000206698774,0
                81.1476826641254,29.2009394508977,0
                81.147247091939,29.2013392197564,0
                81.1471601034045,29.2013776527835,0
                81.1464198809597,29.2019897729003,0
                81.1459185007217,29.2026580166305,0
                81.1455266101775,29.2030036040236,0
                81.1452006556342,29.2029633531587,0
                81.1449401316619,29.2028305488663,0
                81.1446363650405,29.202542134576,0
                81.1442254983887,29.2017395164755,0
                81.1440960855997,29.201356174906,0
                81.1438796211566,29.2009932059279,0
                81.1438363174789,29.2008399069006,0
                81.1435550534604,29.2003033281522,0
                81.1434475119362,29.1999221754925,0
                81.143382900314,29.1996718847183,0
                81.1426270415951,29.1975861316363,0
                81.1421291225609,29.1968219460834,0
                81.1418479858154,29.1961320065129,0
                81.1414368687436,29.1953654473484,0
                81.1409601934172,29.1947929943056,0
                81.140808404524,29.1946781285008,0
                81.1406134983242,29.1943895897898,0
                81.1405058959318,29.1939317559737,0
                81.1403762942049,29.1936251577104,0
                81.1402038292223,29.1930117757049,0
                81.1400740379486,29.1928021054614,0
                81.1398137648769,29.1925723106001,0
                81.1396187331946,29.1923423919375,0
                81.1394889428097,29.1921327230276,0
                81.1394244551951,29.1919027427235,0
                81.1388383594017,29.1912897926137,0
                81.1387085679799,29.1910620617401,0
                81.1384925489648,29.1902975680311,0
                81.1378422779623,29.1894185158165,0
                81.137343419584,29.1888257520524,0
                81.1371921366371,29.1883657299256,0
                81.1369104934278,29.1880028850945,0
                81.1363025848411,29.1875252337121,0
                81.1354774562932,29.1870862009463,0
                81.1350863229942,29.1870279506277,0
                81.1347602427766,29.1870485693138,0
                81.134564518628,29.1871051867268,0
                81.1344339090714,29.1872000506648,0
                81.1342376186347,29.1874867720191,0
                81.1342371122215,29.1878499251488,0
                81.134496377086,29.1885376772229,0
                81.1346040404421,29.1890541307396,0
                81.1349286698541,29.189856872568,0
                81.135014964198,29.1902019037989,0
                81.1351010069425,29.1906597372209,0
                81.1351005021235,29.1909462107274,0
                81.1351649233472,29.1913476740728,0
                81.1353157047719,29.1919204977046,0
                81.1352711380858,29.1924957561996,0
                81.1353780464295,29.1933550522982,0
                81.1352034379609,29.1937567623349,0
                81.1350943871919,29.1939283079947,0
                81.1344409649864,29.1945966737774,0
                81.1340486346597,29.1951136203782,0
                81.1338955858524,29.19551308056,0
                81.1338518371212,29.1957431214441,0
                81.1338504501554,29.1964311818661,0
                81.1338930621983,29.1968327074568,0
                81.134000915573,29.1972341089768,0
                81.134000537608,29.1974055312037,0
                81.1339133586797,29.1975770762415,0
                81.1337379978183,29.1981524574103,0
                81.1334981483983,29.1985542295924,0
                81.1330610662498,29.1995291323424,0
                81.1329518257736,29.1998157287708,0
                81.1326885948348,29.2007905098562,0
                81.1324918632758,29.2012485888089,0
                81.1323818052781,29.2018803410363,0
                81.1322941241811,29.2021668759421,0
                81.1322934945396,29.202453348724,0
                81.1321397541369,29.2030851629148,0
                81.1320511930008,29.2037168525574,0
                81.1318093927327,29.2048652424839,0
                81.1317432056734,29.2053796313391,0
                81.1315244126189,29.2059550744824,0
                81.1314581024042,29.2063566612739,0
                81.1313269900304,29.2066432579979,0
                81.1306731266085,29.2075033559833,0
                81.1303031113474,29.2076932078279,0
                81.1297813055803,29.2078087523188,0
                81.1294331622402,29.2079984804713,0
                81.129215000041,29.2082852627083,0
                81.1291996259879,29.2083168223899,0
                81.1290845128975,29.2085537990768,0
                81.1289978316072,29.2088606434602,0
                81.128606371568,29.2096663756525,0
                81.1282587865014,29.2100682088543,0
                81.1278241516552,29.2104701648123,0
                81.1274548224318,29.2107186371362,0
                81.1253684673654,29.2116364601323,0
                81.1249553984447,29.2116164561395,0
                81.1242374965412,29.211673566677,0
                81.1241294450866,29.2118834830425,0
                81.1240860700993,29.2121722675777,0
                81.1239773325469,29.2123438132312,0
                81.123934147508,29.2125175461462,0
                81.1237817270789,29.2127477725963,0
                81.1237383524665,29.2130342449664,0
                81.1236949827767,29.2130929894277,0
                81.123694728201,29.2133794624359,0
                81.123738404804,29.213609504216,0
                81.1246512369032,29.2160267910891,0
                81.124694473922,29.2164283164349,0
                81.124759961922,29.2166019259473,0
                81.1251944523751,29.2173504251926,0
                81.1259118349299,29.2183851503711,0
                81.1263681974254,29.2191336495388,0
                81.1265422299326,29.2194785573879,0
                81.1275201379545,29.2206303380398,0
                81.1279982525078,29.2210156207232,0
                81.1283243931334,29.2211889845379,0
                81.1290199804548,29.2214387833585,0
                81.1293675565272,29.2214947829051,0
                81.1298894205944,29.221649900686,0
                81.130150006749,29.2218233874709,0
                81.1302806738896,29.2219563141579,0
                81.1303891558399,29.222109614626,0
                81.1304543314552,29.2223012844303,0
                81.1302804704652,29.2228202960795,0
                81.1302587792501,29.2232218215261,0
                81.1301502266039,29.2235106679385,0
                81.1296937188242,29.2239689937221,0
                81.1296067899292,29.2241427891491,0
                81.129606908697,29.2244879445583,0
                81.1296503359766,29.224717985924,0
                81.1298458645643,29.2251193260565,0
                81.1299763998305,29.2256379673202,0
                81.1299112070006,29.2264433906154,0
                81.1297372225372,29.2269037206609,0
                81.1296070487825,29.2271338842973,0
                81.1293027713188,29.2275357180979,0
                81.1288679503167,29.2278406838487,0
                81.1286724720732,29.2281092808768,0
                81.1286071650431,29.2282830763378,0
                81.1286505967055,29.2283213859165,0
                81.1287592685578,29.2283393235277,0
                81.1290202338512,29.2283007052073,0
                81.1291724651515,29.2281877804948,0
                81.1294329931678,29.2280724827104,0
                81.1301287763541,29.2279183814189,0
                81.1305633423129,29.2278818904195,0
                81.1315199664963,29.2276148033424,0
                81.1319544699668,29.2275376295339,0
                81.1326500682475,29.2272504775537,0
                81.1330848846148,29.2271936771007,0
                81.1332368645042,29.2271168112029,0
                81.1334325309989,29.2268098423244,0
                81.1339323467352,29.2263130827364,0
                81.1341496342064,29.2260444235416,0
                81.1343238024569,29.225737516955,0
                81.1344106071535,29.2255072271739,0
                81.1344539235848,29.2249703407843,0
                81.1345192317068,29.224740237458,0
                81.1349973031943,29.2240517457688,0
                81.1354973078639,29.2234759936317,0
                81.1361709142361,29.2228256885962,0
                81.136801272443,29.2224054863714,0
                81.137322643563,29.2221748278693,0
                81.1381923379193,29.2220792236812,0
                81.13862703094,29.2219276190506,0
                81.1389747971394,29.2218889401111,0
                81.1402788673897,29.2219281414807,0
                81.1407133684869,29.2220833830523,0
                81.1413220324705,29.2221977555748,0
                81.1416698598182,29.2222357568573,0
                81.1426261041823,29.2222189586325,0
                81.1433218195773,29.2223152721952,0
                81.1435827183968,29.222450262722,0
                81.1439305409121,29.2227183053378,0
                81.1444522162322,29.2229297924694,0
                81.1447997919837,29.2229880418342,0
                81.1455172562588,29.2229873013035,0
                81.1463864538756,29.2227968315037,0
                81.1471690968617,29.2227599080467,0
                81.1476905903845,29.2226059292157,0
                81.1489079276413,29.2224150887514,0
                81.1495164721277,29.2222429880202,0
                81.150124766023,29.2221295075969,0
                81.1503422997904,29.2220525795807,0
                81.1507333140128,29.2217837355865,0
                81.1509288534693,29.2215940058193,0
                81.1511678920722,29.221056809188,0
                81.1513633068598,29.2208648920561,0
                81.1515807173215,29.2207112846225,0
                81.1520372198362,29.2205393070898,0
                81.1528628661756,29.2200218036622,0
                81.1537320042494,29.2196012299352,0
                81.1539057944815,29.2195446755103,0
                81.1541450770322,29.2193910053058,0
                81.1544274815361,29.2190838499023,0
                81.1546447094031,29.2186234585665,0
                81.154840436539,29.2183954205649,0
                81.1549707954999,29.2182982431607,0
                81.1551660829695,29.2182416268418,0
                81.1556877064487,29.2177808637375,0
                81.1560136661867,29.217570700926,0
                81.1563611218511,29.2173785355683,0
                81.1568825530648,29.2172245571006,0
                81.1572303803436,29.2172444351404,0
                81.1577515566181,29.2173566194077,0
                81.1582730492225,29.2172793214745,0
                81.1586206261243,29.217317260108,0
                81.1587944159082,29.2172606430712,0
                81.1589899535398,29.2171250330731,0
                81.1590550717017,29.2170302305792,0
                81.1592073096069,29.2165518398578,0
                81.1592942373585,29.2164186654335,0
                81.1593594163565,29.2163802322476,0
                81.1596852479763,29.2163211797198,0
                81.1602283621373,29.2162821909047,0
                81.160554254607,29.216302068548,0
                81.160815092911,29.2163581917346,0
                81.1611624795335,29.2165291808478,0
                81.1614884313672,29.2167386033561,0
                81.1624441683976,29.2171005827541,0
                81.1628789207743,29.2171767692747,0
                81.1632264354878,29.2171966467236,0
                81.1634002867639,29.2171761513571,0
                81.1639867694401,29.2171190394353,0
                81.1643779663903,29.2171366060292,0
                81.1648344649762,29.2171676087086,0
                81.1652037897705,29.2171941744208,0
                81.1662476444704,29.2173259883775,0
                81.1670306615061,29.2173250615376,0
                81.1681616301122,29.2174589401515,0
                81.1683345434518,29.2174699417481,0
                81.1696840450508,29.2175540144037,0
                81.1702059091424,29.2176300774084,0
                81.1706410338274,29.2178213147881,0
                81.1713369348041,29.2180504278437,0
                81.1715977102774,29.2181064893979,0
                81.1720329628844,29.2181059322331,0
                81.172467717195,29.2180286958827,0
                81.173511581497,29.2176258102097,0
                81.1742076753636,29.2175505139829,0
                81.174902955747,29.2175495864423,0
                81.1759465592967,29.217721897503,0
                81.1767289486273,29.217914889602,0
                81.1775986362197,29.2182385587799,0
                81.1776421290848,29.2182971170598,0
                81.1773815940713,29.2187734436521,0
                81.1772949145044,29.2190036707319,0
                81.1773821446684,29.2194614418982,0
                81.1775129332601,29.2198064115852,0
                81.1775347358526,29.2201492551649,0
                81.1776657689151,29.2208370676347,0
                81.1776878199099,29.2212972128384,0
                81.1776009479422,29.2218139130831,0
                81.1776224417167,29.2219853348547,0
                81.1775790043111,29.2223282401066,0
                81.1775140721117,29.2225020355467,0
                81.1774705103225,29.2227885703632,0
                81.1771659773919,29.2234769396779,0
                81.1771225981553,29.2240522599741,0
                81.1769485507708,29.2245104026466,0
                81.1768833658763,29.2249119895316,0
                81.1767095684651,29.2253723814013,0
                81.1761439510644,29.2257927093957,0
                81.1758393661238,29.2259081316696,0
              </coordinates>
            </LinearRing>
          </outerBoundaryIs>
        </Polygon>
      </Placemark>
      <Placemark id="SU_ACHHAM_Chaurpati.3">
        <ExtendedData>
          <SchemaData schemaUrl="#SU_ACHHAM_Chaurpati.schema">
            <SimpleData name="ogc_fid">2577</SimpleData>
            <SimpleData name="objectid_1">2578</SimpleData>
            <SimpleData name="dcode">69</SimpleData>
            <SimpleData name="district">ACHHAM</SimpleData>
            <SimpleData name="das">0</SimpleData>
            <SimpleData name="gapa_napa">Chaurpati</SimpleData>
            <SimpleData name="type_gn">Gaunpalika</SimpleData>
            <SimpleData name="gn_code">2.000000000000000</SimpleData>
            <SimpleData name="new_ward_n">7</SimpleData>
            <SimpleData name="ddgnww">690207.000000000000000</SimpleData>
            <SimpleData name="center">Chaurpati 1</SimpleData>
            <SimpleData name="state_code">7</SimpleData>
            <SimpleData name="ddgn">69002</SimpleData>
            <SimpleData name="area_sqkm">16.078391491900000</SimpleData>
            <SimpleData name="shape_leng">22671.316418200000044</SimpleData>
            <SimpleData name="shape_area">16078391.491900000721216</SimpleData>
            <SimpleData name="Province">SU</SimpleData>
            <SimpleData name="Address">Chaurpati-7, ACHHAM, SU</SimpleData>
          </SchemaData>
        </ExtendedData>
        <Polygon>
          <outerBoundaryIs>
            <LinearRing>
              <coordinates>
                81.1521424272774,29.2467103038302,0
                81.1524899455929,29.2464978904121,0
                81.1533593967403,29.2460953772844,0
                81.1535986172673,29.2458852755416,0
                81.1539462608626,29.2457112339979,0
                81.1544678790461,29.2455775658117,0
                81.1547710873923,29.2456020057777,0
                81.1549241289039,29.245615380998,0
                81.1560540271769,29.246092290064,0
                81.156836483673,29.2460529913015,0
                81.157357971711,29.2462418566588,0
                81.1575970613173,29.246376909137,0
                81.1578578997144,29.2464330324052,0
                81.1580318134427,29.2464327849834,0
                81.1588141467803,29.2462784348944,0
                81.1593355174893,29.2460094678313,0
                81.1595747997207,29.2458377366931,0
                81.1599224426894,29.2457041913281,0
                81.1602700191059,29.2457218198167,0
                81.1605308576438,29.2457779432593,0
                81.1611392694015,29.246045613598,0
                81.1614869082087,29.2461016137269,0
                81.1618346739256,29.2460448109714,0
                81.1626821284275,29.2456038641779,0
                81.1635515746607,29.2454494526969,0
                81.1638121658192,29.2453340922024,0
                81.1640731317914,29.2452751009555,0
                81.1647028584675,29.2452314885385,0
                81.1648337159332,29.2452223040084,0
                81.1660083685636,29.2451396400325,0
                81.1662910180013,29.2451483309585,0
                81.166095362323,29.2448530427122,0
                81.1660954282461,29.2446815589818,0
                81.1661824821685,29.2444513319402,0
                81.1662478549601,29.2441061772935,0
                81.1662694854423,29.243589600737,0
                81.1661172073577,29.2428454185214,0
                81.1660300977564,29.2426718081393,0
                81.1658778778454,29.2421554794232,0
                81.1658562010929,29.2416975843154,0
                81.1657909672022,29.2412961209347,0
                81.1655515715713,29.2407798536331,0
                81.1652471383562,29.2394019148523,0
                81.164942686734,29.2389805124067,0
                81.1648338909047,29.2389129549766,0
                81.163964707068,29.2383704310865,0
                81.1634213508695,29.2379515250823,0
                81.1630086026924,29.2375504945104,0
                81.1627911369944,29.2372620188273,0
                81.1626826575506,29.2369756692733,0
                81.1624434476801,29.2365744532027,0
                81.1620741373314,29.235771835663,0
                81.162030650922,29.2353140021189,0
                81.1616830303216,29.2342226617951,0
                81.1614658163436,29.2338800036975,0
                81.1614005784608,29.2337063936923,0
                81.1611183742964,29.2333052399613,0
                81.1608356679196,29.2330190755363,0
                81.160444605814,29.2325029934486,0
                81.1598798183948,29.2319104159523,0
                81.1597928954291,29.2318157983626,0
                81.1595322497375,29.2314709521869,0
                81.1594452022068,29.2312995920552,0
                81.1594451430821,29.2310695511493,0
                81.1595538884637,29.2304964182035,0
                81.1599887207447,29.2295778224255,0
                81.1603144356287,29.2290405647156,0
                81.1606404604236,29.2286589796901,0
                81.1615530996755,29.2278525670533,0
                81.1617703246571,29.2276041559729,0
                81.1618790624951,29.2274326109385,0
                81.1624657497699,29.2264370864819,0
                81.1628568268063,29.2261501814243,0
                81.1637043406213,29.225822036388,0
                81.1642256448664,29.2258214186892,0
                81.1648343096335,29.2259108554215,0
                81.1648773663361,29.225917605496,0
                81.1657258697172,29.2262211517703,0
                81.1658562278517,29.2261825322773,0
                81.1665087643949,29.2261456698443,0
                81.1669653908762,29.2260481223647,0
                81.1673568375642,29.2260092565359,0
                81.1685314956733,29.2256649291744,0
                81.1690533629418,29.2255695083342,0
                81.171206756353,29.2255667881235,0
                81.1715330857518,29.2256047264502,0
                81.1717288087425,29.2255864185467,0
                81.172315790716,29.2256239851288,0
                81.1727727271238,29.2257001092591,0
                81.173555803292,29.2258908519231,0
                81.1753828045274,29.2258320700105,0
                81.1758393661238,29.2259081316696,0
                81.1761439510644,29.2257927093957,0
                81.1767095684651,29.2253723814013,0
                81.1768833658763,29.2249119895316,0
                81.1769485507708,29.2245104026466,0
                81.1771225981553,29.2240522599741,0
                81.1771659773919,29.2234769396779,0
                81.1774705103225,29.2227885703632,0
                81.1775140721117,29.2225020355467,0
                81.1775790043111,29.2223282401066,0
                81.1776224417167,29.2219853348547,0
                81.1776009479422,29.2218139130831,0
                81.1776878199099,29.2212972128384,0
                81.1776657689151,29.2208370676347,0
                81.1775347358526,29.2201492551649,0
                81.1775129332601,29.2198064115852,0
                81.1773821446684,29.2194614418982,0
                81.1772949145044,29.2190036707319,0
                81.1773815940713,29.2187734436521,0
                81.1776421290848,29.2182971170598,0
                81.1775986362197,29.2182385587799,0
                81.1767289486273,29.217914889602,0
                81.1759465592967,29.217721897503,0
                81.174902955747,29.2175495864423,0
                81.1742076753636,29.2175505139829,0
                81.173511581497,29.2176258102097,0
                81.172467717195,29.2180286958827,0
                81.1720329628844,29.2181059322331,0
                81.1715977102774,29.2181064893979,0
                81.1713369348041,29.2180504278437,0
                81.1706410338274,29.2178213147881,0
                81.1702059091424,29.2176300774084,0
                81.1696840450508,29.2175540144037,0
                81.1683345434518,29.2174699417481,0
                81.1681616301122,29.2174589401515,0
                81.1670306615061,29.2173250615376,0
                81.1662476444704,29.2173259883775,0
                81.1652037897705,29.2171941744208,0
                81.1648344649762,29.2171676087086,0
                81.1643779663903,29.2171366060292,0
                81.1639867694401,29.2171190394353,0
                81.1634002867639,29.2171761513571,0
                81.1632264354878,29.2171966467236,0
                81.1628789207743,29.2171767692747,0
                81.1624441683976,29.2171005827541,0
                81.1614884313672,29.2167386033561,0
                81.1611624795335,29.2165291808478,0
                81.160815092911,29.2163581917346,0
                81.160554254607,29.216302068548,0
                81.1602283621373,29.2162821909047,0
                81.1596852479763,29.2163211797198,0
                81.1593594163565,29.2163802322476,0
                81.1592942373585,29.2164186654335,0
                81.1592073096069,29.2165518398578,0
                81.1590550717017,29.2170302305792,0
                81.1589899535398,29.2171250330731,0
                81.1587944159082,29.2172606430712,0
                81.1586206261243,29.217317260108,0
                81.1582730492225,29.2172793214745,0
                81.1577515566181,29.2173566194077,0
                81.1572303803436,29.2172444351404,0
                81.1568825530648,29.2172245571006,0
                81.1563611218511,29.2173785355683,0
                81.1560136661867,29.217570700926,0
                81.1556877064487,29.2177808637375,0
                81.1551660829695,29.2182416268418,0
                81.1549707954999,29.2182982431607,0
                81.154840436539,29.2183954205649,0
                81.1546447094031,29.2186234585665,0
                81.1544274815361,29.2190838499023,0
                81.1541450770322,29.2193910053058,0
                81.1539057944815,29.2195446755103,0
                81.1537320042494,29.2196012299352,0
                81.1528628661756,29.2200218036622,0
                81.1520372198362,29.2205393070898,0
                81.1515807173215,29.2207112846225,0
                81.1513633068598,29.2208648920561,0
                81.1511678920722,29.221056809188,0
                81.1509288534693,29.2215940058193,0
                81.1507333140128,29.2217837355865,0
                81.1503422997904,29.2220525795807,0
                81.150124766023,29.2221295075969,0
                81.1495164721277,29.2222429880202,0
                81.1489079276413,29.2224150887514,0
                81.1476905903845,29.2226059292157,0
                81.1471690968617,29.2227599080467,0
                81.1463864538756,29.2227968315037,0
                81.1455172562588,29.2229873013035,0
                81.1447997919837,29.2229880418342,0
                81.1444522162322,29.2229297924694,0
                81.1439305409121,29.2227183053378,0
                81.1435827183968,29.222450262722,0
                81.1433218195773,29.2223152721952,0
                81.1426261041823,29.2222189586325,0
                81.1416698598182,29.2222357568573,0
                81.1413220324705,29.2221977555748,0
                81.1407133684869,29.2220833830523,0
                81.1402788673897,29.2219281414807,0
                81.1389747971394,29.2218889401111,0
                81.13862703094,29.2219276190506,0
                81.1381923379193,29.2220792236812,0
                81.137322643563,29.2221748278693,0
                81.136801272443,29.2224054863714,0
                81.1361709142361,29.2228256885962,0
                81.1354973078639,29.2234759936317,0
                81.1349973031943,29.2240517457688,0
                81.1345192317068,29.224740237458,0
                81.1344539235848,29.2249703407843,0
                81.1344106071535,29.2255072271739,0
                81.1343238024569,29.225737516955,0
                81.1341496342064,29.2260444235416,0
                81.1339323467352,29.2263130827364,0
                81.1334325309989,29.2268098423244,0
                81.1332368645042,29.2271168112029,0
                81.1330848846148,29.2271936771007,0
                81.1326500682475,29.2272504775537,0
                81.1319544699668,29.2275376295339,0
                81.1315199664963,29.2276148033424,0
                81.1305633423129,29.2278818904195,0
                81.1301287763541,29.2279183814189,0
                81.1294329931678,29.2280724827104,0
                81.1291724651515,29.2281877804948,0
                81.1290202338512,29.2283007052073,0
                81.1287592685578,29.2283393235277,0
                81.1286505967055,29.2283213859165,0
                81.1286071650431,29.2282830763378,0
                81.1286724720732,29.2281092808768,0
                81.1288679503167,29.2278406838487,0
                81.1293027713188,29.2275357180979,0
                81.1296070487825,29.2271338842973,0
                81.1297372225372,29.2269037206609,0
                81.1299112070006,29.2264433906154,0
                81.1299763998305,29.2256379673202,0
                81.1298458645643,29.2251193260565,0
                81.1296503359766,29.224717985924,0
                81.129606908697,29.2244879445583,0
                81.1296067899292,29.2241427891491,0
                81.1296937188242,29.2239689937221,0
                81.1301502266039,29.2235106679385,0
                81.1302587792501,29.2232218215261,0
                81.1302804704652,29.2228202960795,0
                81.1304543314552,29.2223012844303,0
                81.1303891558399,29.222109614626,0
                81.1302806738896,29.2219563141579,0
                81.130150006749,29.2218233874709,0
                81.1298894205944,29.221649900686,0
                81.1293675565272,29.2214947829051,0
                81.1290199804548,29.2214387833585,0
                81.1283243931334,29.2211889845379,0
                81.1279982525078,29.2210156207232,0
                81.1275201379545,29.2206303380398,0
                81.1265422299326,29.2194785573879,0
                81.1263681974254,29.2191336495388,0
                81.1259118349299,29.2183851503711,0
                81.1251944523751,29.2173504251926,0
                81.124759961922,29.2166019259473,0
                81.124694473922,29.2164283164349,0
                81.1246512369032,29.2160267910891,0
                81.123738404804,29.213609504216,0
                81.123694728201,29.2133794624359,0
                81.1236949827767,29.2130929894277,0
                81.1237383524665,29.2130342449664,0
                81.1237817270789,29.2127477725963,0
                81.123934147508,29.2125175461462,0
                81.1239773325469,29.2123438132312,0
                81.1240860700993,29.2121722675777,0
                81.1241294450866,29.2118834830425,0
                81.1242374965412,29.211673566677,0
                81.1235224052768,29.211732988938,0
                81.1231735141027,29.2118234752532,0
                81.1221199032533,29.2120996853864,0
                81.1209510575403,29.2124187648544,0
                81.1201094155338,29.2128458383256,0
                81.1194635594155,29.213272726807,0
                81.119205715454,29.2134669551701,0
                81.1191845924408,29.213523387504,0
                81.1188888733188,29.2140988924635,0
                81.1188277515754,29.2143854895368,0
                81.118794244002,29.2150711751101,0
                81.1186502531472,29.2156442447309,0
                81.1186117523138,29.2159871498253,0
                81.1185281344895,29.2162150650635,0
                81.1183594641575,29.2165603428778,0
                81.118145364448,29.2167928807018,0
                81.1179541358189,29.2170795389406,0
                81.1177840289643,29.217348136688,0
                81.117699474774,29.2175196188399,0
                81.1173801352685,29.2179800714751,0
                81.117277393187,29.21838172053,0
                81.1172347098991,29.2184404016298,0
                81.1172153969674,29.218611823133,0
                81.1169001768004,29.2193587494493,0
                81.116862738023,29.219758086823,0
                81.1169620212327,29.2206129451874,0
                81.1169426454286,29.2207843670159,0
                81.1168590287209,29.2210144691733,0
                81.1165823713636,29.2214184905628,0
                81.1163283353461,29.2218766936655,0
                81.1160756725101,29.2224521368097,0
                81.1156067880731,29.2230863835621,0
                81.1154353081529,29.2232579907223,0
                81.1152870734922,29.2235468359609,0
                81.1150313529085,29.2238921754139,0
                81.1149476725808,29.2241223404194,0
                81.114712699952,29.2244090602462,0
                81.114544715078,29.2248107080447,0
                81.1142871843766,29.2250432456611,0
                81.1140747698475,29.2253885854545,0
                81.113782856235,29.2262482510724,0
                81.1136808620691,29.2267062700119,0
                81.1135829873075,29.2274507615855,0
                81.1135434261459,29.2277169856986,0
                81.1135243002681,29.227888407448,0
                81.1135576566589,29.2286892080233,0
                81.1134795935674,29.2293185853247,0
                81.1135288928836,29.2297177992149,0
                81.1134660852962,29.2298892820002,0
                81.1134712657879,29.2302321878133,0
                81.1135615626122,29.230459979882,0
                81.1136726685324,29.2306290284456,0
                81.1138313271341,29.2310845507073,0
                81.1139427458848,29.2312536617481,0
                81.1141697655844,29.2319369130119,0
                81.1143037430532,29.2321646433764,0
                81.1143288607282,29.2323924352248,0
                81.1144415896391,29.2326766606281,0
                81.1143604062182,29.2330781840039,0
                81.1142968510441,29.2331932975363,0
                81.1143219060534,29.2334210889196,0
                81.1145892354467,29.2338742383391,0
                81.1148974388821,29.2341379050634,0
                81.1149863619791,29.2342709568784,0
                81.115009606879,29.2343837588541,0
                81.1149905436263,29.2345551171734,0
                81.1148224977588,29.2349568277355,0
                81.1147896139831,29.2357012573922,0
                81.1146868708993,29.2361005939634,0
                81.1147118627295,29.2363306354492,0
                81.1146489937263,29.2365021812617,0
                81.1145640034512,29.2366172945463,0
                81.1138790832288,29.2373667770991,0
                81.1133680779241,29.2381160757625,0
                81.1128421905231,29.2393210808512,0
                81.1127810694111,29.2396076160354,0
                81.1126519607958,29.2397047298039,0
                81.1121760222038,29.2398630215717,0
                81.1115299780508,29.2403079707777,0
                81.1108880538676,29.2410010224256,0
                81.1108453710634,29.2410777643875,0
                81.1110033425372,29.2414566063298,0
                81.1116434925942,29.2421350521068,0
                81.1120611797369,29.2424527155873,0
                81.1127843238476,29.2428446265667,0
                81.1134841603716,29.2431237348766,0
                81.114531262602,29.2433574775165,0
                81.1150538780099,29.2434089169743,0
                81.1154884440782,29.243403985675,0
                81.1159241325781,29.2434554873754,0
                81.1172111393511,29.243745352396,0
                81.1172735675643,29.243770163287,0
                81.1181297565926,29.2441167058844,0
                81.1183922816771,29.2442270740972,0
                81.1189425724298,29.244698037252,0
                81.1196223478532,29.2450899471619,0
                81.1196876512468,29.2450875732355,0
                81.1200386615214,29.2452948092183,0
                81.1206511357938,29.2455536055296,0
                81.121087448798,29.2456637887416,0
                81.1223124594948,29.2461634468295,0
                81.1227079006653,29.2464428007166,0
                81.1231726480958,29.2465551713025,0
                81.124368277724,29.2475849666088,0
                81.1254987345835,29.2483508486164,0
                81.1258896143149,29.2485805823489,0
                81.1263459829553,29.2489252442289,0
                81.1270848115625,29.2493621510073,0
                81.1276059797688,29.2499549151281,0
                81.1276166652471,29.2499797252568,0
                81.1276814665565,29.2501353365275,0
                81.1280734088713,29.2503785694483,0
                81.1281371483171,29.2504551884673,0
                81.1292358624127,29.2510406488052,0
                81.1294720769393,29.2512163852261,0
                81.1296427997445,29.2514282429868,0
                81.1300924802662,29.2518541469969,0
                81.1304751687184,29.252413161831,0
                81.1312264293104,29.2530124911874,0
                81.1322631561202,29.2533678478378,0
                81.1325221184556,29.2534871521163,0
                81.1326080434989,29.2535434611717,0
                81.132715590047,29.2536223295966,0
                81.1329319971492,29.2536627043397,0
                81.1334534890874,29.2536305895595,0
                81.1338028186046,29.2534994192893,0
                81.1345945344593,29.2528016200404,0
                81.1349444270601,29.2526343273443,0
                81.135379994561,29.2525233437282,0
                81.1356407092581,29.2525072868369,0
                81.1371989891486,29.2528508381416,0
                81.1376345562694,29.2527601652058,0
                81.1378967725771,29.2526471170683,0
                81.1382257312341,29.252421205145,0
                81.1385126982807,29.2520802405309,0
                81.1386916179254,29.2517191523718,0
                81.1386960602891,29.251414617846,0
                81.138786364487,29.2511867025445,0
                81.1388344890229,29.2508618593188,0
                81.139010780711,29.2506721917332,0
                81.1390763340962,29.2506337581742,0
                81.1398789109705,29.2506825150945,0
                81.1401183791471,29.2506462090696,0
                81.1404680216323,29.2504969776275,0
                81.1406658095271,29.2503275584441,0
                81.1407607998173,29.2501808242209,0
                81.1407749888365,29.2499823429602,0
                81.1408629981709,29.2487528335073,0
                81.140993357928,29.2486173481936,0
                81.1411675232704,29.2485427320789,0
                81.1416021520128,29.2484836190506,0
                81.1421018333292,29.2485011238164,0
                81.142362671086,29.2485978685367,0
                81.1430580107711,29.2487302410578,0
                81.1436666151605,29.2487295616371,0
                81.1441882959928,29.2485958940546,0
                81.1448835773842,29.2484801011059,0
                81.1452312816911,29.2483646796195,0
                81.1461006627507,29.2483434437706,0
                81.1464483021901,29.2484197535559,0
                81.1475783976946,29.2483802098151,0
                81.1483606682156,29.2482056120185,0
                81.1487084353196,29.2480924404487,0
                81.1490560784656,29.2479386468279,0
                81.1492299930382,29.2479001523487,0
                81.1496646872216,29.2476695555206,0
                81.1502731680759,29.2475921957235,0
                81.1508818995123,29.2474380937803,0
                81.1513165938117,29.2472278068513,0
                81.1515773753362,29.2469771463131,0
                81.1517510405182,29.2468619092195,0
                81.1521424272774,29.2467103038302,0
              </coordinates>
            </LinearRing>
          </outerBoundaryIs>
        </Polygon>
      </Placemark>
      <Placemark id="SU_ACHHAM_Chaurpati.4">
        <ExtendedData>
          <SchemaData schemaUrl="#SU_ACHHAM_Chaurpati.schema">
            <SimpleData name="ogc_fid">2587</SimpleData>
            <SimpleData name="objectid_1">2588</SimpleData>
            <SimpleData name="dcode">69</SimpleData>
            <SimpleData name="district">ACHHAM</SimpleData>
            <SimpleData name="das">0</SimpleData>
            <SimpleData name="gapa_napa">Chaurpati</SimpleData>
            <SimpleData name="type_gn">Gaunpalika</SimpleData>
            <SimpleData name="gn_code">2.000000000000000</SimpleData>
            <SimpleData name="new_ward_n">4</SimpleData>
            <SimpleData name="ddgnww">690204.000000000000000</SimpleData>
            <SimpleData name="center">Chaurpati 1</SimpleData>
            <SimpleData name="state_code">7</SimpleData>
            <SimpleData name="ddgn">69002</SimpleData>
            <SimpleData name="area_sqkm">26.969544968200001</SimpleData>
            <SimpleData name="shape_leng">24036.253881600001478</SimpleData>
            <SimpleData name="shape_area">26969544.968199998140335</SimpleData>
            <SimpleData name="Province">SU</SimpleData>
            <SimpleData name="Address">Chaurpati-4, ACHHAM, SU</SimpleData>
          </SchemaData>
        </ExtendedData>
        <Polygon>
          <outerBoundaryIs>
            <LinearRing>
              <coordinates>
                81.2086857470363,29.1942511599199,0
                81.2087183738621,29.1938721331375,0
                81.2086533241543,29.193642091593,0
                81.2085669794376,29.1926091241144,0
                81.208415263177,29.1919214358933,0
                81.2080899473625,29.1910624494222,0
                81.2078513002403,29.1906612959635,0
                81.2077428167219,29.1905464925888,0
                81.2076562736355,29.1901450293237,0
                81.2076996470589,29.189858556266,0
                81.2078301969402,29.1895898329038,0
                81.2081340961147,29.189399917082,0
                81.2083079504638,29.1892281855073,0
                81.2083297626908,29.1890544522977,0
                81.2084821253116,29.1885963100386,0
                81.2086560442325,29.1883095261011,0
                81.2087866583984,29.1879100657423,0
                81.2090908751839,29.1874133031472,0
                81.2092432378829,29.1869529107227,0
                81.2097211237406,29.1862077998459,0
                81.2102641175624,29.1858843365765,0
                81.2109161668499,29.1851389152664,0
                81.2113941680394,29.1849103187752,0
                81.2117850558619,29.1846615969475,0
                81.2123717373825,29.1840312888435,0
                81.2126324590018,29.1836293295228,0
                81.2127413891107,29.1831711867746,0
                81.2127413325919,29.1828284059019,0
                81.2126546621517,29.1825420561241,0
                81.2124815797431,29.181509213006,0
                81.2123731011615,29.1811078115898,0
                81.2122650067485,29.1802463278845,0
                81.2121565929205,29.1797321863096,0
                81.2121787316627,29.17881402254,0
                81.2123529126968,29.1778393028447,0
                81.2123747895402,29.1775527678372,0
                81.2124183469903,29.1774962738461,0
                81.2124617210476,29.1772097384668,0
                81.2129836120151,29.1758328739261,0
                81.2133746966638,29.1750878862161,0
                81.2135922348568,29.1747829797362,0
                81.2139616287211,29.1744191439296,0
                81.2140482417203,29.1743807735003,0
                81.2145264337861,29.1739988161029,0
                81.2148092131944,29.1736734755373,0
                81.2150048145468,29.173501743943,0
                81.2151787928217,29.173406692844,0
                81.2157654703336,29.1729478689043,0
                81.2160049442937,29.172548159247,0
                81.2161573064011,29.1721463863037,0
                81.2161367061481,29.1708855036807,0
                81.2162021411619,29.1705402237309,0
                81.2161806494874,29.1702357521088,0
                81.2162467201477,29.1692611566789,0
                81.2164215952572,29.1679412819717,0
                81.2164218562456,29.1673119026733,0
                81.2163787434461,29.1669668093985,0
                81.2162703841861,29.1669106258557,0
                81.2161188462952,29.166658209631,0
                81.2160534202652,29.1665477816436,0
                81.2157719018036,29.1662030593713,0
                81.2153597145848,29.1658789588634,0
                81.2144487233003,29.165325498063,0
                81.2136673370499,29.1649612718535,0
                81.2127991471128,29.16473253079,0
                81.2123218428369,29.164464924231,0
                81.2118882843687,29.1640640810372,0
                81.2108137084831,29.162520585152,0
                81.2108489549825,29.1624595906687,0
                81.2106541135973,29.1620786860612,0
                81.2103292270115,29.1616776565346,0
                81.2101128266668,29.161276441032,0
                81.2100490976681,29.1605885046424,0
                81.209898506824,29.1598444465746,0
                81.2099000179707,29.15915638562,0
                81.2098350929696,29.1590053986758,0
                81.2089899101847,29.1581833388332,0
                81.2080579305293,29.1571899811834,0
                81.2075375719212,29.1567509525824,0
                81.2067148919592,29.1556062977363,0
                81.206496301825,29.1553697549633,0
                81.2062380916739,29.1550905270307,0
                81.2060436876185,29.1547253081572,0
                81.2056758089473,29.1542092893713,0
                81.2055894509232,29.1539229399102,0
                81.2056551962644,29.1536950240733,0
                81.2058729850739,29.1533698696471,0
                81.2060470266144,29.153180077849,0
                81.2061772604483,29.1531054612053,0
                81.2063724847035,29.1530667797419,0
                81.2064962815341,29.1529583546277,0
                81.2070689626489,29.152456659381,0
                81.2073300579573,29.1521133824154,0
                81.2075483475656,29.151713797141,0
                81.2077012724364,29.151255654138,0
                81.2077451475598,29.1509104372275,0
                81.2077465331454,29.1502810582806,0
                81.2075951852008,29.149938401275,0
                81.2072487400365,29.1495171231033,0
                81.2069234771537,29.1492514555043,0
                81.2064962964314,29.1486453191368,0
                81.2059928772456,29.1479310036644,0
                81.2055595698236,29.1474737275379,0
                81.2051483859553,29.1469555825381,0
                81.2049537310649,29.1466129866587,0
                81.2047157682172,29.1463246353039,0
                81.2045858526733,29.1460969677995,0
                81.2041098669682,29.1454660819582,0
                81.2039367679128,29.1452926583643,0
                81.2037631061696,29.1451778541873,0
                81.2035028929053,29.1451579776768,0
                81.2032424278265,29.1451944705965,0
                81.2029815863233,29.1453279547569,0
                81.2026991228677,29.1454231296983,0
                81.2025470794719,29.1455180557521,0
                81.2021555642262,29.1458998903107,0
                81.2019814569842,29.1462046717055,0
                81.2013918204521,29.1478816950327,0
                81.2009779915978,29.1484912574931,0
                81.2007165798372,29.1490060182104,0
                81.2005641594173,29.1492340579073,0
                81.2003031287582,29.1494622826957,0
                81.2000427883659,29.1495393966683,0
                81.1995212295849,29.149785991682,0
                81.1984786791316,29.1501440071132,0
                81.1981314140454,29.1501445016403,0
                81.197957938151,29.1501063778165,0
                81.1976978504404,29.1499895108025,0
                81.1973942080718,29.1497982118066,0
                81.1970478258647,29.1493768707577,0
                81.1967226857756,29.1491675733479,0
                81.1966797566073,29.1490525836419,0
                81.1965725327703,29.1484233910531,0
                81.1965741070246,29.1477353925117,0
                81.1967491582223,29.147049334263,0
                81.1967714098489,29.1467628608621,0
                81.1968808398574,29.1463611494523,0
                81.1969250281733,29.1459618125539,0
                81.1968612973092,29.1453889280655,0
                81.1968621162602,29.1449874027477,0
                81.1967974423045,29.1447596731268,0
                81.1967980083675,29.1445295697411,0
                81.1965823605224,29.1439569322754,0
                81.1965180009799,29.1435735298982,0
                81.1962368589998,29.1431927484976,0
                81.1958902881614,29.1428278404781,0
                81.1957169388396,29.1427130365632,0
                81.1949362377348,29.1424254271839,0
                81.193981556515,29.1423839805068,0
                81.1933735121453,29.1425156478385,0
                81.1927655300712,29.142705997027,0
                81.1902472448821,29.1429848110895,0
                81.1898134285879,29.1429831804399,0
                81.1888588122935,29.1428469302274,0
                81.1885117986301,29.1427504341956,0
                81.1872969690831,29.1425198143738,0
                81.1860822001382,29.1423432513478,0
                81.1853878599481,29.142208879515,0
                81.184824505956,29.1418442186354,0
                81.1845864182889,29.1415964252187,0
                81.1843050261326,29.1412313311153,0
                81.1839808928307,29.1406588798554,0
                81.1834616013126,29.139951250767,0
                81.1827681406124,29.1395867752927,0
                81.1823345781391,29.1394136604658,0
                81.1817269728491,29.1394302759627,0
                81.181119181453,29.1393905209245,0
                81.1804245875696,29.1394658797446,0
                81.1799906474011,29.1394438757498,0
                81.1792096934341,29.139347936789,0
                81.1779085017547,29.1390790058933,0
                81.1776482875397,29.1390590041693,0
                81.1763470948174,29.1388080723104,0
                81.174091657518,29.138556127465,0
                81.1728769491985,29.1385734842681,0
                81.1725298701487,29.1386122884312,0
                81.171922393005,29.1385138517584,0
                81.1717276087757,29.1384193585936,0
                81.1715749368314,29.1387443886658,0
                81.1714003239094,29.1393740151651,0
                81.1713995685385,29.1397191078676,0
                81.1713338226708,29.1399470230007,0
                81.1713334448036,29.1401184448747,0
                81.1713766874238,29.1402334344445,0
                81.1714632365285,29.1403303636089,0
                81.1717232601842,29.1404631051544,0
                81.1721568231861,29.1406181587598,0
                81.1723085509307,29.1407127152879,0
                81.1723952247574,29.1408479538818,0
                81.1724378377178,29.1411907973472,0
                81.1721976716623,29.1418204229242,0
                81.1721974178243,29.1420505266941,0
                81.1722621570058,29.142165516414,0
                81.1723052719152,29.142395558516,0
                81.1723256329994,29.1430248745993,0
                81.1721697456994,29.144917633974,0
                81.1719728191969,29.1458337334008,0
                81.1719071998591,29.1459872178654,0
                81.1718855755745,29.1461022069775,0
                81.1716443380511,29.1472665952501,0
                81.1715783379378,29.1477832333305,0
                81.1715345916996,29.1478983474449,0
                81.1715123393759,29.148241252582,0
                81.1713162329647,29.148699394142,0
                81.1711201296022,29.1489861778472,0
                81.171054885194,29.1491576609191,0
                81.1710545067953,29.1493313946146,0
                81.1712705970036,29.1496739908188,0
                81.1713354597744,29.1498476006258,0
                81.1712699027767,29.1500190834852,0
                81.1710307435947,29.1503058661455,0
                81.1709656260821,29.1503442988691,0
                81.1708137092081,29.1503625453898,0
                81.1706835401829,29.1503243594019,0
                81.1703582093,29.1503428532397,0
                81.1701189255744,29.1505709541418,0
                81.170118232701,29.1509161088337,0
                81.1702479599352,29.1511460270677,0
                81.1705078566294,29.1514885611869,0
                81.170528975592,29.1516622324309,0
                81.1704199223761,29.1519488921956,0
                81.17033305755,29.1520617553252,0
                81.1700290348698,29.1521388690043,0
                81.1697900640573,29.1523489708327,0
                81.1695714564632,29.1530349662739,0
                81.1695490151386,29.1534366159618,0
                81.1692011178724,29.153838511486,0
                81.1690484460244,29.1541815396659,0
                81.1690265701925,29.1543530240614,0
                81.1690911831618,29.1545830660241,0
                81.169220722928,29.1548129840113,0
                81.1695673573685,29.1551757043587,0
                81.1692414615475,29.1553091874332,0
                81.169132851412,29.1553093732374,0
                81.1688724487426,29.1553863628564,0
                81.1681564837252,29.1553850403228,0
                81.1677662896174,29.1552682339442,0
                81.1675062017758,29.1551534913453,0
                81.1673762839368,29.1550589357342,0
                81.1671160082339,29.1549622536533,0
                81.1668556700673,29.1549241910694,0
                81.1664649718025,29.155037487571,0
                81.1662043798227,29.1551912193314,0
                81.1657256846458,29.1557624720611,0
                81.1653346699868,29.1561058726936,0
                81.1652043118703,29.1561443671894,0
                81.164987342902,29.156067933716,0
                81.1648350510618,29.1560680565608,0
                81.1645315306125,29.156068490167,0
                81.1642052612187,29.1561433538975,0
                81.1641180216921,29.1562404684808,0
                81.1641177676302,29.1564299509455,0
                81.1644863990787,29.1567746112343,0
                81.1646814921727,29.1570608368744,0
                81.1647025465789,29.157347310419,0
                81.1645718107653,29.1575775374825,0
                81.164223543291,29.1577291435647,0
                81.1640279442956,29.1577496385968,0
                81.1637675443159,29.1576529571298,0
                81.1633336101064,29.1572519256329,0
                81.1632467487696,29.1571956802436,0
                81.1631166418057,29.1571755549237,0
                81.1629859713558,29.1572140495439,0
                81.1627902456043,29.1573474091021,0
                81.162137137228,29.1579414704159,0
                81.1618545494884,29.1580162089603,0
                81.1617240062061,29.1579600256366,0
                81.1613982383696,29.1579220247374,0
                81.161202389074,29.1579989519406,0
                81.1608976751714,29.1582857962825,0
                81.1608752984679,29.1585723316343,0
                81.1609182901012,29.1587436910634,0
                81.1613080993544,29.1594312571092,0
                81.1614811931858,29.1598326596168,0
                81.1614808150712,29.1600040189812,0
                81.1614150076883,29.1602341836807,0
                81.1613277680618,29.160349359455,0
                81.1608925073362,29.1607491287696,0
                81.1604349361511,29.1612662623185,0
                81.1600867915728,29.1615328570448,0
                81.1594994935644,29.161704958205,0
                81.1592389052787,29.1616669586759,0
                81.159108612169,29.16155202978,0
                81.1586527404612,29.1613427931167,0
                81.1585225723734,29.1613046075197,0
                81.1582617322716,29.1613049159249,0
                81.15813137439,29.1613434111762,0
                81.1579570845058,29.1614587101624,0
                81.1578046013624,29.1616866868733,0
                81.157803909659,29.1619167901082,0
                81.1578683941309,29.1622798819571,0
                81.1579548784276,29.1625098623636,0
                81.1580407950899,29.1630240655024,0
                81.1583432399305,29.1637703750716,0
                81.1583211143537,29.1640004777165,0
                81.1582339370144,29.1641134035314,0
                81.1580814562605,29.164210580064,0
                81.1573639235114,29.1644956686984,0
                81.1569072348062,29.164611214171,0
                81.1568419940125,29.1645909651814,0
                81.1561899571001,29.1646503884717,0
                81.15560290935,29.1648022410558,0
                81.1548204522767,29.1648798481442,0
                81.1539723152933,29.1650883175379,0
                81.1531899198616,29.1652042961565,0
                81.1529290180786,29.165204604984,0
                81.1524723914163,29.1653179008418,0
                81.1522113626541,29.1654331983455,0
                81.1516243154369,29.1655669904196,0
                81.1503204953151,29.1654894802512,0
                81.1497985653903,29.1655667782557,0
                81.1492113293266,29.1657974984268,0
                81.1488853104301,29.1658543017154,0
                81.1485592297363,29.1658546715057,0
                81.1484288713726,29.1658908538164,0
                81.1479720550702,29.1661395120699,0
                81.147557978409,29.1665797785588,0
                81.1475121089624,29.166656583165,0
                81.1473400021992,29.1669432411239,0
                81.1471433302696,29.1675728675449,0
                81.1470552057973,29.168204556828,0
                81.1470303051413,29.1698670895375,0
                81.1470729792352,29.1702685522305,0
                81.1470720341725,29.1707265722365,0
                81.1469411087247,29.1710717259431,0
                81.1467222479353,29.1719314551711,0
                81.1467642937688,29.1725630218419,0
                81.1467414099793,29.1732487705941,0
                81.1466535373554,29.1737654709389,0
                81.1465881696308,29.1738805843675,0
                81.14634731064,29.1748553026527,0
                81.1463244927496,29.1753132597725,0
                81.1464540285017,29.1758297132259,0
                81.1468215220682,29.1768623718084,0
                81.1469075650981,29.1773202678925,0
                81.147144954841,29.1781816910273,0
                81.1475350142003,29.1788692569879,0
                81.1477946534631,29.1795570085495,0
                81.1478377689891,29.1797871125711,0
                81.1481632820092,29.1800528430106,0
                81.1484886720132,29.1802262062966,0
                81.1488364356442,29.1802822055648,0
                81.1495315228868,29.1805881867147,0
                81.1498790360142,29.1807028681216,0
                81.1511829190618,29.1807216964327,0
                81.1519654394596,29.1805899697601,0
                81.1528352644756,29.1802077672767,0
                81.1532698941006,29.180112532176,0
                81.1536179119285,29.179940678014,0
                81.1542918867317,29.1796917724081,0
                81.1547909368033,29.1801130522067,0
                81.155180938575,29.1805163957663,0
                81.1554626428641,29.1808792399639,0
                81.1554627672752,29.1809378598294,0
                81.1556141792587,29.1812241477033,0
                81.1557874015714,29.1814540663614,0
                81.1560909816008,29.1816454272052,0
                81.156438556063,29.1817803567895,0
                81.1575881355336,29.1825640494354,0
                81.1578918390389,29.1828140930925,0
                81.1581523004672,29.1829671446526,0
                81.1588026999797,29.1836363418698,0
                81.1590847827678,29.1838277646932,0
                81.159952969637,29.1842304894598,0
                81.1612557207887,29.1846913389078,0
                81.1615158693701,29.1848241430408,0
                81.1616897199784,29.1848645162277,0
                81.1629052934466,29.1854766006208,0
                81.1639471420637,29.1859355096358,0
                81.1645548045539,29.1861851826324,0
                81.1647070964897,29.1861849972789,0
                81.1648347652601,29.1862412436854,0
                81.1651409086803,29.1863784225768,0
                81.1659214840761,29.1866459079265,0
                81.1667888577409,29.1870869415823,0
                81.1672225455374,29.1872420579777,0
                81.1677432854563,29.1873564916203,0
                81.168177162837,29.1873965561804,0
                81.1686111015023,29.1874929910725,0
                81.1688712515462,29.1876076713822,0
                81.1692179501604,29.1878192812695,0
                81.1699984618494,29.1881837581127,0
                81.1710804307722,29.1886109826108,0
                81.1716032936725,29.188817845547,0
                81.1724709207442,29.1890287758356,0
                81.1727311970015,29.1890487144661,0
                81.1730783979896,29.1891249628187,0
                81.1733385482794,29.1892396429412,0
                81.1737725494776,29.1893563878558,0
                81.1742930997853,29.1895474395333,0
                81.1755945428601,29.1897781235567,0
                81.1767233877853,29.189781138973,0
                81.1772225059403,29.1898188293022,0
                81.1772656868948,29.1898773870533,0
                81.1785233183107,29.1903945436293,0
                81.1789572575182,29.1904909783478,0
                81.1791307954844,29.1904929805375,0
                81.1793917629165,29.1903392479671,0
                81.1795652397501,29.1903006921231,0
                81.17999949146,29.1903587542734,0
                81.184340744314,29.1919701639103,0
                81.1857309216679,29.1923720833836,0
                81.1863392720444,29.1926013199827,0
                81.1868605098378,29.192754000827,0
                81.1871430332359,29.1927920005061,0
                81.1877513220696,29.192946744741,0
                81.1898155992009,29.193117506766,0
                81.1906848557386,29.1931005205833,0
                81.1913800709605,29.193196520986,0
                81.1921622111409,29.1933487675498,0
                81.193291929417,29.1934644599709,0
                81.1944218375441,29.1934830986124,0
                81.1952909071639,29.1934074297425,0
                81.1957472194482,29.1934067485376,0
                81.1958131478177,29.1934088745908,0
                81.1988982247266,29.1934854725838,0
                81.1995933812606,29.1933898031065,0
                81.2007232275094,29.1933723202952,0
                81.2009842531622,29.1934102576878,0
                81.2021140986263,29.1934108357101,0
                81.2026354008145,29.1934686505692,0
                81.2032440681054,29.1934677212214,0
                81.2038521708895,29.1935435350935,0
                81.2042868587329,29.1936601550884,0
                81.2049818220347,29.1939275142126,0
                81.2055033082714,29.1941748738077,0
                81.2064594231154,29.194405740344,0
                81.2064954180587,29.1944124273247,0
                81.2072411891769,29.1945398636226,0
                81.2075885796444,29.1945393062527,0
                81.2081099469125,29.1944437596364,0
                81.2084573395659,29.1943101518399,0
                81.2086857470363,29.1942511599199,0
              </coordinates>
            </LinearRing>
          </outerBoundaryIs>
        </Polygon>
      </Placemark>
      <Placemark id="SU_ACHHAM_Chaurpati.5">
        <ExtendedData>
          <SchemaData schemaUrl="#SU_ACHHAM_Chaurpati.schema">
            <SimpleData name="ogc_fid">2597</SimpleData>
            <SimpleData name="objectid_1">2598</SimpleData>
            <SimpleData name="dcode">69</SimpleData>
            <SimpleData name="district">ACHHAM</SimpleData>
            <SimpleData name="das">0</SimpleData>
            <SimpleData name="gapa_napa">Chaurpati</SimpleData>
            <SimpleData name="type_gn">Gaunpalika</SimpleData>
            <SimpleData name="gn_code">2.000000000000000</SimpleData>
            <SimpleData name="new_ward_n">2</SimpleData>
            <SimpleData name="ddgnww">690201.999999999883585</SimpleData>
            <SimpleData name="center">Chaurpati 1</SimpleData>
            <SimpleData name="state_code">7</SimpleData>
            <SimpleData name="ddgn">69002</SimpleData>
            <SimpleData name="area_sqkm">17.791989106999999</SimpleData>
            <SimpleData name="shape_leng">23260.310636300000624</SimpleData>
            <SimpleData name="shape_area">17791989.107000000774860</SimpleData>
            <SimpleData name="Province">SU</SimpleData>
            <SimpleData name="Address">Chaurpati-2, ACHHAM, SU</SimpleData>
          </SchemaData>
        </ExtendedData>
        <Polygon>
          <outerBoundaryIs>
            <LinearRing>
              <coordinates>
                81.1035753808,29.1908750374203,0
                81.1035309505141,29.1907984193204,0
                81.1033977236335,29.1905706880267,0
                81.1031554486912,29.1902866492486,0
                81.1029103665367,29.1897747561846,0
                81.1028423178031,29.1895447138228,0
                81.102747591035,29.1889154586211,0
                81.1027888388253,29.1887439753876,0
                81.1028415362964,29.1877694421333,0
                81.1026443787697,29.1875981425378,0
                81.1022959909437,29.1875059595194,0
                81.1019489752851,29.1875287645273,0
                81.1017758107418,29.1875514480466,0
                81.101344803847,29.1877660468248,0
                81.1010845270723,29.1877685436612,0
                81.1005622254555,29.1876402983953,0
                81.0999542465188,29.1876069800705,0
                81.0996086047915,29.1877268393599,0
                81.0990880509407,29.1877316445051,0
                81.0989155723412,29.1878288210234,0
                81.0987870878933,29.1879439330827,0
                81.0986143608021,29.1880229860165,0
                81.0985276224453,29.188023046962,0
                81.0980709362422,29.1879331747952,0
                81.0977196776534,29.1875928261182,0
                81.0975666379949,29.1875004579124,0
                81.0971311369081,29.1873902122582,0
                81.0967848089998,29.1874491397188,0
                81.0961782038498,29.1874947522375,0
                81.096005351377,29.1875534315344,0
                81.0957450743453,29.1875558656657,0
                81.0950499835311,29.1874865497769,0
                81.094701220746,29.1873581198679,0
                81.09454818103,29.1872635013199,0
                81.0936053237606,29.1864701249464,0
                81.0929491090443,29.1860397186703,0
                81.0923591954613,29.1857198030681,0
                81.0908687955811,29.1845140201421,0
                81.0903129535179,29.1834293639941,0
                81.0900926139132,29.1831452623997,0
                81.0899371399517,29.182861162099,0
                81.0898913987058,29.1826897400253,0
                81.0899312739993,29.1824032667934,0
                81.089883411174,29.1820581731398,0
                81.0896151469299,29.1814312283582,0
                81.0894605465681,29.1811854370155,0
                81.0893508137225,29.1810907561469,0
                81.0888879495021,29.1805226155746,0
                81.0886009960381,29.1801235863155,0
                81.088554881653,29.1798957323803,0
                81.0885948184496,29.1796092591212,0
                81.0889085418632,29.178688662197,0
                81.0888621142278,29.1784586825368,0
                81.0887725681909,29.1782308899566,0
                81.0886618989668,29.1780594677876,0
                81.0885071741691,29.1778317365004,0
                81.088419000452,29.1777190584094,0
                81.0880231247761,29.1772839058548,0
                81.0875852533378,29.1769639301427,0
                81.0871491287145,29.1767769411256,0
                81.0868010529916,29.176705005797,0
                81.0863680483687,29.1767661818496,0
                81.0860210957147,29.176750553459,0
                81.0854103711342,29.1765096304442,0
                81.0845369366232,29.1760590354481,0
                81.0839277106647,29.1758947300634,0
                81.0834044733124,29.1756695567032,0
                81.0830547747216,29.1754644455362,0
                81.0821828380662,29.1751289026708,0
                81.0816592259889,29.1748856060082,0
                81.0815130597057,29.1748541067899,0
                81.0806145601246,29.1746651124728,0
                81.0800937570084,29.1746880399886,0
                81.079919593436,29.1746520409304,0
                81.0788721812443,29.1742398156457,0
                81.078698705676,29.1742421879069,0
                81.0782831409593,29.1740168907121,0
                81.0778230850267,29.1736765408927,0
                81.0775611856638,29.1735638611789,0
                81.0771254349792,29.173453615183,0
                81.0768648456234,29.1734356760893,0
                81.0763420442149,29.1733074308061,0
                81.0758174963153,29.1730257619942,0
                81.0753813090168,29.1728568344632,0
                81.0747909582405,29.1725367941415,0
                81.0728768496376,29.1722468574131,0
                81.0727033734009,29.1722672909127,0
                81.0725308951886,29.1723463439047,0
                81.0720965797943,29.1723488376671,0
                81.0717505630457,29.1724663219759,0
                81.0715781467966,29.1725633726885,0
                81.0713196172662,29.1727191669341,0
                81.0708254272406,29.1731434962205,0
                81.0706526378482,29.1732022383762,0
                81.0703036244308,29.173089680978,0
                81.0701065919711,29.1729386303361,0
                81.0698607612229,29.1723680550446,0
                81.0697504653707,29.1722530644521,0
                81.0694881911661,29.1721020748184,0
                81.0691409264931,29.1721067575123,0
                81.0688376546641,29.1721655599764,0
                81.0686443656118,29.1723393536198,0
                81.068389579623,29.172799682291,0
                81.0683250245872,29.1728583634487,0
                81.0681518608271,29.1728967954001,0
                81.0678913337302,29.1728991660502,0
                81.0677174825106,29.1728631672678,0
                81.0675423832023,29.1727684863605,0
                81.0674555829256,29.1727685480026,0
                81.0665901969147,29.1730057636812,0
                81.0664163463474,29.1730081983976,0
                81.0661551326477,29.1729518879602,0
                81.0657186958532,29.1727648994958,0
                81.0655872783556,29.1726702190947,0
                81.0653656276972,29.1723094368574,0
                81.0652126502915,29.1722147566849,0
                81.0648663826207,29.1723142422239,0
                81.0645190552202,29.1723166121733,0
                81.0643233949898,29.1722986115339,0
                81.0642359703748,29.1722603016212,0
                81.0641048651079,29.1721679332065,0
                81.0640164417815,29.1720528806727,0
                81.0639024028558,29.1715950468109,0
                81.0635647785166,29.1706229453649,0
                81.063299197283,29.1702261036008,0
                81.0632759515254,29.1701110509247,0
                81.0630315563069,29.1696532158736,0
                81.0626563037985,29.1691413206545,0
                81.0626098765259,29.168913529367,0
                81.062565821405,29.1688549087877,0
                81.0625405800948,29.1685684348528,0
                81.0624511586735,29.1683406429516,0
                81.0617891395606,29.167486025794,0
                81.0616119807108,29.1672018626442,0
                81.0614320773052,29.1666876577953,0
                81.0613941457695,29.1666560982854,0
                81.0613661493166,29.1666312878041,0
                81.0611883060219,29.1662320725662,0
                81.0608789195457,29.1657179289529,0
                81.0607672523592,29.1654337658674,0
                81.0600846752709,29.1645227163842,0
                81.0597784083614,29.16429504663,0
                81.059516196749,29.1641439943457,0
                81.0592549844864,29.1640516873484,0
                81.0590579515399,29.163900635382,0
                81.0588154904698,29.1635577890747,0
                81.058703886064,29.1632735646516,0
                81.0586567731515,29.1629285333472,0
                81.058501112692,29.1625879385854,0
                81.0581484832245,29.1620737941312,0
                81.0579072703123,29.161848311463,0
                81.0577748540722,29.1616385793811,0
                81.0574894608414,29.1613544145512,0
                81.057357980789,29.1612417361909,0
                81.0572063765629,29.1612621064025,0
                81.0569044765417,29.161454022008,0
                81.0563851071115,29.1616121255566,0
                81.055952850881,29.1617859785754,0
                81.0548262506697,29.1620255653808,0
                81.0540457313141,29.1620890494831,0
                81.0530678048062,29.1620014821353,0
                81.0527420370561,29.1619857908459,0
                81.0523947722198,29.1619882242657,0
                81.0516981834285,29.1618034813687,0
                81.0512618707032,29.1616164931729,0
                81.0510009079533,29.1615601197584,0
                81.0506537054161,29.1615827377568,0
                81.0500485959458,29.1618357065302,0
                81.0498976775902,29.1619327576006,0
                81.0496176491199,29.1621449217332,0
                81.0493168107303,29.1624518264386,0
                81.0488064870739,29.1634490392875,0
                81.0486373773254,29.1639093059754,0
                81.0483600323677,29.1643695720835,0
                81.0482991589789,29.16475078574,0
                81.0482618405395,29.1653621028521,0
                81.048288454447,29.1658222482586,0
                81.0484010576311,29.1662012141854,0
                81.0486386413322,29.1666545501932,0
                81.0488004261198,29.1669635231004,0
                81.0489106588983,29.1671146359195,0
                81.0491557411053,29.1676288410168,0
                81.0492292816118,29.1683145908852,0
                81.0493923055555,29.1692303829522,0
                81.0493754888498,29.1696138469206,0
                81.0492288760373,29.1700740515799,0
                81.0490808906767,29.170380895638,0
                81.0486959973029,29.1708615335489,0
                81.0486108809895,29.1710149555992,0
                81.0484178417184,29.1712067475103,0
                81.0481808087313,29.1713624799331,0
                81.0478368514582,29.1716513857189,0
                81.0472787310858,29.1721703919418,0
                81.0463534079729,29.1728474414402,0
                81.046289103184,29.1729241837058,0
                81.0455959433071,29.1731590274228,0
                81.0454224666957,29.1731792727111,0
                81.0444055346434,29.1736850242861,0
                81.0436322492834,29.1746078651783,0
                81.0434607688469,29.1748380290434,0
                81.0433115337972,29.1751448738176,0
                81.043225356591,29.1752215530674,0
                81.0431834225025,29.1753749748726,0
                81.0432076025662,29.1756050166632,0
                81.0435629171126,29.176288395524,0
                81.0439652808682,29.1773553012402,0
                81.0439905221298,29.1776620230747,0
                81.0439064654061,29.1779666808609,0
                81.0439081501366,29.1781199791373,0
                81.0439531409123,29.178273402873,0
                81.0440022497539,29.1788079783257,0
                81.0442503268177,29.1796447786101,0
                81.0442334459441,29.1801049858919,0
                81.0440458331414,29.1808697248014,0
                81.0439876407954,29.1815577844825,0
                81.044340335006,29.1819952485367,0
                81.0446251046158,29.182202670448,0
                81.0448012022588,29.1823920923906,0
                81.0453052514021,29.1827709389517,0
                81.0456357623485,29.183167844183,0
                81.0456623124482,29.1836258017993,0
                81.0453869002094,29.1843364813788,0
                81.0446528667186,29.1848577350587,0
                81.0440476940095,29.1852053202618,0
                81.0436136258239,29.1853046800154,0
                81.0434391511176,29.1852686803321,0
                81.0430918224068,29.1853296704292,0
                81.0425690205712,29.185237358915,0
                81.0422210057108,29.185260040247,0
                81.0419597288366,29.1852240399826,0
                81.0415253504499,29.1852850910746,0
                81.0411571484763,29.1854205109029,0
                81.0408336874467,29.1856913558795,0
                81.0405327853149,29.1860568182081,0
                81.040064332716,29.186995348885,0
                81.0398516703345,29.1871872028565,0
                81.0396120753436,29.1874015549046,0
                81.038532710924,29.1880786020907,0
                81.0382098121976,29.1883696957191,0
                81.0379078495821,29.1885817969274,0
                81.0378005502454,29.1887149075615,0
                81.0376065114493,29.1888706406063,0
                81.037346919592,29.1889676906828,0
                81.0365651505736,29.1890333613087,0
                81.0363055597347,29.1891484724486,0
                81.0361764499111,29.1892657718234,0
                81.0358290599509,29.1892681421844,0
                81.0356555201575,29.1893087604436,0
                81.0353946195907,29.1892908211144,0
                81.034651540177,29.1888782245653,0
                81.0344098275708,29.1886323693358,0
                81.034081252775,29.1883662649872,0
                81.0338611626084,29.1880821012345,0
                81.03379423758,29.1879106789118,0
                81.0332866324639,29.1871709284036,0
                81.0329538149562,29.1865055482882,0
                81.0328204006153,29.1862010749253,0
                81.0325813087888,29.1862033842024,0
                81.031994264572,29.1861696917204,0
                81.0317342991814,29.1862283702595,0
                81.0315386383225,29.1862306792717,0
                81.0313429154522,29.1862126783674,0
                81.0306243920184,29.1860481839947,0
                81.0302333827177,29.1860708640249,0
                81.029908861898,29.186206284813,0
                81.0293909897416,29.1865559949902,0
                81.0286171437262,29.1873457234712,0
                81.02838173215,29.1877111860516,0
                81.0281452605499,29.1879413494592,0
                81.0279293496717,29.188097019165,0
                81.0275614607978,29.188232439454,0
                81.027432039341,29.188329490545,0
                81.0272373141163,29.1884084806352,0
                81.0269141037794,29.1886792012959,0
                81.0267213748412,29.1889476729735,0
                81.0265313297815,29.1894846206088,0
                81.0265796275444,29.1899425164586,0
                81.0265623718714,29.1904004103497,0
                81.0265004373716,29.1906869459309,0
                81.026482183633,29.1910320382398,0
                81.026509670099,29.1916049223575,0
                81.0267129412402,29.1923471056385,0
                81.0267798666884,29.1925185282991,0
                81.0269334681627,29.1926697038698,0
                81.0273467234652,29.1927056433312,0
                81.0278679650992,29.1926627176773,0
                81.0280418159881,29.1926807179386,0
                81.0281292414223,29.1927167786025,0
                81.0281514244976,29.1927753982457,0
                81.0281315487592,29.1929648797898,0
                81.0280676180538,29.1930799931976,0
                81.0278746406956,29.1933123444398,0
                81.0276162345846,29.1935425064608,0
                81.0267158365846,29.1947540067452,0
                81.0266525923841,29.1949277391625,0
                81.0266124668474,29.1952705823193,0
                81.0267227612473,29.1954240063005,0
                81.0269410424987,29.195516438314,0
                81.0272018811074,29.195514129489,0
                81.0276791301252,29.1954530795757,0
                81.0277661804635,29.1954530800725,0
                81.0279820906098,29.1953357196484,0
                81.0282205591342,29.1952770409322,0
                81.0286126291011,29.1953491643632,0
                81.0290027016046,29.1952701141579,0
                81.0291762414629,29.1952294952903,0
                81.0296113683788,29.1952834965692,0
                81.0300683050882,29.1953353100243,0
                81.0305051158843,29.1955607949145,0
                81.0306799660199,29.1956374152622,0
                81.0307673900331,29.1957118474287,0
                81.0309216770704,29.1959215792785,0
                81.0309667314993,29.1960546925019,0
                81.0309472298357,29.1962847957724,0
                81.0310581487362,29.1965125889907,0
                81.0320420663375,29.1970762992794,0
                81.032390391987,29.1971506097293,0
                81.0331762163236,29.1974865266972,0
                81.0338752388944,29.1978428150957,0
                81.0346190660993,29.1983140309361,0
                81.0348604669032,29.1985598869659,0
                81.0351452990052,29.1987673089007,0
                81.0353426440132,29.1989566690607,0
                81.0361255351785,29.199008424252,0
                81.0363868111409,29.19906248528,0
                81.036649085812,29.1991955387548,0
                81.0371723226969,29.1993803414784,0
                81.0372591236872,29.1993600320527,0
                81.0375203992296,29.199416342387,0
                81.0383029174358,29.1994274150864,0
                81.0387387302564,29.1995580961192,0
                81.0389125820722,29.1995377249646,0
                81.0393454002682,29.1993797458411,0
                81.0396934772361,29.1993976860904,0
                81.0398515797334,29.1994314358304,0
                81.040303453673,29.1995260579229,0
                81.0405415490002,29.1993906358874,0
                81.0407550892934,29.199004862354,0
                81.0409064443013,29.1989281214435,0
                81.0410153671452,29.1989280608982,0
                81.041538605733,29.1990384328862,0
                81.0417793828853,29.1991894843685,0
                81.0420210951342,29.1994352775284,0
                81.0423489859189,29.199586329775,0
                81.0424360985612,29.199584018473,0
                81.042609264181,29.1995072782712,0
                81.042695441281,29.1994305988355,0
                81.043043081673,29.199387608335,0
                81.0433894118152,29.1992318150288,0
                81.0436268197539,29.1990580843808,0
                81.0438208588542,29.1988662917206,0
                81.0441231965735,29.1986541288232,0
                81.04425224335,29.1985187682453,0
                81.044685374648,29.1983629754502,0
                81.0454702637132,29.1985274082055,0
                81.0458203381987,29.1986963975925,0
                81.0459945007482,29.1987347092701,0
                81.04608161428,29.1987143990866,0
                81.0462547797991,29.1986375962284,0
                81.0464266347358,29.1984254934655,0
                81.0469438220306,29.197962918596,0
                81.0473089674912,29.1975387133322,0
                81.0476553603649,29.1973829204973,0
                81.0479166371872,29.1973805485649,0
                81.0481785372125,29.1974752306738,0
                81.0483995006642,29.197815764415,0
                81.0487720700104,29.1980818073738,0
                81.0490125358084,29.1981742395725,0
                81.0493605500554,29.1981921179167,0
                81.0499715259442,29.1983587979853,0
                81.0503196030013,29.1983541784772,0
                81.0504708965799,29.1982593761373,0
                81.0507314861511,29.1982186967369,0
                81.0509910776859,29.198101273125,0
                81.0512524172426,29.1981192126574,0
                81.051515004052,29.1982499543488,0
                81.0521519066602,29.1988362208127,0
                81.0523919964133,29.1989308398419,0
                81.0527390132005,29.1988314787711,0
                81.05299897972,29.198716305558,0
                81.0541284531071,29.1985534615847,0
                81.0549119703695,29.198605029484,0
                81.0552606711468,29.1986590288183,0
                81.0554342104168,29.1986183475922,0
                81.0558690269528,29.1985956061616,0
                81.0563044663487,29.1986111730294,0
                81.0565431848512,29.1985704922109,0
                81.0566736671595,29.1985704316979,0
                81.0576535931631,29.1986579990684,0
                81.0578274450981,29.1986556897375,0
                81.0592226234317,29.1989325573132,0
                81.0595706385296,29.1989278753943,0
                81.0600915071181,29.1988103306172,0
                81.0603514733811,29.1987131554888,0
                81.0606123748807,29.1987108470551,0
                81.0607869126292,29.1987469081536,0
                81.0608743369265,29.1988032169437,0
                81.0612923980535,29.199220309032,0
                81.0614884332216,29.19925630785,0
                81.0615751717002,29.199235999012,0
                81.0618555745843,29.19900577367,0
                81.0618983191603,29.1989470296996,0
                81.0619608160979,29.1986809303881,0
                81.0621534815301,29.1983920855181,0
                81.0623925121554,29.1983716526632,0
                81.0626562217946,29.1985971354506,0
                81.0629184961401,29.1987300640024,0
                81.0630920362133,29.1986893826029,0
                81.0633293816009,29.1985155894567,0
                81.0635661037339,29.1982470552774,0
                81.0636743390626,29.1982064359834,0
                81.0641972668445,29.1982782484543,0
                81.0645692117735,29.1984856714785,0
                81.0646129557452,29.1985239187938,0
                81.0648130454361,29.1989231967667,0
                81.065359903207,29.1992048651525,0
                81.06570860456,29.1992611151788,0
                81.0659695693963,29.1992587436115,0
                81.0665799209979,29.1993869896741,0
                81.0673664945806,29.1997046589386,0
                81.0678043675176,29.1999683900925,0
                81.0681541300391,29.2001193184219,0
                81.0686777428162,29.2002679360097,0
                81.0689400170886,29.2003805546083,0
                81.0696385428983,29.2006035433368,0
                81.0697259680258,29.2006599142666,0
                81.0701225298819,29.2011153766214,0
                81.0702995005527,29.2013994776638,0
                81.0703876126638,29.2014942199264,0
                81.0706950030953,29.2017601998888,0
                81.0707824907571,29.2017962602613,0
                81.0710471983953,29.2021389818197,0
                81.0712439200896,29.2022132897451,0
                81.0714167723366,29.2021162382276,0
                81.0716312484717,29.2018273938676,0
                81.0718044137456,29.2017505905319,0
                81.0719782651853,29.2017301571778,0
                81.0720871876281,29.2017481573404,0
                81.0723280901768,29.2018788980146,0
                81.072546994298,29.2020298873199,0
                81.0725913620124,29.2021065684047,0
                81.0728322010932,29.2022575568518,0
                81.0734251733311,29.2027873287046,0
                81.0735362166676,29.2029970603909,0
                81.0738446687343,29.2033375323633,0
                81.073933466235,29.2035089549655,0
                81.074198236691,29.20385161459,0
                81.0745282475872,29.2041920870963,0
                81.0745518033783,29.2043635094091,0
                81.0743608847129,29.2048237763838,0
                81.0743626310164,29.2049951976359,0
                81.0744753593916,29.205338042376,0
                81.074607588791,29.2055094031353,0
                81.0751981893301,29.2058090706147,0
                81.0759643894131,29.2062620388216,0
                81.0762922789431,29.2064130289486,0
                81.0764012635249,29.2064309658973,0
                81.0770994779649,29.2066155212104,0
                81.0774041227772,29.2066311491321,0
                81.0775429831507,29.2064066087034,0
                81.0779441178819,29.2062654401837,0
                81.0779416853833,29.2060353364705,0
                81.0778969436691,29.2059204091836,0
                81.0776769151929,29.2056926149677,0
                81.0776103013243,29.2055798749846,0
                81.0776502388264,29.2052347198009,0
                81.0781878003298,29.2046952771819,0
                81.0784006521812,29.204349999857,0
                81.0787227383309,29.2040430334019,0
                81.0792412961374,29.2038284350441,0
                81.0795016357344,29.2038260635518,0
                81.0798912714498,29.2037265784191,0
                81.080411951386,29.2036653417165,0
                81.0807364710836,29.2035658552275,0
                81.0813192080491,29.2032948261032,0
                81.0815126822911,29.2032653932187,0
                81.0817094060761,29.203233711823,0
                81.0824878650904,29.2030347408747,0
                81.0831382776096,29.2029891915568,0
                81.0833548730761,29.2029484481521,0
                81.0834194281962,29.2029100781467,0
                81.0835263530596,29.202794965269,0
                81.0835669763231,29.2025648622077,0
                81.0835423589553,29.2023347582861,0
                81.0834077577595,29.2019942253748,0
                81.0832533456772,29.201766495143,0
                81.0832079175589,29.2016131334954,0
                81.08322841582,29.20151839209,0
                81.0833140939562,29.2014213401777,0
                81.0834435762202,29.2013806585712,0
                81.0837694065257,29.2014165343582,0
                81.084006875343,29.2012991108679,0
                81.0842419112508,29.2010305145154,0
                81.0844362606695,29.2009514618721,0
                81.0845668053051,29.2009693994153,0
                81.0850915403499,29.2012871270347,0
                81.0854181187247,29.2013794355867,0
                81.0856149018661,29.2014920521737,0
                81.0859414187339,29.2015843608603,0
                81.0863968557855,29.2015795551205,0
                81.0868536049074,29.2016514290237,0
                81.0873742215605,29.2016465619148,0
                81.0874387752023,29.2016081284989,0
                81.0878469755655,29.2012786030971,0
                81.0885758882338,29.2005833026561,0
                81.088703936094,29.2004095708072,0
                81.0887667423256,29.2002380875894,0
                81.088742874176,29.2000666652236,0
                81.0887827490143,29.1997778805194,0
                81.0888248072276,29.199662829635,0
                81.0889525428674,29.1994912844709,0
                81.0891663307782,29.1992203748098,0
                81.0894662330617,29.1989112208264,0
                81.0896800210119,29.1986606848102,0
                81.0899389872468,29.1985635091055,0
                81.0901124631888,29.1985430759535,0
                81.0902197629503,29.1984640851747,0
                81.0906456529887,29.1978298999399,0
                81.0910954743544,29.1973671996982,0
                81.091371757996,29.1969045587186,0
                81.0917560268676,29.1963854874444,0
                81.0919683789237,29.1960402103174,0
                81.0920752416981,29.1959047867415,0
                81.0926121759353,29.1954600228331,0
                81.0929734487554,29.1948822694188,0
                81.0932511667146,29.1945369930569,0
                81.0937234841571,29.1941305997372,0
                81.0940476290491,29.1940311129105,0
                81.0945671847994,29.1939292544319,0
                81.0947830315483,29.1938523901467,0
                81.0951706707601,29.1936175422605,0
                81.0954278270128,29.1933669438573,0
                81.0955555624621,29.1931931497271,0
                81.095724921225,29.1928479337728,0
                81.0958311589161,29.1926741396102,0
                81.096287845745,29.1927460134949,0
                81.0969836853754,29.1928921346107,0
                81.0973324476905,29.1930226893021,0
                81.0980282878442,29.1931484998652,0
                81.0988094932584,29.1931593222164,0
                81.0991579433447,29.1932717540567,0
                81.0995917595016,29.1932466998302,0
                81.1001095674099,29.1930318511984,0
                81.1010562611395,29.192410922781,0
                81.1014012167458,29.1922346931827,0
                81.1014653967509,29.1921579519565,0
                81.1018953433783,29.1918462992042,0
                81.1020893817603,29.1917491858007,0
                81.1023486600692,29.1916700089912,0
                81.1027799791759,29.1914554099991,0
                81.1035753808,29.1908750374203,0
              </coordinates>
            </LinearRing>
          </outerBoundaryIs>
        </Polygon>
      </Placemark>
      <Placemark id="SU_ACHHAM_Chaurpati.6">
        <ExtendedData>
          <SchemaData schemaUrl="#SU_ACHHAM_Chaurpati.schema">
            <SimpleData name="ogc_fid">2598</SimpleData>
            <SimpleData name="objectid_1">2599</SimpleData>
            <SimpleData name="dcode">69</SimpleData>
            <SimpleData name="district">ACHHAM</SimpleData>
            <SimpleData name="das">0</SimpleData>
            <SimpleData name="gapa_napa">Chaurpati</SimpleData>
            <SimpleData name="type_gn">Gaunpalika</SimpleData>
            <SimpleData name="gn_code">2.000000000000000</SimpleData>
            <SimpleData name="new_ward_n">3</SimpleData>
            <SimpleData name="ddgnww">690203.000000000000000</SimpleData>
            <SimpleData name="center">Chaurpati 1</SimpleData>
            <SimpleData name="state_code">7</SimpleData>
            <SimpleData name="ddgn">69002</SimpleData>
            <SimpleData name="area_sqkm">7.302573848310000</SimpleData>
            <SimpleData name="shape_leng">13477.244658499999787</SimpleData>
            <SimpleData name="shape_area">7302573.848310000263155</SimpleData>
            <SimpleData name="Province">SU</SimpleData>
            <SimpleData name="Address">Chaurpati-3, ACHHAM, SU</SimpleData>
          </SchemaData>
        </ExtendedData>
        <Polygon>
          <outerBoundaryIs>
            <LinearRing>
              <coordinates>
                81.119205715454,29.2134669551701,0
                81.1190506154746,29.2132776588466,0
                81.1184978914382,29.2125788414122,0
                81.1184323376154,29.2125427807265,0
                81.1182774258392,29.2123151130594,0
                81.1180770851838,29.2119160219253,0
                81.1178347486002,29.2116342951541,0
                81.1177017704192,29.2114065650121,0
                81.1173077045449,29.2111429584445,0
                81.1167839054101,29.2109020994404,0
                81.116543316043,29.2107511729261,0
                81.1162142409264,29.210487505038,0
                81.1159062267685,29.210147157406,0
                81.1155218002358,29.2089520139371,0
                81.1153932037851,29.2083159465014,0
                81.1153365919625,29.2080385342746,0
                81.1142103356887,29.2065032867163,0
                81.1137489697185,29.2060480732577,0
                81.113526819154,29.205651232421,0
                81.1133906586537,29.2051933981169,0
                81.1133378042046,29.2044490920587,0
                81.1134771774934,29.2034721848769,0
                81.1134701262867,29.2028992382775,0
                81.1135110612478,29.2027278167916,0
                81.1135276283456,29.2023262296366,0
                81.1137149264463,29.2016944784961,0
                81.1140560756802,29.2012317138627,0
                81.114160816074,29.2009451177793,0
                81.1141780700699,29.2005819639267,0
                81.1140888977657,29.2004106037751,0
                81.1138483081221,29.2002596771793,0
                81.1125390605865,29.1996810878037,0
                81.111928523486,29.1994402272773,0
                81.1114061600209,29.1992917965069,0
                81.1107953101617,29.1990306251978,0
                81.1095770442213,29.1987766945253,0
                81.1093153947873,29.1986844493294,0
                81.1089675677795,29.1986305746246,0
                81.1086840463036,29.1985180189596,0
                81.1082244902799,29.1981981053427,0
                81.1078753534456,29.1980314286311,0
                81.1076125799673,29.1978624403325,0
                81.1073508671972,29.1977498847505,0
                81.1071110272231,29.1976575778383,0
                81.1068500007684,29.1976013923077,0
                81.1065012390643,29.1974730866583,0
                81.106239526529,29.1973605317057,0
                81.1058903898383,29.1972119155911,0
                81.1053676510102,29.1970454236148,0
                81.1049952697826,29.1967817559401,0
                81.1045145900081,29.1965182116589,0
                81.1043608018448,29.1963491628849,0
                81.1042723157574,29.1962341724911,0
                81.1040490428064,29.1957223419143,0
                81.1040223039169,29.195320816054,0
                81.1040611796752,29.1949755989751,0
                81.1040372484954,29.1948042398364,0
                81.1039251434921,29.1945200772022,0
                81.1038478887106,29.1918448255419,0
                81.1036441168696,29.1911615117903,0
                81.1035753808,29.1908750374203,0
                81.1027799791759,29.1914554099991,0
                81.1023486600692,29.1916700089912,0
                81.1020893817603,29.1917491858007,0
                81.1018953433783,29.1918462992042,0
                81.1014653967509,29.1921579519565,0
                81.1014012167458,29.1922346931827,0
                81.1010562611395,29.192410922781,0
                81.1001095674099,29.1930318511984,0
                81.0995917595016,29.1932466998302,0
                81.0991579433447,29.1932717540567,0
                81.0988094932584,29.1931593222164,0
                81.0980282878442,29.1931484998652,0
                81.0973324476905,29.1930226893021,0
                81.0969836853754,29.1928921346107,0
                81.096287845745,29.1927460134949,0
                81.0958311589161,29.1926741396102,0
                81.095724921225,29.1928479337728,0
                81.0955555624621,29.1931931497271,0
                81.0954278270128,29.1933669438573,0
                81.0951706707601,29.1936175422605,0
                81.0947830315483,29.1938523901467,0
                81.0945671847994,29.1939292544319,0
                81.0940476290491,29.1940311129105,0
                81.0937234841571,29.1941305997372,0
                81.0932511667146,29.1945369930569,0
                81.0929734487554,29.1948822694188,0
                81.0926121759353,29.1954600228331,0
                81.0920752416981,29.1959047867415,0
                81.0919683789237,29.1960402103174,0
                81.0917560268676,29.1963854874444,0
                81.091371757996,29.1969045587186,0
                81.0910954743544,29.1973671996982,0
                81.0906456529887,29.1978298999399,0
                81.0902197629503,29.1984640851747,0
                81.0901124631888,29.1985430759535,0
                81.0899389872468,29.1985635091055,0
                81.0896800210119,29.1986606848102,0
                81.0894662330617,29.1989112208264,0
                81.0891663307782,29.1992203748098,0
                81.0889525428674,29.1994912844709,0
                81.0888248072276,29.199662829635,0
                81.0887827490143,29.1997778805194,0
                81.088742874176,29.2000666652236,0
                81.0887667423256,29.2002380875894,0
                81.088703936094,29.2004095708072,0
                81.0885758882338,29.2005833026561,0
                81.0878469755655,29.2012786030971,0
                81.0874387752023,29.2016081284989,0
                81.0873742215605,29.2016465619148,0
                81.0868536049074,29.2016514290237,0
                81.0863968557855,29.2015795551205,0
                81.0859414187339,29.2015843608603,0
                81.0856149018661,29.2014920521737,0
                81.0854181187247,29.2013794355867,0
                81.0850915403499,29.2012871270347,0
                81.0845668053051,29.2009693994153,0
                81.0844362606695,29.2009514618721,0
                81.0842419112508,29.2010305145154,0
                81.084006875343,29.2012991108679,0
                81.0837694065257,29.2014165343582,0
                81.0834435762202,29.2013806585712,0
                81.0833140939562,29.2014213401777,0
                81.08322841582,29.20151839209,0
                81.0832079175589,29.2016131334954,0
                81.0832533456772,29.201766495143,0
                81.0834077577595,29.2019942253748,0
                81.0835423589553,29.2023347582861,0
                81.0835669763231,29.2025648622077,0
                81.0835263530596,29.202794965269,0
                81.0834194281962,29.2029100781467,0
                81.0833548730761,29.2029484481521,0
                81.0831382776096,29.2029891915568,0
                81.0824878650904,29.2030347408747,0
                81.0817094060761,29.203233711823,0
                81.0815126822911,29.2032653932187,0
                81.0813192080491,29.2032948261032,0
                81.0807364710836,29.2035658552275,0
                81.080411951386,29.2036653417165,0
                81.0798912714498,29.2037265784191,0
                81.0795016357344,29.2038260635518,0
                81.0792412961374,29.2038284350441,0
                81.0787227383309,29.2040430334019,0
                81.0784006521812,29.204349999857,0
                81.0781878003298,29.2046952771819,0
                81.0776502388264,29.2052347198009,0
                81.0776103013243,29.2055798749846,0
                81.0776769151929,29.2056926149677,0
                81.0778969436691,29.2059204091836,0
                81.0779416853833,29.2060353364705,0
                81.0779441178819,29.2062654401837,0
                81.0775429831507,29.2064066087034,0
                81.0774041227772,29.2066311491321,0
                81.0776012196613,29.2067438285843,0
                81.0777990008687,29.2069331262779,0
                81.0778885477097,29.2071429198043,0
                81.0781748152229,29.2074856419153,0
                81.0783948429277,29.2077133732694,0
                81.0785919398651,29.2078260532003,0
                81.0788306578516,29.2077672498079,0
                81.0788948382692,29.2076882576335,0
                81.0789816384519,29.2076701355202,0
                81.0791544924649,29.2075527736074,0
                81.0793484691848,29.2073609192986,0
                81.0794994497191,29.2072638052678,0
                81.0795865013492,29.2072434340147,0
                81.0797607268425,29.2072613721129,0
                81.0802639028404,29.2075250414663,0
                81.0804384410423,29.2075812891621,0
                81.0808740051404,29.2076351643889,0
                81.0812213956222,29.2076304822217,0
                81.0813946222169,29.2075919887182,0
                81.0815125440338,29.2075828658914,0
                81.0821752041789,29.2075261304839,0
                81.0823494918076,29.2075823774735,0
                81.0826773806942,29.2077897377107,0
                81.0832042369952,29.2082811364672,0
                81.0832917246556,29.2083171962969,0
                81.0844249374603,29.208706738,0
                81.0851191548402,29.2086995604509,0
                81.0855536568153,29.2087511244161,0
                81.0858140596161,29.20874869027,0
                81.0860750219273,29.208802689156,0
                81.0863367967875,29.2089153068869,0
                81.0865783848536,29.2091407264474,0
                81.0866224405652,29.2091970969411,0
                81.0866699281584,29.2095218802124,0
                81.0870683624552,29.2101464521959,0
                81.0872439609918,29.2102975026837,0
                81.0877944370522,29.2109400129882,0
                81.0882762392628,29.21129611097,0
                81.0884740216891,29.2114854716688,0
                81.0887162958275,29.2117875715762,0
                81.0888061540717,29.2120153643309,0
                81.0888349525782,29.2125860609365,0
                81.0891011585542,29.2130415222079,0
                81.0893413726833,29.2131722003661,0
                81.0902133101673,29.2134874335843,0
                81.0904108430347,29.2136564829579,0
                81.0904347120362,29.2138279041687,0
                81.0903975820925,29.2143422314461,0
                81.0904888144155,29.2146850132151,0
                81.0904686893175,29.214800064556,0
                81.0906224785428,29.2149488646864,0
                81.0910792886932,29.2150591105618,0
                81.0917526957878,29.2151104903846,0
                81.0923601755188,29.2151033118416,0
                81.0933990993831,29.2148837835596,0
                81.0940062042641,29.2148585446518,0
                81.0944393964258,29.2147770576498,0
                81.0961754079931,29.2147960800075,0
                81.0964353736881,29.2147553368047,0
                81.097042790829,29.2147299726528,0
                81.0975638440834,29.2147635391888,0
                81.0980835239906,29.2146819286189,0
                81.0983445504268,29.2147178043851,0
                81.0984094170478,29.2146974949279,0
                81.0991036964895,29.2146901918848,0
                81.0995379487569,29.2147236328193,0
                81.1005824272785,29.2149417511574,0
                81.1011052282738,29.2150879950095,0
                81.101454052916,29.2152366110528,0
                81.102133388549,29.2157436348728,0
                81.1023534782241,29.2159893028833,0
                81.1027517259694,29.2165958143069,0
                81.1029280731454,29.2168032349305,0
                81.1029506307807,29.2168799151535,0
                81.1033463822347,29.2172743212157,0
                81.104185870904,29.2184669712522,0
                81.1042514243238,29.2185052813696,0
                81.1044500177024,29.2187510109278,0
                81.1051961534959,29.2194090850342,0
                81.1052405218049,29.2194857656639,0
                81.1055470385327,29.2196908135251,0
                81.1062451877605,29.2199902326043,0
                81.107029388022,29.2202287208664,0
                81.1071168753295,29.2202850297061,0
                81.1077754623362,29.2208688591799,0
                81.1081275320865,29.2212474537423,0
                81.1085222228957,29.221565178843,0
                81.1089621535251,29.2220385159725,0
                81.1097987132027,29.2228296406736,0
                81.1107514981602,29.224074037656,0
                81.1112649117653,29.2249826475625,0
                81.1115974203852,29.2254357973805,0
                81.1122836867868,29.2262856027329,0
                81.1129897639355,29.2270204182939,0
                81.1133660170495,29.2274712567071,0
                81.1135434261459,29.2277169856986,0
                81.1135829873075,29.2274507615855,0
                81.1136808620691,29.2267062700119,0
                81.113782856235,29.2262482510724,0
                81.1140747698475,29.2253885854545,0
                81.1142871843766,29.2250432456611,0
                81.114544715078,29.2248107080447,0
                81.114712699952,29.2244090602462,0
                81.1149476725808,29.2241223404194,0
                81.1150313529085,29.2238921754139,0
                81.1152870734922,29.2235468359609,0
                81.1154353081529,29.2232579907223,0
                81.1156067880731,29.2230863835621,0
                81.1160756725101,29.2224521368097,0
                81.1163283353461,29.2218766936655,0
                81.1165823713636,29.2214184905628,0
                81.1168590287209,29.2210144691733,0
                81.1169426454286,29.2207843670159,0
                81.1169620212327,29.2206129451874,0
                81.116862738023,29.219758086823,0
                81.1169001768004,29.2193587494493,0
                81.1172153969674,29.218611823133,0
                81.1172347098991,29.2184404016298,0
                81.117277393187,29.21838172053,0
                81.1173801352685,29.2179800714751,0
                81.117699474774,29.2175196188399,0
                81.1177840289643,29.217348136688,0
                81.1179541358189,29.2170795389406,0
                81.118145364448,29.2167928807018,0
                81.1183594641575,29.2165603428778,0
                81.1185281344895,29.2162150650635,0
                81.1186117523138,29.2159871498253,0
                81.1186502531472,29.2156442447309,0
                81.118794244002,29.2150711751101,0
                81.1188277515754,29.2143854895368,0
                81.1188888733188,29.2140988924635,0
                81.1191845924408,29.213523387504,0
                81.119205715454,29.2134669551701,0
              </coordinates>
            </LinearRing>
          </outerBoundaryIs>
        </Polygon>
      </Placemark>
      <Placemark id="SU_ACHHAM_Chaurpati.7">
        <ExtendedData>
          <SchemaData schemaUrl="#SU_ACHHAM_Chaurpati.schema">
            <SimpleData name="ogc_fid">2603</SimpleData>
            <SimpleData name="objectid_1">2604</SimpleData>
            <SimpleData name="dcode">69</SimpleData>
            <SimpleData name="district">ACHHAM</SimpleData>
            <SimpleData name="das">0</SimpleData>
            <SimpleData name="gapa_napa">Chaurpati</SimpleData>
            <SimpleData name="type_gn">Gaunpalika</SimpleData>
            <SimpleData name="gn_code">2.000000000000000</SimpleData>
            <SimpleData name="new_ward_n">1</SimpleData>
            <SimpleData name="ddgnww">690201.000000000000000</SimpleData>
            <SimpleData name="center">Chaurpati 1</SimpleData>
            <SimpleData name="state_code">7</SimpleData>
            <SimpleData name="ddgn">69002</SimpleData>
            <SimpleData name="area_sqkm">82.048769868600004</SimpleData>
            <SimpleData name="shape_leng">46405.231445400000666</SimpleData>
            <SimpleData name="shape_area">82048769.868599981069565</SimpleData>
            <SimpleData name="Province">SU</SimpleData>
            <SimpleData name="Address">Chaurpati-1, ACHHAM, SU</SimpleData>
          </SchemaData>
        </ExtendedData>
        <Polygon>
          <outerBoundaryIs>
            <LinearRing>
              <coordinates>
                81.1242374965412,29.211673566677,0
                81.1249553984447,29.2116164561395,0
                81.1253684673654,29.2116364601323,0
                81.1274548224318,29.2107186371362,0
                81.1278241516552,29.2104701648123,0
                81.1282587865014,29.2100682088543,0
                81.128606371568,29.2096663756525,0
                81.1289978316072,29.2088606434602,0
                81.1290845128975,29.2085537990768,0
                81.1291996259879,29.2083168223899,0
                81.129215000041,29.2082852627083,0
                81.1294331622402,29.2079984804713,0
                81.1297813055803,29.2078087523188,0
                81.1303031113474,29.2076932078279,0
                81.1306731266085,29.2075033559833,0
                81.1313269900304,29.2066432579979,0
                81.1314581024042,29.2063566612739,0
                81.1315244126189,29.2059550744824,0
                81.1317432056734,29.2053796313391,0
                81.1318093927327,29.2048652424839,0
                81.1320511930008,29.2037168525574,0
                81.1321397541369,29.2030851629148,0
                81.1322934945396,29.202453348724,0
                81.1322941241811,29.2021668759421,0
                81.1323818052781,29.2018803410363,0
                81.1324918632758,29.2012485888089,0
                81.1326885948348,29.2007905098562,0
                81.1329518257736,29.1998157287708,0
                81.1330610662498,29.1995291323424,0
                81.1334981483983,29.1985542295924,0
                81.1337379978183,29.1981524574103,0
                81.1339133586797,29.1975770762415,0
                81.134000537608,29.1974055312037,0
                81.134000915573,29.1972341089768,0
                81.1338930621983,29.1968327074568,0
                81.1338504501554,29.1964311818661,0
                81.1338518371212,29.1957431214441,0
                81.1338955858524,29.19551308056,0
                81.1340486346597,29.1951136203782,0
                81.1344409649864,29.1945966737774,0
                81.1350943871919,29.1939283079947,0
                81.1352034379609,29.1937567623349,0
                81.1353780464295,29.1933550522982,0
                81.1352711380858,29.1924957561996,0
                81.1353157047719,29.1919204977046,0
                81.1351649233472,29.1913476740728,0
                81.1351005021235,29.1909462107274,0
                81.1351010069425,29.1906597372209,0
                81.135014964198,29.1902019037989,0
                81.1349286698541,29.189856872568,0
                81.1346040404421,29.1890541307396,0
                81.134496377086,29.1885376772229,0
                81.1342371122215,29.1878499251488,0
                81.1342376186347,29.1874867720191,0
                81.1344339090714,29.1872000506648,0
                81.134564518628,29.1871051867268,0
                81.1347602427766,29.1870485693138,0
                81.1350863229942,29.1870279506277,0
                81.1354774562932,29.1870862009463,0
                81.1363025848411,29.1875252337121,0
                81.1369104934278,29.1880028850945,0
                81.1371921366371,29.1883657299256,0
                81.137343419584,29.1888257520524,0
                81.1378422779623,29.1894185158165,0
                81.1384925489648,29.1902975680311,0
                81.1387085679799,29.1910620617401,0
                81.1388383594017,29.1912897926137,0
                81.1394244551951,29.1919027427235,0
                81.1394889428097,29.1921327230276,0
                81.1396187331946,29.1923423919375,0
                81.1398137648769,29.1925723106001,0
                81.1400740379486,29.1928021054614,0
                81.1402038292223,29.1930117757049,0
                81.1403762942049,29.1936251577104,0
                81.1405058959318,29.1939317559737,0
                81.1406134983242,29.1943895897898,0
                81.140808404524,29.1946781285008,0
                81.1409601934172,29.1947929943056,0
                81.1414368687436,29.1953654473484,0
                81.1418479858154,29.1961320065129,0
                81.1421291225609,29.1968219460834,0
                81.1426270415951,29.1975861316363,0
                81.143382900314,29.1996718847183,0
                81.1434475119362,29.1999221754925,0
                81.1435550534604,29.2003033281522,0
                81.1438363174789,29.2008399069006,0
                81.1438796211566,29.2009932059279,0
                81.1440960855997,29.201356174906,0
                81.1442254983887,29.2017395164755,0
                81.1446363650405,29.202542134576,0
                81.1449401316619,29.2028305488663,0
                81.1452006556342,29.2029633531587,0
                81.1455266101775,29.2030036040236,0
                81.1459185007217,29.2026580166305,0
                81.1464198809597,29.2019897729003,0
                81.1471601034045,29.2013776527835,0
                81.147247091939,29.2013392197564,0
                81.1476826641254,29.2009394508977,0
                81.1483365916086,29.2000206698774,0
                81.1494472715188,29.1989320990916,0
                81.1503614705012,29.198225052589,0
                81.150905653394,29.1978612821442,0
                81.1514063425769,29.1974230795097,0
                81.151863283788,29.1971744218954,0
                81.1528426627613,29.1964491900226,0
                81.1538437249779,29.1958186997896,0
                81.1541050047934,29.1956086603444,0
                81.1546921804364,29.1952628257804,0
                81.1550836927121,29.195111220344,0
                81.155409773845,29.1950341694516,0
                81.155866399137,29.1950156153566,0
                81.1565185000382,29.1948637005144,0
                81.1574315649914,29.1947295378694,0
                81.1577357749592,29.194634426499,0
                81.1581277262699,29.1943677688779,0
                81.1583236419492,29.19411941988,0
                81.1584546282552,29.1938327603713,0
                81.15845500633,29.1936590899004,0
                81.1582611093995,29.1929149064996,0
                81.158174435411,29.1927796673465,0
                81.1580230886494,29.1923783280335,0
                81.1578293795163,29.1915755255241,0
                81.1577430188749,29.1914019156032,0
                81.1575919873015,29.190829153912,0
                81.1573975235479,29.1903105119588,0
                81.1573763424342,29.1901391534565,0
                81.1571384458013,29.1896228227184,0
                81.1569441077582,29.1890478741165,0
                81.156858630778,29.1884163061761,0
                81.1568641126765,29.1858921041491,0
                81.1568860501614,29.185720683547,0
                81.1569734171514,29.1854904563489,0
                81.1574744216177,29.1849169541478,0
                81.1581492769442,29.1843251434732,0
                81.1586065988614,29.1837899495857,0
                81.1588026999797,29.1836363418698,0
                81.1581523004672,29.1829671446526,0
                81.1578918390389,29.1828140930925,0
                81.1575881355336,29.1825640494354,0
                81.156438556063,29.1817803567895,0
                81.1560909816008,29.1816454272052,0
                81.1557874015714,29.1814540663614,0
                81.1556141792587,29.1812241477033,0
                81.1554627672752,29.1809378598294,0
                81.1554626428641,29.1808792399639,0
                81.155180938575,29.1805163957663,0
                81.1547909368033,29.1801130522067,0
                81.1542918867317,29.1796917724081,0
                81.1536179119285,29.179940678014,0
                81.1532698941006,29.180112532176,0
                81.1528352644756,29.1802077672767,0
                81.1519654394596,29.1805899697601,0
                81.1511829190618,29.1807216964327,0
                81.1498790360142,29.1807028681216,0
                81.1495315228868,29.1805881867147,0
                81.1488364356442,29.1802822055648,0
                81.1484886720132,29.1802262062966,0
                81.1481632820092,29.1800528430106,0
                81.1478377689891,29.1797871125711,0
                81.1477946534631,29.1795570085495,0
                81.1475350142003,29.1788692569879,0
                81.147144954841,29.1781816910273,0
                81.1469075650981,29.1773202678925,0
                81.1468215220682,29.1768623718084,0
                81.1464540285017,29.1758297132259,0
                81.1463244927496,29.1753132597725,0
                81.14634731064,29.1748553026527,0
                81.1465881696308,29.1738805843675,0
                81.1466535373554,29.1737654709389,0
                81.1467414099793,29.1732487705941,0
                81.1467642937688,29.1725630218419,0
                81.1467222479353,29.1719314551711,0
                81.1469411087247,29.1710717259431,0
                81.1470720341725,29.1707265722365,0
                81.1470729792352,29.1702685522305,0
                81.1470303051413,29.1698670895375,0
                81.1470552057973,29.168204556828,0
                81.1471433302696,29.1675728675449,0
                81.1473400021992,29.1669432411239,0
                81.1475121089624,29.166656583165,0
                81.147557978409,29.1665797785588,0
                81.1479720550702,29.1661395120699,0
                81.1484288713726,29.1658908538164,0
                81.1485592297363,29.1658546715057,0
                81.1488853104301,29.1658543017154,0
                81.1492113293266,29.1657974984268,0
                81.1497985653903,29.1655667782557,0
                81.1503204953151,29.1654894802512,0
                81.1516243154369,29.1655669904196,0
                81.1522113626541,29.1654331983455,0
                81.1524723914163,29.1653179008418,0
                81.1529290180786,29.165204604984,0
                81.1531899198616,29.1652042961565,0
                81.1539723152933,29.1650883175379,0
                81.1548204522767,29.1648798481442,0
                81.15560290935,29.1648022410558,0
                81.1561899571001,29.1646503884717,0
                81.1568419940125,29.1645909651814,0
                81.1569072348062,29.164611214171,0
                81.1573639235114,29.1644956686984,0
                81.1580814562605,29.164210580064,0
                81.1582339370144,29.1641134035314,0
                81.1583211143537,29.1640004777165,0
                81.1583432399305,29.1637703750716,0
                81.1580407950899,29.1630240655024,0
                81.1579548784276,29.1625098623636,0
                81.1578683941309,29.1622798819571,0
                81.157803909659,29.1619167901082,0
                81.1578046013624,29.1616866868733,0
                81.1579570845058,29.1614587101624,0
                81.15813137439,29.1613434111762,0
                81.1582617322716,29.1613049159249,0
                81.1585225723734,29.1613046075197,0
                81.1586527404612,29.1613427931167,0
                81.159108612169,29.16155202978,0
                81.1592389052787,29.1616669586759,0
                81.1594994935644,29.161704958205,0
                81.1600867915728,29.1615328570448,0
                81.1604349361511,29.1612662623185,0
                81.1608925073362,29.1607491287696,0
                81.1613277680618,29.160349359455,0
                81.1614150076883,29.1602341836807,0
                81.1614808150712,29.1600040189812,0
                81.1614811931858,29.1598326596168,0
                81.1613080993544,29.1594312571092,0
                81.1609182901012,29.1587436910634,0
                81.1608752984679,29.1585723316343,0
                81.1608976751714,29.1582857962825,0
                81.161202389074,29.1579989519406,0
                81.1613982383696,29.1579220247374,0
                81.1617240062061,29.1579600256366,0
                81.1618545494884,29.1580162089603,0
                81.162137137228,29.1579414704159,0
                81.1627902456043,29.1573474091021,0
                81.1629859713558,29.1572140495439,0
                81.1631166418057,29.1571755549237,0
                81.1632467487696,29.1571956802436,0
                81.1633336101064,29.1572519256329,0
                81.1637675443159,29.1576529571298,0
                81.1640279442956,29.1577496385968,0
                81.164223543291,29.1577291435647,0
                81.1645718107653,29.1575775374825,0
                81.1647025465789,29.157347310419,0
                81.1646814921727,29.1570608368744,0
                81.1644863990787,29.1567746112343,0
                81.1641177676302,29.1564299509455,0
                81.1641180216921,29.1562404684808,0
                81.1642052612187,29.1561433538975,0
                81.1645315306125,29.156068490167,0
                81.1648350510618,29.1560680565608,0
                81.164987342902,29.156067933716,0
                81.1652043118703,29.1561443671894,0
                81.1653346699868,29.1561058726936,0
                81.1657256846458,29.1557624720611,0
                81.1662043798227,29.1551912193314,0
                81.1664649718025,29.155037487571,0
                81.1668556700673,29.1549241910694,0
                81.1671160082339,29.1549622536533,0
                81.1673762839368,29.1550589357342,0
                81.1675062017758,29.1551534913453,0
                81.1677662896174,29.1552682339442,0
                81.1681564837252,29.1553850403228,0
                81.1688724487426,29.1553863628564,0
                81.169132851412,29.1553093732374,0
                81.1692414615475,29.1553091874332,0
                81.1695673573685,29.1551757043587,0
                81.169220722928,29.1548129840113,0
                81.1690911831618,29.1545830660241,0
                81.1690265701925,29.1543530240614,0
                81.1690484460244,29.1541815396659,0
                81.1692011178724,29.153838511486,0
                81.1695490151386,29.1534366159618,0
                81.1695714564632,29.1530349662739,0
                81.1697900640573,29.1523489708327,0
                81.1700290348698,29.1521388690043,0
                81.17033305755,29.1520617553252,0
                81.1704199223761,29.1519488921956,0
                81.170528975592,29.1516622324309,0
                81.1705078566294,29.1514885611869,0
                81.1702479599352,29.1511460270677,0
                81.170118232701,29.1509161088337,0
                81.1701189255744,29.1505709541418,0
                81.1703582093,29.1503428532397,0
                81.1706835401829,29.1503243594019,0
                81.1708137092081,29.1503625453898,0
                81.1709656260821,29.1503442988691,0
                81.1710307435947,29.1503058661455,0
                81.1712699027767,29.1500190834852,0
                81.1713354597744,29.1498476006258,0
                81.1712705970036,29.1496739908188,0
                81.1710545067953,29.1493313946146,0
                81.171054885194,29.1491576609191,0
                81.1711201296022,29.1489861778472,0
                81.1713162329647,29.148699394142,0
                81.1715123393759,29.148241252582,0
                81.1715345916996,29.1478983474449,0
                81.1715783379378,29.1477832333305,0
                81.1716443380511,29.1472665952501,0
                81.1718855755745,29.1461022069775,0
                81.1719071998591,29.1459872178654,0
                81.1719728191969,29.1458337334008,0
                81.1721697456994,29.144917633974,0
                81.1723256329994,29.1430248745993,0
                81.1723052719152,29.142395558516,0
                81.1722621570058,29.142165516414,0
                81.1721974178243,29.1420505266941,0
                81.1721976716623,29.1418204229242,0
                81.1724378377178,29.1411907973472,0
                81.1723952247574,29.1408479538818,0
                81.1723085509307,29.1407127152879,0
                81.1721568231861,29.1406181587598,0
                81.1717232601842,29.1404631051544,0
                81.1714632365285,29.1403303636089,0
                81.1713766874238,29.1402334344445,0
                81.1713334448036,29.1401184448747,0
                81.1713338226708,29.1399470230007,0
                81.1713995685385,29.1397191078676,0
                81.1714003239094,29.1393740151651,0
                81.1715749368314,29.1387443886658,0
                81.1717276087757,29.1384193585936,0
                81.1715545753206,29.1380946986965,0
                81.1711869477237,29.1375763664591,0
                81.1707545840352,29.1367738730249,0
                81.170668852744,29.1363724724247,0
                81.1704528291149,29.1358561419518,0
                81.1704313968313,29.135723091411,0
                81.1703235391863,29.1355495441361,0
                81.1701500640016,29.1354933592645,0
                81.1699332837302,29.1353402455074,0
                81.1696087086108,29.1350338946527,0
                81.1683955772058,29.1341714584471,0
                81.1680487529964,29.1340184680124,0
                81.1676372505392,29.1337686103281,0
                81.1675505128661,29.133750673809,0
                81.1668571763141,29.1333860730827,0
                81.1660988512511,29.132944916726,0
                81.1658606992469,29.1327714921758,0
                81.1651891722162,29.1324091410801,0
                81.1648355989187,29.1322426525349,0
                81.1645816984012,29.1321211603164,0
                81.1641473837493,29.1320630347659,0
                81.1635392162721,29.1321021476166,0
                81.1633654278454,29.1320820222689,0
                81.1629961679988,29.1319494669982,0
                81.1628444399387,29.1318525986861,0
                81.1627797018572,29.131681238963,0
                81.1627800173692,29.1315097549801,0
                81.1628893211688,29.1311645388335,0
                81.1631292331518,29.1307649535843,0
                81.1634996287474,29.1302479451254,0
                81.1636524903003,29.1298462338629,0
                81.1636316257863,29.1294447085097,0
                81.1635670761876,29.1292169788446,0
                81.1632637499469,29.1287571426428,0
                81.1629817935305,29.1285093499866,0
                81.1627215191905,29.128374296589,0
                81.1622870802083,29.1282598005961,0
                81.1617655882992,29.1282987903804,0
                81.1615048728213,29.1283554688032,0
                81.160895705986,29.1283742713859,0
                81.1601124349906,29.1285646803399,0
                81.1596771795387,29.1287163476189,0
                81.1587195531691,29.1291370453422,0
                81.1574139749351,29.1294972438916,0
                81.1571529478939,29.1295359247213,0
                81.1564567304822,29.1295344774039,0
                81.1560869082713,29.1294198578845,0
                81.1559348675319,29.1293230521849,0
                81.1557827076913,29.1289780826128,0
                81.1557828380887,29.1286329273737,0
                81.1556961694457,29.1282315261088,0
                81.1556962350139,29.1280601671733,0
                81.1555661973534,29.1276564526598,0
                81.155414223586,29.1273701647176,0
                81.1553489254523,29.1270815035863,0
                81.1551754571734,29.1266214193529,0
                81.1550887299287,29.1259899764399,0
                81.1549802515279,29.1255885751184,0
                81.154959009672,29.1252998513196,0
                81.1549380801413,29.1250405006451,0
                81.1548980858877,29.1249931293879,0
                81.1547761674815,29.124851203479,0
                81.1531703262829,29.1212640783112,0
                81.1528414425576,29.1207726823283,0
                81.1524003863246,29.1202588488645,0
                81.152000320111,29.1200495503856,0
                81.1505657132418,29.1195097685656,0
                81.1502045774203,29.1193726518475,0
                81.1491281675384,29.1191120987017,0
                81.1469249187175,29.1183723877355,0
                81.1460727921692,29.1180281576078,0
                81.14574752729,29.1178006743915,0
                81.1456400455244,29.1176158777202,0
                81.1455336358977,29.1168445107837,0
                81.1453687892343,29.1165559109077,0
                81.1447913149808,29.1159903306534,0
                81.1441176029892,29.1155308638549,0
                81.1431407416043,29.1152499393711,0
                81.1420876381659,29.1151157500764,0
                81.141462728084,29.1148434548025,0
                81.1411573995354,29.1146294705932,0
                81.1406082962426,29.1141157608462,0
                81.1401932376032,29.1135364334778,0
                81.1396577066937,29.1123549739096,0
                81.1389763794227,29.1114037405965,0
                81.1384205269405,29.1109169665755,0
                81.1379166625322,29.1106536091471,0
                81.1373671154,29.1105121143917,0
                81.1365867862272,29.1104384232324,0
                81.13617003,29.1104659147493,0
                81.1354201307081,29.1105817691933,0
                81.1345466796012,29.1110180288028,0
                81.1334941974593,29.1110663854981,0
                81.1327887978969,29.1108618324932,0
                81.1306681702278,29.1097157230012,0
                81.1298192988746,29.1090150267429,0
                81.1286161083353,29.1078995511357,0
                81.1280201327174,29.1075955711628,0
                81.1276411908044,29.1072643471971,0
                81.1254830869473,29.1050827712745,0
                81.1240489868647,29.1041164040323,0
                81.1231896747366,29.1036998066113,0
                81.1231751765273,29.1036953691433,0
                81.123064380486,29.1036526218593,0
                81.1225576992206,29.1036552389707,0
                81.1222618015126,29.103709730418,0
                81.1211463903968,29.1037648970626,0
                81.1191120975724,29.1042651979012,0
                81.1183813844436,29.1042703128594,0
                81.1178837694814,29.1040272037934,0
                81.1175603810978,29.1037748476437,0
                81.1165119328391,29.1018741356534,0
                81.1161028689862,29.101547410178,0
                81.1154244063002,29.1011824978629,0
                81.1148041822602,29.1009913199127,0
                81.1142490714447,29.1009466914381,0
                81.1135957844682,29.101021737705,0
                81.1126130373503,29.1013631305017,0
                81.1123609439414,29.101557358502,0
                81.1120261698542,29.1019546295766,0
                81.1114734257898,29.1023769574288,0
                81.1106182843008,29.102846839897,0
                81.1101342853816,29.102991632442,0
                81.1096131685508,29.1029943122246,0
                81.1079518416093,29.1025602681243,0
                81.1071455781276,29.1024955127858,0
                81.106749633941,29.1023965170193,0
                81.1063888129344,29.1021351613623,0
                81.1058990187414,29.101341540723,0
                81.1057493580529,29.1009829477062,0
                81.1054964132395,29.0998011166273,0
                81.1056622122996,29.0993069771812,0
                81.105545726546,29.0993634702454,0
                81.1054106198473,29.0994109019472,0
                81.1044707455282,29.0995447514279,0
                81.1033323322396,29.0999133268295,0
                81.1030076234877,29.1001121158265,0
                81.1026407339447,29.1002409746051,0
                81.1018578951754,29.1007062955003,0
                81.1010691148944,29.1014760880524,0
                81.1010781737638,29.1015708287189,0
                81.1008498871556,29.1018845469291,0
                81.1004605577123,29.1023472480584,0
                81.1000862283345,29.1026475904457,0
                81.0995858500308,29.1031960949512,0
                81.0993916199697,29.1035458724632,0
                81.0991069575128,29.1043469184885,0
                81.0986065716237,29.1052834496165,0
                81.0976830524681,29.1064571403396,0
                81.0966605540415,29.1072225547024,0
                81.0945544508453,29.1081173182662,0
                81.0941858753696,29.1081988678949,0
                81.0927481819759,29.1090277082521,0
                81.0924081613681,29.1093302380826,0
                81.0904619386805,29.1122008818108,0
                81.0901667864714,29.112507849046,0
                81.089944438524,29.112688516844,0
                81.0898623235011,29.1127765697007,0
                81.0893556362794,29.113142341499,0
                81.0883158164688,29.114514511992,0
                81.0878557465675,29.1150020233579,0
                81.0868547363316,29.1162727659269,0
                81.0859766449893,29.1175974428804,0
                81.0854610178731,29.1181640079748,0
                81.0846843034497,29.1186652638835,0
                81.0834167158243,29.1192525666844,0
                81.0822659814207,29.1202119617488,0
                81.0816294986923,29.1206364758664,0
                81.0815140123242,29.1207741492359,0
                81.0814533942848,29.1208463284965,0
                81.0809581304743,29.1219249086915,0
                81.080335823465,29.1229177453707,0
                81.0791607758326,29.1240712475813,0
                81.078561789802,29.124382897937,0
                81.077392568334,29.1247828439774,0
                81.0769386269375,29.1249816321349,0
                81.0769312528497,29.1249906937327,0
                81.0768975688475,29.1250335014255,0
                81.076541864913,29.1252006688821,0
                81.0761947866218,29.1252594715507,0
                81.0759353818119,29.1253769568543,0
                81.0755251210905,29.1256275525062,0
                81.0751790416302,29.1257630983168,0
                81.0750060002886,29.1258602118901,0
                81.0744674420484,29.1263026632082,0
                81.0739941237972,29.1267630508528,0
                81.0735651716256,29.127338554615,0
                81.0731781548512,29.1277425111545,0
                81.0728583756356,29.1283562624751,0
                81.072816440857,29.1285096848305,0
                81.0723035586834,29.129376222144,0
                81.0722608760452,29.129448402723,0
                81.0719820331932,29.1297936787908,0
                81.071701816644,29.1300239036413,0
                81.0715301496636,29.1302360690034,0
                81.0713810396086,29.1305406636473,0
                81.0713182315743,29.1307708289111,0
                81.0713644070361,29.1310753014477,0
                81.0716116085909,29.1319143514806,0
                81.0719868587189,29.1325209245379,0
                81.0721841416456,29.132710285036,0
                81.0722510673381,29.1328613961865,0
                81.0722323138777,29.133168180311,0
                81.072169193503,29.1333960956901,0
                81.0721047011745,29.133472774831,0
                81.0719350927583,29.1338766729448,0
                81.0718276048942,29.1340098459171,0
                81.0717412407169,29.1340482162351,0
                81.0714613377668,29.1342987518892,0
                81.071028581357,29.1344726672799,0
                81.0708773499794,29.1345697186043,0
                81.0706172597457,29.1346285843603,0
                81.0698355537106,29.1346537589398,0
                81.0692265761485,29.1345818822272,0
                81.0677495899013,29.1345939236246,0
                81.0675761753992,29.1346323553255,0
                81.0670545595918,29.1346168499203,0
                81.0661001251499,29.134757135986,0
                81.0653215381292,29.1351252792356,0
                81.0650856903032,29.1354321845649,0
                81.0649577035711,29.135662286197,0
                81.0648962678926,29.1360458120577,0
                81.0649215695623,29.1364270271394,0
                81.0652523901256,29.136938921697,0
                81.0657357518686,29.1375071871763,0
                81.066089442341,29.1381160733117,0
                81.0662895326911,29.1385715962518,0
                81.0669962272204,29.1397871168322,0
                81.0670853985089,29.1400149092248,0
                81.0671543194777,29.1403961246524,0
                81.0672350304349,29.1419976639066,0
                81.0671975244754,29.1426089815107,0
                81.067093468478,29.1430669377546,0
                81.0664752812063,29.1442944399456,0
                81.0658967221196,29.145079733563,0
                81.0653580365347,29.1455604944262,0
                81.0648394785015,29.1458313993554,0
                81.0643199208976,29.1460459347924,0
                81.0639734040549,29.1461431087649,0
                81.0636258265753,29.1461455410317,0
                81.0634517257606,29.1461095423986,0
                81.0626703307627,29.1462091467154,0
                81.0621500248616,29.1463289413264,0
                81.0617171444632,29.146464485244,0
                81.0609616149097,29.1468911854958,0
                81.0605095455515,29.1472568330213,0
                81.0601213439102,29.1475096785699,0
                81.0594306824143,29.1478573248904,0
                81.0592572679229,29.1478980059086,0
                81.0580418096571,29.1479076136547,0
                81.057868706881,29.1479482951789,0
                81.0575215046891,29.1479506022719,0
                81.0573473418864,29.1479124789291,0
                81.0570871891315,29.1479350978766,0
                81.0567409853469,29.1480525200835,0
                81.0565040149897,29.1482060027529,0
                81.0560308223289,29.1486302685029,0
                81.0557306692892,29.1489777952502,0
                81.0556036185622,29.149282389703,0
                81.0553263357608,29.1497449679195,0
                81.0552010331382,29.1502029230672,0
                81.0552034029911,29.1504329642875,0
                81.0552115136625,29.1511954563143,0
                81.0552578770403,29.1514819303284,0
                81.0553906680228,29.1517096601322,0
                81.0555006509289,29.1518427120865,0
                81.0558290380806,29.1521065043145,0
                81.0561558039157,29.1522394965292,0
                81.0565491214479,29.1524649183302,0
                81.0567450933441,29.1525212279709,0
                81.0570721078863,29.1526699686911,0
                81.0574637406387,29.1527442173322,0
                81.0579195528051,29.1527575348649,0
                81.0583111852213,29.1528498435543,0
                81.0585730853662,29.1529625243826,0
                81.0587270605312,29.1531519462135,0
                81.0588171681064,29.1534586684568,0
                81.0588468381087,29.1542211607256,0
                81.058807524605,29.1546023748894,0
                81.0588163835849,29.1554437966238,0
                81.0587159459818,29.1562085361976,0
                81.0581401942907,29.1572058730311,0
                81.0580767004827,29.1573592954028,0
                81.0580367012129,29.1576638284623,0
                81.0582176016345,29.1583517667751,0
                81.0584385018411,29.1587306092627,0
                81.058419375184,29.1589607128547,0
                81.0582708285567,29.1592675572644,0
                81.0578419403778,29.1597865654424,0
                81.0576500239339,29.1600934718538,0
                81.0575044706174,29.1607048507258,0
                81.0575293990639,29.1610093220718,0
                81.0574867161327,29.161086064441,0
                81.057357980789,29.1612417361909,0
                81.0574894608414,29.1613544145512,0
                81.0577748540722,29.1616385793811,0
                81.0579072703123,29.161848311463,0
                81.0581484832245,29.1620737941312,0
                81.058501112692,29.1625879385854,0
                81.0586567731515,29.1629285333472,0
                81.058703886064,29.1632735646516,0
                81.0588154904698,29.1635577890747,0
                81.0590579515399,29.163900635382,0
                81.0592549844864,29.1640516873484,0
                81.059516196749,29.1641439943457,0
                81.0597784083614,29.16429504663,0
                81.0600846752709,29.1645227163842,0
                81.0607672523592,29.1654337658674,0
                81.0608789195457,29.1657179289529,0
                81.0611883060219,29.1662320725662,0
                81.0613661493166,29.1666312878041,0
                81.0613941457695,29.1666560982854,0
                81.0614320773052,29.1666876577953,0
                81.0616119807108,29.1672018626442,0
                81.0617891395606,29.167486025794,0
                81.0624511586735,29.1683406429516,0
                81.0625405800948,29.1685684348528,0
                81.062565821405,29.1688549087877,0
                81.0626098765259,29.168913529367,0
                81.0626563037985,29.1691413206545,0
                81.0630315563069,29.1696532158736,0
                81.0632759515254,29.1701110509247,0
                81.063299197283,29.1702261036008,0
                81.0635647785166,29.1706229453649,0
                81.0639024028558,29.1715950468109,0
                81.0640164417815,29.1720528806727,0
                81.0641048651079,29.1721679332065,0
                81.0642359703748,29.1722603016212,0
                81.0643233949898,29.1722986115339,0
                81.0645190552202,29.1723166121733,0
                81.0648663826207,29.1723142422239,0
                81.0652126502915,29.1722147566849,0
                81.0653656276972,29.1723094368574,0
                81.0655872783556,29.1726702190947,0
                81.0657186958532,29.1727648994958,0
                81.0661551326477,29.1729518879602,0
                81.0664163463474,29.1730081983976,0
                81.0665901969147,29.1730057636812,0
                81.0674555829256,29.1727685480026,0
                81.0675423832023,29.1727684863605,0
                81.0677174825106,29.1728631672678,0
                81.0678913337302,29.1728991660502,0
                81.0681518608271,29.1728967954001,0
                81.0683250245872,29.1728583634487,0
                81.068389579623,29.172799682291,0
                81.0686443656118,29.1723393536198,0
                81.0688376546641,29.1721655599764,0
                81.0691409264931,29.1721067575123,0
                81.0694881911661,29.1721020748184,0
                81.0697504653707,29.1722530644521,0
                81.0698607612229,29.1723680550446,0
                81.0701065919711,29.1729386303361,0
                81.0703036244308,29.173089680978,0
                81.0706526378482,29.1732022383762,0
                81.0708254272406,29.1731434962205,0
                81.0713196172662,29.1727191669341,0
                81.0715781467966,29.1725633726885,0
                81.0717505630457,29.1724663219759,0
                81.0720965797943,29.1723488376671,0
                81.0725308951886,29.1723463439047,0
                81.0727033734009,29.1722672909127,0
                81.0728768496376,29.1722468574131,0
                81.0747909582405,29.1725367941415,0
                81.0753813090168,29.1728568344632,0
                81.0758174963153,29.1730257619942,0
                81.0763420442149,29.1733074308061,0
                81.0768648456234,29.1734356760893,0
                81.0771254349792,29.173453615183,0
                81.0775611856638,29.1735638611789,0
                81.0778230850267,29.1736765408927,0
                81.0782831409593,29.1740168907121,0
                81.078698705676,29.1742421879069,0
                81.0788721812443,29.1742398156457,0
                81.079919593436,29.1746520409304,0
                81.0800937570084,29.1746880399886,0
                81.0806145601246,29.1746651124728,0
                81.0815130597057,29.1748541067899,0
                81.0816592259889,29.1748856060082,0
                81.0821828380662,29.1751289026708,0
                81.0830547747216,29.1754644455362,0
                81.0834044733124,29.1756695567032,0
                81.0839277106647,29.1758947300634,0
                81.0845369366232,29.1760590354481,0
                81.0854103711342,29.1765096304442,0
                81.0860210957147,29.176750553459,0
                81.0863680483687,29.1767661818496,0
                81.0868010529916,29.176705005797,0
                81.0871491287145,29.1767769411256,0
                81.0875852533378,29.1769639301427,0
                81.0880231247761,29.1772839058548,0
                81.088419000452,29.1777190584094,0
                81.0885071741691,29.1778317365004,0
                81.0886618989668,29.1780594677876,0
                81.0887725681909,29.1782308899566,0
                81.0888621142278,29.1784586825368,0
                81.0889085418632,29.178688662197,0
                81.0885948184496,29.1796092591212,0
                81.088554881653,29.1798957323803,0
                81.0886009960381,29.1801235863155,0
                81.0888879495021,29.1805226155746,0
                81.0893508137225,29.1810907561469,0
                81.0894605465681,29.1811854370155,0
                81.0896151469299,29.1814312283582,0
                81.089883411174,29.1820581731398,0
                81.0899312739993,29.1824032667934,0
                81.0898913987058,29.1826897400253,0
                81.0899371399517,29.182861162099,0
                81.0900926139132,29.1831452623997,0
                81.0903129535179,29.1834293639941,0
                81.0908687955811,29.1845140201421,0
                81.0923591954613,29.1857198030681,0
                81.0929491090443,29.1860397186703,0
                81.0936053237606,29.1864701249464,0
                81.09454818103,29.1872635013199,0
                81.094701220746,29.1873581198679,0
                81.0950499835311,29.1874865497769,0
                81.0957450743453,29.1875558656657,0
                81.096005351377,29.1875534315344,0
                81.0961782038498,29.1874947522375,0
                81.0967848089998,29.1874491397188,0
                81.0971311369081,29.1873902122582,0
                81.0975666379949,29.1875004579124,0
                81.0977196776534,29.1875928261182,0
                81.0980709362422,29.1879331747952,0
                81.0985276224453,29.188023046962,0
                81.0986143608021,29.1880229860165,0
                81.0987870878933,29.1879439330827,0
                81.0989155723412,29.1878288210234,0
                81.0990880509407,29.1877316445051,0
                81.0996086047915,29.1877268393599,0
                81.0999542465188,29.1876069800705,0
                81.1005622254555,29.1876402983953,0
                81.1010845270723,29.1877685436612,0
                81.101344803847,29.1877660468248,0
                81.1017758107418,29.1875514480466,0
                81.1019489752851,29.1875287645273,0
                81.1022959909437,29.1875059595194,0
                81.1026443787697,29.1875981425378,0
                81.1028415362964,29.1877694421333,0
                81.1027888388253,29.1887439753876,0
                81.102747591035,29.1889154586211,0
                81.1028423178031,29.1895447138228,0
                81.1029103665367,29.1897747561846,0
                81.1031554486912,29.1902866492486,0
                81.1033977236335,29.1905706880267,0
                81.1035309505141,29.1907984193204,0
                81.1035753808,29.1908750374203,0
                81.1036441168696,29.1911615117903,0
                81.1038478887106,29.1918448255419,0
                81.1039251434921,29.1945200772022,0
                81.1040372484954,29.1948042398364,0
                81.1040611796752,29.1949755989751,0
                81.1040223039169,29.195320816054,0
                81.1040490428064,29.1957223419143,0
                81.1042723157574,29.1962341724911,0
                81.1043608018448,29.1963491628849,0
                81.1045145900081,29.1965182116589,0
                81.1049952697826,29.1967817559401,0
                81.1053676510102,29.1970454236148,0
                81.1058903898383,29.1972119155911,0
                81.106239526529,29.1973605317057,0
                81.1065012390643,29.1974730866583,0
                81.1068500007684,29.1976013923077,0
                81.1071110272231,29.1976575778383,0
                81.1073508671972,29.1977498847505,0
                81.1076125799673,29.1978624403325,0
                81.1078753534456,29.1980314286311,0
                81.1082244902799,29.1981981053427,0
                81.1086840463036,29.1985180189596,0
                81.1089675677795,29.1986305746246,0
                81.1093153947873,29.1986844493294,0
                81.1095770442213,29.1987766945253,0
                81.1107953101617,29.1990306251978,0
                81.1114061600209,29.1992917965069,0
                81.111928523486,29.1994402272773,0
                81.1125390605865,29.1996810878037,0
                81.1138483081221,29.2002596771793,0
                81.1140888977657,29.2004106037751,0
                81.1141780700699,29.2005819639267,0
                81.114160816074,29.2009451177793,0
                81.1140560756802,29.2012317138627,0
                81.1137149264463,29.2016944784961,0
                81.1135276283456,29.2023262296366,0
                81.1135110612478,29.2027278167916,0
                81.1134701262867,29.2028992382775,0
                81.1134771774934,29.2034721848769,0
                81.1133378042046,29.2044490920587,0
                81.1133906586537,29.2051933981169,0
                81.113526819154,29.205651232421,0
                81.1137489697185,29.2060480732577,0
                81.1142103356887,29.2065032867163,0
                81.1153365919625,29.2080385342746,0
                81.1153932037851,29.2083159465014,0
                81.1155218002358,29.2089520139371,0
                81.1159062267685,29.210147157406,0
                81.1162142409264,29.210487505038,0
                81.116543316043,29.2107511729261,0
                81.1167839054101,29.2109020994404,0
                81.1173077045449,29.2111429584445,0
                81.1177017704192,29.2114065650121,0
                81.1178347486002,29.2116342951541,0
                81.1180770851838,29.2119160219253,0
                81.1182774258392,29.2123151130594,0
                81.1184323376154,29.2125427807265,0
                81.1184978914382,29.2125788414122,0
                81.1190506154746,29.2132776588466,0
                81.119205715454,29.2134669551701,0
                81.1194635594155,29.213272726807,0
                81.1201094155338,29.2128458383256,0
                81.1209510575403,29.2124187648544,0
                81.1221199032533,29.2120996853864,0
                81.1231735141027,29.2118234752532,0
                81.1235224052768,29.211732988938,0
                81.1242374965412,29.211673566677,0
              </coordinates>
            </LinearRing>
          </outerBoundaryIs>
        </Polygon>
      </Placemark>
    </Document>
  </Document>
</kml>
