<?xml version="1.0" encoding="UTF-8"?>
<kml xmlns="http://www.opengis.net/kml/2.2">
  <Document id="root_doc">
    <Schema id="KO_TAPLEJUNG_Phaktanglung.schema">
      <SimpleField name="ogc_fid" type="int"/>
      <SimpleField name="objectid_1" type="float"/>
      <SimpleField name="dcode" type="int"/>
      <SimpleField name="district" type="string"/>
      <SimpleField name="dan" type="string"/>
      <SimpleField name="das" type="int"/>
      <SimpleField name="gapa_napa" type="string"/>
      <SimpleField name="type_gn" type="string"/>
      <SimpleField name="gn_code" type="float"/>
      <SimpleField name="new_ward_n" type="float"/>
      <SimpleField name="ddgnww" type="float"/>
      <SimpleField name="center" type="string"/>
      <SimpleField name="state_code" type="int"/>
      <SimpleField name="ddgn" type="float"/>
      <SimpleField name="area_sqkm" type="float"/>
      <SimpleField name="shape_leng" type="float"/>
      <SimpleField name="shape_area" type="float"/>
      <SimpleField name="Province" type="string"/>
      <SimpleField name="Address" type="string"/>
    </Schema>
    <Document id="KO_TAPLEJUNG_Phaktanglung">
      <name>KO_TAPLEJUNG_Phaktanglung</name>
      <Placemark id="KO_TAPLEJUNG_Phaktanglung.1">
        <ExtendedData>
          <SchemaData schemaUrl="#KO_TAPLEJUNG_Phaktanglung.schema">
            <SimpleData name="ogc_fid">1769</SimpleData>
            <SimpleData name="objectid_1">1770</SimpleData>
            <SimpleData name="dcode">1</SimpleData>
            <SimpleData name="district">TAPLEJUNG</SimpleData>
            <SimpleData name="das">0</SimpleData>
            <SimpleData name="gapa_napa">Phaktanglung</SimpleData>
            <SimpleData name="type_gn">Gaunpalika</SimpleData>
            <SimpleData name="gn_code">5.000000000000000</SimpleData>
            <SimpleData name="new_ward_n">4</SimpleData>
            <SimpleData name="ddgnww">10504.000000000000000</SimpleData>
            <SimpleData name="center">Tapethok</SimpleData>
            <SimpleData name="state_code">1</SimpleData>
            <SimpleData name="ddgn">1005</SimpleData>
            <SimpleData name="area_sqkm">61.455945993199997</SimpleData>
            <SimpleData name="shape_leng">34783.648692399998254</SimpleData>
            <SimpleData name="shape_area">61455945.993199996650219</SimpleData>
            <SimpleData name="Province">KO</SimpleData>
            <SimpleData name="Address">Phaktanglung-4, TAPLEJUNG, KO</SimpleData>
          </SchemaData>
        </ExtendedData>
        <Polygon>
          <outerBoundaryIs>
            <LinearRing>
              <coordinates>
                87.766426098201,27.4935129699832,0
                87.7659173528127,27.4934774637111,0
                87.7648967275954,27.4937899794339,0
                87.7641882553214,27.4938795202885,0
                87.7627367570013,27.493889741485,0
                87.7603442593243,27.4937561442418,0
                87.7564312229254,27.4930623174907,0
                87.7539287010749,27.4919048705551,0
                87.7538647705093,27.4919909866946,0
                87.7538285878802,27.491975362679,0
                87.7494138993744,27.4899392685058,0
                87.7485791993553,27.4897813291421,0
                87.7473713580932,27.4897223731195,0
                87.7472111827715,27.4900752145115,0
                87.7454555182479,27.4908337394016,0
                87.7434705783152,27.491295597716,0
                87.7428972829017,27.4910684816011,0
                87.7423678640237,27.4905952631147,0
                87.7419394432051,27.4896160910851,0
                87.7415756877985,27.4892254307371,0
                87.740606263944,27.488691395706,0
                87.7399433047132,27.488009005785,0
                87.7398570087879,27.4877793361853,0
                87.7398543473632,27.4867189298797,0
                87.7384915649308,27.4850384879882,0
                87.7383369130766,27.4844211012219,0
                87.7390422937831,27.4829349957176,0
                87.7385141659319,27.4807493019852,0
                87.7385125509983,27.4803160892944,0
                87.7387607907973,27.4794167978985,0
                87.7385506493806,27.4786327379735,0
                87.7380376145982,27.4776608126136,0
                87.736780135762,27.4758241367022,0
                87.7359205250388,27.4746599098718,0
                87.7333593398139,27.472850394346,0
                87.7321566517003,27.4716248534283,0
                87.7317274635639,27.4713675550077,0
                87.7309521477161,27.4705053034335,0
                87.7297592003205,27.4696000477226,0
                87.7287225925784,27.4692919298972,0
                87.7282237906533,27.4689334516249,0
                87.7278989024158,27.468650906933,0
                87.7264052061897,27.4667296095349,0
                87.724662094196,27.4652337691168,0
                87.7240439446547,27.4644044551114,0
                87.7238759768195,27.4639563038245,0
                87.7229953066253,27.4628327602565,0
                87.7222183883823,27.4610137174182,0
                87.7218282655073,27.4604336982101,0
                87.7211084373344,27.4598146756722,0
                87.7206392457341,27.4599095957326,0
                87.7191038122055,27.4602740351135,0
                87.7174300132117,27.4609550052746,0
                87.7168133207153,27.4619080972146,0
                87.7156150309058,27.4648451296623,0
                87.7146666209618,27.4662443018506,0
                87.7131347904287,27.4674750391614,0
                87.7115805723414,27.4693647192671,0
                87.710952505539,27.4703358723362,0
                87.7084822087597,27.4726746195927,0
                87.707468935738,27.4739274905262,0
                87.7076441073376,27.4762099192674,0
                87.7073882431926,27.4771385206644,0
                87.7063892863377,27.4781724102124,0
                87.7059733301444,27.4786032395703,0
                87.7054035143223,27.4791949898749,0
                87.7045930449539,27.4797406763362,0
                87.7031117191103,27.4831031028953,0
                87.7019086547928,27.4844877086822,0
                87.7005357460098,27.4855122176566,0
                87.6999411817891,27.486201083951,0
                87.6998426004258,27.4875214661562,0
                87.6996946055929,27.4881155984407,0
                87.6992273962843,27.4889572654742,0
                87.6987588842513,27.4893792819631,0
                87.698122676343,27.4911017439533,0
                87.697271142925,27.4918663481202,0
                87.6965818308609,27.4929911745608,0
                87.6961077619075,27.4932462052899,0
                87.6958661054704,27.493245200256,0
                87.6939362371954,27.4930314327865,0
                87.6933476252128,27.4930749794333,0
                87.6921947799604,27.4929024728654,0
                87.691442570432,27.4926784154058,0
                87.6879260877458,27.4928288975941,0
                87.686159761315,27.4925668868138,0
                87.6847405902262,27.4917796784545,0
                87.6829572712272,27.4913236218592,0
                87.6819089686515,27.4913874705178,0
                87.6795455676966,27.4922585991891,0
                87.6789060881913,27.4922595869925,0
                87.6782766162783,27.4919309163699,0
                87.676689667198,27.4905848784259,0
                87.6762461065735,27.4903456414063,0
                87.6759899521046,27.4903468858032,0
                87.6755693789429,27.4904662427662,0
                87.6750217224922,27.4921340234638,0
                87.6740226985672,27.4933323996682,0
                87.6731560565742,27.4961230129938,0
                87.6721354012762,27.4977299148741,0
                87.6711027047955,27.4985042651285,0
                87.6711246595199,27.5002482378661,0
                87.6709656712189,27.5006303258509,0
                87.6694324029565,27.5018944360896,0
                87.6695486861486,27.5024985103687,0
                87.6694447577812,27.5026818041459,0
                87.6691950295886,27.503120699156,0
                87.6689910472591,27.5034894123783,0
                87.6686927618784,27.5039601781847,0
                87.6685820189651,27.5042630247941,0
                87.668453275063,27.5047329809377,0
                87.668399832789,27.505202501234,0
                87.6684406886929,27.5057867002211,0
                87.6685179824596,27.5061224849088,0
                87.6685207218794,27.5065760082653,0
                87.6685998205988,27.5072118291104,0
                87.6687906590367,27.507696040082,0
                87.6689055104053,27.5080655099616,0
                87.6690397317996,27.5085160981588,0
                87.6692879366651,27.5090676791252,0
                87.6694026006045,27.5094033394793,0
                87.6694797089936,27.509705252036,0
                87.6695942484964,27.5100228510385,0
                87.6697657781677,27.5104575036929,0
                87.6697306489811,27.5108254090591,0
                87.669694960047,27.5110940720814,0
                87.6695654061199,27.511430914789,0
                87.66934273516,27.5119509274039,0
                87.6691944949965,27.5123374534687,0
                87.6691791717469,27.5128384087386,0
                87.6700660916842,27.5165884723195,0
                87.6687761062537,27.5177340966889,0
                87.6684215813274,27.5181216816958,0
                87.6671578138403,27.5204741381936,0
                87.6670096989033,27.5208764749271,0
                87.6668987066791,27.5211455122478,0
                87.6666753503886,27.521566221086,0
                87.6664350533761,27.522219471718,0
                87.6663614312682,27.5224882587252,0
                87.6663266140675,27.5229080961138,0
                87.6662916689195,27.5234114266499,0
                87.6664842493551,27.5241979241427,0
                87.666712398008,27.5245645837683,0
                87.6671690042383,27.5254671381722,0
                87.6673969635859,27.5259195401209,0
                87.6674372616653,27.5263051944856,0
                87.6675156768126,27.5268237757792,0
                87.6660833019577,27.5293620886592,0
                87.6647736346514,27.5304242823925,0
                87.6645872156328,27.5306756322612,0
                87.6640626515502,27.5309804697917,0
                87.6647260610519,27.5311397185329,0
                87.6658207326653,27.5310533101118,0
                87.667124113055,27.5315569160191,0
                87.6679035625862,27.5320608243064,0
                87.6683841186195,27.532322497499,0
                87.6685226581668,27.5325249199911,0
                87.6693254734192,27.5332339987473,0
                87.6696009937421,27.5334966682543,0
                87.669694472464,27.5338843238507,0
                87.6703828056722,27.5344901587771,0
                87.6706582638936,27.5347325175323,0
                87.6710257064432,27.5351188034162,0
                87.6715758734325,27.5355832110238,0
                87.6719651922681,27.5358249472752,0
                87.6724916189655,27.5360255018586,0
                87.6729952328517,27.5363299223972,0
                87.6734066761421,27.5364497318955,0
                87.6738638651758,27.5365084233221,0
                87.6745488996471,27.5365660564043,0
                87.6749147240885,27.5366860526608,0
                87.6753034828957,27.5368263608429,0
                87.675921146855,27.5370467278648,0
                87.6763099679391,27.5372072843643,0
                87.6767225938953,27.5375098905894,0
                87.6773871209975,27.537955614311,0
                87.6776620820132,27.5381167305572,0
                87.6779835324504,27.5384197726438,0
                87.6788079758848,27.5389256815567,0
                87.6790830604583,27.5391070461151,0
                87.6792444063126,27.5394108345106,0
                87.6794969936657,27.5396329450378,0
                87.6799557363642,27.5400391054988,0
                87.6802763782354,27.5402202837363,0
                87.6808701745124,27.5402579787485,0
                87.681532772391,27.5403766061687,0
                87.6819895242335,27.5404555454304,0
                87.6824462745922,27.5405344849766,0
                87.6829952618264,27.5406942943018,0
                87.683132180917,27.5407342306297,0
                87.6841820312328,27.5412660793383,0
                87.685495720412,27.5418688018835,0
                87.6863936531584,27.5423742748647,0
                87.6886537455199,27.5444681345172,0
                87.6927714922143,27.5456908559973,0
                87.6943844453804,27.54668005032,0
                87.6950649109816,27.5470105341125,0
                87.695450858889,27.5470920971137,0
                87.6958514295063,27.5471984081616,0
                87.6960687699615,27.5474455159617,0
                87.696318411505,27.547992472575,0
                87.6965666858631,27.5482236446945,0
                87.6969665091014,27.548208090775,0
                87.6977363482188,27.548150111074,0
                87.698152230999,27.5481750540344,0
                87.6984304406871,27.5483383576555,0
                87.6988784397569,27.548527911937,0
                87.6992960040278,27.5488145821416,0
                87.6995745876735,27.5490320687389,0
                87.6999143512938,27.549224370935,0
                87.7004713309759,27.5496322213318,0
                87.700951384935,27.5499862619079,0
                87.7011373556343,27.5501771232415,0
                87.7019404915598,27.5505859158381,0
                87.702310940268,27.5507217228405,0
                87.7024481074573,27.5507909701926,0
                87.7029750947364,27.5510612692103,0
                87.7030682672441,27.5511848844841,0
                87.7031165651655,27.551514044054,0
                87.7033352137424,27.5519641336087,0
                87.7033523294219,27.5522664824891,0
                87.7034166249823,27.5526226402736,0
                87.7036807045122,27.5530612321195,0
                87.7060203479606,27.5552175881943,0
                87.7080576896538,27.5559360017595,0
                87.7087202265038,27.5560138195458,0
                87.7091995334572,27.5562459959684,0
                87.7094941114567,27.5565874723952,0
                87.7100826480997,27.5570785648599,0
                87.7103608578294,27.5572283073207,0
                87.7106713088239,27.5575832194735,0
                87.711073436195,27.5579105740699,0
                87.7115367463369,27.5581135021699,0
                87.711722343579,27.5582366204647,0
                87.7121213604494,27.5579863998653,0
                87.7124751912468,27.5578898526928,0
                87.7131660469453,27.5575704560612,0
                87.71351800833,27.5572798015673,0
                87.7138557814333,27.5570592643719,0
                87.7147441830994,27.5563552187157,0
                87.7149736591206,27.5561194305847,0
                87.715264628449,27.555802027156,0
                87.7157835774017,27.5551134719997,0
                87.7159966230627,27.5546995130405,0
                87.7162712216812,27.5542874913941,0
                87.7165128325505,27.5535868080457,0
                87.7166800068638,27.5532136559286,0
                87.7166155246012,27.5528304388866,0
                87.7165509205472,27.5523366682326,0
                87.7167656464318,27.5521708741471,0
                87.7170116771571,27.5521425062444,0
                87.7172890151339,27.5521681342056,0
                87.7178118245216,27.5520842146175,0
                87.7187187133319,27.5517907573047,0
                87.7191346586138,27.5518156385607,0
                87.7195959136888,27.5517027197354,0
                87.7200876663333,27.5515219328154,0
                87.7204855599482,27.5512040301928,0
                87.7206529214895,27.5508466272579,0
                87.7208973985187,27.5505024124642,0
                87.7210793845017,27.5500750782456,0
                87.7213081756997,27.5497309256119,0
                87.721584518297,27.5496076291584,0
                87.7219523513499,27.5493440342391,0
                87.7226432689982,27.5490245760839,0
                87.7230254166028,27.5486254933581,0
                87.7233784995641,27.5484318917008,0
                87.7239754354994,27.5478782640265,0
                87.7244508803697,27.5476162965264,0
                87.7247117872283,27.5474502537784,0
                87.7253408369527,27.5471717278877,0
                87.72554100068,27.5471029877627,0
                87.7259402031638,27.5468933886393,0
                87.7263399021826,27.5468506495976,0
                87.727000635536,27.5465854355404,0
                87.7285617793627,27.5451378431218,0
                87.7302202053954,27.5444409982012,0
                87.7308020773628,27.5440137342774,0
                87.7310482353951,27.5439154350994,0
                87.7312314046521,27.5436685228899,0
                87.7314460687145,27.5435027292503,0
                87.7318746458983,27.5431439563822,0
                87.7321198672264,27.5430050355765,0
                87.7323802150424,27.5427554998548,0
                87.7328853478995,27.542301612073,0
                87.7330998861695,27.5421199446701,0
                87.7333588613541,27.5417621061238,0
                87.7340192827391,27.5414427092178,0
                87.734403048852,27.5413054160147,0
                87.7348178114154,27.5411519997685,0
                87.7352476343868,27.5409850226913,0
                87.735799757807,27.5406526877454,0
                87.736137593892,27.540456898966,0
                87.7367192809197,27.539905520642,0
                87.7369181345914,27.5397397890891,0
                87.7372541614547,27.5393680157274,0
                87.7375916860479,27.5391180443419,0
                87.7378439090417,27.5388955691008,0
                87.7390454030518,27.5378355597916,0
                87.7401215209558,27.5375139215575,0
                87.7405353485052,27.5372364537508,0
                87.7407478301718,27.5368382425515,0
                87.7410844208041,27.5364506578473,0
                87.7413602647397,27.5362574297436,0
                87.7416355480408,27.535980646838,0
                87.7418803954301,27.5357876060032,0
                87.7421266781053,27.535718616876,0
                87.7424483924148,27.5354687079482,0
                87.7427708534204,27.5353428500327,0
                87.7433845924702,27.5350530750015,0
                87.7437064931467,27.534843787047,0
                87.7440135196665,27.5346774319193,0
                87.7446426318615,27.5344145924551,0
                87.7449030414762,27.5341785560179,0
                87.7452099426209,27.5339986400855,0
                87.7458073142388,27.5335441910352,0
                87.7460976580356,27.5332538470259,0
                87.7462960130626,27.5330181837189,0
                87.7467552129969,27.5326186028782,0
                87.7473383947406,27.5322995799386,0
                87.7480197170809,27.5307932873725,0
                87.7484267355232,27.5304391382819,0
                87.7492073377347,27.5297625879704,0
                87.7497315253413,27.5295273689805,0
                87.7502326518377,27.5293328955599,0
                87.7505944171033,27.5293196538645,0
                87.750726527999,27.5292038541603,0
                87.7507875197087,27.5292419138138,0
                87.7528612617645,27.5287365605311,0
                87.754905331472,27.5277711226518,0
                87.7559676373577,27.5274923542367,0
                87.7574656548476,27.5264463502223,0
                87.7579640325888,27.5262338158092,0
                87.758299995325,27.525954471574,0
                87.7590196665887,27.52535497538,0
                87.7599022410299,27.5252553140075,0
                87.7604952351501,27.5249159180491,0
                87.7633903489898,27.5227092291825,0
                87.763409348285,27.522612113485,0
                87.7634379713524,27.5225443075653,0
                87.7642223519652,27.5206966715561,0
                87.764428398986,27.5202104679171,0
                87.7643256389404,27.5186113558941,0
                87.7645094415824,27.5180169746882,0
                87.7645935622651,27.5177434999469,0
                87.7648736806891,27.5165281121047,0
                87.764792221749,27.5152718452389,0
                87.7646960507555,27.5150919219924,0
                87.7647166119725,27.5150398638666,0
                87.7646047576656,27.514785571568,0
                87.7642639372711,27.5143519779755,0
                87.7630766165351,27.5133589800992,0
                87.7630459338057,27.5133207948819,0
                87.7633227527823,27.511539143846,0
                87.7632076582875,27.5109035105613,0
                87.7631924751008,27.5108110807038,0
                87.7630297603576,27.5102366905282,0
                87.7630263869667,27.5102050677494,0
                87.7629719073918,27.5096458654845,0
                87.7630864014207,27.5092842118822,0
                87.7633965033158,27.5085627815256,0
                87.7634458199408,27.5081067593921,0
                87.7637131149478,27.5074216998892,0
                87.7642796817889,27.5067417083061,0
                87.7644580453825,27.5062872508833,0
                87.7645108672723,27.5056010626419,0
                87.7645159998624,27.5052377816571,0
                87.7645171897162,27.5051429774727,0
                87.7646147594553,27.5043414867655,0
                87.764778995527,27.5040337668668,0
                87.7654073166146,27.5028638195838,0
                87.7662771629932,27.5019588528163,0
                87.7663694746921,27.5015003318625,0
                87.7663880426227,27.5011662989969,0
                87.7665564045756,27.5008133955568,0
                87.7667918794421,27.500568422189,0
                87.7671369050252,27.5002416443463,0
                87.7670329435548,27.4992089207727,0
                87.7671583464538,27.4974032066565,0
                87.7674360862777,27.4963186819711,0
                87.7672644992168,27.4956517371169,0
                87.766726470596,27.4945920691183,0
                87.766426098201,27.4935129699832,0
              </coordinates>
            </LinearRing>
          </outerBoundaryIs>
        </Polygon>
      </Placemark>
      <Placemark id="KO_TAPLEJUNG_Phaktanglung.2">
        <ExtendedData>
          <SchemaData schemaUrl="#KO_TAPLEJUNG_Phaktanglung.schema">
            <SimpleData name="ogc_fid">1773</SimpleData>
            <SimpleData name="objectid_1">1774</SimpleData>
            <SimpleData name="dcode">1</SimpleData>
            <SimpleData name="district">TAPLEJUNG</SimpleData>
            <SimpleData name="das">0</SimpleData>
            <SimpleData name="gapa_napa">Phaktanglung</SimpleData>
            <SimpleData name="type_gn">Gaunpalika</SimpleData>
            <SimpleData name="gn_code">5.000000000000000</SimpleData>
            <SimpleData name="new_ward_n">2</SimpleData>
            <SimpleData name="ddgnww">10502.000000000000000</SimpleData>
            <SimpleData name="center">Tapethok</SimpleData>
            <SimpleData name="state_code">1</SimpleData>
            <SimpleData name="ddgn">1005</SimpleData>
            <SimpleData name="area_sqkm">29.747575519000002</SimpleData>
            <SimpleData name="shape_leng">23631.607165800000075</SimpleData>
            <SimpleData name="shape_area">29747575.519000001251698</SimpleData>
            <SimpleData name="Province">KO</SimpleData>
            <SimpleData name="Address">Phaktanglung-2, TAPLEJUNG, KO</SimpleData>
          </SchemaData>
        </ExtendedData>
        <Polygon>
          <outerBoundaryIs>
            <LinearRing>
              <coordinates>
                87.7211084373344,27.4598146756722,0
                87.7208735937241,27.4597752996739,0
                87.7201339531013,27.4592240835397,0
                87.7194648722077,27.458426578038,0
                87.718410653513,27.4576265660268,0
                87.7164625458131,27.4570454543626,0
                87.7149350594961,27.4569698063196,0
                87.7136632860793,27.457034964034,0
                87.7131861573372,27.4571773174895,0
                87.7124602513404,27.4571788030399,0
                87.7113282835403,27.4567739418147,0
                87.7105559690673,27.4558325096467,0
                87.7103735088375,27.4551836253384,0
                87.7098747750714,27.4546108539256,0
                87.7084589098023,27.4540923095773,0
                87.7076625885283,27.453557215657,0
                87.7075427401123,27.4531042535635,0
                87.7079882070734,27.452070852461,0
                87.7079880247766,27.4518407478418,0
                87.7077201306789,27.4514743370862,0
                87.7068713198008,27.4508401266063,0
                87.7051438015951,27.4505194965501,0
                87.7034374274686,27.4493368167176,0
                87.7031803471187,27.4488778519616,0
                87.7028599560219,27.4487057358459,0
                87.7016553556022,27.4463856035325,0
                87.7014632218759,27.4451997663909,0
                87.7008445776967,27.4441447219514,0
                87.7006625695219,27.4428640811529,0
                87.7008355700854,27.4419201041263,0
                87.7001824651099,27.4420204575265,0
                87.6995776774022,27.4416579159684,0
                87.6982969164117,27.4412762371489,0
                87.697415220104,27.4412107260683,0
                87.6966761883066,27.4413227020648,0
                87.6946297498363,27.4420369126064,0
                87.6929881455864,27.4422842345897,0
                87.6917288768272,27.4420964769257,0
                87.6901512575391,27.4425690931301,0
                87.6894690313359,27.4426716953694,0
                87.6886148381935,27.4423532697574,0
                87.687877633681,27.4418402383945,0
                87.6868294030059,27.4415273081981,0
                87.6847734830125,27.4415373927598,0
                87.6843034852308,27.441397583658,0
                87.6831031600021,27.4406228160856,0
                87.6815914318805,27.4400864584812,0
                87.6799289676691,27.4398193257242,0
                87.6790827641976,27.4398708048821,0
                87.6776063965316,27.4397449127232,0
                87.676791126828,27.4397939549362,0
                87.6751813415258,27.4395535708711,0
                87.6740588740169,27.4390942140034,0
                87.6726180096983,27.4386634744641,0
                87.6697992851901,27.4372466069756,0
                87.6666075093026,27.4348476935817,0
                87.6653543779721,27.43410011022,0
                87.6636421091955,27.4337246726531,0
                87.6612891634002,27.4338351804683,0
                87.6584459123647,27.433670391005,0
                87.6582738105522,27.4336463891718,0
                87.6581883510917,27.4350185797748,0
                87.6586285074785,27.4365304560991,0
                87.6585632362444,27.437782969878,0
                87.658341807273,27.4386120804816,0
                87.6575816092267,27.4405831433678,0
                87.657082205261,27.441878333542,0
                87.656950196647,27.4429506741314,0
                87.657434864511,27.446337261637,0
                87.6573879210389,27.4468474039494,0
                87.65684339456,27.4483143277949,0
                87.6547839788289,27.4507494496528,0
                87.6529621166002,27.4523104028842,0
                87.6529135573631,27.4524458903701,0
                87.651858123062,27.4554268588332,0
                87.6520276405262,27.4589819261648,0
                87.6524375451247,27.4607354054247,0
                87.6523819008464,27.4618096221145,0
                87.6533287001819,27.4650519812205,0
                87.6534621363743,27.4669826894011,0
                87.6535029937911,27.4674788967506,0
                87.6534880474704,27.467950480514,0
                87.6535516958699,27.4692001849277,0
                87.6541142162043,27.4705354537355,0
                87.6545446949681,27.4716886735403,0
                87.6550186451108,27.4737666875313,0
                87.6550413902057,27.4738658663891,0
                87.6552337992201,27.474000358309,0
                87.6555899822045,27.4748694771321,0
                87.6559582621831,27.4768353120642,0
                87.6568647067375,27.4794189146488,0
                87.6587469567687,27.4822168311469,0
                87.6592021372297,27.4826208041697,0
                87.6600808722664,27.4837086632039,0
                87.6619235275106,27.48544629594,0
                87.6629802991874,27.4865941534437,0
                87.6649635694095,27.4880376900044,0
                87.6667301374976,27.491192509662,0
                87.6679208858197,27.4926127201128,0
                87.6687493879177,27.4932292444358,0
                87.6705819636042,27.495765432451,0
                87.6709463356114,27.496510498817,0
                87.6709486233977,27.4975054746265,0
                87.6711027047955,27.4985042651285,0
                87.6721354012762,27.4977299148741,0
                87.6731560565742,27.4961230129938,0
                87.6740226985672,27.4933323996682,0
                87.6750217224922,27.4921340234638,0
                87.6755693789429,27.4904662427662,0
                87.6759899521046,27.4903468858032,0
                87.6762461065735,27.4903456414063,0
                87.676689667198,27.4905848784259,0
                87.6782766162783,27.4919309163699,0
                87.6789060881913,27.4922595869925,0
                87.6795455676966,27.4922585991891,0
                87.6819089686515,27.4913874705178,0
                87.6829572712272,27.4913236218592,0
                87.6847405902262,27.4917796784545,0
                87.686159761315,27.4925668868138,0
                87.6879260877458,27.4928288975941,0
                87.691442570432,27.4926784154058,0
                87.6921947799604,27.4929024728654,0
                87.6933476252128,27.4930749794333,0
                87.6939362371954,27.4930314327865,0
                87.6958661054704,27.493245200256,0
                87.6961077619075,27.4932462052899,0
                87.6965818308609,27.4929911745608,0
                87.697271142925,27.4918663481202,0
                87.698122676343,27.4911017439533,0
                87.6987588842513,27.4893792819631,0
                87.6992273962843,27.4889572654742,0
                87.6996946055929,27.4881155984407,0
                87.6998426004258,27.4875214661562,0
                87.6999411817891,27.486201083951,0
                87.7005357460098,27.4855122176566,0
                87.7019086547928,27.4844877086822,0
                87.7031117191103,27.4831031028953,0
                87.7045930449539,27.4797406763362,0
                87.7054035143223,27.4791949898749,0
                87.7059733301444,27.4786032395703,0
                87.7063892863377,27.4781724102124,0
                87.7073882431926,27.4771385206644,0
                87.7076441073376,27.4762099192674,0
                87.707468935738,27.4739274905262,0
                87.7084822087597,27.4726746195927,0
                87.710952505539,27.4703358723362,0
                87.7115805723414,27.4693647192671,0
                87.7131347904287,27.4674750391614,0
                87.7146666209618,27.4662443018506,0
                87.7156150309058,27.4648451296623,0
                87.7168133207153,27.4619080972146,0
                87.7174300132117,27.4609550052746,0
                87.7191038122055,27.4602740351135,0
                87.7206392457341,27.4599095957326,0
                87.7211084373344,27.4598146756722,0
              </coordinates>
            </LinearRing>
          </outerBoundaryIs>
        </Polygon>
      </Placemark>
      <Placemark id="KO_TAPLEJUNG_Phaktanglung.3">
        <ExtendedData>
          <SchemaData schemaUrl="#KO_TAPLEJUNG_Phaktanglung.schema">
            <SimpleData name="ogc_fid">1777</SimpleData>
            <SimpleData name="objectid_1">1778</SimpleData>
            <SimpleData name="dcode">1</SimpleData>
            <SimpleData name="district">TAPLEJUNG</SimpleData>
            <SimpleData name="das">0</SimpleData>
            <SimpleData name="gapa_napa">Phaktanglung</SimpleData>
            <SimpleData name="type_gn">Gaunpalika</SimpleData>
            <SimpleData name="gn_code">5.000000000000000</SimpleData>
            <SimpleData name="new_ward_n">3</SimpleData>
            <SimpleData name="ddgnww">10503.000000000000000</SimpleData>
            <SimpleData name="center">Tapethok</SimpleData>
            <SimpleData name="state_code">1</SimpleData>
            <SimpleData name="ddgn">1005</SimpleData>
            <SimpleData name="area_sqkm">26.326943111900000</SimpleData>
            <SimpleData name="shape_leng">22422.618565100005071</SimpleData>
            <SimpleData name="shape_area">26326943.111900001764297</SimpleData>
            <SimpleData name="Province">KO</SimpleData>
            <SimpleData name="Address">Phaktanglung-3, TAPLEJUNG, KO</SimpleData>
          </SchemaData>
        </ExtendedData>
        <Polygon>
          <outerBoundaryIs>
            <LinearRing>
              <coordinates>
                87.7657663704494,27.4314660148689,0
                87.765066286807,27.430962170056,0
                87.764907879618,27.4305478913631,0
                87.7648974708365,27.4293994910347,0
                87.7650019053468,27.4289612190978,0
                87.7659835654612,27.4273944999887,0
                87.7656687451612,27.4268412302785,0
                87.7654745379983,27.426086417326,0
                87.7645634278841,27.4252317870489,0
                87.7640158089141,27.4227258711709,0
                87.7634001634561,27.4217116976883,0
                87.7629686078508,27.4211861105649,0
                87.7626471524404,27.4210479912344,0
                87.7624771728845,27.4211436674777,0
                87.7616239704984,27.4211687108392,0
                87.7608145790481,27.4210308951434,0
                87.7595399961947,27.4209927493223,0
                87.7577417235706,27.4212755020503,0
                87.7562487917838,27.4212858474675,0
                87.7551696781177,27.4214541870923,0
                87.7541988086699,27.4212766841682,0
                87.7531339337678,27.4218690497278,0
                87.7516318748467,27.4220305689192,0
                87.7504670821394,27.4223301452251,0
                87.749161613716,27.4228763849005,0
                87.7485925546238,27.4232224691377,0
                87.748078292037,27.4239246471786,0
                87.7480815322289,27.4243081767842,0
                87.7479134223414,27.4245956481473,0
                87.7477218223443,27.4245808336774,0
                87.7460617751979,27.4251312533624,0
                87.7398623788641,27.425771203335,0
                87.7377922125321,27.4256829215277,0
                87.7366321094574,27.4258582587947,0
                87.7361904741578,27.4260794810897,0
                87.7354938771915,27.4260809052268,0
                87.7346130645548,27.4256591128603,0
                87.7342824829477,27.4256608563843,0
                87.7334519534053,27.4261570463866,0
                87.7326356168924,27.4264027595067,0
                87.7314229999964,27.4274312089401,0
                87.7299206779067,27.4281385558949,0
                87.7278132480225,27.4288332046089,0
                87.7267667580246,27.4288883039775,0
                87.7254388170776,27.42844169307,0
                87.7230532798259,27.4272989349833,0
                87.7203241478902,27.4267783034101,0
                87.7186102967558,27.4272587279121,0
                87.7143432803278,27.427625863962,0
                87.7133993388789,27.4277074017127,0
                87.7122775397957,27.4280426006104,0
                87.710507438557,27.4288096868683,0
                87.7097024796694,27.4288701661573,0
                87.7078413657397,27.4280696389061,0
                87.7057985040582,27.4281928389756,0
                87.705033986281,27.4278627904816,0
                87.7029976364149,27.4274421002693,0
                87.702870028252,27.4274427859053,0
                87.7024440736487,27.4278645531117,0
                87.7022100399776,27.4279402297039,0
                87.7018220950255,27.4277594254998,0
                87.7015988878752,27.4271625986475,0
                87.7010336590324,27.4267413119411,0
                87.7007562595683,27.4266591260545,0
                87.7001404651998,27.4266555526113,0
                87.7001718277091,27.4270140844154,0
                87.7004541304482,27.4310762334673,0
                87.7000222322672,27.4317597911266,0
                87.6999826503088,27.432795574147,0
                87.7002727112795,27.4338793597011,0
                87.7008267469438,27.4346234303637,0
                87.7008987691671,27.4359136311838,0
                87.701587780058,27.4368983708418,0
                87.7018241083901,27.4375831282474,0
                87.7020669460986,27.4378007387282,0
                87.7019471964926,27.4384534286827,0
                87.7015004818499,27.4393942751788,0
                87.7007124963823,27.4404586669819,0
                87.7004769484809,27.4410983566395,0
                87.7008355700854,27.4419201041263,0
                87.7006625695219,27.4428640811529,0
                87.7008445776967,27.4441447219514,0
                87.7014632218759,27.4451997663909,0
                87.7016553556022,27.4463856035325,0
                87.7028599560219,27.4487057358459,0
                87.7031803471187,27.4488778519616,0
                87.7034374274686,27.4493368167176,0
                87.7051438015951,27.4505194965501,0
                87.7068713198008,27.4508401266063,0
                87.7077201306789,27.4514743370862,0
                87.7079880247766,27.4518407478418,0
                87.7079882070734,27.452070852461,0
                87.7075427401123,27.4531042535635,0
                87.7076625885283,27.453557215657,0
                87.7084589098023,27.4540923095773,0
                87.7098747750714,27.4546108539256,0
                87.7103735088375,27.4551836253384,0
                87.7105559690673,27.4558325096467,0
                87.7113282835403,27.4567739418147,0
                87.7124602513404,27.4571788030399,0
                87.7131861573372,27.4571773174895,0
                87.7136632860793,27.457034964034,0
                87.7149350594961,27.4569698063196,0
                87.7164625458131,27.4570454543626,0
                87.718410653513,27.4576265660268,0
                87.7194648722077,27.458426578038,0
                87.7201339531013,27.4592240835397,0
                87.7208735937241,27.4597752996739,0
                87.7211084373344,27.4598146756722,0
                87.7218282655073,27.4604336982101,0
                87.7222183883823,27.4610137174182,0
                87.7229953066253,27.4628327602565,0
                87.7238759768195,27.4639563038245,0
                87.7240439446547,27.4644044551114,0
                87.724662094196,27.4652337691168,0
                87.7264052061897,27.4667296095349,0
                87.7278989024158,27.468650906933,0
                87.7282237906533,27.4689334516249,0
                87.7287225925784,27.4692919298972,0
                87.7297592003205,27.4696000477226,0
                87.7309521477161,27.4705053034335,0
                87.7317274635639,27.4713675550077,0
                87.7321566517003,27.4716248534283,0
                87.7333593398139,27.472850394346,0
                87.7359205250388,27.4746599098718,0
                87.7383509240983,27.4735280554841,0
                87.7393412182498,27.4715304371995,0
                87.739681741857,27.4712940893622,0
                87.7404668289033,27.4712356718511,0
                87.7411443229139,27.4704220689508,0
                87.7420360879738,27.4701533594807,0
                87.742729683812,27.4702263662385,0
                87.743050138012,27.4703984204674,0
                87.7443793733593,27.4716096522907,0
                87.7449065509038,27.4717670232482,0
                87.7466084948971,27.4726378547491,0
                87.7473425211826,27.4728008547923,0
                87.7480779322919,27.4725081442359,0
                87.7493032756446,27.4723751795176,0
                87.7510667836208,27.4729004180757,0
                87.7534801537763,27.4730160165804,0
                87.7550620275281,27.4723215451433,0
                87.7551176461609,27.4722964233628,0
                87.7552060746513,27.4721989334008,0
                87.7554547998319,27.4718545933952,0
                87.75634547314,27.4702275652958,0
                87.7574238100126,27.4659935197828,0
                87.7579887579914,27.4651082330941,0
                87.7585802984565,27.4628420680137,0
                87.7596180716691,27.4614758946875,0
                87.7602749730939,27.4594326490695,0
                87.7605705336381,27.4579058509838,0
                87.7602573587082,27.4564929056321,0
                87.7612501307321,27.4528210588883,0
                87.7612271142533,27.451036589707,0
                87.7624814527114,27.445768199489,0
                87.7624743489181,27.4449356475011,0
                87.762275394688,27.4441335262175,0
                87.7621552316137,27.443761931588,0
                87.7622354801314,27.4433869660781,0
                87.7626458165898,27.4427461547743,0
                87.7627693271457,27.4416738136128,0
                87.7623112781669,27.4409836157521,0
                87.7623087851884,27.440712889288,0
                87.7624212191113,27.440240807187,0
                87.7630649072438,27.4393302116721,0
                87.7630535648844,27.4380510114381,0
                87.7636379228705,27.4356042992752,0
                87.763560705329,27.4346751290091,0
                87.7634738538861,27.4341769835821,0
                87.7635034879197,27.4336172830169,0
                87.7637763399833,27.4331193944824,0
                87.7651969283948,27.4321323830514,0
                87.7657663704494,27.4314660148689,0
              </coordinates>
            </LinearRing>
          </outerBoundaryIs>
        </Polygon>
      </Placemark>
      <Placemark id="KO_TAPLEJUNG_Phaktanglung.4">
        <ExtendedData>
          <SchemaData schemaUrl="#KO_TAPLEJUNG_Phaktanglung.schema">
            <SimpleData name="ogc_fid">1804</SimpleData>
            <SimpleData name="objectid_1">1805</SimpleData>
            <SimpleData name="dcode">1</SimpleData>
            <SimpleData name="district">TAPLEJUNG</SimpleData>
            <SimpleData name="das">0</SimpleData>
            <SimpleData name="gapa_napa">Phaktanglung</SimpleData>
            <SimpleData name="type_gn">Gaunpalika</SimpleData>
            <SimpleData name="gn_code">5.000000000000000</SimpleData>
            <SimpleData name="new_ward_n">1</SimpleData>
            <SimpleData name="ddgnww">10501.000000000000000</SimpleData>
            <SimpleData name="center">Tapethok</SimpleData>
            <SimpleData name="state_code">1</SimpleData>
            <SimpleData name="ddgn">1005</SimpleData>
            <SimpleData name="area_sqkm">11.073024932399999</SimpleData>
            <SimpleData name="shape_leng">14426.743113299999095</SimpleData>
            <SimpleData name="shape_area">11073024.932399999350309</SimpleData>
            <SimpleData name="Province">KO</SimpleData>
            <SimpleData name="Address">Phaktanglung-1, TAPLEJUNG, KO</SimpleData>
          </SchemaData>
        </ExtendedData>
        <Polygon>
          <outerBoundaryIs>
            <LinearRing>
              <coordinates>
                87.7008355700854,27.4419201041263,0
                87.7004769484809,27.4410983566395,0
                87.7007124963823,27.4404586669819,0
                87.7015004818499,27.4393942751788,0
                87.7019471964926,27.4384534286827,0
                87.7020669460986,27.4378007387282,0
                87.7018241083901,27.4375831282474,0
                87.701587780058,27.4368983708418,0
                87.7008987691671,27.4359136311838,0
                87.7008267469438,27.4346234303637,0
                87.7002727112795,27.4338793597011,0
                87.6999826503088,27.432795574147,0
                87.7000222322672,27.4317597911266,0
                87.7004541304482,27.4310762334673,0
                87.7001718277091,27.4270140844154,0
                87.7001404651998,27.4266555526113,0
                87.6996048745105,27.4255210785916,0
                87.6993138799753,27.4242838066318,0
                87.6980823892024,27.4227399808435,0
                87.6975794176459,27.4216775016961,0
                87.6959195886841,27.4209840928287,0
                87.6957965461865,27.4208200423307,0
                87.6951916291636,27.4206177983493,0
                87.6949392303527,27.4203843138731,0
                87.6945462376034,27.4196011252109,0
                87.6944798881419,27.4189019978818,0
                87.6940256579317,27.4179295743508,0
                87.6927139217828,27.4166883452812,0
                87.6916515758545,27.4160100094535,0
                87.6915389058768,27.4158774564463,0
                87.6908410788575,27.4150618895291,0
                87.6903782942013,27.4138254882268,0
                87.6900780924631,27.4134230810523,0
                87.6864208781426,27.4109615386181,0
                87.685221315987,27.4096271952401,0
                87.6848596986833,27.4086880830855,0
                87.6846671024542,27.4085175942412,0
                87.6845391823063,27.4084798449551,0
                87.6838146528696,27.4084405218116,0
                87.682279736072,27.4080802739392,0
                87.6798591163223,27.4079792987899,0
                87.6785830989194,27.4077892286514,0
                87.6772736096404,27.4066538660696,0
                87.676618707757,27.4061223376629,0
                87.6758268156852,27.4059095904455,0
                87.675306506296,27.4059888235748,0
                87.6748251858194,27.4063499709286,0
                87.6745526766006,27.4082148643399,0
                87.6743021303093,27.4088929880917,0
                87.6738395527095,27.4094276828183,0
                87.6724858909713,27.410492438431,0
                87.6716221673091,27.4114803350805,0
                87.6713994212782,27.4124876808713,0
                87.6715487485391,27.4136670176689,0
                87.6711192909515,27.414246645696,0
                87.6702761358916,27.4148779497936,0
                87.6699354746383,27.4156151286405,0
                87.6696295046546,27.4160272744039,0
                87.6685477018918,27.416287418217,0
                87.6680156924143,27.4169510373402,0
                87.6680600465201,27.4176028559386,0
                87.6684229283176,27.4179283348514,0
                87.6687725030203,27.4181364486508,0
                87.6702975532822,27.4182125959896,0
                87.6709034002662,27.4186857534572,0
                87.6708739649372,27.4187265618472,0
                87.6707654763558,27.4188737342829,0
                87.669705481007,27.4191901866436,0
                87.6685126214983,27.4198028595507,0
                87.6666156061478,27.4203195910245,0
                87.6663598242315,27.4204539495534,0
                87.6651380181307,27.4216216989322,0
                87.6645843314009,27.4219537840482,0
                87.6624546614192,27.4223610200438,0
                87.6609409698591,27.4229300043197,0
                87.6598576677431,27.4231652749262,0
                87.6590370128929,27.4236700905207,0
                87.6586049305361,27.4242519688348,0
                87.657804960287,27.4247317864992,0
                87.6574488127299,27.4250020058094,0
                87.6574856720828,27.4254665903344,0
                87.6575587031369,27.4263800745218,0
                87.6578637226259,27.4291019044763,0
                87.6575418592416,27.4303624135235,0
                87.6575634163204,27.4304774034227,0
                87.6575619728445,27.4307594413033,0
                87.6575852743199,27.4310707272497,0
                87.6581191727055,27.4324151816579,0
                87.6582738105522,27.4336463891718,0
                87.6584459123647,27.433670391005,0
                87.6612891634002,27.4338351804683,0
                87.6636421091955,27.4337246726531,0
                87.6653543779721,27.43410011022,0
                87.6666075093026,27.4348476935817,0
                87.6697992851901,27.4372466069756,0
                87.6726180096983,27.4386634744641,0
                87.6740588740169,27.4390942140034,0
                87.6751813415258,27.4395535708711,0
                87.676791126828,27.4397939549362,0
                87.6776063965316,27.4397449127232,0
                87.6790827641976,27.4398708048821,0
                87.6799289676691,27.4398193257242,0
                87.6815914318805,27.4400864584812,0
                87.6831031600021,27.4406228160856,0
                87.6843034852308,27.441397583658,0
                87.6847734830125,27.4415373927598,0
                87.6868294030059,27.4415273081981,0
                87.687877633681,27.4418402383945,0
                87.6886148381935,27.4423532697574,0
                87.6894690313359,27.4426716953694,0
                87.6901512575391,27.4425690931301,0
                87.6917288768272,27.4420964769257,0
                87.6929881455864,27.4422842345897,0
                87.6946297498363,27.4420369126064,0
                87.6966761883066,27.4413227020648,0
                87.697415220104,27.4412107260683,0
                87.6982969164117,27.4412762371489,0
                87.6995776774022,27.4416579159684,0
                87.7001824651099,27.4420204575265,0
                87.7008355700854,27.4419201041263,0
              </coordinates>
            </LinearRing>
          </outerBoundaryIs>
        </Polygon>
      </Placemark>
      <Placemark id="KO_TAPLEJUNG_Phaktanglung.5">
        <ExtendedData>
          <SchemaData schemaUrl="#KO_TAPLEJUNG_Phaktanglung.schema">
            <SimpleData name="ogc_fid">1808</SimpleData>
            <SimpleData name="objectid_1">1809</SimpleData>
            <SimpleData name="dcode">1</SimpleData>
            <SimpleData name="district">TAPLEJUNG</SimpleData>
            <SimpleData name="dan">KANCHANJUNGHA CONSERVATION AREA</SimpleData>
            <SimpleData name="das">0</SimpleData>
            <SimpleData name="gapa_napa">Phaktanglung</SimpleData>
            <SimpleData name="type_gn">Gaunpalika</SimpleData>
            <SimpleData name="gn_code">5.000000000000000</SimpleData>
            <SimpleData name="new_ward_n">5</SimpleData>
            <SimpleData name="ddgnww">10505.000000000000000</SimpleData>
            <SimpleData name="center">Tapethok</SimpleData>
            <SimpleData name="state_code">1</SimpleData>
            <SimpleData name="ddgn">1005</SimpleData>
            <SimpleData name="area_sqkm">219.870524350000011</SimpleData>
            <SimpleData name="shape_leng">87147.171862999995938</SimpleData>
            <SimpleData name="shape_area">219870524.349999994039536</SimpleData>
            <SimpleData name="Province">KO</SimpleData>
            <SimpleData name="Address">Phaktanglung-5, TAPLEJUNG, KO</SimpleData>
          </SchemaData>
        </ExtendedData>
        <Polygon>
          <outerBoundaryIs>
            <LinearRing>
              <coordinates>
                88.008552329453,27.5859496337842,0
                88.0082417479459,27.5858345747749,0
                88.0079932179575,27.5857890117701,0
                88.0077440680312,27.5856170848117,0
                88.0071039066655,27.5853848426395,0
                88.0068370685216,27.5852762215616,0
                88.0065711661375,27.5852781536696,0
                88.0062689593471,27.585106599889,0
                88.0058065864733,27.5849362314342,0
                88.005362085138,27.5847815485996,0
                88.0052196682831,27.5847194264531,0
                88.0048289723508,27.5845642445084,0
                88.0040635186565,27.5841908247336,0
                88.0038317396664,27.5840503322429,0
                88.0034940386525,27.5838790911249,0
                88.0028525684019,27.5835046738453,0
                88.0027102131418,27.5834425515906,0
                88.0021950356769,27.5832409339404,0
                88.0013041639459,27.5827262113339,0
                88.001019703077,27.5826335269137,0
                88.0007344964203,27.5823851680143,0
                87.9998614978112,27.5818860697509,0
                87.9995761023396,27.5816828321946,0
                87.9992561479104,27.5815114029284,0
                87.9985772510493,27.5809161915941,0
                87.9982746063801,27.5807603876369,0
                87.9980780734373,27.580588085508,0
                87.9975977057542,27.5803230998515,0
                87.9973769873149,27.58020735559,0
                87.9972893121354,27.580167357399,0
                87.9968288788103,27.5798615628476,0
                87.9962004134974,27.5792434171687,0
                87.9956684907821,27.5789358707057,0
                87.9951174453829,27.578619450265,0
                87.9950168953529,27.5786291977742,0
                87.9944356558889,27.5787416765251,0
                87.9936082008661,27.5787340362454,0
                87.9933727313346,27.5787312194977,0
                87.9933441730793,27.5787246570435,0
                87.9925214097784,27.5785274707553,0
                87.9912120258486,27.5782006611294,0
                87.9900091323385,27.577681308277,0
                87.9895342657279,27.5773123939086,0
                87.9887472473416,27.5771465800444,0
                87.9886849455087,27.577043275903,0
                87.9881378476958,27.5763116412523,0
                87.9860235461863,27.5743074627056,0
                87.9844139121857,27.5730306681708,0
                87.9833086956551,27.5724473853811,0
                87.9825503789641,27.5715232015115,0
                87.9820825705793,27.5712896503228,0
                87.9819183428512,27.5712636495848,0
                87.9812712425036,27.5711667705057,0
                87.9811918798019,27.5710680896165,0
                87.9809345463682,27.570745050869,0
                87.9807302790997,27.5699793635588,0
                87.9800932466384,27.5695913228738,0
                87.9794577787164,27.5690881671695,0
                87.9772337868651,27.5678132974977,0
                87.9766116265353,27.5674566920516,0
                87.9760610217773,27.5670296554993,0
                87.9757127013232,27.5666485576664,0
                87.9756392132261,27.5665678759678,0
                87.9753000763118,27.5662972673297,0
                87.9749634422887,27.5658754859196,0
                87.9749530695062,27.5658462376749,0
                87.9747979757796,27.5654141473653,0
                87.9747594886786,27.5650714896671,0
                87.9745916409874,27.5648402560901,0
                87.9743800567811,27.5643115486135,0
                87.9743010724733,27.5641135642089,0
                87.9740935493242,27.5636141662539,0
                87.9739662544691,27.5635361082675,0
                87.9737137958885,27.5631904462899,0
                87.9729526623728,27.5624963674628,0
                87.9725474157338,27.5619735297272,0
                87.9724475561431,27.5618433523617,0
                87.9721078556141,27.5616472378103,0
                87.9715348750533,27.5613285666113,0
                87.971300346225,27.5612196969187,0
                87.9710894417763,27.5609887758226,0
                87.970796805453,27.5604516287902,0
                87.9705435310759,27.5602210190509,0
                87.9700338555586,27.5599087240623,0
                87.9696929655273,27.5597914776964,0
                87.9688516444572,27.5594814889963,0
                87.968628175797,27.5593996164129,0
                87.9681166832675,27.5592407457946,0
                87.9658980471529,27.5587598068393,0
                87.9655562788847,27.5587554256214,0
                87.9652536915581,27.5588184145451,0
                87.9638399932869,27.5591192977188,0
                87.9628130640086,27.5591467125273,0
                87.9619604307484,27.5589089667054,0
                87.9611114289869,27.5583666227548,0
                87.9605182050345,27.5579014024858,0
                87.9601782533808,27.5577458469262,0
                87.9595828997458,27.5574724838442,0
                87.9595309694459,27.5574705455888,0
                87.9593980493178,27.5574647314215,0
                87.9576157836565,27.5573754547046,0
                87.9570887908207,27.5573317600944,0
                87.9566822191641,27.557296193519,0
                87.9565904191959,27.55728781681,0
                87.9564625624079,27.5572119463646,0
                87.9559507569464,27.5570913843595,0
                87.9551227506954,27.5566255343625,0
                87.9548467287281,27.5564695419594,0
                87.9541681406225,27.5560048825857,0
                87.9537443871217,27.5558205778573,0
                87.9532749532577,27.5556139614246,0
                87.9529325611067,27.5556095181457,0
                87.9520746681348,27.5557914226779,0
                87.9501973595628,27.5553891092355,0
                87.9493454159802,27.5550745572248,0
                87.9492672412602,27.5549690648875,0
                87.9489644779457,27.5545650317501,0
                87.948798629752,27.5543450479481,0
                87.9485073077409,27.5537311588207,0
                87.9481704860377,27.5533453730763,0
                87.9476612482559,27.5529968941614,0
                87.946980155167,27.5527601516326,0
                87.9461759007295,27.5521045678117,0
                87.9448156578827,27.5514031026903,0
                87.9441567527438,27.5510128117248,0
                87.9440937618539,27.5509748768334,0
                87.9431619623047,27.5502795442889,0
                87.9430366093758,27.5500479995389,0
                87.9430443727606,27.5494771125257,0
                87.9428360361533,27.5490160235896,0
                87.9426335711314,27.5486451770235,0
                87.9425435246222,27.5484788149438,0
                87.9423386294709,27.5478281806009,0
                87.9419148806799,27.5474813275501,0
                87.9417439033414,27.5474780121821,0
                87.9411509201417,27.5473917580453,0
                87.9408898927468,27.5473552563865,0
                87.9402045423814,27.5474229864362,0
                87.9393941531747,27.5472254261079,0
                87.9377022213305,27.5457568344246,0
                87.9371933577975,27.5454466636649,0
                87.9368521541833,27.5453654763328,0
                87.9363428487188,27.5452244792078,0
                87.9357009987574,27.5450483570437,0
                87.9356103259014,27.5449541758819,0
                87.9351104656683,27.5444318992702,0
                87.9349445596292,27.5440471801832,0
                87.9348793846242,27.543896441825,0
                87.9348612627037,27.5438560078249,0
                87.9346078020013,27.5435869637483,0
                87.9341410572551,27.543314853974,0
                87.9335427605562,27.5432782203514,0
                87.9334142779028,27.5432700935451,0
                87.9328994666606,27.5433773241762,0
                87.932558012739,27.5433367586821,0
                87.9321339499557,27.5430259651759,0
                87.9312123558873,27.5415656994096,0
                87.9309161501718,27.5413352765695,0
                87.9305756978596,27.541177346725,0
                87.9302342441302,27.5411367811938,0
                87.9300706410613,27.5410882190316,0
                87.9293525520146,27.5408809734916,0
                87.9289979759626,27.5407794760052,0
                87.9286568971084,27.5407006012675,0
                87.9281798997145,27.54056166648,0
                87.927974991081,27.5405021049247,0
                87.9276351632846,27.5403464867049,0
                87.9270434412009,27.5398043980783,0
                87.9264908980865,27.5394222954423,0
                87.9260697094615,27.539129563445,0
                87.9259837225085,27.5390691918138,0
                87.925687454039,27.5388365183982,0
                87.9251765250215,27.5386391513003,0
                87.9244943683526,27.5384812138343,0
                87.9234685660661,27.5383933266089,0
                87.9229568855423,27.5382726399041,0
                87.922784160153,27.5381970185582,0
                87.9221846820255,27.5379348425337,0
                87.922064011033,27.5378814699076,0
                87.9215966408462,27.5376092968168,0
                87.9213033146023,27.5371870776894,0
                87.9208796280021,27.5368379128087,0
                87.920597675428,27.5364156319075,0
                87.9204868818732,27.5362494567176,0
                87.9204182683205,27.5361460893313,0
                87.9200388896411,27.5357221817648,0
                87.9195860209271,27.5353574549411,0
                87.9193197473346,27.535142593287,0
                87.9185948465815,27.5349443466015,0
                87.9185192329107,27.5349019744001,0
                87.9180430515002,27.5346343635021,0
                87.9177532314366,27.5339436683855,0
                87.9176007660536,27.5333332812814,0
                87.9175902685345,27.5332927220382,0
                87.9169308989746,27.5314538071476,0
                87.9166787527025,27.5311080200062,0
                87.916379368717,27.5304850065505,0
                87.9160504214283,27.5301104081634,0
                87.9157998397473,27.5296495683592,0
                87.91542177655,27.5291488547392,0
                87.9146618317611,27.5283777831644,0
                87.9143676293948,27.5279939359951,0
                87.9140705479951,27.527799634142,0
                87.9137974645477,27.5275216531846,0
                87.9134037758596,27.5271226185852,0
                87.9133106031615,27.5270284995501,0
                87.9126380251462,27.5261056296078,0
                87.9118749509862,27.5255624122691,0
                87.9111941713257,27.5252509894216,0
                87.9106816781327,27.5251685486777,0
                87.9101348161861,27.5249916786159,0
                87.9097015629102,27.5248523702556,0
                87.9096600069251,27.5248007485058,0
                87.9088591352428,27.5238133194907,0
                87.9080126382189,27.5231171764486,0
                87.9074732785951,27.5227732587861,0
                87.9071635744354,27.5225744578388,0
                87.9060067343283,27.5221555345134,0
                87.9059712391629,27.5221422849176,0
                87.903642713672,27.520246468165,0
                87.9031757822484,27.5199358615306,0
                87.9021568057078,27.5192656502757,0
                87.9021154997273,27.5192388393508,0
                87.9004133013572,27.5184963087679,0
                87.9003253776871,27.5184156889204,0
                87.9001628402511,27.5182678239953,0
                87.8998740719778,27.5180034665312,0
                87.8996522929396,27.5177996051167,0
                87.8994024631932,27.5172642096866,0
                87.8979202469494,27.516102844652,0
                87.8962181738428,27.5153602519653,0
                87.8959220935128,27.515127516509,0
                87.8947308867859,27.514580166314,0
                87.8942187061889,27.5144594167025,0
                87.8940649767614,27.5144581018077,0
                87.8940055464005,27.514458537766,0
                87.8940652337326,27.5141716270581,0
                87.8941062941972,27.5140088915081,0
                87.8947141705922,27.5132965281582,0
                87.8969302929255,27.5118270754013,0
                87.8997079839487,27.5096431946463,0
                87.8999064042801,27.5093034782741,0
                87.9000508930485,27.5090182565973,0
                87.9001309022952,27.5082032667733,0
                87.8999045312759,27.5066637716566,0
                87.8997616772201,27.5040294993934,0
                87.8992430262152,27.5027084800979,0
                87.898926213444,27.501871297195,0
                87.8986375715952,27.5015346967821,0
                87.8984389779398,27.5013012752976,0
                87.8972685304265,27.5002529694789,0
                87.8967679827877,27.4997688775588,0
                87.8961891245215,27.4996011303007,0
                87.8926951455618,27.4994566378348,0
                87.8911292301326,27.499177882059,0
                87.8876849187668,27.4970249413387,0
                87.8863693023859,27.4960022549866,0
                87.8861243360657,27.4959023219,0
                87.8856998409005,27.4954154184888,0
                87.8852900907197,27.4950367568559,0
                87.8839542240673,27.4941630570373,0
                87.882537918451,27.4937523784954,0
                87.8802346814898,27.4926817400952,0
                87.8788979962011,27.4920133352767,0
                87.8773055308879,27.4913961076696,0
                87.8766038221336,27.490881701552,0
                87.8751131758333,27.4894606723639,0
                87.873348625952,27.488106756405,0
                87.8727872123674,27.4875687928618,0
                87.8708161528784,27.4851241562615,0
                87.870445536772,27.4841585459005,0
                87.8696556591617,27.4833602886801,0
                87.8691378610565,27.4829799986567,0
                87.8678144173233,27.482597944774,0
                87.8667052621716,27.4820588448393,0
                87.8662208371589,27.4815812523206,0
                87.8647116868103,27.4804219495731,0
                87.863616091401,27.4799098486432,0
                87.8627363368308,27.4796558536339,0
                87.8621252437461,27.4790685180308,0
                87.8604110854854,27.4767506875813,0
                87.8591447802346,27.4755018355605,0
                87.8571008053977,27.4725498044692,0
                87.8563777932658,27.4717894194217,0
                87.8560800924908,27.4713197044562,0
                87.8548517647418,27.4682610729908,0
                87.8533458623491,27.4671489543518,0
                87.8514385183378,27.4658159714859,0
                87.8511212504774,27.4656594164373,0
                87.8497990007865,27.4650069482827,0
                87.8493956216381,27.4647593372672,0
                87.8475829472627,27.4636464615518,0
                87.8471479003335,27.4627353452124,0
                87.8464253204654,27.4621756930759,0
                87.8449065612608,27.4603984447095,0
                87.8446107963039,27.4600523442243,0
                87.8436406070502,27.460175314016,0
                87.8436007366014,27.4601803133852,0
                87.8428495765861,27.4605232686675,0
                87.8421709736562,27.4606634311108,0
                87.842095795464,27.4606789905695,0
                87.8409183226089,27.4607129647166,0
                87.8397244768346,27.4607474386195,0
                87.8394283270455,27.4608088023256,0
                87.8380075047523,27.4611030622481,0
                87.8379403253664,27.4611169340551,0
                87.8366744259875,27.4612012779667,0
                87.8343647652194,27.4621559620945,0
                87.8327121614654,27.4624277191899,0
                87.8317533445879,27.4625854363213,0
                87.8308483335198,27.4627342808597,0
                87.8305858037306,27.4628271432327,0
                87.8286952830708,27.4634961731544,0
                87.8284244423335,27.4635466635663,0
                87.8263336424695,27.4639365884901,0
                87.8262312184332,27.4639373992441,0
                87.8252524078416,27.4639452544269,0
                87.8251677329457,27.4638843838487,0
                87.8244399026387,27.46336122758,0
                87.8235121874354,27.4617355392048,0
                87.8222486315984,27.4605133099486,0
                87.8193116650225,27.4594250359615,0
                87.8162274637456,27.4585136184086,0
                87.8143315566386,27.4571010182605,0
                87.8126463018222,27.4560437036809,0
                87.8122536777076,27.4555248033518,0
                87.8121675104653,27.4551552094819,0
                87.8108624907998,27.4552441138258,0
                87.8099442398766,27.4550463637395,0
                87.8083584008604,27.4543516437523,0
                87.8076602437598,27.4542519514611,0
                87.8058397296551,27.4543142861017,0
                87.8050949443889,27.4545803736464,0
                87.8036020741635,27.4546567132648,0
                87.8028992237373,27.4548705559098,0
                87.8021488725952,27.4553283765201,0
                87.8016098579817,27.4562497227978,0
                87.8008680665273,27.4567594136324,0
                87.8006102912554,27.4566097340916,0
                87.8003784110311,27.4554965152227,0
                87.798823329502,27.4543232121735,0
                87.7977994415139,27.4526165923325,0
                87.7977904665496,27.4516351776943,0
                87.7986095927552,27.449751045667,0
                87.7976524970489,27.4485426960409,0
                87.7969340108266,27.4466628465769,0
                87.7964134759378,27.4457497911638,0
                87.7960043497527,27.4453888772544,0
                87.7953746402229,27.4445080680511,0
                87.7929432491856,27.4427688606039,0
                87.7917243081948,27.4416950564324,0
                87.7906420907722,27.4410152824579,0
                87.7902666396758,27.4410196499542,0
                87.7893728118949,27.4412931712901,0
                87.7887363226391,27.441680374622,0
                87.7878829331215,27.441687482565,0
                87.7865089923353,27.4414921605113,0
                87.7836042398902,27.4417070863485,0
                87.782631683912,27.4414982108153,0
                87.7813794199572,27.4410720366354,0
                87.7805137228952,27.4409505303256,0
                87.7790794278997,27.4401756959828,0
                87.7775920933265,27.4387647908876,0
                87.7773150826625,27.4381142793947,0
                87.7775387046766,27.4370142555766,0
                87.7770816566348,27.4362925597659,0
                87.7737371283373,27.4347995014636,0
                87.772320957448,27.4339702963767,0
                87.771220608155,27.4336492410145,0
                87.7706904445915,27.4329504794389,0
                87.7686957174318,27.4323703670302,0
                87.7681557388343,27.4318002816767,0
                87.7675457628192,27.4315328553319,0
                87.7657663704494,27.4314660148689,0
                87.7651969283948,27.4321323830514,0
                87.7637763399833,27.4331193944824,0
                87.7635034879197,27.4336172830169,0
                87.7634738538861,27.4341769835821,0
                87.763560705329,27.4346751290091,0
                87.7636379228705,27.4356042992752,0
                87.7630535648844,27.4380510114381,0
                87.7630649072438,27.4393302116721,0
                87.7624212191113,27.440240807187,0
                87.7623087851884,27.440712889288,0
                87.7623112781669,27.4409836157521,0
                87.7627693271457,27.4416738136128,0
                87.7626458165898,27.4427461547743,0
                87.7622354801314,27.4433869660781,0
                87.7621552316137,27.443761931588,0
                87.762275394688,27.4441335262175,0
                87.7624743489181,27.4449356475011,0
                87.7624814527114,27.445768199489,0
                87.7612271142533,27.451036589707,0
                87.7612501307321,27.4528210588883,0
                87.7602573587082,27.4564929056321,0
                87.7605705336381,27.4579058509838,0
                87.7602749730939,27.4594326490695,0
                87.7596180716691,27.4614758946875,0
                87.7585802984565,27.4628420680137,0
                87.7579887579914,27.4651082330941,0
                87.7574238100126,27.4659935197828,0
                87.75634547314,27.4702275652958,0
                87.7554547998319,27.4718545933952,0
                87.7552060746513,27.4721989334008,0
                87.7551176461609,27.4722964233628,0
                87.7550620275281,27.4723215451433,0
                87.7534801537763,27.4730160165804,0
                87.7510667836208,27.4729004180757,0
                87.7493032756446,27.4723751795176,0
                87.7480779322919,27.4725081442359,0
                87.7473425211826,27.4728008547923,0
                87.7466084948971,27.4726378547491,0
                87.7449065509038,27.4717670232482,0
                87.7443793733593,27.4716096522907,0
                87.743050138012,27.4703984204674,0
                87.742729683812,27.4702263662385,0
                87.7420360879738,27.4701533594807,0
                87.7411443229139,27.4704220689508,0
                87.7404668289033,27.4712356718511,0
                87.739681741857,27.4712940893622,0
                87.7393412182498,27.4715304371995,0
                87.7383509240983,27.4735280554841,0
                87.7359205250388,27.4746599098718,0
                87.736780135762,27.4758241367022,0
                87.7380376145982,27.4776608126136,0
                87.7385506493806,27.4786327379735,0
                87.7387607907973,27.4794167978985,0
                87.7385125509983,27.4803160892944,0
                87.7385141659319,27.4807493019852,0
                87.7390422937831,27.4829349957176,0
                87.7383369130766,27.4844211012219,0
                87.7384915649308,27.4850384879882,0
                87.7398543473632,27.4867189298797,0
                87.7398570087879,27.4877793361853,0
                87.7399433047132,27.488009005785,0
                87.740606263944,27.488691395706,0
                87.7415756877985,27.4892254307371,0
                87.7419394432051,27.4896160910851,0
                87.7423678640237,27.4905952631147,0
                87.7428972829017,27.4910684816011,0
                87.7434705783152,27.491295597716,0
                87.7454555182479,27.4908337394016,0
                87.7472111827715,27.4900752145115,0
                87.7473713580932,27.4897223731195,0
                87.7485791993553,27.4897813291421,0
                87.7494138993744,27.4899392685058,0
                87.7538285878802,27.491975362679,0
                87.7538647705093,27.4919909866946,0
                87.7539287010749,27.4919048705551,0
                87.7564312229254,27.4930623174907,0
                87.7603442593243,27.4937561442418,0
                87.7627367570013,27.493889741485,0
                87.7641882553214,27.4938795202885,0
                87.7648967275954,27.4937899794339,0
                87.7659173528127,27.4934774637111,0
                87.766426098201,27.4935129699832,0
                87.7672918627833,27.4933954345871,0
                87.7689079844884,27.4925900364134,0
                87.7699966170473,27.4916003321092,0
                87.7704983680151,27.4914463549417,0
                87.7710000502522,27.4915541677048,0
                87.7730923185688,27.4924518169076,0
                87.774598865572,27.4927096354288,0
                87.7804381939287,27.4942406143948,0
                87.7818107522219,27.4947744060347,0
                87.7835145631151,27.4959967069876,0
                87.7844837384935,27.496469559268,0
                87.7846957059033,27.4966556092419,0
                87.7856191763407,27.4980740655532,0
                87.7860977911355,27.4984955374872,0
                87.7864157433351,27.4987754573506,0
                87.7868030595927,27.4991164969473,0
                87.7877697817895,27.5002097952547,0
                87.7877764052787,27.5002481663162,0
                87.7878069589175,27.5004355881512,0
                87.7878491352384,27.5006944411879,0
                87.7882663855685,27.5010124846285,0
                87.7885181560176,27.5013697703007,0
                87.788809366189,27.5014899524875,0
                87.7892414863019,27.5019455467011,0
                87.789561936009,27.5022640243147,0
                87.7897590259046,27.5026691183169,0
                87.7900359878722,27.5027419918401,0
                87.7903145075206,27.5030359711034,0
                87.7908956108177,27.5033813272279,0
                87.7909122957501,27.5033912640967,0
                87.7909417289746,27.5034253871416,0
                87.7911355103281,27.5036494959854,0
                87.7914957733036,27.5037828038105,0
                87.792426515469,27.5042580926227,0
                87.7928018960932,27.5045582610574,0
                87.7929723047289,27.5048349898116,0
                87.7931660846992,27.5051495910936,0
                87.7934447907943,27.5054683811607,0
                87.7936705682977,27.505717988522,0
                87.7937654903269,27.5058231059996,0
                87.794449569278,27.5066471722453,0
                87.7947009037266,27.5069412768613,0
                87.794881938295,27.5071365126994,0
                87.7949104323049,27.5072243803354,0
                87.7951480183447,27.5075433573883,0
                87.7953031125064,27.5079914460664,0
                87.7952920424647,27.5083863485079,0
                87.7952293587998,27.5085405837504,0
                87.7951154915872,27.5088204950584,0
                87.7951049192482,27.5092876417732,0
                87.7952176479244,27.5095713057228,0
                87.7953999905107,27.5099402775968,0
                87.7956516990149,27.5102840646719,0
                87.7961949289874,27.5107885935003,0
                87.7964465129003,27.5111075075446,0
                87.7965069414505,27.5111594415727,0
                87.7965820555592,27.5112240623129,0
                87.7966966632418,27.5113204311216,0
                87.796880813544,27.5118631372019,0
                87.7968698674221,27.5122692887669,0
                87.7968869795424,27.512713688027,0
                87.7969050877152,27.5132933877044,0
                87.7969621365822,27.5135773636533,0
                87.7969221980034,27.5138235294162,0
                87.7968698826687,27.5142073694515,0
                87.7968854378904,27.5144283505839,0
                87.796778937671,27.5150156091109,0
                87.7969210945689,27.5155201926623,0
                87.7970371866063,27.5162596304672,0
                87.7970810457735,27.5166428477662,0
                87.7971390934528,27.5169628830406,0
                87.7971834518155,27.5174184064951,0
                87.7972747489323,27.51753296063,0
                87.7972811233751,27.5175418975455,0
                87.7977595354021,27.5186176249734,0
                87.7979422513583,27.5190362169099,0
                87.7982366392034,27.5195038697587,0
                87.7985190200666,27.5203166790575,0
                87.7986874265062,27.5206857747445,0
                87.7988409651526,27.5208315146783,0
                87.7995957786625,27.5218830623238,0
                87.7997641231795,27.5222385965989,0
                87.7999729067536,27.5223366545568,0
                87.8005027617429,27.522902178336,0
                87.800684792349,27.523221528261,0
                87.8007988909751,27.5236901771591,0
                87.801103786818,27.5237741134663,0
                87.8014243625191,27.5240926542258,0
                87.801785747675,27.5242891438827,0
                87.8023977819733,27.5247481155956,0
                87.8026073107081,27.5250289072229,0
                87.8025941841991,27.5251418347412,0
                87.8026777342543,27.5252270789748,0
                87.8027383342996,27.5259058330906,0
                87.8029193688235,27.5260898199504,0
                87.8029626111844,27.5262068733715,0
                87.8030890234478,27.5265445341797,0
                87.8030931339368,27.5271108590494,0
                87.8030550641539,27.527618689419,0
                87.8030021887552,27.5279146619019,0
                87.8028008822672,27.5287730832795,0
                87.8026363966428,27.52903349459,0
                87.8024747168709,27.5296007544616,0
                87.8024502089907,27.5300566508405,0
                87.8023577069261,27.5306505349287,0
                87.8022908308344,27.5310209382626,0
                87.802334444822,27.5312801671554,0
                87.80253221739,27.5318521201497,0
                87.8025907067244,27.5319804224769,0
                87.8026730040389,27.532160346441,0
                87.8029927077737,27.5323548355228,0
                87.8034227112623,27.5324877070583,0
                87.8043793920054,27.5327551397005,0
                87.8047409655791,27.5329628783803,0
                87.8049351874515,27.5330474997387,0
                87.8057861164945,27.5339924334776,0
                87.8059534642197,27.5342012931526,0
                87.8062464828172,27.5344703381448,0
                87.8072764527539,27.5353217204856,0
                87.8076520859339,27.5355541448127,0
                87.8084155409475,27.5358588208453,0
                87.8088889685689,27.5363118529805,0
                87.8090984352688,27.5365700836337,0
                87.8092668438585,27.5368398135705,0
                87.8097114682432,27.5370718644547,0
                87.8099471840035,27.5372058567764,0
                87.8104884208258,27.5374125368786,0
                87.8108913029968,27.5375455956292,0
                87.8110307793259,27.5377681415355,0
                87.8117984079646,27.5386458294746,0
                87.8119672533333,27.5389651793376,0
                87.8123141411428,27.5391594816492,0
                87.8132860661905,27.5395869634272,0
                87.8134814748127,27.5397460156479,0
                87.8135943906564,27.540040929164,0
                87.8137072436998,27.5403245311269,0
                87.8138477169947,27.5406689414521,0
                87.814167545282,27.5408768670452,0
                87.8146805997462,27.541034050718,0
                87.815041923725,27.5412034177255,0
                87.8152905180706,27.5411048685419,0
                87.8158035729777,27.5412621145309,0
                87.816205393779,27.5413522395485,0
                87.8164842886898,27.5415852251019,0
                87.8167078782194,27.5418659548724,0
                87.8169707181912,27.5419027691584,0
                87.8174852675656,27.5422562480337,0
                87.8180831809213,27.5425866054558,0
                87.8184852512794,27.5427082896611,0
                87.818734656104,27.5427181693085,0
                87.8193313840376,27.5429740958295,0
                87.8197231958331,27.5435019946868,0
                87.819890979794,27.5437717242007,0
                87.8201417551416,27.5439688363364,0
                87.8213500823247,27.5446024294903,0
                87.8216146055924,27.5447791064498,0
                87.8219624917143,27.545011718349,0
                87.822573468397,27.5453058912036,0
                87.8232124395502,27.5456337501177,0
                87.8235183948432,27.5458418002959,0
                87.8236729308679,27.5461003435757,0
                87.823855709456,27.5465188726343,0
                87.8242053392919,27.5469860881632,0
                87.8244563640546,27.5472056987504,0
                87.8245412839563,27.5474894882715,0
                87.8248606135104,27.5476229829972,0
                87.8254848395199,27.5478291020858,0
                87.8261499384775,27.5479108575966,0
                87.8264408996749,27.5479700450253,0
                87.826787975583,27.5481056029862,0
                87.8276912850708,27.5485627677003,0
                87.828052918437,27.5488561866903,0
                87.8283457490092,27.5490890462129,0
                87.8286648921424,27.5491977310547,0
                87.8290403992636,27.5494797758176,0
                87.8298597200418,27.5498810068852,0
                87.830095875033,27.5499788148846,0
                87.8307329153132,27.5500359472345,0
                87.8317304702396,27.5501405197089,0
                87.8320917324619,27.5503008250059,0
                87.8323261405522,27.5502497723409,0
                87.8334480548037,27.5503220371533,0
                87.8336017808468,27.5504812766176,0
                87.8338669260513,27.5508136275244,0
                87.834200254172,27.5509604959098,0
                87.8347577332805,27.5513768449035,0
                87.8353382201734,27.5513959176765,0
                87.8357671020905,27.5513684907104,0
                87.8360021354689,27.5513196868056,0
                87.8366253651443,27.5513881307282,0
                87.8374162571448,27.5516180007725,0
                87.8376930949386,27.5516546900031,0
                87.8381077297429,27.551589016652,0
                87.8391785755483,27.5521827352955,0
                87.8394845314235,27.5523884109591,0
                87.8396514434971,27.5525363381884,0
                87.840403705168,27.5531724842885,0
                87.8408627631624,27.5534540316508,0
                87.8411007243214,27.5537865068495,0
                87.8414331798945,27.5538205731649,0
                87.84176750496,27.5540893061117,0
                87.8422666865441,27.5542351776813,0
                87.8427103757026,27.5543318027176,0
                87.8430986352005,27.5544534868269,0
                87.8433630964077,27.5546121030781,0
                87.8446272300951,27.5552271362603,0
                87.8449603706001,27.5553469447561,0
                87.8452113331699,27.555555244172,0
                87.8460026585379,27.5559204144864,0
                87.8464620906749,27.5562515196684,0
                87.8466438106432,27.5565098759389,0
                87.8469221458665,27.5566548681149,0
                87.8478700011867,27.5575379963158,0
                87.8481770157049,27.5578813473892,0
                87.8483855481583,27.5580041529348,0
                87.8488871590813,27.5584635605964,0
                87.8496239291844,27.5588042945786,0
                87.8498470208007,27.5590127185286,0
                87.8500705474194,27.5592708249999,0
                87.8502801387801,27.5595289941687,0
                87.8511016411439,27.560189576746,0
                87.8514085929037,27.5605193043225,0
                87.8516584963969,27.5605809286449,0
                87.8519733194624,27.5610235212088,0
                87.8519943162898,27.5610527061674,0
                87.8524956158328,27.5614692416788,0
                87.8527195165818,27.5617769689197,0
                87.8531063427081,27.5617136701154,0
                87.8539933492036,27.5618300522171,0
                87.8544641634029,27.5618271862313,0
                87.8548387356379,27.5619738060237,0
                87.8551701324851,27.56186125977,0
                87.8556416314573,27.5619440734311,0
                87.8560012100843,27.5619530799072,0
                87.8563761580697,27.5620748888739,0
                87.8566123753638,27.5621726973517,0
                87.85694645049,27.562405246293,0
                87.8572089170987,27.5623788161438,0
                87.8579590611333,27.562726174705,0
                87.858541607824,27.5628443636876,0
                87.8588876229081,27.5629054272347,0
                87.8592342020932,27.5629506799424,0
                87.8598176199833,27.5631817341944,0
                87.860374288535,27.5635482746574,0
                87.8606529958463,27.5638195068902,0
                87.8609704580507,27.5637047729241,0
                87.8619798924343,27.5635383071472,0
                87.8622839169334,27.5634890672738,0
                87.8625586364131,27.563252655225,0
                87.8629999594686,27.5630333709729,0
                87.8635248949163,27.5629060795528,0
                87.863788359532,27.5629292081228,0
                87.8641145644212,27.5630377050349,0
                87.8644942051081,27.5629495948474,0
                87.8650491287806,27.5630950931314,0
                87.8654933179981,27.5632389633351,0
                87.8659929348964,27.5634343934189,0
                87.8662150296127,27.5635074542142,0
                87.8668672517401,27.5637131988465,0
                87.8673388756669,27.5638072624628,0
                87.8678089399482,27.5637795240304,0
                87.8680315952442,27.5639270148858,0
                87.8691136975965,27.5642225729021,0
                87.8695716973436,27.5643551324404,0
                87.8697389209369,27.5645390572707,0
                87.8699340803043,27.5646483640721,0
                87.870517932607,27.5650034690602,0
                87.8708100773517,27.5652114561652,0
                87.870964426274,27.5654315648286,0
                87.8713132481181,27.565774604492,0
                87.8713555514642,27.5659232169722,0
                87.8716208856422,27.5661810127159,0
                87.8718440386429,27.5663894356019,0
                87.8719712648807,27.5667090349358,0
                87.8721396101296,27.5670283227064,0
                87.8723653800149,27.5675639058857,0
                87.8726038393742,27.5679436890246,0
                87.872591460814,27.5681422968667,0
                87.8728311045724,27.5686710055461,0
                87.872986636012,27.5691257804639,0
                87.8730999254519,27.569447692606,0
                87.8730756693727,27.5698178469714,0
                87.8730647247864,27.5701991883496,0
                87.8727942387732,27.5710469836669,0
                87.8727003041891,27.5714175747679,0
                87.8726332446331,27.5716639262263,0
                87.8726218012775,27.5719730864273,0
                87.8729180578895,27.5726977166197,0
                87.8729346099103,27.573031437844,0
                87.873061337304,27.5732901675681,0
                87.8730789480058,27.5737525643484,0
                87.8729712030086,27.5741345295028,0
                87.8729601957016,27.5745046211929,0
                87.8729628119382,27.5748384674159,0
                87.8728682542647,27.5751233781135,0
                87.872830933341,27.575689889807,0
                87.8727771867133,27.5758504375362,0
                87.8727791171128,27.5760986031099,0
                87.8727395530967,27.5763808279548,0
                87.8726874258391,27.5767511692997,0
                87.8726790354111,27.5774484201818,0
                87.8727514521268,27.5778811341117,0
                87.8727539447741,27.5781879193687,0
                87.8729090409497,27.5785208934592,0
                87.8728830392811,27.5787556853904,0
                87.8729673360878,27.578926609057,0
                87.8729973885513,27.5791993986264,0
                87.8730282497224,27.5795804906524,0
                87.8731264207845,27.579753602654,0
                87.8732540826084,27.5801228224448,0
                87.8732559506986,27.5803619888606,0
                87.8732318173435,27.5808313846515,0
                87.8731656927913,27.5811905394203,0
                87.8728908460716,27.5814991319752,0
                87.8726863628327,27.5818952181869,0
                87.8725076950599,27.5820339525671,0
                87.8723320781833,27.5826397091799,0
                87.8721552169487,27.5830108604951,0
                87.8720469111653,27.5833183314937,0
                87.8720212199077,27.5836028062104,0
                87.871905460113,27.5846458374299,0
                87.8719218230918,27.5850293039908,0
                87.8718685748817,27.5852620328732,0
                87.8718298207025,27.5856458109697,0
                87.8713238674006,27.5864251073253,0
                87.8710640170122,27.5867854462109,0
                87.8710658859299,27.5870201133908,0
                87.8710439953776,27.5877782957633,0
                87.871117347502,27.5883328742804,0
                87.8711200265825,27.5886667197165,0
                87.8710135270492,27.5892088574899,0
                87.8709616484335,27.5896175705952,0
                87.8708407774923,27.5900989017443,0
                87.8705312904185,27.5912289215174,0
                87.8704396616501,27.5918837371645,0
                87.8703462249039,27.5923288211396,0
                87.8702789145865,27.5926247942874,0
                87.8701177951237,27.5932237383077,0
                87.869926936301,27.5935835779331,0
                87.8697926275128,27.5941394646171,0
                87.8698915459446,27.594398318418,0
                87.8698258570936,27.5948183429522,0
                87.8696381130378,27.5955708360922,0
                87.8696276656458,27.5960153589492,0
                87.8695598564038,27.5962503994106,0
                87.8697166981409,27.5967909177249,0
                87.8698024279721,27.5971423263145,0
                87.8697638005605,27.5974629226018,0
                87.8695582555955,27.5978117000501,0
                87.8694499517032,27.5980447406666,0
                87.8693967011806,27.5983541494758,0
                87.8696107785004,27.5991672703802,0
                87.8695313407578,27.5996122293215,0
                87.8695188374949,27.5997972754635,0
                87.8693296612459,27.60037159668,0
                87.869264343898,27.6009157354706,0
                87.8693240106063,27.6014207543709,0
                87.8693525673582,27.6015063104368,0
                87.8693976743673,27.6020113913985,0
                87.8696926247136,27.6024787935636,0
                87.8699294630136,27.6027232149031,0
                87.8700845594867,27.6030448769338,0
                87.8707141447874,27.603873441106,0
                87.8708697405826,27.6042537864577,0
                87.870857735582,27.6045020138341,0
                87.8709498203549,27.6056611015638,0
                87.8710223627502,27.6061028766736,0
                87.8710659762678,27.6063372327776,0
                87.8711528904766,27.6068375651998,0
                87.8713932188226,27.6074407045303,0
                87.8715066954707,27.607785176776,0
                87.8716750414569,27.6080909656227,0
                87.8718588820358,27.6085229937008,0
                87.8722917524594,27.608975962547,0
                87.87254352269,27.609344434559,0
                87.8727248711938,27.6094538040939,0
                87.8729213996303,27.6098180884241,0
                87.8731044283909,27.6102117446496,0
                87.8731617286372,27.6104076041757,0
                87.8732482687376,27.6108628780236,0
                87.8732914466532,27.611036301457,0
                87.8734047362022,27.6113559628868,0
                87.8737083774717,27.6116338195651,0
                87.8738663479165,27.611993790833,0
                87.8741180587575,27.6122765205849,0
                87.8742855937211,27.6124852561835,0
                87.8745374918014,27.6127792346801,0
                87.8750798506524,27.6130736575978,0
                87.8753315619005,27.6133495751284,0
                87.8756779537721,27.613358643983,0
                87.8762214971657,27.6137861174036,0
                87.8765133930078,27.6139444834402,0
                87.8767638556014,27.6141527204651,0
                87.8770148182899,27.614336146492,0
                87.8776940402407,27.6143950298666,0
                87.8781090500134,27.6143427301892,0
                87.8784964378273,27.6143267391891,0
                87.8786497907805,27.614425045453,0
                87.8791501565626,27.6146813456547,0
                87.879358315376,27.6147409692602,0
                87.8800124082619,27.6151316354911,0
                87.8806121311502,27.615610604498,0
                87.8809722077219,27.6156692313266,0
                87.8812377908618,27.6159450876882,0
                87.8816960409789,27.6160775227492,0
                87.8820543657772,27.616224141678,0
                87.8824105657822,27.6163460128489,0
                87.8827929501445,27.616501506854,0
                87.8831552719922,27.6167473674038,0
                87.8834056732115,27.6168676115393,0
                87.8838922914681,27.6171374726544,0
                87.8845160201856,27.6172192270663,0
                87.8847372429122,27.6171681733705,0
                87.8853746587109,27.6172137448619,0
                87.8857489225527,27.6172226258735,0
                87.8866495538925,27.6172552655512,0
                87.8874005098184,27.6176384964757,0
                87.887830575971,27.6177349962966,0
                87.8881490352956,27.6177194416105,0
                87.8884258733225,27.6177425070269,0
                87.8888411318932,27.6177285791261,0
                87.8891740253284,27.6177873301843,0
                87.8898266848714,27.6179930123253,0
                87.8901592032563,27.6180043934854,0
                87.8905892084075,27.618087332052,0
                87.8913514820813,27.6181569033171,0
                87.8919612133652,27.6182274713214,0
                87.8923490990749,27.6182723494216,0
                87.8926685546267,27.6183875331979,0
                87.8929048348552,27.6184740931028,0
                87.8933903944755,27.6185431585351,0
                87.8942357830322,27.6186256675938,0
                87.8945961709881,27.6187091053217,0
                87.89488750757,27.6187184851736,0
                87.8958173177471,27.6189855423222,0
                87.8964009243687,27.6191915356477,0
                87.8967472522934,27.6192614736344,0
                87.897052774615,27.6192978515971,0
                87.8974025987524,27.6194874042062,0
                87.8977066183784,27.6196500829411,0
                87.8980824376063,27.6199251915678,0
                87.8985550586097,27.6201071224082,0
                87.8989012623978,27.6201680612158,0
                87.8992907072461,27.6203257423778,0
                87.9000682256004,27.6205418013262,0
                87.900707137168,27.6207722931672,0
                87.9010682110101,27.6209436602099,0
                87.9014294734806,27.6210631565931,0
                87.9027893501935,27.621413027868,0
                87.903164922262,27.6215707708945,0
                87.9035122499482,27.6216790181671,0
                87.9049415535884,27.6220825730161,0
                87.9052897530023,27.6223036856597,0
                87.9055228431081,27.622466863538,0
                87.906206688337,27.6226180509952,0
                87.9064561535986,27.6226908614186,0
                87.9070126371762,27.622982784243,0
                87.9074297024595,27.6231785883803,0
                87.907694165087,27.6233122687422,0
                87.9080976069924,27.6235442568137,0
                87.9086976392209,27.6241201547289,0
                87.9090454024724,27.6242893347653,0
                87.9093514209048,27.6244610133323,0
                87.9099907064012,27.6247343767381,0
                87.9103812733932,27.625013797003,0
                87.9107425959175,27.6252212863014,0
                87.9109650019865,27.6253077829161,0
                87.9112712695367,27.6255155831563,0
                87.9115790348464,27.6258203750906,0
                87.9119695378351,27.6261765383506,0
                87.9122482453753,27.6264093983779,0
                87.9125135803741,27.6266422587427,0
                87.9130719331098,27.6271552244067,0
                87.9141843998897,27.6276668256265,0
                87.9144346133988,27.6278253791209,0
                87.9147706850748,27.6282495364598,0
                87.9154684538791,27.6288609339679,0
                87.9157059780046,27.6291684118905,0
                87.915845893942,27.6293140266743,0
                87.916517598363,27.6301241559907,0
                87.9167834303023,27.6304923793223,0
                87.9168544166358,27.6306521161308,0
                87.9174036930513,27.6317404070224,0
                87.9176825879067,27.6319980147381,0
                87.9177960035724,27.6323063643121,0
                87.918330285232,27.6332639157688,0
                87.9185270632337,27.6336213890809,0
                87.9185434295924,27.6339168001993,0
                87.9188109449518,27.6344023256573,0
                87.9189665391572,27.6348344781976,0
                87.919111139134,27.6350862088872,0
                87.9192065574932,27.6353608120427,0
                87.919644786192,27.6364205395979,0
                87.919841751643,27.6368004482033,0
                87.9198426866898,27.6369110637176,0
                87.9202662344736,27.6378039304271,0
                87.9202959734363,27.6380992804054,0
                87.9204375087829,27.638432254414,0
                87.9204248189894,27.6385925522885,0
                87.9205409132841,27.6392212494504,0
                87.9205728352315,27.6397015826433,0
                87.92058932595,27.6400105557594,0
                87.9205776948301,27.6402813447736,0
                87.9205575505037,27.641199701757,0
                87.9206992105418,27.641557485238,0
                87.9208012448886,27.6421727457596,0
                87.9209137255037,27.6423705432987,0
                87.9209447738275,27.6427516352046,0
                87.9208230313154,27.6431111010753,0
                87.9207823453981,27.6432467759669,0
                87.9206881001137,27.6435609965242,0
                87.9207047157386,27.643881281759,0
                87.9208053160411,27.6443249948286,0
                87.9209332906397,27.6447077760961,0
                87.9210037146575,27.6448674505643,0
                87.9210779417098,27.6454084673725,0
                87.9210115029528,27.6457924327764,0
                87.9208628255925,27.6461995184918,0
                87.9209053160597,27.6463593810713,0
                87.9208683704495,27.6468605238154,0
                87.9208874779073,27.6474763449473,0
                87.9207929193272,27.6478356864789,0
                87.9206698066963,27.6479582980689,0
                87.9204533199185,27.6485779271214,0
                87.9202747732004,27.648888208855,0
                87.9202836437947,27.6490415708009,0
                87.9201270320107,27.6493201057287,0
                87.9201987022191,27.6496399539983,0
                87.9201477590211,27.6501389091184,0
                87.9199983316505,27.6505234354033,0
                87.9197934750154,27.6508699631783,0
                87.9197147855179,27.6513758553395,0
                87.9196620327862,27.6517348851758,0
                87.9197067059959,27.6520798557347,0
                87.9195433435432,27.6524621941572,0
                87.9195047151848,27.652771540912,0
                87.9193832215659,27.6531604421661,0
                87.9192905337806,27.6536685837049,0
                87.9190300591466,27.6540268595763,0
                87.9190877329594,27.6542610898577,0
                87.9194560978587,27.6552941943843,0
                87.9195420829414,27.6554199974343,0
                87.9195670168829,27.6554423709553,0
                87.9204165804857,27.6559872143997,0
                87.9205866180401,27.656103394831,0
                87.9214302342896,27.6570679517889,0
                87.9219817143037,27.6574929256864,0
                87.9226639944288,27.6577297932812,0
                87.9231771759755,27.6578121083548,0
                87.9243751406727,27.6579801165477,0
                87.9248883221103,27.6580624322671,0
                87.9256083391256,27.6586419580344,0
                87.9257692532694,27.6587220786631,0
                87.925936483892,27.6586442768254,0
                87.9263399985022,27.6584227414164,0
                87.9278932518277,27.6576768366561,0
                87.9282840853281,27.6572996904896,0
                87.9293163328418,27.6570446082091,0
                87.9296618546297,27.6568573182985,0
                87.9301843639535,27.6562536938264,0
                87.9305748836239,27.6559149190685,0
                87.93088079233,27.655459339492,0
                87.9312404010179,27.6542431406168,0
                87.9313365318876,27.6534799593449,0
                87.931443711152,27.6532739799831,0
                87.9316195082789,27.6529388250158,0
                87.9317329361388,27.6527214712517,0
                87.931817490503,27.6526058580735,0
                87.932038532318,27.6523043264284,0
                87.9322613926906,27.6516959463511,0
                87.9323918794042,27.6515461498183,0
                87.9324455161794,27.6507832174838,0
                87.9325354497871,27.6504780589348,0
                87.9324642976878,27.649409151403,0
                87.9325966010138,27.6491059302604,0
                87.9329886860592,27.6486520402406,0
                87.933290775333,27.6485033721245,0
                87.9341153113908,27.6477487663657,0
                87.9345907552513,27.6474861110419,0
                87.9350236445885,27.6471493366011,0
                87.9361958956241,27.6460178340485,0
                87.9366759097033,27.6454122086647,0
                87.937327215681,27.6447715903917,0
                87.9389697769028,27.6437587731107,0
                87.940518336108,27.643319654898,0
                87.9410360872277,27.6430589374065,0
                87.9419058729887,27.6421144750997,0
                87.9419539927195,27.6420442322861,0
                87.9425186902756,27.6412056288314,0
                87.9430878882388,27.6402947826211,0
                87.9435858996734,27.6397250920702,0
                87.9440456032737,27.6391985849485,0
                87.9447864040465,27.6382910533249,0
                87.9452201690821,27.6379158454734,0
                87.9459176001841,27.6370447471272,0
                87.9463984298253,27.6363263195176,0
                87.9464926197733,27.6357165005846,0
                87.9467824188725,27.6347354039059,0
                87.9469866592545,27.6340413443258,0
                87.9478250319822,27.6322578288481,0
                87.9483049219612,27.6316521418623,0
                87.948780805336,27.6313149927491,0
                87.9498164345635,27.6307552499072,0
                87.9502922562443,27.6304157266759,0
                87.9506829018063,27.6300385796823,0
                87.9510283617325,27.6298511655677,0
                87.9520615470312,27.6295214638883,0
                87.9541231641075,27.6291237891789,0
                87.9542450237287,27.6290799830604,0
                87.9546301025936,27.6289375659624,0
                87.9547260280563,27.6289030080592,0
                87.955071111719,27.6287540277184,0
                87.9557567106294,27.6287222313334,0
                87.9562725211416,27.6286148759529,0
                87.9581720495773,27.6275685048127,0
                87.9588448366428,27.6275976401288,0
                87.9589000185168,27.6275363964092,0
                87.959031069378,27.6273098562772,0
                87.9592912290293,27.6270824436391,0
                87.9594314208311,27.6261677768068,0
                87.9595211645625,27.6259234876871,0
                87.9595673550454,27.6255575832442,0
                87.9599215812737,27.6246437327228,0
                87.9599686466279,27.624300513633,0
                87.9601076968122,27.6240580998109,0
                87.9606156961838,27.6239259961635,0
                87.961262121005,27.6235492920253,0
                87.9613925458673,27.6233994957049,0
                87.9614856728444,27.6228257978055,0
                87.9617464589495,27.6225238912437,0
                87.9621782221077,27.622223113375,0
                87.9631312447048,27.6213591458546,0
                87.9632644801589,27.6212386583178,0
                87.9645643206461,27.6208596544758,0
                87.9646386913692,27.6206064280382,0
                87.9649498612094,27.6196928266602,0
                87.9655223792316,27.6184750694877,0
                87.9660008315048,27.6178693201583,0
                87.9663904141688,27.6175282324433,0
                87.9669074160783,27.617267390291,0
                87.9691335644567,27.6172518727889,0
                87.9713679774902,27.6165887238237,0
                87.9723981611452,27.6163694507175,0
                87.9729119700032,27.6163365264358,0
                87.9736008247383,27.6160383785311,0
                87.9742480635012,27.6156254901403,0
                87.9754461568742,27.615637387327,0
                87.9757906161586,27.6154883447915,0
                87.9764406086085,27.6148835979443,0
                87.9765881539709,27.6148126691512,0
                87.9768283125057,27.6146958714028,0
                87.976897116717,27.6146705625412,0
                87.9774304276732,27.6144728405658,0
                87.9781177178852,27.6142897445648,0
                87.9794892294442,27.6141514710024,0
                87.9805169104919,27.6140855595973,0
                87.9817156287099,27.6140973945316,0
                87.9824031696031,27.6138759272721,0
                87.9832258937848,27.6131188219238,0
                87.9840967468481,27.6119440674221,0
                87.9852024449211,27.6107584425482,0
                87.985225005113,27.6107334451367,0
                87.9854381823133,27.6100055128693,0
                87.9880997695282,27.6101896116655,0
                87.9885750292481,27.6098139660155,0
                87.9888811272281,27.6092815812802,0
                87.9894476356488,27.6084856622123,0
                87.9895776217981,27.6083719243892,0
                87.9906098094256,27.6079629805868,0
                87.9911714964391,27.6075484029862,0
                87.9915203383626,27.607054077453,0
                87.9920449790557,27.6061817269136,0
                87.9926541085275,27.6053471241091,0
                87.9940753783884,27.6046352767393,0
                87.9947219274484,27.6042990070551,0
                87.9963527240703,27.6039331332146,0
                87.9972882349725,27.6036218039199,0
                87.9973199194374,27.6035606842893,0
                87.9974924609312,27.603525566426,0
                87.9976246970341,27.6033757069365,0
                87.9981471378289,27.603042558381,0
                88.0010919103679,27.6017986000214,0
                88.0014406825857,27.6015749392546,0
                88.0028867139264,27.6002650196433,0
                88.0042546381463,27.598646500672,0
                88.0046125440506,27.5980415606916,0
                88.0050091910191,27.5975919820894,0
                88.006013705026,27.5968085708448,0
                88.0066744488924,27.5960931464346,0
                88.0075678070414,27.5945818587274,0
                88.0075326942054,27.5942752594025,0
                88.007367534856,27.5940057175486,0
                88.0070395932375,27.5933877031378,0
                88.0070857782049,27.5932362170055,0
                88.0071737056423,27.5931611001102,0
                88.0073941219011,27.5928978147611,0
                88.0075309242654,27.5925561603659,0
                88.0075031930996,27.5919449629764,0
                88.007566881453,27.5915744969305,0
                88.0073832890788,27.5912260866273,0
                88.0074094190001,27.5908988029186,0
                88.0074541733534,27.5904607795296,0
                88.0075681637197,27.5902614243154,0
                88.0076720944535,27.5899944497881,0
                88.0077554668159,27.5896306084269,0
                88.0077812228211,27.589260390976,0
                88.0078640348757,27.5888312432075,0
                88.0081031365413,27.5885361483524,0
                88.0080611494158,27.5882341115998,0
                88.0081374563013,27.5880620657248,0
                88.0081930169592,27.5878383363691,0
                88.0082766390768,27.5875015549055,0
                88.0083414509384,27.587183021452,0
                88.0083782643622,27.586984164263,0
                88.0084432622944,27.5866904413253,0
                88.0084796388374,27.5864419640411,0
                88.0084978276948,27.5862861654211,0
                88.008552329453,27.5859496337842,0
              </coordinates>
            </LinearRing>
          </outerBoundaryIs>
        </Polygon>
      </Placemark>
      <Placemark id="KO_TAPLEJUNG_Phaktanglung.6">
        <ExtendedData>
          <SchemaData schemaUrl="#KO_TAPLEJUNG_Phaktanglung.schema">
            <SimpleData name="ogc_fid">1816</SimpleData>
            <SimpleData name="objectid_1">1817</SimpleData>
            <SimpleData name="dcode">1</SimpleData>
            <SimpleData name="district">TAPLEJUNG</SimpleData>
            <SimpleData name="dan">KANCHANJUNGHA CONSERVATION AREA</SimpleData>
            <SimpleData name="das">0</SimpleData>
            <SimpleData name="gapa_napa">Phaktanglung</SimpleData>
            <SimpleData name="type_gn">Gaunpalika</SimpleData>
            <SimpleData name="gn_code">5.000000000000000</SimpleData>
            <SimpleData name="new_ward_n">6</SimpleData>
            <SimpleData name="ddgnww">10506.000000000000000</SimpleData>
            <SimpleData name="center">Tapethok</SimpleData>
            <SimpleData name="state_code">1</SimpleData>
            <SimpleData name="ddgn">1005</SimpleData>
            <SimpleData name="area_sqkm">808.527797728999985</SimpleData>
            <SimpleData name="shape_leng">192715.768420999986120</SimpleData>
            <SimpleData name="shape_area">808527797.728999972343445</SimpleData>
            <SimpleData name="Province">KO</SimpleData>
            <SimpleData name="Address">Phaktanglung-6, TAPLEJUNG, KO</SimpleData>
          </SchemaData>
        </ExtendedData>
        <Polygon>
          <outerBoundaryIs>
            <LinearRing>
              <coordinates>
                88.1482860873203,27.7019654044839,0
                88.1476553682692,27.7015149319355,0
                88.1467989302079,27.7010031471077,0
                88.1462707557165,27.7007300354445,0
                88.1457563935581,27.7003800560705,0
                88.1454145669686,27.7002318129801,0
                88.1450436824689,27.7000340729225,0
                88.1447157911493,27.6998856416775,0
                88.1444162713718,27.6997234003855,0
                88.1442444222439,27.6995849712557,0
                88.1439162819732,27.6994117302474,0
                88.1435305256785,27.6991871165228,0
                88.1429737312657,27.6988374492286,0
                88.1426173438348,27.6986892050032,0
                88.1423604438371,27.6985402127012,0
                88.1420181176856,27.6983422233208,0
                88.1415034442139,27.6979674336804,0
                88.1413319691081,27.697867376678,0
                88.1410031433281,27.6976287036871,0
                88.1407179972167,27.6974437768563,0
                88.1401177099172,27.697056173586,0
                88.1398179408964,27.6968691214614,0
                88.1395032998804,27.6966573841923,0
                88.1391899695748,27.696495329201,0
                88.1386616084952,27.6962085938733,0
                88.1382486657339,27.6960360389221,0
                88.1378921538465,27.6958742963501,0
                88.1375077710374,27.6957127398338,0
                88.1368526743442,27.6954789974992,0
                88.1364542909585,27.6953694364599,0
                88.1360985266286,27.6952843750987,0
                88.1357148297866,27.695186001011,0
                88.1353447557472,27.6950626914157,0
                88.1349599967937,27.6949260087508,0
                88.1345051836438,27.6948169471106,0
                88.1340629346313,27.6945678352638,0
                88.1328504197796,27.6939844874036,0
                88.1325513369871,27.6938605543561,0
                88.1321800162365,27.693610944141,0
                88.1314669310816,27.6932129651263,0
                88.1312953937678,27.6931128456454,0
                88.131095174274,27.6929249831407,0
                88.1306956695537,27.6927138683403,0
                88.129923471616,27.6921133432568,0
                88.1296801332742,27.6919257921128,0
                88.1294081133334,27.6916641227975,0
                88.1289931746723,27.6913628907806,0
                88.1284636928887,27.6908889219644,0
                88.1282918431383,27.6907504926569,0
                88.1279771419118,27.6904620121521,0
                88.1272470023914,27.6898249287054,0
                88.1271330187959,27.6897627439478,0
                88.1269462342764,27.6895995672107,0
                88.1266605896961,27.6893627701848,0
                88.1263028308357,27.6890746626782,0
                88.1259743797276,27.6888629871799,0
                88.125760347686,27.6887496811702,0
                88.1255316935959,27.6885755036697,0
                88.1253162285355,27.6883246465545,0
                88.1248846114125,27.6877483140661,0
                88.1244264321673,27.6873099056747,0
                88.1242405224869,27.6871602277437,0
                88.123981439859,27.68679462986,0
                88.1238374637842,27.6865950195217,0
                88.123578942614,27.6862812292726,0
                88.1232341864745,27.6858418858458,0
                88.1230472780167,27.6856538981677,0
                88.1228180005689,27.6854166023771,0
                88.1223288934731,27.6847369648361,0
                88.1222275367102,27.68454829185,0
                88.1220692504988,27.6843103715822,0
                88.1218678454896,27.6840728891469,0
                88.1214367905897,27.6834943687518,0
                88.1211487141018,27.6830793364015,0
                88.1210042389046,27.6828278557834,0
                88.120803271647,27.6825654995041,0
                88.1203139760283,27.681924233797,0
                88.1201982463981,27.6816995634272,0
                88.1201243259256,27.6814091505101,0
                88.1198523680658,27.6811451683081,0
                88.1193337048473,27.6803552269063,0
                88.1192309761986,27.6800401896877,0
                88.1189730163653,27.6797760830628,0
                88.1184816656019,27.678870840717,0
                88.1183235040193,27.6786465439972,0
                88.1180932279609,27.6783686268553,0
                88.1175748151235,27.6776034956205,0
                88.1174590851385,27.6773765763606,0
                88.1172154364747,27.6770875339067,0
                88.1167408896005,27.6764619544862,0
                88.1166253463963,27.6762598452661,0
                88.1163948222303,27.6759458055846,0
                88.1160772524829,27.675368600024,0
                88.1158758476798,27.6751288038367,0
                88.1156753160858,27.67490488254,0
                88.115116154415,27.6743024864997,0
                88.1149443052192,27.6741639954963,0
                88.114657724206,27.6738887634588,0
                88.1140570023903,27.6733769221498,0
                88.113771668576,27.6732258672223,0
                88.1134710269056,27.6729395108403,0
                88.1130129712559,27.6725641603528,0
                88.1126271540271,27.6722514299074,0
                88.112213650895,27.6720155671,0
                88.11177034171,27.6717146478326,0
                88.1115422494039,27.6715900913459,0
                88.1114281411399,27.6715165951201,0
                88.111056695718,27.6712533613645,0
                88.1107715492036,27.6711157430542,0
                88.1105859507754,27.6709931870306,0
                88.1102442487326,27.6708425065123,0
                88.1100027804906,27.6708331278143,0
                88.1096880788605,27.6705310853694,0
                88.109289384986,27.6703831523972,0
                88.108919435855,27.6702597813086,0
                88.1086910308196,27.6701601609266,0
                88.1083356428193,27.6700388519619,0
                88.1075383781398,27.6697541734764,0
                88.1073540895809,27.6697556699663,0
                88.1069405229874,27.6695807393078,0
                88.106102135364,27.6694249864272,0
                88.1057334958311,27.6694279166986,0
                88.1054205396269,27.6693041085489,0
                88.1049092330229,27.669231479488,0
                88.1045964629264,27.6691843526866,0
                88.1043277464716,27.669236092818,0
                88.1039296753728,27.6691512798038,0
                88.1036738972213,27.6691037164567,0
                88.1030208589864,27.669045709148,0
                88.1028363834419,27.6690336440204,0
                88.1023815682585,27.6689740778617,0
                88.10160142138,27.6689419397646,0
                88.1014589410006,27.6688799429924,0
                88.1011757886107,27.6689453064548,0
                88.1008197757521,27.6688218102364,0
                88.1001664882407,27.6687390544492,0
                88.0999965102147,27.6687268648903,0
                88.0996275594187,27.6686936728054,0
                88.0992291141245,27.6685704888133,0
                88.0985477655798,27.6685375405757,0
                88.098278425779,27.6685261611006,0
                88.0978801057301,27.66840297653,0
                88.0972691253953,27.6683198465341,0
                88.0969992862972,27.6682587841829,0
                88.0967299453762,27.6682992758275,0
                88.0959189324867,27.6680394703288,0
                88.0954078129441,27.6679803397913,0
                88.0951949038047,27.6679820235291,0
                88.0946549137654,27.6678870212424,0
                88.0938594576212,27.6677782650142,0
                88.0935761816903,27.6677691972377,0
                88.0931773625549,27.6676076413876,0
                88.0922390525085,27.6674007030825,0
                88.0920973829518,27.6674266985902,0
                88.0916693819909,27.6671908986244,0
                88.0908719949864,27.6668294765569,0
                88.0907432010024,27.6667424814846,0
                88.090358755349,27.666555990231,0
                88.0900304905793,27.6663555645696,0
                88.0898587666352,27.6662192600091,0
                88.0896447976701,27.6661081404927,0
                88.0895016316536,27.6659828987421,0
                88.0892731034125,27.6657952236022,0
                88.0888880324539,27.6656200436084,0
                88.0883310523919,27.665220567723,0
                88.0879041736133,27.6650975699393,0
                88.0876339610367,27.6649981984488,0
                88.0871930840291,27.6648753252989,0
                88.0862965824718,27.6646048315813,0
                88.0860259345238,27.6644557767731,0
                88.0856418626457,27.6643076572419,0
                88.0848710362668,27.66387149312,0
                88.0845717048974,27.6637091890426,0
                88.0842431275753,27.663472577827,0
                88.0835865991053,27.6630603515502,0
                88.0834437442774,27.6629599817849,0
                88.0830585515715,27.662698997149,0
                88.0824590766258,27.6622863338619,0
                88.0822731048534,27.6621230947768,0
                88.0819160324313,27.6618867339049,0
                88.0813582426918,27.6613993273726,0
                88.0812565735103,27.6611722203906,0
                88.080899126602,27.6608974881459,0
                88.0805702389205,27.660622567819,0
                88.0803832078685,27.6603465259327,0
                88.0801974859021,27.6602080338979,0
                88.0799105932507,27.65989449347,0
                88.0796521344805,27.659567142169,0
                88.0793656784717,27.6592918479014,0
                88.0791792087338,27.6590789885408,0
                88.0789779924828,27.6587782603527,0
                88.0784742631287,27.6580489393831,0
                88.0782289937833,27.6575838502977,0
                88.0780701454849,27.6573459309084,0
                88.0777816348103,27.6567909738267,0
                88.0777232700285,27.6566537968905,0
                88.0776504726221,27.6564648124611,0
                88.0775048752086,27.6560869678628,0
                88.0773290374102,27.6555333253372,0
                88.0772270584992,27.6552047264238,0
                88.0772101287831,27.6549657471284,0
                88.0771087111858,27.6547003309689,0
                88.0769601847604,27.6540201374432,0
                88.0768583920566,27.6537818437689,0
                88.0766716720341,27.6535418619119,0
                88.0761976862748,27.6529272810036,0
                88.0760247153345,27.652676049827,0
                88.0758381202236,27.652438316759,0
                88.0755947214547,27.6521627113032,0
                88.075392007613,27.6517717411709,0
                88.0752762159262,27.6515199488927,0
                88.0751316167001,27.6512435952328,0
                88.0747570553881,27.6506395777969,0
                88.0746118947713,27.6503001052025,0
                88.0744259856183,27.6501368032624,0
                88.0740361799229,27.6493953603911,0
                88.0738918300565,27.649143816741,0
                88.0737187342205,27.6488676499803,0
                88.073400228826,27.6482271380831,0
                88.0733705498371,27.6480378411422,0
                88.0731827708794,27.6476851183405,0
                88.072921632801,27.6470802283555,0
                88.0728903928945,27.6468030024307,0
                88.0727457322667,27.6465130874949,0
                88.0725407111647,27.6458829508076,0
                88.0725115936572,27.6457568366729,0
                88.0724247331837,27.6456199098645,0
                88.0723796212358,27.6453427457038,0
                88.0720165647981,27.6444860003679,0
                88.0719295186986,27.6442588940318,0
                88.0717146771486,27.6440461582135,0
                88.0713981054348,27.6435432589065,0
                88.0712254464607,27.6433054635445,0
                88.0711818928377,27.6431929725469,0
                88.0709801139984,27.6428899954698,0
                88.0708510724175,27.6427150079137,0
                88.0705336269377,27.6421737366518,0
                88.0703894020753,27.6419356292565,0
                88.0702452385068,27.6416977100097,0
                88.0700277805064,27.6411556287324,0
                88.0699832281349,27.6410048282922,0
                88.0699248032686,27.6407909708474,0
                88.0698508207481,27.6404756847404,0
                88.0697765259361,27.6401333381743,0
                88.0697301045289,27.6397299345794,0
                88.0698988374711,27.6395525789618,0
                88.0696965594209,27.6391999185283,0
                88.0697308257753,27.638367178966,0
                88.0697995721103,27.6381388253806,0
                88.0697405862548,27.6378730349624,0
                88.069738529778,27.6376587414453,0
                88.0697924042228,27.6374056398917,0
                88.0698169110691,27.6369903641603,0
                88.0698714105615,27.6367372622549,0
                88.0698118621255,27.6364714721104,0
                88.0698901813674,27.6358030948495,0
                88.0699035577019,27.6356766678169,0
                88.0699152490788,27.6354486881938,0
                88.0698835738972,27.6351195295076,0
                88.0697341123079,27.6343378443483,0
                88.0696616878385,27.6341872940264,0
                88.0696302634905,27.6338220127968,0
                88.0695700925723,27.6334931029076,0
                88.0695680356474,27.6332788093017,0
                88.0695096733066,27.6330762009204,0
                88.0695206785341,27.6327737899326,0
                88.0694613803644,27.6325351219332,0
                88.0694733221698,27.632268770473,0
                88.0695125759795,27.6319413624989,0
                88.0695533870211,27.6317763776075,0
                88.0695803255029,27.6316114552467,0
                88.0697479346624,27.631332608135,0
                88.0697595647841,27.6310934417714,0
                88.0699119901454,27.6307515993747,0
                88.0700091706882,27.6305229969533,0
                88.0701203493406,27.630294268746,0
                88.0701610365371,27.6301179727532,0
                88.0702148500084,27.6297881902069,0
                88.0702825993123,27.6294605322471,0
                88.0703063578236,27.6289798246695,0
                88.070317862845,27.6287270348507,0
                88.0703436785791,27.6284493719459,0
                88.0703217002461,27.6276915003504,0
                88.0703053337004,27.6274389601343,0
                88.070259847223,27.6271234242938,0
                88.0700556381839,27.6265700309256,0
                88.0700114607408,27.6263921087246,0
                88.0699381016158,27.6261400040951,0
                88.0698364947502,27.6259152087962,0
                88.0696027931137,27.6251973300573,0
                88.0695863024485,27.6249312282131,0
                88.0694840722972,27.6246410014516,0
                88.0692073780911,27.6238602521062,0
                88.0692048839786,27.6236075859459,0
                88.0691312753903,27.6233306712932,0
                88.0689255703427,27.6226261043264,0
                88.0688797092259,27.6222722590608,0
                88.0688211605281,27.6220448403595,0
                88.0686283310595,27.6212250964895,0
                88.0685694078223,27.6209616176851,0
                88.068496795784,27.6207861943236,0
                88.0682910918411,27.6200162581371,0
                88.068303033047,27.6198017764514,0
                88.0681454952751,27.619627039298,0
                88.0680994467198,27.6193228771839,0
                88.0680267744581,27.6190707108712,0
                88.0679533531528,27.6188186061408,0
                88.0678936797455,27.6185415666733,0
                88.067807133589,27.6183662680319,0
                88.0676428002062,27.6175462740451,0
                88.0675687551057,27.6172174888695,0
                88.0674958317146,27.6170172544314,0
                88.0673616167689,27.6162986275432,0
                88.0673168787747,27.6160597721926,0
                88.0672438314666,27.6158437897927,0
                88.0671353061712,27.6148993082859,0
                88.0666567710158,27.6138043322452,0
                88.0661066209868,27.6126331115405,0
                88.0659478988091,27.6123320096707,0
                88.065646073915,27.6118921668899,0
                88.0654881006598,27.6116654968226,0
                88.0654152404622,27.611463012945,0
                88.0651297816659,27.6112757108818,0
                88.0647405354224,27.6106356966625,0
                88.0646674259473,27.6104084028426,0
                88.0645099506251,27.6102336652858,0
                88.0642516797085,27.6099062512569,0
                88.0640214684926,27.6095425282931,0
                88.0639767306193,27.6093037358437,0
                88.0636627762622,27.6091166215483,0
                88.0633329531903,27.6087265869251,0
                88.0630604974616,27.6083744872781,0
                88.062817096874,27.6081507518827,0
                88.062330298741,27.607635537014,0
                88.0622295643491,27.6074987346591,0
                88.0619858544223,27.6071711965965,0
                88.0614823138738,27.6064305641046,0
                88.0614099510715,27.6062799509418,0
                88.0612097329109,27.606067152354,0
                88.0608915393812,27.605437888972,0
                88.0602736410828,27.6045830142817,0
                88.0600288088575,27.6041427354913,0
                88.0600119423457,27.6039036937493,0
                88.0598961503541,27.6036519008158,0
                88.0598509764769,27.6033612376172,0
                88.059777492204,27.6030978220505,0
                88.0597181316923,27.6028455930824,0
                88.0596887642353,27.602692418515,0
                88.0595446633689,27.6024543733862,0
                88.0593712562641,27.6021285239963,0
                88.0592982716723,27.6019125414973,0
                88.0591688562496,27.6016878713682,0
                88.0590678735731,27.6015239456645,0
                88.0588813410183,27.6012862754921,0
                88.0584364133278,27.6007075675675,0
                88.0583065604515,27.6005055198062,0
                88.0580492864985,27.6002818474721,0
                88.0578213194825,27.6001437296611,0
                88.0576644060593,27.6000186128671,0
                88.0574504988051,27.5998938695167,0
                88.0572940215696,27.5998206225722,0
                88.0571364203017,27.5996955054023,0
                88.0568656473107,27.5995080166786,0
                88.0565799398177,27.5992959674171,0
                88.0563232276012,27.5991331639205,0
                88.0560804503634,27.598970298106,0
                88.0559101617812,27.5989084250739,0
                88.0555958330453,27.598671627333,0
                88.0551394000701,27.5983457719963,0
                88.0549822354017,27.5982589644695,0
                88.0548670676407,27.5980703537004,0
                88.054553550843,27.5978583661599,0
                88.0539953239479,27.5973437121252,0
                88.0538661583979,27.5971439146573,0
                88.0536509429596,27.5968793091558,0
                88.0534790940234,27.5967159450976,0
                88.0532195144283,27.5962509179,0
                88.0531459679692,27.5959739409056,0
                88.0529457499076,27.5957611427514,0
                88.0527444088628,27.5954219808445,0
                88.0524860141251,27.5950833178636,0
                88.0523697852667,27.5948427745854,0
                88.0521981872057,27.5946432883334,0
                88.0518971730274,27.594280126596,0
                88.0515387299996,27.5938654067005,0
                88.0513375738983,27.5936142995791,0
                88.0510515569416,27.593300570798,0
                88.0509363252922,27.5931615807105,0
                88.0507648522752,27.5929732817687,0
                88.0506350615738,27.592773546385,0
                88.0503492297443,27.5925364990303,0
                88.0500205933932,27.5921961481357,0
                88.0498064372921,27.5920465938903,0
                88.0496915811447,27.5918827934975,0
                88.0494484931296,27.5916838064512,0
                88.0491336659356,27.5913952006767,0
                88.0490051853913,27.5912697715266,0
                88.0488482719099,27.5911446545569,0
                88.0486190566517,27.5909456048363,0
                88.0483620944918,27.5907444919479,0
                88.0478624821914,27.5903308939821,0
                88.0476618261639,27.5901315950902,0
                88.047291628932,27.5899449165112,0
                88.0465787333048,27.5894696935174,0
                88.0463938213703,27.5893966343312,0
                88.0461369215099,27.5892090828029,0
                88.0455954992431,27.5889220977286,0
                88.0453244134419,27.5887729803264,0
                88.0451110059293,27.5886979200827,0
                88.0448405443915,27.588548803242,0
                88.044470846201,27.5884116826975,0
                88.0443567376122,27.5883245630032,0
                88.0439295478721,27.5881382583771,0
                88.0434886718612,27.5879768892418,0
                88.0425078071607,27.5876706470957,0
                88.0422803384934,27.5875820871409,0
                88.0418964537008,27.5874857136394,0
                88.0410580062692,27.5872505930202,0
                88.03721477154,27.5866296972157,0
                88.0333254108155,27.5862840881195,0
                88.0286881958832,27.5865126028256,0
                88.023025864381,27.586721349248,0
                88.0220696742696,27.5868231341814,0
                88.0219286281344,27.5869031864998,0
                88.0215033099915,27.5868431213,0
                88.0212020361803,27.5868453644766,0
                88.0207767790064,27.5868642295832,0
                88.020281091612,27.5869310893324,0
                88.0199448856678,27.5869178338584,0
                88.0187940336676,27.5869893679736,0
                88.0166327507074,27.5870368214608,0
                88.0163495996108,27.5870862489911,0
                88.0157120570939,27.587075174613,0
                88.0154291545227,27.5871561619096,0
                88.0151270091737,27.5870636015994,0
                88.0144184144941,27.5870372156797,0
                88.0141167041968,27.5869920261793,0
                88.0138153683401,27.5869942072779,0
                88.0134780395984,27.5869335187625,0
                88.0130527214146,27.5868734532663,0
                88.0128041918564,27.5868278893515,0
                88.0122901959711,27.586831629829,0
                88.0119530551266,27.5867235696821,0
                88.0113315764905,27.5866017557968,0
                88.0108167704246,27.5865107533049,0
                88.0104797544794,27.586418442275,0
                88.0094855133291,27.5862361267107,0
                88.0093255349363,27.5861899401221,0
                88.0090060174721,27.586065881947,0
                88.008552329453,27.5859496337842,0
                88.0084978276948,27.5862861654211,0
                88.0084796388374,27.5864419640411,0
                88.0084432622944,27.5866904413253,0
                88.0083782643622,27.586984164263,0
                88.0083414509384,27.587183021452,0
                88.0082766390768,27.5875015549055,0
                88.0081930169592,27.5878383363691,0
                88.0081374563013,27.5880620657248,0
                88.0080611494158,27.5882341115998,0
                88.0081031365413,27.5885361483524,0
                88.0078640348757,27.5888312432075,0
                88.0077812228211,27.589260390976,0
                88.0077554668159,27.5896306084269,0
                88.0076720944535,27.5899944497881,0
                88.0075681637197,27.5902614243154,0
                88.0074541733534,27.5904607795296,0
                88.0074094190001,27.5908988029186,0
                88.0073832890788,27.5912260866273,0
                88.007566881453,27.5915744969305,0
                88.0075031930996,27.5919449629764,0
                88.0075309242654,27.5925561603659,0
                88.0073941219011,27.5928978147611,0
                88.0071737056423,27.5931611001102,0
                88.0070857782049,27.5932362170055,0
                88.0070395932375,27.5933877031378,0
                88.007367534856,27.5940057175486,0
                88.0075326942054,27.5942752594025,0
                88.0075678070414,27.5945818587274,0
                88.0066744488924,27.5960931464346,0
                88.006013705026,27.5968085708448,0
                88.0050091910191,27.5975919820894,0
                88.0046125440506,27.5980415606916,0
                88.0042546381463,27.598646500672,0
                88.0028867139264,27.6002650196433,0
                88.0014406825857,27.6015749392546,0
                88.0010919103679,27.6017986000214,0
                87.9981471378289,27.603042558381,0
                87.9976246970341,27.6033757069365,0
                87.9974924609312,27.603525566426,0
                87.9973199194374,27.6035606842893,0
                87.9972882349725,27.6036218039199,0
                87.9963527240703,27.6039331332146,0
                87.9947219274484,27.6042990070551,0
                87.9940753783884,27.6046352767393,0
                87.9926541085275,27.6053471241091,0
                87.9920449790557,27.6061817269136,0
                87.9915203383626,27.607054077453,0
                87.9911714964391,27.6075484029862,0
                87.9906098094256,27.6079629805868,0
                87.9895776217981,27.6083719243892,0
                87.9894476356488,27.6084856622123,0
                87.9888811272281,27.6092815812802,0
                87.9885750292481,27.6098139660155,0
                87.9880997695282,27.6101896116655,0
                87.9854381823133,27.6100055128693,0
                87.985225005113,27.6107334451367,0
                87.9852024449211,27.6107584425482,0
                87.9840967468481,27.6119440674221,0
                87.9832258937848,27.6131188219238,0
                87.9824031696031,27.6138759272721,0
                87.9817156287099,27.6140973945316,0
                87.9805169104919,27.6140855595973,0
                87.9794892294442,27.6141514710024,0
                87.9781177178852,27.6142897445648,0
                87.9774304276732,27.6144728405658,0
                87.976897116717,27.6146705625412,0
                87.9768283125057,27.6146958714028,0
                87.9765881539709,27.6148126691512,0
                87.9764406086085,27.6148835979443,0
                87.9757906161586,27.6154883447915,0
                87.9754461568742,27.615637387327,0
                87.9742480635012,27.6156254901403,0
                87.9736008247383,27.6160383785311,0
                87.9729119700032,27.6163365264358,0
                87.9723981611452,27.6163694507175,0
                87.9713679774902,27.6165887238237,0
                87.9691335644567,27.6172518727889,0
                87.9669074160783,27.617267390291,0
                87.9663904141688,27.6175282324433,0
                87.9660008315048,27.6178693201583,0
                87.9655223792316,27.6184750694877,0
                87.9649498612094,27.6196928266602,0
                87.9646386913692,27.6206064280382,0
                87.9645643206461,27.6208596544758,0
                87.9632644801589,27.6212386583178,0
                87.9631312447048,27.6213591458546,0
                87.9621782221077,27.622223113375,0
                87.9617464589495,27.6225238912437,0
                87.9614856728444,27.6228257978055,0
                87.9613925458673,27.6233994957049,0
                87.961262121005,27.6235492920253,0
                87.9606156961838,27.6239259961635,0
                87.9601076968122,27.6240580998109,0
                87.9599686466279,27.624300513633,0
                87.9599215812737,27.6246437327228,0
                87.9595673550454,27.6255575832442,0
                87.9595211645625,27.6259234876871,0
                87.9594314208311,27.6261677768068,0
                87.9592912290293,27.6270824436391,0
                87.959031069378,27.6273098562772,0
                87.9589000185168,27.6275363964092,0
                87.9588448366428,27.6275976401288,0
                87.9581720495773,27.6275685048127,0
                87.9562725211416,27.6286148759529,0
                87.9557567106294,27.6287222313334,0
                87.955071111719,27.6287540277184,0
                87.9547260280563,27.6289030080592,0
                87.9546301025936,27.6289375659624,0
                87.9542450237287,27.6290799830604,0
                87.9541231641075,27.6291237891789,0
                87.9520615470312,27.6295214638883,0
                87.9510283617325,27.6298511655677,0
                87.9506829018063,27.6300385796823,0
                87.9502922562443,27.6304157266759,0
                87.9498164345635,27.6307552499072,0
                87.948780805336,27.6313149927491,0
                87.9483049219612,27.6316521418623,0
                87.9478250319822,27.6322578288481,0
                87.9469866592545,27.6340413443258,0
                87.9467824188725,27.6347354039059,0
                87.9464926197733,27.6357165005846,0
                87.9463984298253,27.6363263195176,0
                87.9459176001841,27.6370447471272,0
                87.9452201690821,27.6379158454734,0
                87.9447864040465,27.6382910533249,0
                87.9440456032737,27.6391985849485,0
                87.9435858996734,27.6397250920702,0
                87.9430878882388,27.6402947826211,0
                87.9425186902756,27.6412056288314,0
                87.9419539927195,27.6420442322861,0
                87.9419058729887,27.6421144750997,0
                87.9410360872277,27.6430589374065,0
                87.940518336108,27.643319654898,0
                87.9389697769028,27.6437587731107,0
                87.937327215681,27.6447715903917,0
                87.9366759097033,27.6454122086647,0
                87.9361958956241,27.6460178340485,0
                87.9350236445885,27.6471493366011,0
                87.9345907552513,27.6474861110419,0
                87.9341153113908,27.6477487663657,0
                87.933290775333,27.6485033721245,0
                87.9329886860592,27.6486520402406,0
                87.9325966010138,27.6491059302604,0
                87.9324642976878,27.649409151403,0
                87.9325354497871,27.6504780589348,0
                87.9324455161794,27.6507832174838,0
                87.9323918794042,27.6515461498183,0
                87.9322613926906,27.6516959463511,0
                87.932038532318,27.6523043264284,0
                87.931817490503,27.6526058580735,0
                87.9317329361388,27.6527214712517,0
                87.9316195082789,27.6529388250158,0
                87.931443711152,27.6532739799831,0
                87.9313365318876,27.6534799593449,0
                87.9312404010179,27.6542431406168,0
                87.93088079233,27.655459339492,0
                87.9305748836239,27.6559149190685,0
                87.9301843639535,27.6562536938264,0
                87.9296618546297,27.6568573182985,0
                87.9293163328418,27.6570446082091,0
                87.9282840853281,27.6572996904896,0
                87.9278932518277,27.6576768366561,0
                87.9263399985022,27.6584227414164,0
                87.925936483892,27.6586442768254,0
                87.9257692532694,27.6587220786631,0
                87.9256083391256,27.6586419580344,0
                87.9248883221103,27.6580624322671,0
                87.9243751406727,27.6579801165477,0
                87.9231771759755,27.6578121083548,0
                87.9226639944288,27.6577297932812,0
                87.9219817143037,27.6574929256864,0
                87.9214302342896,27.6570679517889,0
                87.9205866180401,27.656103394831,0
                87.9204165804857,27.6559872143997,0
                87.9195670168829,27.6554423709553,0
                87.9195420829414,27.6554199974343,0
                87.9194560978587,27.6552941943843,0
                87.9190877329594,27.6542610898577,0
                87.9190300591466,27.6540268595763,0
                87.9192905337806,27.6536685837049,0
                87.9193832215659,27.6531604421661,0
                87.9195047151848,27.652771540912,0
                87.9195433435432,27.6524621941572,0
                87.9197067059959,27.6520798557347,0
                87.9196620327862,27.6517348851758,0
                87.9197147855179,27.6513758553395,0
                87.9197934750154,27.6508699631783,0
                87.9199983316505,27.6505234354033,0
                87.9201477590211,27.6501389091184,0
                87.9201987022191,27.6496399539983,0
                87.9201270320107,27.6493201057287,0
                87.9202836437947,27.6490415708009,0
                87.9202747732004,27.648888208855,0
                87.9204533199185,27.6485779271214,0
                87.9206698066963,27.6479582980689,0
                87.9207929193272,27.6478356864789,0
                87.9208874779073,27.6474763449473,0
                87.9208683704495,27.6468605238154,0
                87.9209053160597,27.6463593810713,0
                87.9208628255925,27.6461995184918,0
                87.9210115029528,27.6457924327764,0
                87.9210779417098,27.6454084673725,0
                87.9210037146575,27.6448674505643,0
                87.9209332906397,27.6447077760961,0
                87.9208053160411,27.6443249948286,0
                87.9207047157386,27.643881281759,0
                87.9206881001137,27.6435609965242,0
                87.9207823453981,27.6432467759669,0
                87.9208230313154,27.6431111010753,0
                87.9209447738275,27.6427516352046,0
                87.9209137255037,27.6423705432987,0
                87.9208012448886,27.6421727457596,0
                87.9206992105418,27.641557485238,0
                87.9205575505037,27.641199701757,0
                87.9205776948301,27.6402813447736,0
                87.92058932595,27.6400105557594,0
                87.9205728352315,27.6397015826433,0
                87.9205409132841,27.6392212494504,0
                87.9204248189894,27.6385925522885,0
                87.9204375087829,27.638432254414,0
                87.9202959734363,27.6380992804054,0
                87.9202662344736,27.6378039304271,0
                87.9198426866898,27.6369110637176,0
                87.919841751643,27.6368004482033,0
                87.919644786192,27.6364205395979,0
                87.9192065574932,27.6353608120427,0
                87.919111139134,27.6350862088872,0
                87.9189665391572,27.6348344781976,0
                87.9188109449518,27.6344023256573,0
                87.9185434295924,27.6339168001993,0
                87.9185270632337,27.6336213890809,0
                87.918330285232,27.6332639157688,0
                87.9177960035724,27.6323063643121,0
                87.9176825879067,27.6319980147381,0
                87.9174036930513,27.6317404070224,0
                87.9168544166358,27.6306521161308,0
                87.9167834303023,27.6304923793223,0
                87.916517598363,27.6301241559907,0
                87.915845893942,27.6293140266743,0
                87.9157059780046,27.6291684118905,0
                87.9154684538791,27.6288609339679,0
                87.9147706850748,27.6282495364598,0
                87.9144346133988,27.6278253791209,0
                87.9141843998897,27.6276668256265,0
                87.9130719331098,27.6271552244067,0
                87.9125135803741,27.6266422587427,0
                87.9122482453753,27.6264093983779,0
                87.9119695378351,27.6261765383506,0
                87.9115790348464,27.6258203750906,0
                87.9112712695367,27.6255155831563,0
                87.9109650019865,27.6253077829161,0
                87.9107425959175,27.6252212863014,0
                87.9103812733932,27.625013797003,0
                87.9099907064012,27.6247343767381,0
                87.9093514209048,27.6244610133323,0
                87.9090454024724,27.6242893347653,0
                87.9086976392209,27.6241201547289,0
                87.9080976069924,27.6235442568137,0
                87.907694165087,27.6233122687422,0
                87.9074297024595,27.6231785883803,0
                87.9070126371762,27.622982784243,0
                87.9064561535986,27.6226908614186,0
                87.906206688337,27.6226180509952,0
                87.9055228431081,27.622466863538,0
                87.9052897530023,27.6223036856597,0
                87.9049415535884,27.6220825730161,0
                87.9035122499482,27.6216790181671,0
                87.903164922262,27.6215707708945,0
                87.9027893501935,27.621413027868,0
                87.9014294734806,27.6210631565931,0
                87.9010682110101,27.6209436602099,0
                87.900707137168,27.6207722931672,0
                87.9000682256004,27.6205418013262,0
                87.8992907072461,27.6203257423778,0
                87.8989012623978,27.6201680612158,0
                87.8985550586097,27.6201071224082,0
                87.8980824376063,27.6199251915678,0
                87.8977066183784,27.6196500829411,0
                87.8974025987524,27.6194874042062,0
                87.897052774615,27.6192978515971,0
                87.8967472522934,27.6192614736344,0
                87.8964009243687,27.6191915356477,0
                87.8958173177471,27.6189855423222,0
                87.89488750757,27.6187184851736,0
                87.8945961709881,27.6187091053217,0
                87.8942357830322,27.6186256675938,0
                87.8933903944755,27.6185431585351,0
                87.8929048348552,27.6184740931028,0
                87.8926685546267,27.6183875331979,0
                87.8923490990749,27.6182723494216,0
                87.8919612133652,27.6182274713214,0
                87.8913514820813,27.6181569033171,0
                87.8905892084075,27.618087332052,0
                87.8901592032563,27.6180043934854,0
                87.8898266848714,27.6179930123253,0
                87.8891740253284,27.6177873301843,0
                87.8888411318932,27.6177285791261,0
                87.8884258733225,27.6177425070269,0
                87.8881490352956,27.6177194416105,0
                87.887830575971,27.6177349962966,0
                87.8874005098184,27.6176384964757,0
                87.8866495538925,27.6172552655512,0
                87.8857489225527,27.6172226258735,0
                87.8853746587109,27.6172137448619,0
                87.8847372429122,27.6171681733705,0
                87.8845160201856,27.6172192270663,0
                87.8838922914681,27.6171374726544,0
                87.8834056732115,27.6168676115393,0
                87.8831552719922,27.6167473674038,0
                87.8827929501445,27.616501506854,0
                87.8824105657822,27.6163460128489,0
                87.8820543657772,27.616224141678,0
                87.8816960409789,27.6160775227492,0
                87.8812377908618,27.6159450876882,0
                87.8809722077219,27.6156692313266,0
                87.8806121311502,27.615610604498,0
                87.8800124082619,27.6151316354911,0
                87.879358315376,27.6147409692602,0
                87.8791501565626,27.6146813456547,0
                87.8786497907805,27.614425045453,0
                87.8784964378273,27.6143267391891,0
                87.8781090500134,27.6143427301892,0
                87.8776940402407,27.6143950298666,0
                87.8770148182899,27.614336146492,0
                87.8767638556014,27.6141527204651,0
                87.8765133930078,27.6139444834402,0
                87.8762214971657,27.6137861174036,0
                87.8756779537721,27.613358643983,0
                87.8753315619005,27.6133495751284,0
                87.8750798506524,27.6130736575978,0
                87.8745374918014,27.6127792346801,0
                87.8742855937211,27.6124852561835,0
                87.8741180587575,27.6122765205849,0
                87.8738663479165,27.611993790833,0
                87.8737083774717,27.6116338195651,0
                87.8734047362022,27.6113559628868,0
                87.8732914466532,27.611036301457,0
                87.8732482687376,27.6108628780236,0
                87.8731617286372,27.6104076041757,0
                87.8731044283909,27.6102117446496,0
                87.8729213996303,27.6098180884241,0
                87.8727248711938,27.6094538040939,0
                87.87254352269,27.609344434559,0
                87.8722917524594,27.608975962547,0
                87.8718588820358,27.6085229937008,0
                87.8716750414569,27.6080909656227,0
                87.8715066954707,27.607785176776,0
                87.8713932188226,27.6074407045303,0
                87.8711528904766,27.6068375651998,0
                87.8710659762678,27.6063372327776,0
                87.8710223627502,27.6061028766736,0
                87.8709498203549,27.6056611015638,0
                87.870857735582,27.6045020138341,0
                87.8708697405826,27.6042537864577,0
                87.8707141447874,27.603873441106,0
                87.8700845594867,27.6030448769338,0
                87.8699294630136,27.6027232149031,0
                87.8696926247136,27.6024787935636,0
                87.8693976743673,27.6020113913985,0
                87.8693525673582,27.6015063104368,0
                87.8693240106063,27.6014207543709,0
                87.869264343898,27.6009157354706,0
                87.8693296612459,27.60037159668,0
                87.8695188374949,27.5997972754635,0
                87.8695313407578,27.5996122293215,0
                87.8696107785004,27.5991672703802,0
                87.8693967011806,27.5983541494758,0
                87.8694499517032,27.5980447406666,0
                87.8695582555955,27.5978117000501,0
                87.8697638005605,27.5974629226018,0
                87.8698024279721,27.5971423263145,0
                87.8697166981409,27.5967909177249,0
                87.8695598564038,27.5962503994106,0
                87.8696276656458,27.5960153589492,0
                87.8696381130378,27.5955708360922,0
                87.8698258570936,27.5948183429522,0
                87.8698915459446,27.594398318418,0
                87.8697926275128,27.5941394646171,0
                87.869926936301,27.5935835779331,0
                87.8701177951237,27.5932237383077,0
                87.8702789145865,27.5926247942874,0
                87.8703462249039,27.5923288211396,0
                87.8704396616501,27.5918837371645,0
                87.8705312904185,27.5912289215174,0
                87.8708407774923,27.5900989017443,0
                87.8709616484335,27.5896175705952,0
                87.8710135270492,27.5892088574899,0
                87.8711200265825,27.5886667197165,0
                87.871117347502,27.5883328742804,0
                87.8710439953776,27.5877782957633,0
                87.8710658859299,27.5870201133908,0
                87.8710640170122,27.5867854462109,0
                87.8713238674006,27.5864251073253,0
                87.8718298207025,27.5856458109697,0
                87.8718685748817,27.5852620328732,0
                87.8719218230918,27.5850293039908,0
                87.871905460113,27.5846458374299,0
                87.8720212199077,27.5836028062104,0
                87.8720469111653,27.5833183314937,0
                87.8721552169487,27.5830108604951,0
                87.8723320781833,27.5826397091799,0
                87.8725076950599,27.5820339525671,0
                87.8726863628327,27.5818952181869,0
                87.8728908460716,27.5814991319752,0
                87.8731656927913,27.5811905394203,0
                87.8732318173435,27.5808313846515,0
                87.8732559506986,27.5803619888606,0
                87.8732540826084,27.5801228224448,0
                87.8731264207845,27.579753602654,0
                87.8730282497224,27.5795804906524,0
                87.8729973885513,27.5791993986264,0
                87.8729673360878,27.578926609057,0
                87.8728830392811,27.5787556853904,0
                87.8729090409497,27.5785208934592,0
                87.8727539447741,27.5781879193687,0
                87.8727514521268,27.5778811341117,0
                87.8726790354111,27.5774484201818,0
                87.8726874258391,27.5767511692997,0
                87.8727395530967,27.5763808279548,0
                87.8727791171128,27.5760986031099,0
                87.8727771867133,27.5758504375362,0
                87.872830933341,27.575689889807,0
                87.8728682542647,27.5751233781135,0
                87.8729628119382,27.5748384674159,0
                87.8729601957016,27.5745046211929,0
                87.8729712030086,27.5741345295028,0
                87.8730789480058,27.5737525643484,0
                87.873061337304,27.5732901675681,0
                87.8729346099103,27.573031437844,0
                87.8729180578895,27.5726977166197,0
                87.8726218012775,27.5719730864273,0
                87.8726332446331,27.5716639262263,0
                87.8727003041891,27.5714175747679,0
                87.8727942387732,27.5710469836669,0
                87.8730647247864,27.5701991883496,0
                87.8730756693727,27.5698178469714,0
                87.8730999254519,27.569447692606,0
                87.872986636012,27.5691257804639,0
                87.8728311045724,27.5686710055461,0
                87.872591460814,27.5681422968667,0
                87.8726038393742,27.5679436890246,0
                87.8723653800149,27.5675639058857,0
                87.8721396101296,27.5670283227064,0
                87.8719712648807,27.5667090349358,0
                87.8718440386429,27.5663894356019,0
                87.8716208856422,27.5661810127159,0
                87.8713555514642,27.5659232169722,0
                87.8713132481181,27.565774604492,0
                87.870964426274,27.5654315648286,0
                87.8708100773517,27.5652114561652,0
                87.870517932607,27.5650034690602,0
                87.8699340803043,27.5646483640721,0
                87.8697389209369,27.5645390572707,0
                87.8695716973436,27.5643551324404,0
                87.8691136975965,27.5642225729021,0
                87.8680315952442,27.5639270148858,0
                87.8678089399482,27.5637795240304,0
                87.8673388756669,27.5638072624628,0
                87.8668672517401,27.5637131988465,0
                87.8662150296127,27.5635074542142,0
                87.8659929348964,27.5634343934189,0
                87.8654933179981,27.5632389633351,0
                87.8650491287806,27.5630950931314,0
                87.8644942051081,27.5629495948474,0
                87.8641145644212,27.5630377050349,0
                87.863788359532,27.5629292081228,0
                87.8635248949163,27.5629060795528,0
                87.8629999594686,27.5630333709729,0
                87.8625586364131,27.563252655225,0
                87.8622839169334,27.5634890672738,0
                87.8619798924343,27.5635383071472,0
                87.8609704580507,27.5637047729241,0
                87.8606529958463,27.5638195068902,0
                87.860374288535,27.5635482746574,0
                87.8598176199833,27.5631817341944,0
                87.8592342020932,27.5629506799424,0
                87.8588876229081,27.5629054272347,0
                87.858541607824,27.5628443636876,0
                87.8579590611333,27.562726174705,0
                87.8572089170987,27.5623788161438,0
                87.85694645049,27.562405246293,0
                87.8566123753638,27.5621726973517,0
                87.8563761580697,27.5620748888739,0
                87.8560012100843,27.5619530799072,0
                87.8556416314573,27.5619440734311,0
                87.8551701324851,27.56186125977,0
                87.8548387356379,27.5619738060237,0
                87.8544641634029,27.5618271862313,0
                87.8539933492036,27.5618300522171,0
                87.8531063427081,27.5617136701154,0
                87.8527195165818,27.5617769689197,0
                87.8524956158328,27.5614692416788,0
                87.8519943162898,27.5610527061674,0
                87.8519733194624,27.5610235212088,0
                87.8516584963969,27.5605809286449,0
                87.8514085929037,27.5605193043225,0
                87.8511016411439,27.560189576746,0
                87.8502801387801,27.5595289941687,0
                87.8500705474194,27.5592708249999,0
                87.8498470208007,27.5590127185286,0
                87.8496239291844,27.5588042945786,0
                87.8488871590813,27.5584635605964,0
                87.8483855481583,27.5580041529348,0
                87.8481770157049,27.5578813473892,0
                87.8478700011867,27.5575379963158,0
                87.8469221458665,27.5566548681149,0
                87.8466438106432,27.5565098759389,0
                87.8464620906749,27.5562515196684,0
                87.8460026585379,27.5559204144864,0
                87.8452113331699,27.555555244172,0
                87.8449603706001,27.5553469447561,0
                87.8446272300951,27.5552271362603,0
                87.8433630964077,27.5546121030781,0
                87.8430986352005,27.5544534868269,0
                87.8427103757026,27.5543318027176,0
                87.8422666865441,27.5542351776813,0
                87.84176750496,27.5540893061117,0
                87.8414331798945,27.5538205731649,0
                87.8411007243214,27.5537865068495,0
                87.8408627631624,27.5534540316508,0
                87.840403705168,27.5531724842885,0
                87.8396514434971,27.5525363381884,0
                87.8394845314235,27.5523884109591,0
                87.8391785755483,27.5521827352955,0
                87.8381077297429,27.551589016652,0
                87.8376930949386,27.5516546900031,0
                87.8374162571448,27.5516180007725,0
                87.8366253651443,27.5513881307282,0
                87.8360021354689,27.5513196868056,0
                87.8357671020905,27.5513684907104,0
                87.8353382201734,27.5513959176765,0
                87.8347577332805,27.5513768449035,0
                87.834200254172,27.5509604959098,0
                87.8338669260513,27.5508136275244,0
                87.8336017808468,27.5504812766176,0
                87.8334480548037,27.5503220371533,0
                87.8323261405522,27.5502497723409,0
                87.8320917324619,27.5503008250059,0
                87.8317304702396,27.5501405197089,0
                87.8307329153132,27.5500359472345,0
                87.830095875033,27.5499788148846,0
                87.8298597200418,27.5498810068852,0
                87.8290403992636,27.5494797758176,0
                87.8286648921424,27.5491977310547,0
                87.8283457490092,27.5490890462129,0
                87.828052918437,27.5488561866903,0
                87.8276912850708,27.5485627677003,0
                87.826787975583,27.5481056029862,0
                87.8264408996749,27.5479700450253,0
                87.8261499384775,27.5479108575966,0
                87.8254848395199,27.5478291020858,0
                87.8248606135104,27.5476229829972,0
                87.8245412839563,27.5474894882715,0
                87.8244563640546,27.5472056987504,0
                87.8242053392919,27.5469860881632,0
                87.823855709456,27.5465188726343,0
                87.8236729308679,27.5461003435757,0
                87.8235183948432,27.5458418002959,0
                87.8232124395502,27.5456337501177,0
                87.822573468397,27.5453058912036,0
                87.8219624917143,27.545011718349,0
                87.8216146055924,27.5447791064498,0
                87.8213500823247,27.5446024294903,0
                87.8201417551416,27.5439688363364,0
                87.819890979794,27.5437717242007,0
                87.8197231958331,27.5435019946868,0
                87.8193313840376,27.5429740958295,0
                87.818734656104,27.5427181693085,0
                87.8184852512794,27.5427082896611,0
                87.8180831809213,27.5425866054558,0
                87.8174852675656,27.5422562480337,0
                87.8169707181912,27.5419027691584,0
                87.8167078782194,27.5418659548724,0
                87.8164842886898,27.5415852251019,0
                87.816205393779,27.5413522395485,0
                87.8158035729777,27.5412621145309,0
                87.8152905180706,27.5411048685419,0
                87.815041923725,27.5412034177255,0
                87.8146805997462,27.541034050718,0
                87.814167545282,27.5408768670452,0
                87.8138477169947,27.5406689414521,0
                87.8137072436998,27.5403245311269,0
                87.8135943906564,27.540040929164,0
                87.8134814748127,27.5397460156479,0
                87.8132860661905,27.5395869634272,0
                87.8123141411428,27.5391594816492,0
                87.8119672533333,27.5389651793376,0
                87.8117984079646,27.5386458294746,0
                87.8110307793259,27.5377681415355,0
                87.8108913029968,27.5375455956292,0
                87.8104884208258,27.5374125368786,0
                87.8099471840035,27.5372058567764,0
                87.8097114682432,27.5370718644547,0
                87.8092668438585,27.5368398135705,0
                87.8090984352688,27.5365700836337,0
                87.8088889685689,27.5363118529805,0
                87.8084155409475,27.5358588208453,0
                87.8076520859339,27.5355541448127,0
                87.8072764527539,27.5353217204856,0
                87.8062464828172,27.5344703381448,0
                87.8059534642197,27.5342012931526,0
                87.8057861164945,27.5339924334776,0
                87.8049351874515,27.5330474997387,0
                87.8047409655791,27.5329628783803,0
                87.8043793920054,27.5327551397005,0
                87.8034227112623,27.5324877070583,0
                87.8029927077737,27.5323548355228,0
                87.8026730040389,27.532160346441,0
                87.8025907067244,27.5319804224769,0
                87.80253221739,27.5318521201497,0
                87.802334444822,27.5312801671554,0
                87.8022908308344,27.5310209382626,0
                87.8023577069261,27.5306505349287,0
                87.8024502089907,27.5300566508405,0
                87.8024747168709,27.5296007544616,0
                87.8026363966428,27.52903349459,0
                87.8028008822672,27.5287730832795,0
                87.8030021887552,27.5279146619019,0
                87.8030550641539,27.527618689419,0
                87.8030931339368,27.5271108590494,0
                87.8030890234478,27.5265445341797,0
                87.8029626111844,27.5262068733715,0
                87.8029193688235,27.5260898199504,0
                87.8027383342996,27.5259058330906,0
                87.8026777342543,27.5252270789748,0
                87.8025941841991,27.5251418347412,0
                87.8026073107081,27.5250289072229,0
                87.8023977819733,27.5247481155956,0
                87.801785747675,27.5242891438827,0
                87.8014243625191,27.5240926542258,0
                87.801103786818,27.5237741134663,0
                87.8007988909751,27.5236901771591,0
                87.800684792349,27.523221528261,0
                87.8005027617429,27.522902178336,0
                87.7999729067536,27.5223366545568,0
                87.7997641231795,27.5222385965989,0
                87.7995957786625,27.5218830623238,0
                87.7988409651526,27.5208315146783,0
                87.7986874265062,27.5206857747445,0
                87.7985190200666,27.5203166790575,0
                87.7982366392034,27.5195038697587,0
                87.7979422513583,27.5190362169099,0
                87.7977595354021,27.5186176249734,0
                87.7972811233751,27.5175418975455,0
                87.7972747489323,27.51753296063,0
                87.7971834518155,27.5174184064951,0
                87.7971390934528,27.5169628830406,0
                87.7970810457735,27.5166428477662,0
                87.7970371866063,27.5162596304672,0
                87.7969210945689,27.5155201926623,0
                87.796778937671,27.5150156091109,0
                87.7968854378904,27.5144283505839,0
                87.7968698826687,27.5142073694515,0
                87.7969221980034,27.5138235294162,0
                87.7969621365822,27.5135773636533,0
                87.7969050877152,27.5132933877044,0
                87.7968869795424,27.512713688027,0
                87.7968698674221,27.5122692887669,0
                87.796880813544,27.5118631372019,0
                87.7966966632418,27.5113204311216,0
                87.7965820555592,27.5112240623129,0
                87.7965069414505,27.5111594415727,0
                87.7964465129003,27.5111075075446,0
                87.7961949289874,27.5107885935003,0
                87.7956516990149,27.5102840646719,0
                87.7953999905107,27.5099402775968,0
                87.7952176479244,27.5095713057228,0
                87.7951049192482,27.5092876417732,0
                87.7951154915872,27.5088204950584,0
                87.7952293587998,27.5085405837504,0
                87.7952920424647,27.5083863485079,0
                87.7953031125064,27.5079914460664,0
                87.7951480183447,27.5075433573883,0
                87.7949104323049,27.5072243803354,0
                87.794881938295,27.5071365126994,0
                87.7947009037266,27.5069412768613,0
                87.794449569278,27.5066471722453,0
                87.7937654903269,27.5058231059996,0
                87.7936705682977,27.505717988522,0
                87.7934447907943,27.5054683811607,0
                87.7931660846992,27.5051495910936,0
                87.7929723047289,27.5048349898116,0
                87.7928018960932,27.5045582610574,0
                87.792426515469,27.5042580926227,0
                87.7914957733036,27.5037828038105,0
                87.7911355103281,27.5036494959854,0
                87.7909417289746,27.5034253871416,0
                87.7909122957501,27.5033912640967,0
                87.7908956108177,27.5033813272279,0
                87.7903145075206,27.5030359711034,0
                87.7900359878722,27.5027419918401,0
                87.7897590259046,27.5026691183169,0
                87.789561936009,27.5022640243147,0
                87.7892414863019,27.5019455467011,0
                87.788809366189,27.5014899524875,0
                87.7885181560176,27.5013697703007,0
                87.7882663855685,27.5010124846285,0
                87.7878491352384,27.5006944411879,0
                87.7878069589175,27.5004355881512,0
                87.7877764052787,27.5002481663162,0
                87.7877697817895,27.5002097952547,0
                87.7868030595927,27.4991164969473,0
                87.7864157433351,27.4987754573506,0
                87.7860977911355,27.4984955374872,0
                87.7856191763407,27.4980740655532,0
                87.7846957059033,27.4966556092419,0
                87.7844837384935,27.496469559268,0
                87.7835145631151,27.4959967069876,0
                87.7818107522219,27.4947744060347,0
                87.7804381939287,27.4942406143948,0
                87.774598865572,27.4927096354288,0
                87.7730923185688,27.4924518169076,0
                87.7710000502522,27.4915541677048,0
                87.7704983680151,27.4914463549417,0
                87.7699966170473,27.4916003321092,0
                87.7689079844884,27.4925900364134,0
                87.7672918627833,27.4933954345871,0
                87.766426098201,27.4935129699832,0
                87.766726470596,27.4945920691183,0
                87.7672644992168,27.4956517371169,0
                87.7674360862777,27.4963186819711,0
                87.7671583464538,27.4974032066565,0
                87.7670329435548,27.4992089207727,0
                87.7671369050252,27.5002416443463,0
                87.7667918794421,27.500568422189,0
                87.7665564045756,27.5008133955568,0
                87.7663880426227,27.5011662989969,0
                87.7663694746921,27.5015003318625,0
                87.7662771629932,27.5019588528163,0
                87.7654073166146,27.5028638195838,0
                87.764778995527,27.5040337668668,0
                87.7646147594553,27.5043414867655,0
                87.7645171897162,27.5051429774727,0
                87.7645159998624,27.5052377816571,0
                87.7645108672723,27.5056010626419,0
                87.7644580453825,27.5062872508833,0
                87.7642796817889,27.5067417083061,0
                87.7637131149478,27.5074216998892,0
                87.7634458199408,27.5081067593921,0
                87.7633965033158,27.5085627815256,0
                87.7630864014207,27.5092842118822,0
                87.7629719073918,27.5096458654845,0
                87.7630263869667,27.5102050677494,0
                87.7630297603576,27.5102366905282,0
                87.7631924751008,27.5108110807038,0
                87.7632076582875,27.5109035105613,0
                87.7633227527823,27.511539143846,0
                87.7630459338057,27.5133207948819,0
                87.7630766165351,27.5133589800992,0
                87.7642639372711,27.5143519779755,0
                87.7646047576656,27.514785571568,0
                87.7647166119725,27.5150398638666,0
                87.7646960507555,27.5150919219924,0
                87.764792221749,27.5152718452389,0
                87.7648736806891,27.5165281121047,0
                87.7645935622651,27.5177434999469,0
                87.7645094415824,27.5180169746882,0
                87.7643256389404,27.5186113558941,0
                87.764428398986,27.5202104679171,0
                87.7642223519652,27.5206966715561,0
                87.7634379713524,27.5225443075653,0
                87.763409348285,27.522612113485,0
                87.7633903489898,27.5227092291825,0
                87.7604952351501,27.5249159180491,0
                87.7599022410299,27.5252553140075,0
                87.7590196665887,27.52535497538,0
                87.758299995325,27.525954471574,0
                87.7579640325888,27.5262338158092,0
                87.7574656548476,27.5264463502223,0
                87.7559676373577,27.5274923542367,0
                87.754905331472,27.5277711226518,0
                87.7528612617645,27.5287365605311,0
                87.7507875197087,27.5292419138138,0
                87.750726527999,27.5292038541603,0
                87.7505944171033,27.5293196538645,0
                87.7502326518377,27.5293328955599,0
                87.7497315253413,27.5295273689805,0
                87.7492073377347,27.5297625879704,0
                87.7484267355232,27.5304391382819,0
                87.7480197170809,27.5307932873725,0
                87.7473383947406,27.5322995799386,0
                87.7467552129969,27.5326186028782,0
                87.7462960130626,27.5330181837189,0
                87.7460976580356,27.5332538470259,0
                87.7458073142388,27.5335441910352,0
                87.7452099426209,27.5339986400855,0
                87.7449030414762,27.5341785560179,0
                87.7446426318615,27.5344145924551,0
                87.7440135196665,27.5346774319193,0
                87.7437064931467,27.534843787047,0
                87.7433845924702,27.5350530750015,0
                87.7427708534204,27.5353428500327,0
                87.7424483924148,27.5354687079482,0
                87.7421266781053,27.535718616876,0
                87.7418803954301,27.5357876060032,0
                87.7416355480408,27.535980646838,0
                87.7413602647397,27.5362574297436,0
                87.7410844208041,27.5364506578473,0
                87.7407478301718,27.5368382425515,0
                87.7405353485052,27.5372364537508,0
                87.7401215209558,27.5375139215575,0
                87.7390454030518,27.5378355597916,0
                87.7378439090417,27.5388955691008,0
                87.7375916860479,27.5391180443419,0
                87.7372541614547,27.5393680157274,0
                87.7369181345914,27.5397397890891,0
                87.7367192809197,27.539905520642,0
                87.736137593892,27.540456898966,0
                87.735799757807,27.5406526877454,0
                87.7352476343868,27.5409850226913,0
                87.7348178114154,27.5411519997685,0
                87.734403048852,27.5413054160147,0
                87.7340192827391,27.5414427092178,0
                87.7333588613541,27.5417621061238,0
                87.7330998861695,27.5421199446701,0
                87.7328853478995,27.542301612073,0
                87.7323802150424,27.5427554998548,0
                87.7321198672264,27.5430050355765,0
                87.7318746458983,27.5431439563822,0
                87.7314460687145,27.5435027292503,0
                87.7312314046521,27.5436685228899,0
                87.7310482353951,27.5439154350994,0
                87.7308020773628,27.5440137342774,0
                87.7302202053954,27.5444409982012,0
                87.7285617793627,27.5451378431218,0
                87.727000635536,27.5465854355404,0
                87.7263399021826,27.5468506495976,0
                87.7259402031638,27.5468933886393,0
                87.72554100068,27.5471029877627,0
                87.7253408369527,27.5471717278877,0
                87.7247117872283,27.5474502537784,0
                87.7244508803697,27.5476162965264,0
                87.7239754354994,27.5478782640265,0
                87.7233784995641,27.5484318917008,0
                87.7230254166028,27.5486254933581,0
                87.7226432689982,27.5490245760839,0
                87.7219523513499,27.5493440342391,0
                87.721584518297,27.5496076291584,0
                87.7213081756997,27.5497309256119,0
                87.7210793845017,27.5500750782456,0
                87.7208973985187,27.5505024124642,0
                87.7206529214895,27.5508466272579,0
                87.7204855599482,27.5512040301928,0
                87.7200876663333,27.5515219328154,0
                87.7195959136888,27.5517027197354,0
                87.7191346586138,27.5518156385607,0
                87.7187187133319,27.5517907573047,0
                87.7178118245216,27.5520842146175,0
                87.7172890151339,27.5521681342056,0
                87.7170116771571,27.5521425062444,0
                87.7167656464318,27.5521708741471,0
                87.7165509205472,27.5523366682326,0
                87.7166155246012,27.5528304388866,0
                87.7166800068638,27.5532136559286,0
                87.7165128325505,27.5535868080457,0
                87.7162712216812,27.5542874913941,0
                87.7159966230627,27.5546995130405,0
                87.7157835774017,27.5551134719997,0
                87.715264628449,27.555802027156,0
                87.7149736591206,27.5561194305847,0
                87.7147441830994,27.5563552187157,0
                87.7138557814333,27.5570592643719,0
                87.71351800833,27.5572798015673,0
                87.7131660469453,27.5575704560612,0
                87.7124751912468,27.5578898526928,0
                87.7121213604494,27.5579863998653,0
                87.711722343579,27.5582366204647,0
                87.7117548959591,27.5584734123854,0
                87.7118846870678,27.5586802716796,0
                87.7117845017414,27.5591410425087,0
                87.7119685911394,27.5596206909806,0
                87.7136263431638,27.5609229838425,0
                87.7156025210309,27.5636000367723,0
                87.7158372312751,27.5639665722523,0
                87.7162529762921,27.5645397794468,0
                87.7167809867151,27.5664186873998,0
                87.7200723966289,27.5730417323707,0
                87.7212927675259,27.5743913249505,0
                87.721654280565,27.574504571793,0
                87.7222740699519,27.574706628889,0
                87.7226368921269,27.5749123051357,0
                87.7233585476905,27.5749311299101,0
                87.7236694398729,27.5751370551515,0
                87.7249459105087,27.5772196470551,0
                87.7262894123531,27.5776503225683,0
                87.7275076044881,27.578654758294,0
                87.7278705492734,27.5789732376901,0
                87.7282338076325,27.579246595015,0
                87.7295279942006,27.5800677979734,0
                87.7314672820806,27.5809758813245,0
                87.7319588995957,27.5812259931281,0
                87.7326313662486,27.581545040924,0
                87.7330699319763,27.5816329788108,0
                87.7364905685298,27.5833972651189,0
                87.7356134784753,27.5841013115208,0
                87.7356676477778,27.5845387744756,0
                87.7357236880056,27.5851566586344,0
                87.7356225061387,27.5854573179225,0
                87.7355235047001,27.5860782611034,0
                87.7354236922623,27.5865841530875,0
                87.7352716413954,27.586952742294,0
                87.7351709579035,27.5873210203712,0
                87.7346600678725,27.5880818191075,0
                87.7345078925268,27.5884255987116,0
                87.7343549664639,27.5887490047686,0
                87.7341772925193,27.589162840321,0
                87.7342088930138,27.5900132657962,0
                87.7341851998095,27.5903562981143,0
                87.7341385641172,27.5910469866217,0
                87.7339865100293,27.591508005507,0
                87.733938877695,27.5920587686595,0
                87.7338897516097,27.5923794276743,0
                87.7336853956296,27.5926805842538,0
                87.7335340894525,27.5932544689984,0
                87.7334330326638,27.5935776261516,0
                87.7333591541788,27.5940833924175,0
                87.733232787977,27.5944044240405,0
                87.7331830367891,27.5947273326079,0
                87.7331325408361,27.5948426963967,0
                87.7330069188728,27.5953713348992,0
                87.7329589757838,27.5958769147268,0
                87.7326786876927,27.5963838028868,0
                87.7324744560381,27.59670752018,0
                87.7322708478774,27.5971214803009,0
                87.7320162444861,27.5975830594272,0
                87.7319671778634,27.5980187708334,0
                87.7318696694589,27.5988698813905,0
                87.7318731567861,27.5993978352403,0
                87.7318260224335,27.6000184672996,0
                87.7319322478978,27.6004759289449,0
                87.7320387842859,27.6009807614551,0
                87.7321431408651,27.6011652473129,0
                87.7321444487674,27.6013479194679,0
                87.7320178937848,27.6017389453691,0
                87.7318142226882,27.6021552165613,0
                87.7317641619216,27.6023381999571,0
                87.7315388534577,27.6033975405506,0
                87.7325012893362,27.6085501061932,0
                87.7325872052663,27.6089918822974,0
                87.7327126816427,27.6092844837376,0
                87.7327138026681,27.6094695296449,0
                87.7325923111498,27.6097634392678,0
                87.7328440130239,27.6103870769422,0
                87.7330524166384,27.6106793055414,0
                87.7330545955001,27.6110110265438,0
                87.7336094528135,27.6113193850497,0
                87.7339528400384,27.6115386851654,0
                87.7342954806339,27.6116473692426,0
                87.7347315451794,27.6118098009577,0
                87.735542490779,27.6122499659219,0
                87.735849636001,27.6123588995875,0
                87.7398979782372,27.6176800102383,0
                87.7402731716475,27.6180096768184,0
                87.7406474302317,27.6182017913907,0
                87.7413976298136,27.6188339380866,0
                87.7417098347546,27.6190263026382,0
                87.7421468949856,27.6193285347857,0
                87.7426460100024,27.6196303925431,0
                87.7431451876383,27.619932375498,0
                87.7435198210486,27.6201785486213,0
                87.744392073534,27.6205055367533,0
                87.7447343406586,27.6205601014113,0
                87.7451412153618,27.6209730727994,0
                87.7456734436198,27.6215793427506,0
                87.7461111267056,27.6219650674284,0
                87.7465483739439,27.6222943588524,0
                87.7469222598936,27.6224299796884,0
                87.7473206474585,27.6223443696846,0
                87.7478608005536,27.6208546354091,0
                87.7484031860856,27.6200733394606,0
                87.7490688138718,27.6189619501458,0
                87.7497370577,27.6182454007213,0
                87.7504797271981,27.6175757867109,0
                87.7514487981712,27.6171486552673,0
                87.7524207991689,27.6170531197675,0
                87.7529691651553,27.617050130356,0
                87.7550046530816,27.6169172445495,0
                87.7557639913754,27.6169290081132,0
                87.7575644546825,27.6165017054729,0
                87.7580826961181,27.6166297661846,0
                87.7581836817961,27.6166743272562,0
                87.7588671481018,27.6169841876367,0
                87.7596906619052,27.6171263165927,0
                87.7609785542836,27.6172050215934,0
                87.7627164516471,27.6172541138029,0
                87.7635046024252,27.617125640085,0
                87.7641394024021,27.6168154293557,0
                87.7659642918289,27.6167105370686,0
                87.7667692468269,27.6168279165021,0
                87.7679400831387,27.6172817117806,0
                87.7684528805559,27.6177143093022,0
                87.7689120085356,27.6177208178839,0
                87.7704346936826,27.6173310688947,0
                87.770994126971,27.6171000993521,0
                87.7718921472086,27.6165739133959,0
                87.7734252907931,27.6153289892891,0
                87.7741574558717,27.6149075407576,0
                87.7758713596927,27.6147873964162,0
                87.7773369330894,27.6142083511751,0
                87.7777371307404,27.614212920611,0
                87.7785923863459,27.6145397841366,0
                87.7793787264613,27.6143458156196,0
                87.7799999702027,27.6138121246251,0
                87.7808400602538,27.613351681318,0
                87.7811082889903,27.6127703002847,0
                87.7813265483162,27.6112326268782,0
                87.7820581612249,27.6103824657199,0
                87.782609160084,27.6100476931438,0
                87.7827527969688,27.6087901814331,0
                87.7829857173481,27.6082382961304,0
                87.7838205670018,27.6073988864032,0
                87.7843506457266,27.6064347314378,0
                87.7853235347794,27.6057771825703,0
                87.7857351839534,27.6051679940291,0
                87.7860612644206,27.6052586176237,0
                87.7867019265211,27.6054196781671,0
                87.7875971762362,27.605773289668,0
                87.7878565831543,27.6056613042183,0
                87.7883768997358,27.6052860973029,0
                87.7890219429787,27.6051786816422,0
                87.7899305251487,27.6046522455618,0
                87.7901889926473,27.6045786319923,0
                87.7905752565263,27.6044974584829,0
                87.7907055528166,27.6044696512651,0
                87.7913529131025,27.6041726895419,0
                87.7915023963235,27.6040860751997,0
                87.7917426183097,27.6039471544423,0
                87.7924378544972,27.6033429710567,0
                87.7930077373508,27.6025455518737,0
                87.7935053061564,27.6021952795419,0
                87.793614356293,27.6021314750882,0
                87.7940558028631,27.6019732474658,0
                87.7941316057927,27.6019457517356,0
                87.7952897049847,27.6019593972863,0
                87.7964505589643,27.6017429392103,0
                87.7969864274893,27.6016925162953,0
                87.7971805902472,27.6016755838364,0
                87.797826759327,27.6015297347106,0
                87.7985985332594,27.6015388107163,0
                87.7994958494803,27.6017412477472,0
                87.8001890073606,27.6018071932612,0
                87.8003955427842,27.601826320968,0
                87.8007804276986,27.6019075706296,0
                87.8009089741388,27.6019090734555,0
                87.8013742233998,27.6019785764956,0
                87.8016005056387,27.6020178897184,0
                87.8017310038976,27.6014215069581,0
                87.8018242530026,27.6009246148637,0
                87.8018691331517,27.6004775299653,0
                87.8020992904249,27.6005191555917,0
                87.8025191075427,27.6006182802813,0
                87.8028996806283,27.6007085922729,0
                87.8034144266164,27.6007146016129,0
                87.8041028402369,27.6005685023026,0
                87.8043876200224,27.6003750878008,0
                87.8049180468015,27.6005389587609,0
                87.8057733693601,27.6007032102719,0
                87.8061145087423,27.6008591414522,0
                87.8071336095975,27.6015210406093,0
                87.8074746864924,27.6016769707039,0
                87.8075904824271,27.6017440291607,0
                87.8079421190797,27.6019517681219,0
                87.8083222471778,27.6023376167234,0
                87.8083881740206,27.6024274846853,0
                87.808658691868,27.6028004572143,0
                87.8094234548844,27.6033058657987,0
                87.8109564254559,27.6040121460409,0
                87.8114681670102,27.604207700847,0
                87.8119812219125,27.6043265127446,0
                87.8120085303692,27.6043353882609,0
                87.8128071073138,27.6046195036665,0
                87.8130902555832,27.6047193750548,0
                87.8139431996605,27.604994117796,0
                87.814026562918,27.6050455524398,0
                87.8141982876337,27.6051504833402,0
                87.8154818663865,27.6053528658048,0
                87.8161317759525,27.6055543609972,0
                87.8162497598118,27.60558973488,0
                87.8166316413302,27.6058604685823,0
                87.8171464489582,27.6058642282912,0
                87.8174879638597,27.6059840368716,0
                87.8179943857521,27.6064841901946,0
                87.8186877830748,27.6070057832197,0
                87.8187157786423,27.6070259063515,0
                87.8187595206677,27.607122711886,0
                87.8189230531341,27.6074849954045,0
                87.8190873326093,27.6079465208798,0
                87.8193420447575,27.6081390083821,0
                87.8196900505143,27.6086175363748,0
                87.8199329532596,27.6087559038719,0
                87.8207865850368,27.6090307087547,0
                87.8214736851681,27.608961227755,0
                87.8223303839513,27.609046362523,0
                87.8227853834545,27.609185858965,0
                87.8228425002385,27.6092035454493,0
                87.8231396443679,27.6093957848631,0
                87.8232504429353,27.6093929119053,0
                87.8242095679019,27.6093736820121,0
                87.8247154393615,27.6093729420001,0
                87.8249375297983,27.6096039891324,0
                87.825486382311,27.6101828239036,0
                87.8257845270268,27.610338940757,0
                87.8261264182836,27.6104181275151,0
                87.8278411316913,27.6104350343358,0
                87.8281817081947,27.6105909028818,0
                87.8293679678551,27.6115562159065,0
                87.8306423441762,27.6123698568597,0
                87.8313870429541,27.6130489994278,0
                87.833447103854,27.6149295620006,0
                87.835146661856,27.616266289768,0
                87.8358661041215,27.6173674573161,0
                87.8381959929331,27.6197291077617,0
                87.8391833348794,27.620914397798,0
                87.8397267312708,27.6222557908941,0
                87.8398226975837,27.6231260916385,0
                87.839390836545,27.6248726794758,0
                87.8386875273913,27.6259057630312,0
                87.8381585833595,27.6264617039302,0
                87.8385198920304,27.6272536419876,0
                87.838879395616,27.6277275443878,0
                87.8389741763105,27.6285188523483,0
                87.8390706408578,27.6294682077629,0
                87.8391719615496,27.631128064488,0
                87.8393565420677,27.6320023042805,0
                87.8394506370739,27.6327124310231,0
                87.8388353833273,27.6335870298069,0
                87.8382183207082,27.6343037048496,0
                87.837603561544,27.6354151582718,0
                87.8371651009249,27.6361330240465,0
                87.8361850301352,27.6365901523724,0
                87.8345495815738,27.6380687405575,0
                87.8329125139274,27.6393352856216,0
                87.831746757944,27.6407027678902,0
                87.8309321479749,27.6418605258256,0
                87.8307058369433,27.6430124828792,0
                87.8310007350463,27.6430626091817,0
                87.8318843632558,27.6433190409501,0
                87.8330035236096,27.6435740402721,0
                87.8350686710467,27.6444528157951,0
                87.8360155888714,27.6452863860323,0
                87.8370858492106,27.6468502069908,0
                87.8372646916496,27.6472146159563,0
                87.8386307216698,27.6489345543223,0
                87.8395804432668,27.6501335928828,0
                87.8398231980682,27.6512263142525,0
                87.8407932043928,27.6559809159097,0
                87.840808839913,27.6580248619836,0
                87.8400592627419,27.6600734793012,0
                87.8417196005293,27.6604041078888,0
                87.8456887814451,27.6625345608252,0
                87.8480021718614,27.6649051477445,0
                87.850947373936,27.6664776919594,0
                87.8513460535767,27.6672400702915,0
                87.8519813824434,27.6682874903114,0
                87.8528871608212,27.6699830471574,0
                87.8536665141786,27.6717966528566,0
                87.8549499442776,27.6729235788676,0
                87.8570108625529,27.6755212036327,0
                87.858572929939,27.6771855883384,0
                87.8586367955125,27.6772551451239,0
                87.8613706570411,27.6785602715475,0
                87.864816884732,27.6789945502815,0
                87.8674975266551,27.6793184491719,0
                87.8713351791131,27.6807675840382,0
                87.879137528164,27.6836715440476,0
                87.8836101055529,27.6847779091317,0
                87.890096071095,27.6848379049148,0
                87.8925555540033,27.6852034210852,0
                87.894359508526,27.6851308377884,0
                87.8963756717025,27.6856096475016,0
                87.8979146844011,27.6870842353808,0
                87.8997135277958,27.6864543255044,0
                87.9012379639792,27.6860744508827,0
                87.903050389361,27.6871117079533,0
                87.9061174514264,27.6886980663973,0
                87.9089049907819,27.6901011225267,0
                87.9109946333019,27.6910123954657,0
                87.9132230703294,27.6919272342657,0
                87.9133670361586,27.6925421825525,0
                87.9135831733493,27.6934680434099,0
                87.9133190426443,27.6950761470363,0
                87.9135335574929,27.6958778936854,0
                87.9134224474865,27.6958492691934,0
                87.9138259433119,27.6964399752181,0
                87.914027846007,27.6967928231252,0
                87.9134342241821,27.6972682693232,0
                87.9118492836149,27.6981654096529,0
                87.9094688181276,27.699185024168,0
                87.9090762291034,27.6998373340581,0
                87.9098903831473,27.7019572262474,0
                87.9106941926392,27.7028972847519,0
                87.9117067598544,27.7049594356206,0
                87.9119180087208,27.7064312478234,0
                87.9113965494999,27.7074995814757,0
                87.9112731615462,27.7086803504939,0
                87.9108185683233,27.709806868242,0
                87.9110255177488,27.710750788907,0
                87.9116273625212,27.7113378744809,0
                87.9123611912474,27.7118632802234,0
                87.9124977259253,27.7122774966909,0
                87.9125735637511,27.7133982744194,0
                87.912575557223,27.7136441901808,0
                87.9118769183058,27.7153611508853,0
                87.9114956363361,27.7161533240699,0
                87.9102410582678,27.7183273584917,0
                87.9089801237952,27.7198157040305,0
                87.9078928310304,27.7222345953624,0
                87.9073005461479,27.7242577183436,0
                87.9070431453716,27.7266237558353,0
                87.9067794549931,27.7281528658365,0
                87.9056400742991,27.7293380528463,0
                87.9044541401889,27.7304083731619,0
                87.9045968404758,27.7316483920468,0
                87.9058028376883,27.7329986096307,0
                87.9071400109937,27.7341111001601,0
                87.9092735193554,27.7351597376919,0
                87.9110042786142,27.7357980900936,0
                87.9130012518097,27.7364346984356,0
                87.9147963229984,27.7367206454255,0
                87.9159265455956,27.7369477724162,0
                87.9171948600455,27.737767350946,0
                87.9172728167154,27.7391250456994,0
                87.917482694805,27.7404231229423,0
                87.9176877127917,27.7411301899823,0
                87.9180978133262,27.7424856417703,0
                87.9183711908019,27.7434877464655,0
                87.9185127093886,27.7444930360084,0
                87.917921518617,27.7452053370478,0
                87.9170631166341,27.7458021429085,0
                87.9170734596024,27.7470406589137,0
                87.9174115857858,27.747746853867,0
                87.9176850250095,27.7487512708853,0
                87.917827042226,27.7498129306609,0
                87.9179110216716,27.7502297701955,0
                87.9179531933622,27.7506422969589,0
                87.9180934761219,27.7511083214073,0
                87.9181737686889,27.7514711036946,0
                87.9182730611571,27.7517457066914,0
                87.9183148610535,27.7520386815671,0
                87.9184529617142,27.7523310959353,0
                87.9186107457898,27.7526255734079,0
                87.9187201036096,27.7527354410157,0
                87.91883077187,27.7529309258246,0
                87.9190614244832,27.7531392249877,0
                87.9194153642523,27.7536896210151,0
                87.9195727136503,27.7539299776527,0
                87.9195370835494,27.7542934451706,0
                87.9196561861235,27.7545859221071,0
                87.9198165876899,27.7551894967542,0
                87.91997381208,27.7554140430354,0
                87.9198015760254,27.7557423229397,0
                87.9195725328693,27.7561747806696,0
                87.9191682631065,27.7565744873377,0
                87.9187629341637,27.7568547051949,0
                87.918832918335,27.7571136840853,0
                87.918835410547,27.7574069709953,0
                87.9188555923663,27.7575444592863,0
                87.9188960216352,27.7576818226371,0
                87.9188972050599,27.7578216851717,0
                87.9188979528115,27.7579073652735,0
                87.9190359901585,27.7581817190284,0
                87.9191742152946,27.7584921316191,0
                87.9193143107714,27.7589401580853,0
                87.9195110271358,27.7592682578565,0
                87.9196689989057,27.7595762966404,0
                87.9196709925297,27.7598199001563,0
                87.9196913611658,27.7599754493058,0
                87.9197517219549,27.7602164295496,0
                87.9198715717257,27.7605947109602,0
                87.9199616771715,27.7609054357956,0
                87.9200027902211,27.7611984108299,0
                87.9200629020751,27.7614055804718,0
                87.9201422609067,27.7616464986521,0
                87.9202801755877,27.7618350473076,0
                87.9204567087716,27.7620933407353,0
                87.920672361625,27.7623333235572,0
                87.9208501428571,27.7626614860283,0
                87.9210073671864,27.7628837822188,0
                87.9213609343095,27.7633823073712,0
                87.9215764003666,27.7635884186667,0
                87.9216952512694,27.7639328284368,0
                87.9219701448771,27.7642761785515,0
                87.9221769213332,27.7646560242116,0
                87.9223155215388,27.7649303780186,0
                87.9226957507246,27.7662588934707,0
                87.9227754215198,27.7665336214191,0
                87.9227966637787,27.7667229801386,0
                87.9228570878725,27.766964022101,0
                87.9229363219604,27.7671890669168,0
                87.9229577514339,27.7673964866227,0
                87.9230369853646,27.767619280816,0
                87.9231180286414,27.7679820002423,0
                87.923089281351,27.7680340583216,0
                87.9231302690561,27.7683090344244,0
                87.9231331971524,27.7686564419492,0
                87.9230576378312,27.7689322284102,0
                87.9230997489405,27.7692771361285,0
                87.9230863568184,27.7700194464136,0
                87.9231274074752,27.7702966720546,0
                87.9231303984951,27.7706418299166,0
                87.9231173823766,27.7713661405839,0
                87.9231976130768,27.7717107370522,0
                87.9231907938116,27.7720221472922,0
                87.9231950316516,27.7725229783418,0
                87.923080290563,27.7727493306678,0
                87.9230434777132,27.7729729353115,0
                87.9227737555108,27.7732522188178,0
                87.9223691112998,27.7736181784,0
                87.9219627228981,27.7737742813171,0
                87.9215767046705,27.7740205021536,0
                87.9212286214958,27.7741761694739,0
                87.9207058721139,27.7743715174301,0
                87.9204158445672,27.7744930006137,0
                87.9200869454303,27.7746689167464,0
                87.9197006158407,27.7748790151875,0
                87.9192279816727,27.7752273503784,0
                87.9188789613732,27.7753492701391,0
                87.9185892454735,27.7755068755775,0
                87.9182021675916,27.7756312325351,0
                87.9177378484677,27.7758418924973,0
                87.9172930887308,27.776034366552,0
                87.9171782858773,27.7762584698917,0
                87.9168694456891,27.7764861316405,0
                87.9160791569604,27.7771478698306,0
                87.9157895017157,27.7773912183155,0
                87.9154223566255,27.7776170038872,0
                87.9151911942717,27.7778102949527,0
                87.9149615274272,27.778172758661,0
                87.914884534629,27.7782951214333,0
                87.914828223211,27.7785369112233,0
                87.9146651143435,27.7787455146632,0
                87.9144738192242,27.7790761695847,0
                87.9141085427921,27.7795275601254,0
                87.9139356837183,27.7797859088348,0
                87.9139379265225,27.7800633846984,0
                87.913997914463,27.7802524938302,0
                87.9139785317116,27.7806677069879,0
                87.9139991998277,27.7813173385824,0
                87.9139549495469,27.7815658153246,0
                87.9139405099092,27.7817306130088,0
                87.9140193096466,27.7818271689455,0
                87.9142539608443,27.7820601530876,0
                87.9142564534064,27.7823511898438,0
                87.9143685531663,27.7827926530125,0
                87.91438704288,27.783110625381,0
                87.9144827107209,27.783398726887,0
                87.9144928894462,27.7837167619142,0
                87.9145586819934,27.7841449752557,0
                87.9146084175908,27.7844763222571,0
                87.9146569048425,27.7847376758422,0
                87.9145965951363,27.7849592801775,0
                87.9146000841662,27.7853743057475,0
                87.9144665211357,27.7860790542465,0
                87.9142974121531,27.7863441519423,0
                87.9142634652403,27.7869106647489,0
                87.9143431350282,27.7871853922336,0
                87.9143920607059,27.7874196846276,0
                87.9143165632212,27.7877247191389,0
                87.9143493033275,27.7879185149846,0
                87.9143832280177,27.788263485575,0
                87.9144322782278,27.7885113397423,0
                87.9145118234387,27.7887725060315,0
                87.9144520119131,27.7890504172709,0
                87.9144049976661,27.7898787184675,0
                87.9144532987988,27.7901152618188,0
                87.914455229804,27.7903498662097,0
                87.9144423494757,27.7906252165422,0
                87.9144786420752,27.7912476625058,0
                87.9145272536272,27.7915360754333,0
                87.914467629109,27.7918275486044,0
                87.9144628085763,27.7921592075108,0
                87.9144953630925,27.7923371924944,0
                87.9145286023978,27.7926009819557,0
                87.9145775881758,27.7929188303394,0
                87.9145490209157,27.7932212400609,0
                87.9144619522539,27.7939550494626,0
                87.9144953163758,27.7942300879823,0
                87.9144206298528,27.7945486840096,0
                87.9144079968708,27.7949367746464,0
                87.9144816655205,27.7953356158431,0
                87.9145776454537,27.7956530895227,0
                87.9146886226531,27.7959569407496,0
                87.9147524221955,27.7961505496261,0
                87.9149127621652,27.7967428133661,0
                87.9149145063971,27.7969503570046,0
                87.9149174974074,27.79730907617,0
                87.9149370464138,27.7977510997184,0
                87.9149710327849,27.7980960704914,0
                87.9149647773616,27.7983442984006,0
                87.9149672076755,27.7986217737142,0
                87.9149899976195,27.7994495768094,0
                87.9150231743942,27.7996998057721,0
                87.915085976383,27.7997806123493,0
                87.9149946082632,27.8000022785267,0
                87.914996040793,27.8001692015446,0
                87.914967101272,27.8004311149815,0
                87.9149385967844,27.8007359005044,0
                87.9149098436918,27.8010113127245,0
                87.9149198978684,27.8013022874776,0
                87.9148135305639,27.8015511387546,0
                87.9147552768852,27.802020783284,0
                87.9146485959386,27.8023125683971,0
                87.9146362763925,27.8026577880282,0
                87.9146532686794,27.8028652701629,0
                87.9148429222895,27.8032498028288,0
                87.9149854589555,27.803526280828,0
                87.9151583675922,27.8038004480813,0
                87.9151223647576,27.8041187936912,0
                87.9151862256321,27.8043259023614,0
                87.9152812084224,27.8045328232865,0
                87.9153288857226,27.8046971850958,0
                87.9153761906037,27.8047397441332,0
                87.9153614394495,27.8048639203085,0
                87.9153947408301,27.8051389597447,0
                87.9153508025783,27.8054167471531,0
                87.9153210523131,27.8055816071823,0
                87.9152603055624,27.8057489658904,0
                87.9152461149938,27.8059430736742,0
                87.9151711176801,27.8062323591223,0
                87.9151732368529,27.8064805248937,0
                87.9150353727529,27.806758935446,0
                87.9149235618805,27.807269576102,0
                87.9149088729061,27.8074095005947,0
                87.9150201646269,27.8076704795196,0
                87.9151776381479,27.807917585912,0
                87.9151789467496,27.8080710100515,0
                87.9155243271462,27.808565035769,0
                87.9157755361124,27.8088679520593,0
                87.9159952514862,27.8091281837208,0
                87.9161070413559,27.8094455951759,0
                87.916185963737,27.8096255185618,0
                87.9163201898624,27.8098998714953,0
                87.9165564009769,27.8102299721145,0
                87.9167146838795,27.8105741330844,0
                87.9167161794882,27.8107545543968,0
                87.9167482969805,27.8108784196576,0
                87.9167972828257,27.8111962044255,0
                87.9168627019826,27.8115815473325,0
                87.9170509229631,27.8117878456918,0
                87.9171322150462,27.8121753755481,0
                87.9172283193804,27.8125199093329,0
                87.917410284625,27.812960874483,0
                87.9174905172185,27.8132220406114,0
                87.9174770742033,27.8135132023856,0
                87.9175740507672,27.8139547276819,0
                87.9176389711848,27.8142837001383,0
                87.9177815087592,27.8145602409764,0
                87.9173993514429,27.8153636632108,0
                87.9203939122361,27.8148045203679,0
                87.9206579408074,27.8147486554131,0
                87.9210920730413,27.8147028555827,0
                87.9215110843379,27.8145895615629,0
                87.9218835988464,27.814532886468,0
                87.9222791733684,27.8145032086439,0
                87.9229308415223,27.8143747335036,0
                87.9232570508982,27.8143161825241,0
                87.9236446266756,27.8142436333938,0
                87.9240017675924,27.8142412654936,0
                87.924467956921,27.8142381498784,0
                87.9245770057815,27.8142238413364,0
                87.9250747514941,27.8142769715379,0
                87.9253848990635,27.8142748525868,0
                87.9257580992364,27.8142994202085,0
                87.9265665557311,27.814334620564,0
                87.9269161969172,27.8143480634711,0
                87.9272432164362,27.8143865043072,0
                87.9276478489713,27.8144536935965,0
                87.92814509513,27.8145180098247,0
                87.9285034839427,27.8145855738818,0
                87.9288614353892,27.8146801978583,0
                87.9290331614844,27.8147331336741,0
                87.9292973766238,27.814774260359,0
                87.9297645625074,27.8148816351535,0
                87.9300908315162,27.8149065143659,0
                87.930434718616,27.8151388129138,0
                87.9309725802489,27.8153563044689,0
                87.9315181311275,27.8155038026496,0
                87.9317982181769,27.8155447412181,0
                87.9322028515863,27.8156096813258,0
                87.9326997235454,27.8156334388551,0
                87.9328860121388,27.8156050705489,0
                87.9332884020441,27.8154105952831,0
                87.9335972430572,27.8151716219702,0
                87.933968324799,27.8149480245408,0
                87.9341689271655,27.8148226019022,0
                87.9347564213741,27.8144598950494,0
                87.9351125049465,27.8142634196745,0
                87.9354131586962,27.8140403199562,0
                87.9359081013314,27.8137617286081,0
                87.9362481247487,27.8135383804307,0
                87.9366196432952,27.8133689021767,0
                87.9368977372839,27.8131752377221,0
                87.9376868933137,27.8128089104391,0
                87.9381203411432,27.8126141852571,0
                87.9388648328991,27.8115442947567,0
                87.9421246670972,27.811190451961,0
                87.9447504287202,27.8120298044361,0
                87.9450153913892,27.8121520491365,0
                87.9454514560597,27.8122596107235,0
                87.9458568369655,27.8124080429185,0
                87.9462143527549,27.8124484218902,0
                87.9464488182556,27.8125709154265,0
                87.9466900344149,27.8126662870689,0
                87.9470482364227,27.8127179767414,0
                87.9473908777371,27.8127991012474,0
                87.947701400112,27.8127698598169,0
                87.9479971099223,27.8128490466561,0
                87.9484940463241,27.8128049971699,0
                87.9489902347203,27.8126775807892,0
                87.9491454029761,27.8126493991569,0
                87.9494557382097,27.8125909102221,0
                87.9499053066026,27.8125043016443,0
                87.9503400015397,27.8124471900394,0
                87.9506963952237,27.8123612672593,0
                87.9510612237826,27.8123046545566,0
                87.9516510242119,27.8122170486603,0
                87.9520388502429,27.8121602484333,0
                87.9523027543149,27.8121020087995,0
                87.9525662835912,27.8120595804766,0
                87.9528771178697,27.8120574612631,0
                87.9532027641312,27.8120123470603,0
                87.9535753416057,27.8119691707314,0
                87.9538243710303,27.812008047349,0
                87.9540726515915,27.8119657433899,0
                87.9549585972445,27.812013756541,0
                87.9553166744211,27.8120541351735,0
                87.955821609451,27.8120506449691,0
                87.9564204260133,27.8112591014445,0
                87.9565118565963,27.8110509342259,0
                87.9568355107983,27.8107035335146,0
                87.9570663608605,27.8104808070224,0
                87.957328020134,27.8102308349035,0
                87.9578235860936,27.8100334866934,0
                87.9606883434157,27.8097653160578,0
                87.9615707378889,27.8094117394937,0
                87.9619115707929,27.8092988186229,0
                87.9622229668055,27.8093530700652,0
                87.9625416121411,27.8093779493838,0
                87.9629926755994,27.8094582634306,0
                87.9631487786724,27.8095406345752,0
                87.965904279945,27.8101147630566,0
                87.9660615039621,27.8103211227599,0
                87.9664063261718,27.8106504131919,0
                87.966547303869,27.8108141520377,0
                87.9671119033039,27.8113921749583,0
                87.9673558634043,27.8117221507697,0
                87.9675438341286,27.8118855150422,0
                87.9681396176772,27.8124747250818,0
                87.9689041950582,27.8128573933599,0
                87.9699236610375,27.8139421306932,0
                87.970056827052,27.8140788089971,0
                87.9702455462013,27.8143256660857,0
                87.9706063661056,27.8146683302334,0
                87.9708729488206,27.8149709966833,0
                87.9711082252844,27.8151769210101,0
                87.9715462855853,27.8155054627659,0
                87.971967786261,27.8157506369201,0
                87.9722961126033,27.816010058118,0
                87.9725306408009,27.8161324898219,0
                87.973373830924,27.8166522108349,0
                87.9736087335735,27.8168038889806,0
                87.9738663215743,27.8169532563093,0
                87.9744914182937,27.817334672435,0
                87.9747098248757,27.8174301062023,0
                87.9750840222613,27.8175651012484,0
                87.975240311928,27.8176610335515,0
                87.9754595917461,27.8178534582257,0
                87.9757408633536,27.8180184496269,0
                87.976007819667,27.8183617374299,0
                87.97613523236,27.8187060218565,0
                87.9760440510119,27.8189412490931,0
                87.9761563382142,27.819369151817,0
                87.9762529406104,27.8197406835768,0
                87.9763414212274,27.8200581570149,0
                87.9763901602342,27.8202653897505,0
                87.9765340042973,27.820733601447,0
                87.9766921019959,27.8210370779049,0
                87.9768819425299,27.8214079867778,0
                87.976914621293,27.8215882212891,0
                87.9770566582722,27.8218624497348,0
                87.9772781814089,27.8223030407802,0
                87.9774992677443,27.8226895110466,0
                87.9775556306175,27.8228944312902,0
                87.9777455336112,27.8232675275962,0
                87.9779503108257,27.8236113136543,0
                87.9781560245214,27.8239820981413,0
                87.9782665053483,27.8242023933678,0
                87.9786274487589,27.824558556939,0
                87.9791121896844,27.8249160973051,0
                87.9793324032278,27.8252033258597,0
                87.9794580706528,27.825355815547,0
                87.979740526584,27.8256561071175,0
                87.9802501346668,27.826164635164,0
                87.9804705358609,27.82648117373,0
                87.9805966393781,27.8266720347193,0
                87.9810042017572,27.8270571958959,0
                87.9812071718751,27.8271933761234,0
                87.9814416383532,27.8273022459072,0
                87.9817374732114,27.8273970557529,0
                87.981940320373,27.8274521176995,0
                87.982235343871,27.8274499987788,0
                87.982670537598,27.8274468826292,0
                87.9829191921439,27.8274451376846,0
                87.9834713053554,27.8275359528303,0
                87.9839264851142,27.827988422213,0
                87.9842863683334,27.8282904025029,0
                87.98458450948,27.828565759247,0
                87.9846633701307,27.8287299337255,0
                87.9848692712356,27.8291164665718,0
                87.985183469816,27.8295564336639,0
                87.9854043073066,27.8299135313965,0
                87.9854840421068,27.8301070164605,0
                87.9856971933867,27.8304506774002,0
                87.9861979912043,27.830902772735,0
                87.9865727504078,27.8310918885432,0
                87.9867604106236,27.8312168815788,0
                87.9871356054398,27.8314488058238,0
                87.9876043501222,27.831720728734,0
                87.9877441434679,27.8317467919565,0
                87.988041163265,27.8318980345504,0
                87.9882440714425,27.8320207149095,0
                87.9885087240968,27.8320323437335,0
                87.9888665505849,27.8320997202718,0
                87.9892547518445,27.832026984149,0
                87.9895024725465,27.831914686048,0
                87.9896567042289,27.8318594443748,0
                87.9899574846921,27.8315797876731,0
                87.9902810753477,27.8312322614939,0
                87.9906039180709,27.8308712376838,0
                87.9907576523588,27.8306896935991,0
                87.9909102023505,27.8303704744269,0
                87.991047752717,27.8301483722775,0
                87.9912017992408,27.8299962011408,0
                87.9914655168303,27.8298972149532,0
                87.9915898131474,27.8298963424581,0
                87.9919933248047,27.8298234821394,0
                87.9922413555237,27.8298217370472,0
                87.992583248339,27.8298192435664,0
                87.9930806210553,27.8298156911806,0
                87.9932362251936,27.8298303803758,0
                87.9936714813619,27.8298272015485,0
                87.9939359465507,27.8298253322754,0
                87.9942859618851,27.8298769594091,0
                87.9945501144138,27.8299020875026,0
                87.994753273921,27.8299841470256,0
                87.9950802281747,27.8300787699862,0
                87.9955479757698,27.8302400779176,0
                87.9958123159088,27.8302810166382,0
                87.9963574919255,27.8303741438499,0
                87.9967301308749,27.8303985246263,0
                87.997119266524,27.8304227801381,0
                87.9972831819525,27.8304509053217,0
                87.9980344538903,27.8306688388671,0
                87.9984497716833,27.8307808994344,0
                87.9986434316267,27.8308652084569,0
                87.9988402806203,27.8308885855852,0
                87.9992679090125,27.831027644377,0
                87.9994822547542,27.831077956468,0
                87.9996591044741,27.8311421413364,0
                87.9998110215515,27.8311703294715,0
                87.9999630633647,27.8312120161704,0
                88.000107293883,27.8312358920147,0
                88.000355698284,27.8312814560007,0
                88.0007583307527,27.8313913917918,0
                88.0009763629856,27.8314348919167,0
                88.0011733364899,27.8314695175225,0
                88.0013463756974,27.8315202038245,0
                88.0015395368876,27.8315548927012,0
                88.0018352460018,27.8316317043304,0
                88.0021659532658,27.8316450846937,0
                88.0023014968773,27.8316869584708,0
                88.0025082162644,27.8318140760211,0
                88.0028496685499,27.8319650075413,0
                88.0032099255139,27.832300797024,0
                88.0035196925734,27.8325218466764,0
                88.0035340636824,27.8325781539238,0
                88.0035031268084,27.8327250159713,0
                88.003471501741,27.8328719394649,0
                88.0034155046567,27.833061796572,0
                88.0033760065919,27.8331794107348,0
                88.0031355906861,27.8335894949215,0
                88.0029078643647,27.8338122207373,0
                88.0027613806686,27.8339554560302,0
                88.0026926990178,27.8340732561911,0
                88.0024367886558,27.8343300411764,0
                88.0023489186519,27.8345675807752,0
                88.0022705493851,27.8347395642194,0
                88.0022425504495,27.8348706151245,0
                88.0021434293944,27.8352007085952,0
                88.0017728398727,27.83574259125,0
                88.0017040329255,27.8358536426335,0
                88.0015363565318,27.8363173486909,0
                88.0014970440291,27.8365252052488,0
                88.0014589829136,27.8366676289757,0
                88.0013286739228,27.8371896432111,0
                88.001139682511,27.837825021019,0
                88.0011204329755,27.8379356985536,0
                88.0009975605155,27.8384464637831,0
                88.0009876194943,27.838672131214,0
                88.0010462895647,27.8390552236845,0
                88.0010724693081,27.839212960563,0
                88.0011222113025,27.8393028287129,0
                88.0011448901651,27.839498936461,0
                88.0012428733238,27.8396629238496,0
                88.001347416274,27.8399170913233,0
                88.0013693479157,27.8400296444472,0
                88.0013834658026,27.8402597493332,0
                88.0013354680215,27.8404247961108,0
                88.0012955336367,27.8404904771366,0
                88.001169733052,27.8406808953828,0
                88.0010997373532,27.8408641910638,0
                88.001084548196,27.8410109272772,0
                88.0010449256893,27.8411194800731,0
                88.0010121788952,27.841144539049,0
                88.0009016023949,27.8422981857142,0
                88.0008576622996,27.8426301562469,0
                88.0008979607591,27.8430065612888,0
                88.0010443703621,27.8433371600263,0
                88.0011532270907,27.843512333916,0
                88.0013020779029,27.8436895086704,0
                88.0014423651598,27.8439749866331,0
                88.0016152051572,27.8444858825937,0
                88.0016288182995,27.8448647871342,0
                88.0016636213337,27.845060770434,0
                88.0018716491495,27.8453976829737,0
                88.001897455007,27.8455080486649,0
                88.0019726282427,27.8456789719248,0
                88.0020092434842,27.8458682062319,0
                88.0021762149932,27.8461512469456,0
                88.0022760107519,27.8463084228226,0
                88.0023926154796,27.8464993464501,0
                88.0024440408936,27.8467110155651,0
                88.0024555363372,27.846853066099,0
                88.0026055729085,27.8471001728001,0
                88.0026990517068,27.8474672043115,0
                88.0027174767164,27.8478799190012,0
                88.0027442154133,27.8481684559631,0
                88.0027406410823,27.8486738494017,0
                88.0027084406824,27.8493824740928,0
                88.0025937623506,27.8496021395954,0
                88.0025426376591,27.8498439296176,0
                88.0024835144008,27.8501060306581,0
                88.0024555145944,27.850234831375,0
                88.0023800811599,27.8504497489153,0
                88.0021420948226,27.8511396206206,0
                88.0021015356711,27.8512143010565,0
                88.001942865909,27.8513507858159,0
                88.0017345155251,27.8514605842396,0
                88.0012924399074,27.8517706110405,0
                88.0009425403828,27.8520799520874,0
                88.0006855690549,27.8522893663153,0
                88.0004852174882,27.852378853899,0
                88.0003548585126,27.8524158483759,0
                88.0001576344948,27.8524285935699,0
                87.9999304749483,27.8525023950564,0
                87.9995055882804,27.852665684643,0
                87.9990559553739,27.8528359108553,0
                87.9985970748313,27.852963265469,0
                87.9983105487284,27.8529991944903,0
                87.9979563434788,27.8530513700252,0
                87.9977722410339,27.8531159857778,0
                87.9972822941346,27.8535277522214,0
                87.9970934418889,27.853619365509,0
                87.9966969895182,27.8537779069421,0
                87.9962441678122,27.8540135641777,0
                87.9959551389116,27.8541871056388,0
                87.9934865028564,27.8550057977966,0
                87.9933336419792,27.8552234631071,0
                87.9932739537224,27.855566807206,0
                87.9933939274417,27.8559878352509,0
                87.9933671128014,27.8562474364959,0
                87.9932822914381,27.857039927211,0
                87.9932466623516,27.8573762723352,0
                87.9932477214057,27.8574958868001,0
                87.9932297822349,27.857685557576,0
                87.9931359118809,27.8579637181481,0
                87.992993859266,27.8583256841187,0
                87.9928566799356,27.8587305204687,0
                87.9928205524145,27.8590149946668,0
                87.9927646797547,27.8592229752209,0
                87.9926986825072,27.8594287690522,0
                87.9926630540611,27.8597651763257,0
                87.9926907282457,27.8601620161613,0
                87.9927022838268,27.8603852466882,0
                87.9927140886428,27.860635600047,0
                87.9927541415132,27.8607819630816,0
                87.9927392577175,27.8612377980639,0
                87.992728747164,27.8616868208471,0
                87.9925959440891,27.8620148518478,0
                87.9925887516592,27.8622721412214,0
                87.9925905587437,27.8624706241623,0
                87.9926213004383,27.8626418600963,0
                87.9926812242171,27.8628738408081,0
                87.9927818264669,27.8632610588071,0
                87.9928039413609,27.8635294101465,0
                87.9926224563644,27.8638826878266,0
                87.9925475843498,27.8641584752766,0
                87.9924722759035,27.8643913276151,0
                87.9925123294955,27.8645376905794,0
                87.992610688331,27.8646746178772,0
                87.9929400204673,27.8646722496386,0
                87.9932202366606,27.8645687021641,0
                87.9934418978008,27.8644543411266,0
                87.9940785728274,27.8641226333048,0
                87.9943876614861,27.8639827139638,0
                87.9946863141259,27.8638159225145,0
                87.9950534558478,27.8637095013534,0
                87.9956336340887,27.8635857114328,0
                87.9960307700156,27.8635738452342,0
                87.9963879773456,27.8634246152759,0
                87.996872602048,27.8633963143505,0
                87.9972821725498,27.8634226954529,0
                87.9984865940666,27.8627934618189,0
                87.9987346247049,27.8627782177272,0
                87.9988649829874,27.8627411616821,0
                87.9990846456741,27.8626177387364,0
                87.9992627493256,27.8625171889563,0
                87.9994969703069,27.862452324106,0
                87.9997619986828,27.8624278939678,0
                88.0000481493219,27.8624190252308,0
                88.0003098666462,27.8623810337803,0
                88.0006658223744,27.8623017359239,0
                88.0013391762282,27.8621005794133,0
                88.001583521755,27.8620311523465,0
                88.0016798838002,27.8620169058576,0
                88.0017953065647,27.8620092837943,0
                88.0019612845676,27.8620509708977,0
                88.0020438981987,27.8620615967075,0
                88.0021303242498,27.8620767845837,0
                88.0023689160743,27.8621404708636,0
                88.0024446561202,27.8621624705936,0
                88.0027000591672,27.8621922228697,0
                88.0028382275654,27.8622408464138,0
                88.0031015025768,27.8623742769731,0
                88.0033219073459,27.8625328926556,0
                88.0035674982372,27.8625987669412,0
                88.0042585281692,27.8628035119609,0
                88.0045827973397,27.862864325392,0
                88.0047682081725,27.8629464472652,0
                88.0049413719858,27.8630038833456,0
                88.0050339226741,27.8629941361114,0
                88.0050885420992,27.8629305797809,0
                88.005245089579,27.8627016027896,0
                88.0054739402217,27.8624653163733,0
                88.0055766164739,27.8623833252686,0
                88.0057650320865,27.8623052732854,0
                88.0058681440118,27.8622729029199,0
                88.0061421085348,27.8622505979226,0
                88.0064621306404,27.8622009213146,0
                88.0065893656053,27.8621638643073,0
                88.0067887782026,27.8621128101284,0
                88.0068649556236,27.8621189987227,0
                88.0071525388358,27.8622635542993,0
                88.0072698353179,27.8623214260294,0
                88.0073734458164,27.862343177063,0
                88.0074723685782,27.8624033604721,0
                88.007579416241,27.8624499213727,0
                88.0078105734373,27.8624640499957,0
                88.0080871613259,27.8625184253524,0
                88.0085907191396,27.8625621185197,0
                88.0090230378885,27.8625657519623,0
                88.0092402605664,27.8625190108919,0
                88.0095042919697,27.8623930268758,0
                88.0097745749404,27.862172176197,0
                88.0100479818216,27.8619581384299,0
                88.0101925896529,27.8618826476633,0
                88.0108912556208,27.8616044988363,0
                88.0114718730731,27.8613927162362,0
                88.0121557302749,27.8610244489772,0
                88.0123783918097,27.8608784663985,0
                88.01249544043,27.8608347227138,0
                88.0127112902183,27.8607135497672,0
                88.0128005294938,27.8606858666814,0
                88.0129387618744,27.8606713081557,0
                88.0130549978512,27.8606118162037,0
                88.0133148396782,27.8605805738597,0
                88.0137041025782,27.8605348356717,0
                88.0140518717381,27.8604668485982,0
                88.0142989670616,27.860358987646,0
                88.0144054530883,27.8603446779768,0
                88.0144707576425,27.8603396805562,0
                88.0146343618847,27.8603226847072,0
                88.0147862789444,27.8603509357212,0
                88.0150039985568,27.8604215582008,0
                88.0154055661974,27.86061254959,0
                88.0157112080329,27.86085847178,0
                88.015888430324,27.8610240858379,0
                88.016242188514,27.8613824357398,0
                88.0163320499414,27.8614269339968,0
                88.0166338793813,27.8616706055513,0
                88.0168042926995,27.8617776622534,0
                88.0169813283756,27.8619094669893,0
                88.0175721181687,27.862245761117,0
                88.0179329405881,27.8624844351789,0
                88.018400060938,27.8626953634787,0
                88.0187583223024,27.8628731672072,0
                88.01905946655,27.8630401584495,0
                88.0193888563826,27.8632452088103,0
                88.0197395542345,27.8634885701133,0
                88.0198019826212,27.8635241928451,0
                88.0201123754815,27.8637181816795,0
                88.0203439635015,27.8639872252428,0
                88.0206271659498,27.8644115058169,0
                88.0207529580516,27.8645662447928,0
                88.0209511134923,27.8647859172482,0
                88.0210904035716,27.86495628006,0
                88.0212231336469,27.8650973948963,0
                88.0215522062813,27.8654672443335,0
                88.0218870890238,27.8659204610486,0
                88.0220780551641,27.8662529357083,0
                88.0222283433116,27.8664412967884,0
                88.0224441852175,27.8666517829046,0
                88.0227278272807,27.8669903208172,0
                88.0230548313215,27.8676150845418,0
                88.0230855732656,27.8677795714083,0
                88.0231594965453,27.8679481823412,0
                88.0232362335792,27.8680739858837,0
                88.023320843405,27.8682312859471,0
                88.0243189071635,27.8705001691895,0
                88.0243239652791,27.8706354694474,0
                88.0244667545432,27.870832954998,0
                88.0246091662179,27.8711319315462,0
                88.0248472407462,27.8718814326477,0
                88.0249293443669,27.8723094590461,0
                88.0252267309728,27.8728216074532,0
                88.0253390182388,27.8732155752543,0
                88.0253734423679,27.8735740447582,0
                88.0255646588933,27.8739290167977,0
                88.0259697172679,27.8744764769679,0
                88.0261771831531,27.8747411454475,0
                88.0262233617624,27.874862635723,0
                88.0262568518415,27.8751105514989,0
                88.0262798432347,27.8753269711533,0
                88.026331953849,27.8756040726476,0
                88.0263886306029,27.8757638090541,0
                88.0264370527508,27.8761154040674,0
                88.0264341136107,27.8762101459805,0
                88.0264490416693,27.8765123694266,0
                88.0264309384691,27.8782315309583,0
                88.026451119875,27.8783509578362,0
                88.0265731626101,27.8785034469419,0
                88.0268165000789,27.8787318069784,0
                88.0271606360276,27.8790112269355,0
                88.0274557798562,27.8792188390013,0
                88.027604633407,27.8793169588798,0
                88.0276986189549,27.8793929539354,0
                88.0277909796076,27.8794938214128,0
                88.0278474066301,27.879621998998,0
                88.0279071444268,27.8797636754518,0
                88.0279532615664,27.8798738536007,0
                88.0280085639853,27.8799501610479,0
                88.0280161863708,27.8800155304575,0
                88.0280114316335,27.880254696917,0
                88.0280609804286,27.8805295487627,0
                88.0280972836185,27.8807413433215,0
                88.0281029647899,27.8809375758802,0
                88.0281005244049,27.8810865005391,0
                88.0281290808717,27.8811516827253,0
                88.028143261019,27.8813749130869,0
                88.0281862510937,27.88156189784,0
                88.0282112456876,27.8816519523914,0
                88.0282330512428,27.8818029396613,0
                88.0282797282749,27.8819830501188,0
                88.0283145943007,27.8821745334871,0
                88.0283424010955,27.8822329666831,0
                88.0283619549287,27.8824877571523,0
                88.028366701815,27.8825914979791,0
                88.0283128303233,27.8827295477011,0
                88.0282688329035,27.882840411612,0
                88.0281667131764,27.8831840675399,0
                88.0281329664724,27.883240749449,0
                88.0281097171606,27.8833311153879,0
                88.0280488456586,27.8834759767242,0
                88.0280151611297,27.8835371583775,0
                88.0279027357986,27.8836665817865,0
                88.0278725444206,27.8839646174888,0
                88.0278353598973,27.8840483598804,0
                88.0277641785147,27.8841797215804,0
                88.0276686254015,27.884284211023,0
                88.027556448429,27.8844316954812,0
                88.0274402729416,27.8845679316036,0
                88.027165426958,27.8848339027644,0
                88.0270531261892,27.8849745755081,0
                88.0269102024695,27.8851629308414,0
                88.0268350217831,27.8852672951362,0
                88.026630230565,27.8854966460819,0
                88.0264722456366,27.885703124474,0
                88.0263461331629,27.8858619836489,0
                88.0261959616805,27.8860232786416,0
                88.0259768603936,27.8862121951503,0
                88.0258745581469,27.8863414941905,0
                88.0257406953612,27.8865455360206,0
                88.0255701496636,27.8867723880464,0
                88.0253691695443,27.8869972388935,0
                88.0251805037963,27.887118225241,0
                88.0249885263444,27.8872211495361,0
                88.0248650402584,27.887323575765,0
                88.0246266934644,27.887422437432,0
                88.0243459751449,27.887611727742,0
                88.0240979435335,27.8876970272053,0
                88.0240088910833,27.8877428344246,0
                88.0238452217558,27.8878884432403,0
                88.0234825730517,27.8882069703916,0
                88.0233440887407,27.8883297697743,0
                88.0231731063303,27.8885093126571,0
                88.0228962609961,27.8887685345362,0
                88.022681781407,27.8890453814786,0
                88.0226328471396,27.8891765559633,0
                88.0224697383573,27.8893785355205,0
                88.0222920071801,27.889580638563,0
                88.0222350727331,27.8897412490259,0
                88.0220362155404,27.8900495301438,0
                88.0219629693009,27.890300506823,0
                88.0219675269192,27.890451680536,0
                88.0219100326081,27.890549046072,0
                88.0218798461582,27.8906440373321,0
                88.0217563571672,27.8908750773022,0
                88.0217332946874,27.8909880037477,0
                88.0216836690573,27.8912501051113,0
                88.0215424288948,27.8916188827373,0
                88.0214763090803,27.8917479321026,0
                88.0214501840584,27.8918722331129,0
                88.0214236214538,27.8920167198453,0
                88.0213653707788,27.8923691881182,0
                88.0212591260181,27.8926835330259,0
                88.0212499995957,27.892794147946,0
                88.0212616195218,27.8929475099037,0
                88.0212853595349,27.8932428592941,0
                88.0212941030949,27.8934367800349,0
                88.0212984086675,27.8936871955338,0
                88.0212801540981,27.8939783574848,0
                88.0212676514238,27.8941295935725,0
                88.0212352130118,27.8943305756273,0
                88.0212220124477,27.8949533330299,0
                88.0212825578923,27.8953183644071,0
                88.0212232454093,27.8956212118513,0
                88.0212232940619,27.8961693511569,0
                88.0212322872433,27.896383582586,0
                88.021342580519,27.8965700052369,0
                88.02138826271,27.8965696940239,0
                88.0214793121011,27.8965983181676,0
                88.0216972179879,27.8967501212666,0
                88.0217722666664,27.8969007352441,0
                88.0218905528722,27.8973284499592,0
                88.0219833477443,27.8975398704315,0
                88.0221113862364,27.8978570327426,0
                88.0224105183048,27.8984819214379,0
                88.0226867238101,27.898822833611,0
                88.0229869860849,27.899292110834,0
                88.0233471760995,27.8997947617295,0
                88.0234970885402,27.9000056830949,0
                88.0236748734251,27.9002119184407,0
                88.0238242864792,27.9003709698612,0
                88.0241646057281,27.9008490596093,0
                88.0244498702443,27.9012710283259,0
                88.0246165318268,27.9014434538302,0
                88.0248808043055,27.9016625024332,0
                88.0250817717021,27.9019047351486,0
                88.0254368370664,27.902461568722,0
                88.0255814362513,27.9027176737898,0
                88.0256747314652,27.9029155326442,0
                88.0257559036045,27.903111204696,0
                88.0258145178112,27.9032619432291,0
                88.0258326981548,27.9034444900445,0
                88.0257930077764,27.9037425873571,0
                88.0258000664146,27.9038847624073,0
                88.0258533044924,27.904080559561,0
                88.0259806570239,27.9043187278909,0
                88.0261942462627,27.9046194556419,0
                88.0265670643236,27.9049708702057,0
                88.0269135752626,27.9052299785926,0
                88.0270453672683,27.9053350348301,0
                88.0271375408843,27.9054155299022,0
                88.0272748330731,27.9055002745778,0
                88.0273891918311,27.9055760825787,0
                88.0276808989396,27.9057408864765,0
                88.0279203661952,27.9058135097935,0
                88.0282796930757,27.9058875735493,0
                88.0284840415643,27.9058815151702,0
                88.028797000495,27.9058792090063,0
                88.0293970467,27.905888219834,0
                88.0299600983318,27.9058795447974,0
                88.030079834055,27.9058537989763,0
                88.0302553738614,27.9058164310296,0
                88.0303464880338,27.9057818732382,0
                88.0305275281161,27.9057286311463,0
                88.0306412022132,27.905662389725,0
                88.0307485645684,27.9056073342689,0
                88.0310324668827,27.9055534065583,0
                88.0315234062564,27.905434677521,0
                88.0317335674625,27.9053721866485,0
                88.0318974846657,27.9053190697289,0
                88.0321652010289,27.9052877650482,0
                88.0323806729215,27.905254522378,0
                88.0326020204931,27.9052325913155,0
                88.033113767102,27.90517010715,0
                88.0333634855105,27.9051276156266,0
                88.0339847216516,27.9049649541596,0
                88.0345763940086,27.9049605915522,0
                88.0347639959596,27.904925348049,0
                88.0350305875109,27.9048511722916,0
                88.0351949436031,27.9047799946627,0
                88.0357456239428,27.9046743273799,0
                88.0362994293474,27.9045640980711,0
                88.03650346594,27.9045219805269,0
                88.0366966922447,27.9044709893254,0
                88.0367982431037,27.9044137459863,0
                88.0370473388643,27.9043013232803,0
                88.0372167571025,27.9041579646826,0
                88.0373803649647,27.9040100432587,0
                88.0374756684917,27.9038784941567,0
                88.0375602229401,27.9037605064455,0
                88.03772845752,27.9034975950549,0
                88.0378797565883,27.9032482453946,0
                88.038178917633,27.9027361708016,0
                88.0382622859278,27.9025572507257,0
                88.0384936989821,27.9023232137416,0
                88.0389394631773,27.9019363186668,0
                88.0397001908129,27.9013575721446,0
                88.040117645392,27.9009934872938,0
                88.0404412356222,27.900713518912,0
                88.041131842945,27.9003045053426,0
                88.0416312887233,27.8998969259247,0
                88.0421149179507,27.8996812045111,0
                88.0427438417145,27.8994621111337,0
                88.0429634399492,27.8993904970316,0
                88.0431898484665,27.8993640041892,0
                88.043338766889,27.8993380091265,0
                88.0434450030723,27.8993620721615,0
                88.0435662355165,27.8994243183355,0
                88.0437086522225,27.8995179382648,0
                88.0438724407703,27.8995844353362,0
                88.0440219207553,27.8996080614766,0
                88.0442486410858,27.8996198779034,0
                88.0444613009294,27.8996183196918,0
                88.0445746621688,27.8995858244508,0
                88.0447582646895,27.8995348326142,0
                88.0451084708523,27.8994487216595,0
                88.0456525302243,27.8992505625131,0
                88.0458219467726,27.8991793226899,0
                88.0459777397978,27.8991398289992,0
                88.0462118348867,27.8991199597927,0
                88.0467643270375,27.899070662789,0
                88.0468985602955,27.8990380439144,0
                88.0470257941746,27.8990009868749,0
                88.0472802634294,27.898915624481,0
                88.0475411076392,27.8987827662898,0
                88.0483268310095,27.8982398916805,0
                88.0485309941926,27.8981458416494,0
                88.0487425321099,27.8980291686154,0
                88.048947071363,27.8979148073412,0
                88.0491164261216,27.897832318549,0
                88.0493498353246,27.8977425184083,0
                88.0498374015995,27.8975492947988,0
                88.0499923200714,27.8974849908093,0
                88.0501549880693,27.8974341234973,0
                88.050459012358,27.8973686357046,0
                88.0509367656355,27.8972702163171,0
                88.0511211169015,27.8972304738572,0
                88.0514033322475,27.8971402996431,0
                88.0516014961372,27.897082433148,0
                88.0519053952861,27.896998884076,0
                88.0521814240328,27.8969200843496,0
                88.0524362044968,27.896879780158,0
                88.0534431978358,27.8969036730626,0
                88.0536312352918,27.8969089887326,0
                88.0537585317162,27.8968831808414,0
                88.0538715813968,27.8968191887287,0
                88.0539202021362,27.8967308228984,0
                88.0539686362209,27.8966176461951,0
                88.0540795658535,27.8963392973654,0
                88.0540925666895,27.8962376815786,0
                88.0540983193218,27.8961113178865,0
                88.0541438863651,27.89570941699,0
                88.0541962670676,27.8952103993424,0
                88.054237335637,27.8947318171512,0
                88.0542719587299,27.8946368261989,0
                88.0543131442847,27.894503401255,0
                88.0544531939205,27.8942767361536,0
                88.0547469163531,27.8938639034065,0
                88.054938960923,27.8935736825892,0
                88.0550788213824,27.8934011387603,0
                88.0552888633252,27.8931287915464,0
                88.055413730029,27.8928458813618,0
                88.0555116584234,27.8926623994995,0
                88.0555796557838,27.8924159848074,0
                88.0555934066418,27.8923278675891,0
                88.0556249749674,27.8919170292224,0
                88.0556406650295,27.8917657933966,0
                88.0557104093181,27.8916276189797,0
                88.0557935279337,27.8914307004025,0
                88.0560170709636,27.8910454893573,0
                88.0561013739247,27.890968122239,0
                88.0562351092778,27.8908746328991,0
                88.0564672073538,27.8907262756209,0
                88.0567772978535,27.8904982393152,0
                88.0568824111798,27.8904094367459,0
                88.0569531529106,27.8903705040523,0
                88.0572234996392,27.8901045327448,0
                88.0573359878782,27.889984108387,0
                88.0574335413893,27.8898366854596,0
                88.057643021986,27.8895079685833,0
                88.0576983309341,27.8893879807573,0
                88.0577537031624,27.889204809815,0
                88.0577793933949,27.8889722685756,0
                88.0578553258757,27.8887573514009,0
                88.057925444244,27.8886552996148,0
                88.0580092489287,27.8885283118312,0
                88.0580897406679,27.8884465086562,0
                88.0581886670892,27.8883712047368,0
                88.0583017791474,27.8883185243022,0
                88.0585136908637,27.8882424722404,0
                88.0586125532232,27.8882281630328,0
                88.0590801173401,27.8881997367877,0
                88.059178855459,27.8881741784873,0
                88.059306214125,27.8881483716674,0
                88.0596318610133,27.8880940076377,0
                88.0598019018609,27.8880745754233,0
                88.0600002520397,27.8880415190051,0
                88.0602055384541,27.8880015897254,0
                88.0604388210208,27.8879749712722,0
                88.0607079750718,27.8879097321777,0
                88.0609060139737,27.8878450543704,0
                88.0616293640882,27.8875574689614,0
                88.0618910199712,27.8874403598084,0
                88.0622298550709,27.8872866925692,0
                88.0626529926076,27.8870758443733,0
                88.0628364702254,27.887011228806,0
                88.0631262467436,27.8869210550144,0
                88.0633385953085,27.8868878114429,0
                88.0635230092574,27.886854818242,0
                88.063692239385,27.8867655167459,0
                88.0638502847108,27.886637968757,0
                88.0639483374435,27.8865379166438,0
                88.0640748857294,27.8864286788966,0
                88.0642163690303,27.8863599377105,0
                88.0643289181434,27.8863138813543,0
                88.0644284057534,27.8862996352829,0
                88.0644712117255,27.8863263839292,0
                88.0645210795928,27.8863575696727,0
                88.0645996925031,27.8864178784343,0
                88.064770668206,27.8865068110687,0
                88.0648207229481,27.8865628073605,0
                88.0649996946696,27.8867441697267,0
                88.0651001169225,27.8868313519817,0
                88.0654989970667,27.8870538400515,0
                88.0656841575644,27.8871607088209,0
                88.0658703790409,27.8873216986959,0
                88.0660282293652,27.8874919372839,0
                88.0661362103796,27.8876919212337,0
                88.0661800759519,27.8878291603286,0
                88.0662538094086,27.8880948255922,0
                88.0663158594779,27.8882770610457,0
                88.0664671453746,27.8885579143101,0
                88.0666821738188,27.8888021473622,0
                88.0669988089327,27.8892418651676,0
                88.0674137440775,27.8896718349942,0
                88.067614899055,27.8899228792287,0
                88.0678870453649,27.8901666762093,0
                88.0681822527957,27.8903020452335,0
                88.0685816330001,27.8905019728233,0
                88.0689815103497,27.890825952366,0
                88.0693471402577,27.8912134255334,0
                88.0696839001609,27.8915695255863,0
                88.0700805264426,27.8919499381249,0
                88.0702245037501,27.8921270498488,0
                88.0703966013189,27.8923264731127,0
                88.07057563518,27.8925213976653,0
                88.0707121131122,27.8927075712554,0
                88.0708694013258,27.8928326880406,0
                88.0710116310635,27.8929014976497,0
                88.071126114047,27.8929886173528,0
                88.0715193040237,27.8933374695684,0
                88.0717198982219,27.8935253938201,0
                88.0718100083994,27.8936510722559,0
                88.0718956832259,27.8937135687933,0
                88.0720872815259,27.8937684429486,0
                88.0722866285953,27.8938368784095,0
                88.0725490314371,27.8938596316288,0
                88.0726910762795,27.8938450730823,0
                88.072861117039,27.8938391392635,0
                88.0731085844931,27.893823707597,0
                88.0733923596882,27.8938282759389,0
                88.0735698361042,27.8938629638989,0
                88.0738252397252,27.8938880288158,0
                88.0744245982715,27.8939014145575,0
                88.074915344149,27.8940307254944,0
                88.075320786769,27.8942147801911,0
                88.0758480871617,27.8944385209024,0
                88.0762245990597,27.8945100215564,0
                88.0765294952892,27.8945347128133,0
                88.0767574643716,27.8946073987369,0
                88.0771354698317,27.8948886937192,0
                88.0775435326328,27.8952622316837,0
                88.0777755608586,27.8954250969588,0
                88.0780117746357,27.8956240221408,0
                88.0782258690287,27.8957667637574,0
                88.0785244525723,27.8958546365017,0
                88.0787801049288,27.8959022626317,0
                88.0790071991826,27.8959501382478,0
                88.0792842253126,27.8959727662789,0
                88.079532318622,27.8959663340033,0
                88.0798014083107,27.8959574655703,0
                88.0803709615739,27.8958401748183,0
                88.0805263191589,27.8957622466318,0
                88.080738105841,27.895672633588,0
                88.0811197462095,27.8955567769644,0
                88.0815379419083,27.8955467856754,0
                88.0820359354204,27.8957007824719,0
                88.0821782279603,27.8957741539697,0
                88.0823419554,27.8958360265241,0
                88.0825408659059,27.8958592784073,0
                88.0827821471608,27.895864157562,0
                88.0831114794706,27.89585029058,0
                88.0832813330395,27.8958218583613,0
                88.0834794332348,27.8957639301065,0
                88.0838035203703,27.8956034506775,0
                88.0840364928533,27.8954775289185,0
                88.0844235741989,27.8952082478957,0
                88.0846769204892,27.8950235194264,0
                88.0848112809449,27.8949345297634,0
                88.0849443921992,27.8947891072572,0
                88.0850426306648,27.8947116163795,0
                88.0852114252264,27.8945794432877,0
                88.0853803432819,27.8944585202979,0
                88.0854925197951,27.8943132854148,0
                88.0855473300663,27.8941413637768,0
                88.0855202134799,27.893909196504,0
                88.0855045325967,27.8937333992029,0
                88.0854598569591,27.8935194163545,0
                88.0854013055371,27.893375490488,0
                88.085299824443,27.8931303855992,0
                88.0852585863796,27.8928780319209,0
                88.0853002704842,27.8927965397648,0
                88.0853775124701,27.8927124239181,0
                88.0855106243663,27.892560252141,0
                88.0855666181354,27.8925101323582,0
                88.085735785674,27.8924140815797,0
                88.0860312527078,27.8921906701272,0
                88.0865395041658,27.891972324129,0
                88.0866739889011,27.8919103944763,0
                88.087103377663,27.8916159912466,0
                88.0875384567746,27.8911974118917,0
                88.0877569947782,27.8910197442592,0
                88.087977346595,27.8907788948296,0
                88.0882005775394,27.8903800594494,0
                88.0883111942701,27.8901400200393,0
                88.0883940643477,27.8899251033617,0
                88.0885405523332,27.8896531922653,0
                88.0886453552112,27.8894696482004,0
                88.0887865954126,27.8891211195885,0
                88.0888691532489,27.8888745797312,0
                88.0889246501004,27.8887116576949,0
                88.089006896598,27.8884268098175,0
                88.0890754568132,27.8881735835935,0
                88.0892142575848,27.8879017346329,0
                88.0893145641325,27.8876483211764,0
                88.0893903096803,27.8874153435426,0
                88.089420381435,27.8868736418164,0
                88.0895004465771,27.88636987489,0
                88.0895274553569,27.8858959796492,0
                88.0895249616823,27.8856501887395,0
                88.0894797861608,27.8853865231738,0
                88.0895129302421,27.8844477941923,0
                88.0895646151545,27.8842826846426,0
                88.0896123017441,27.884099514403,0
                88.0896732997563,27.8838554119501,0
                88.0897552966162,27.8835525027388,0
                88.0897674888969,27.8833110237742,0
                88.0897497489067,27.8829976135276,0
                88.089733890143,27.8824246637285,0
                88.0897595796155,27.8822033711523,0
                88.0898556388175,27.8818439052022,0
                88.089836029415,27.8813410109354,0
                88.0897560537931,27.8807731220301,0
                88.0897504429744,27.8802136710033,0
                88.0897487602189,27.880042248262,0
                88.0897898210052,27.8798975119527,0
                88.0898168220216,27.8797394017248,0
                88.0898578196445,27.8795879778328,0
                88.0899643145043,27.8792599468175,0
                88.0901646762491,27.8787304970066,0
                88.0902193613746,27.8785473269744,0
                88.0902467983645,27.8784455860178,0
                88.0903010469969,27.8782127956179,0
                88.0903061854795,27.8776510319148,0
                88.090315820028,27.8772155078128,0
                88.0902676523718,27.8766564309682,0
                88.0902971735221,27.8756725812133,0
                88.0902461824079,27.8755850255032,0
                88.0902576266337,27.8752713653735,0
                88.0902275713453,27.8751249399056,0
                88.0901683356621,27.8748502126804,0
                88.0900247431669,27.8743279431807,0
                88.0900276280815,27.8739172919377,0
                88.0900611910499,27.8737162483658,0
                88.0901582456871,27.8735260170443,0
                88.0903056685175,27.873348847795,0
                88.0905851421024,27.8729315776317,0
                88.0907623145481,27.8726211084707,0
                88.0908176237323,27.8724446246607,0
                88.0908774552099,27.8713794071983,0
                88.0909445740884,27.8713021653619,0
                88.0910988062836,27.8711768669436,0
                88.091633122807,27.870730479032,0
                88.0919698383387,27.8703826411712,0
                88.0923916041836,27.8700386172138,0
                88.0929122970498,27.8696239144196,0
                88.0934138602089,27.869450751686,0
                88.0936221471264,27.8693994480417,0
                88.0938128749556,27.8693077094791,0
                88.0939392981223,27.8691939095873,0
                88.0941132837283,27.8688902520391,0
                88.0943653833972,27.8685859089779,0
                88.0947160357343,27.8681748273359,0
                88.0950593745927,27.8677998671664,0
                88.0952168590218,27.8676158862281,0
                88.0953289102756,27.8674638387674,0
                88.0954907051145,27.8673362286205,0
                88.0955534487824,27.8672657982007,0
                88.0956948073921,27.8671834336587,0
                88.095843413098,27.867195810326,0
                88.096055760627,27.8671670669995,0
                88.0963749693259,27.8671645108959,0
                88.0967509201858,27.8671885789594,0
                88.0971761139143,27.8671896498504,0
                88.0978421529002,27.8671596032106,0
                88.0985474980912,27.8671923640526,0
                88.0993926337559,27.8673548044838,0
                88.1000809791673,27.8674576213619,0
                88.1003718151564,27.8674733131957,0
                88.1013261882238,27.8675852595955,0
                88.1019371683028,27.8676954493937,0
                88.1027597473881,27.8677633351439,0
                88.1031856911971,27.8677734675624,0
                88.1038117370606,27.8676804877271,0
                88.1041382562783,27.8677094924284,0
                88.1046545660168,27.8676218226179,0
                88.1051148824492,27.8675797730763,0
                88.1056316904087,27.8675395368235,0
                88.1060287024795,27.8675115466314,0
                88.1072087355872,27.8675336306712,0
                88.1078194662885,27.8676167607479,0
                88.1082384096064,27.8676878250189,0
                88.1086855360702,27.8677857632959,0
                88.1091684093116,27.8678382678662,0
                88.1097264580176,27.8679848913972,0
                88.1113233703264,27.8681863424759,0
                88.1118486114308,27.8682881564879,0
                88.1122544303534,27.8684360269328,0
                88.11277748182,27.8686348941084,0
                88.1132830354879,27.8688563847369,0
                88.1142598317592,27.8694215421845,0
                88.1151884423655,27.8701201245886,0
                88.1155134570192,27.8703701710036,0
                88.1156857415552,27.8705875929885,0
                88.1160367480735,27.870963691531,0
                88.1165960344383,27.8715953978704,0
                88.1169442286687,27.8720076809135,0
                88.1172967949787,27.872535016818,0
                88.1177205387033,27.873072977699,0
                88.1182345167316,27.8737433659326,0
                88.1184783527034,27.8740617179099,0
                88.1187237474356,27.8744748122099,0
                88.1190623772052,27.8750022725766,0
                88.1194561293536,27.8753960578601,0
                88.1199321807387,27.8758320916342,0
                88.120390609538,27.876281873629,0
                88.1209047208722,27.8766499143953,0
                88.1211977400612,27.8768798991499,0
                88.1215045689455,27.8770916997612,0
                88.121750845461,27.87727918807,0
                88.1219874336467,27.8775096727813,0
                88.1222808260219,27.8777734677506,0
                88.1228738623189,27.8782266272169,0
                88.1231681902568,27.8785784143217,0
                88.1233769682603,27.8788789542922,0
                88.1237462218036,27.8792978629293,0
                88.1240755464658,27.8795974675125,0
                88.1245844035022,27.8801347435696,0
                88.1252073688793,27.8807793866508,0
                88.1256473643862,27.8811592990039,0
                88.1260764245079,27.8815280252348,0
                88.1263333247242,27.8816951409808,0
                88.1266252835634,27.8818190733836,0
                88.1267253937092,27.881861134239,0
                88.1269669221988,27.8819538812039,0
                88.1272227623057,27.8820285043949,0
                88.1274793526213,27.8821008156498,0
                88.128004157442,27.8821483842273,0
                88.1285678335671,27.8821550826623,0
                88.129106077599,27.882094285622,0
                88.1294732200344,27.8819965514024,0
                88.129791430772,27.8818946918409,0
                88.1302012559564,27.8817514627409,0
                88.1308375523691,27.8816018631266,0
                88.1312946169038,27.8816048724466,0
                88.1318833521051,27.8816383814295,0
                88.1327487384704,27.8816673952666,0
                88.1332452980797,27.8816880291213,0
                88.1339365826162,27.8816959795044,0
                88.1345886230392,27.8817153657317,0
                88.1347871599567,27.8817024953726,0
                88.1349853848994,27.8816625031779,0
                88.1350630011806,27.8816167585389,0
                88.135223983574,27.8814710247046,0
                88.1355276972692,27.8813174194083,0
                88.1362530514543,27.8808827841086,0
                88.1377626939262,27.8798190328348,0
                88.137952235187,27.8796731118217,0
                88.1380852215632,27.8795253772108,0
                88.1383507599899,27.8791216054521,0
                88.1384729976215,27.878976245619,0
                88.1386201708206,27.8787855156518,0
                88.1386615429808,27.8786769008851,0
                88.1387157916814,27.8784621078102,0
                88.1387504136273,27.878373866377,0
                88.1387980998466,27.8781975081038,0
                88.1388249753398,27.8780393974863,0
                88.1389016559048,27.8779079105804,0
                88.1390277681586,27.8777669874015,0
                88.1392254947863,27.8776773749121,0
                88.1393027977155,27.8776654396777,0
                88.1395100169722,27.8778148680755,0
                88.1396609922035,27.8779896057232,0
                88.1398748995433,27.8781141616428,0
                88.140088057807,27.8781620367937,0
                88.1404217633687,27.8782089143795,0
                88.1407197860262,27.8782447918502,0
                88.1411457279781,27.8783111693693,0
                88.1419155016872,27.8783612426519,0
                88.1426097866946,27.8783554451,0
                88.1428440064485,27.8783535118956,0
                88.143127158356,27.8783015851605,0
                88.1434523043845,27.8782605322254,0
                88.1440186082738,27.8781543030376,0
                88.1445511066657,27.8779107719295,0
                88.1447062766375,27.8778214707438,0
                88.1449461234817,27.8776931747252,0
                88.1453198296139,27.87749601187,0
                88.1456723503567,27.8773419696307,0
                88.1459483158575,27.8772697311534,0
                88.1462027848256,27.8772044296078,0
                88.1464209475686,27.8770695085383,0
                88.1466046744008,27.8770363902678,0
                88.1469863760682,27.8769452802885,0
                88.1471241722737,27.8768877255001,0
                88.1473636449903,27.8767278067902,0
                88.1475049398357,27.8767018123852,0
                88.1477534689578,27.8767380637754,0
                88.1481517275009,27.8768295638425,0
                88.1485341164947,27.8767947620521,0
                88.1486541641741,27.8767486435953,0
                88.1488650780633,27.8765844745759,0
                88.149089491383,27.8763863092581,0
                88.1492582225432,27.8762473247214,0
                88.1496661154134,27.8759280477285,0
                88.1498775910759,27.8758134997871,0
                88.1500288228864,27.8757175109333,0
                88.1503453512817,27.8754621649801,0
                88.1505890179452,27.8750382698878,0
                88.1507567515649,27.8748157925922,0
                88.1509666053128,27.8745501321656,0
                88.1512890704711,27.8742586643666,0
                88.1517555847883,27.8737810278642,0
                88.1521562912565,27.8734438160648,0
                88.1524091381446,27.8732273398863,0
                88.1526328656152,27.8729548059037,0
                88.1528268520889,27.8725132860459,0
                88.1529302196795,27.8722664972104,0
                88.1530095901755,27.8720334563929,0
                88.1530933947155,27.8719177182212,0
                88.1532823126725,27.8717153644376,0
                88.153401425257,27.8715767542878,0
                88.1534571716025,27.8714499538742,0
                88.1534985435064,27.8713412773674,0
                88.1535464167158,27.8711852292006,0
                88.1535802287252,27.8710203063971,0
                88.153628350454,27.8708935692673,0
                88.1537122178502,27.8707800177964,0
                88.1537967077491,27.870727461796,0
                88.1539662498185,27.8706764073085,0
                88.1541647236911,27.87066347461,0
                88.1546832154979,27.8707786623987,0
                88.154875439465,27.8708334115926,0
                88.15509559708,27.870888098738,0
                88.1553295034019,27.870917663155,0
                88.1559215514661,27.8709126130121,0
                88.1566080262398,27.8708302584357,0
                88.1570538451945,27.8707385259511,0
                88.1574000526591,27.8706544148103,0
                88.1577749428627,27.870574554175,0
                88.1582133897416,27.8704468240573,0
                88.158505605296,27.8702931557561,0
                88.1587880713239,27.8701757339953,0
                88.1589857977686,27.8700928708756,0
                88.1592896973836,27.8700203828011,0
                88.1595797854521,27.869968330978,0
                88.1599260548689,27.8698842200213,0
                88.1601660885507,27.8697806710529,0
                88.1604277429506,27.8697401172751,0
                88.1610206721613,27.869516274087,0
                88.1613034492006,27.8694303498433,0
                88.1617807033191,27.8693136193488,0
                88.1621272844141,27.8692543190108,0
                88.1624524937844,27.8691635836184,0
                88.162748958055,27.869052849072,0
                88.16310729295,27.8687925042289,0
                88.1636121075823,27.8685852824938,0
                88.1640918620786,27.8683940587195,0
                88.1646622966722,27.8680417886917,0
                88.1650562530853,27.867729385751,0
                88.1654340907443,27.8672727460119,0
                88.1660233406004,27.866708307312,0
                88.1661667640451,27.8665311388637,0
                88.1662844431258,27.8662639144139,0
                88.1664523630226,27.8660617478726,0
                88.1666830900067,27.8657958386699,0
                88.1670001782478,27.8655968621346,0
                88.1673315151335,27.8654248841082,0
                88.1677541529774,27.8651866626287,0
                88.1683683298028,27.8649423217531,0
                88.1688123389098,27.864744597713,0
                88.1690697467344,27.8646024908762,0
                88.1693730848654,27.8644803820396,0
                88.1696984815258,27.8644099574741,0
                88.169917517198,27.8643562160922,0
                88.1702845357629,27.8642019250822,0
                88.1704535161085,27.8641012497261,0
                88.1706574935889,27.8639483922633,0
                88.1707412980347,27.8638325911035,0
                88.1708460370171,27.8637189159508,0
                88.1709945198214,27.8636544869849,0
                88.1713051061764,27.8635638761718,0
                88.1718042307895,27.8634783932404,0
                88.1719880827255,27.8634565242647,0
                88.1721293150342,27.8634372782672,0
                88.1722848581606,27.8633795988771,0
                88.1724254049284,27.8632904224757,0
                88.1726919403931,27.8629926416592,0
                88.1728667971041,27.8627881001212,0
                88.17310539689,27.8625536881066,0
                88.1733088752931,27.8623557093996,0
                88.1734777936115,27.8622482849846,0
                88.1737029552358,27.8621199878137,0
                88.1738291916753,27.8619993764987,0
                88.1739476188303,27.8617975832561,0
                88.174012615917,27.8615872285903,0
                88.1740467392055,27.8614560527271,0
                88.1740871761747,27.8612661951923,0
                88.1741271154888,27.8610267799953,0
                88.1741543019169,27.8609001668339,0
                88.1741952378013,27.8607486803323,0
                88.1742856052961,27.8605967578405,0
                88.1744190898167,27.8605008939408,0
                88.1748634751572,27.8602827972656,0
                88.1751379435941,27.8601360657702,0
                88.175514837939,27.8598937194975,0
                88.1756969429722,27.8597162386902,0
                88.1758232424743,27.8596000638379,0
                88.1759419814576,27.8594298938656,0
                88.1759969773326,27.8592918444969,0
                88.1760392861083,27.8592147273314,0
                88.1760716630744,27.8589821230705,0
                88.1761196616152,27.8587853910545,0
                88.1762095299744,27.8585837857134,0
                88.1762785867373,27.8584569235755,0
                88.1764285736594,27.8581849500194,0
                88.1765398138895,27.858026090953,0
                88.1766520526509,27.85789879226,0
                88.1768556555106,27.8577211241828,0
                88.1771160004055,27.8575497070421,0
                88.1772147378285,27.8575353354627,0
                88.1773847164928,27.857522589367,0
                88.1775049508275,27.8574944694715,0
                88.1776741813589,27.8574186048656,0
                88.177744611043,27.8573547990183,0
                88.1779739677555,27.8569129677741,0
                88.1780678950378,27.8567971047175,0
                88.1782298769023,27.8566964289346,0
                88.1784703476319,27.8566312521289,0
                88.1791298229834,27.8566503882088,0
                88.179768550548,27.8567397057426,0
                88.1799815217361,27.8567762064751,0
                88.1803287881218,27.8567913370506,0
                88.1804426474669,27.8568218991419,0
                88.1807475452658,27.8568373415261,0
                88.1808898384042,27.8568609673918,0
                88.1815105065239,27.856925598844,0
                88.181766408262,27.8570000974208,0
                88.1821074869938,27.857085159866,0
                88.1823065220635,27.8571217854019,0
                88.1825401168452,27.8571310393009,0
                88.1827171559783,27.8571295426117,0
                88.1829295669593,27.8571164228136,0
                88.18314935161,27.8570762433489,0
                88.1832617133779,27.8570234380973,0
                88.1837700271698,27.8567934057707,0
                88.183907572345,27.8567787219046,0
                88.184106171627,27.856776976664,0
                88.1843825736985,27.8567497967445,0
                88.1847367770696,27.8567603024481,0
                88.1848360136193,27.8567842403472,0
                88.1849782450266,27.8567898053433,0
                88.1851341005167,27.8567681848163,0
                88.1852681468686,27.8567241285204,0
                88.1854575636495,27.8565781452432,0
                88.1855766133599,27.8564372227071,0
                88.1858340908463,27.8560199522243,0
                88.1861553723232,27.8555704977925,0
                88.1864072843774,27.8552773409353,0
                88.1868737976605,27.8548198902923,0
                88.1870975254396,27.8545652920242,0
                88.1872099506503,27.8544583040353,0
                88.1874140529895,27.8543188827572,0
                88.1875545370396,27.8542274561809,0
                88.1877805096877,27.8541127205935,0
                88.1879073081552,27.8540484784264,0
                88.1880057336037,27.8539979849092,0
                88.188118783122,27.8539473665216,0
                88.1882732651224,27.8538580655893,0
                88.1883659399214,27.8538617542742,0
                88.1885150440749,27.8539168773738,0
                88.1886505247097,27.8540059343806,0
                88.1887646333533,27.8540546205978,0
                88.1888927403179,27.854103118851,0
                88.1890846517877,27.8541330570017,0
                88.189768686681,27.8541903159481,0
                88.1900035293076,27.854251502274,0
                88.1902241858734,27.8543510603683,0
                88.1903877885655,27.854399309821,0
                88.1908637231804,27.854521558116,0
                88.1910562582301,27.8546010555951,0
                88.1913254734136,27.8546190591841,0
                88.1915596921532,27.8546215639485,0
                88.1919425172469,27.8546431318804,0
                88.1923225914205,27.8546984472062,0
                88.1926841056473,27.8547313886006,0
                88.1930593704099,27.8547033365901,0
                88.1936900381368,27.8546979121162,0
                88.194342328008,27.854692300226,0
                88.1948238905815,27.8546880602016,0
                88.1951318518768,27.8546470697011,0
                88.1954427496917,27.8545879560068,0
                88.1956121665825,27.8545300898112,0
                88.1959148203742,27.8542951164667,0
                88.1960824298653,27.8540726391808,0
                88.1962567261017,27.853825163909,0
                88.1963675927144,27.853573813452,0
                88.1965137662728,27.8533627103407,0
                88.1965688887256,27.8531863520256,0
                88.1966240714342,27.8530729876924,0
                88.1966834573881,27.8523483648289,0
                88.1967632092303,27.8518694087935,0
                88.1968175812768,27.8516794259789,0
                88.1969145129281,27.8514327000051,0
                88.1970894405498,27.8508965004092,0
                88.1971370643218,27.8507246417776,0
                88.1971705019804,27.8505303470159,0
                88.1972254361497,27.8503899225586,0
                88.1972513140373,27.8501506944458,0
                88.1972630668844,27.8499497740889,0
                88.1972257011008,27.8497741020031,0
                88.1971773992112,27.8495985540822,0
                88.1971545320199,27.8494273178712,0
                88.1970952960503,27.8491752139093,0
                88.1970435568206,27.849024476418,0
                88.1969356998678,27.8488562388889,0
                88.196891709067,27.8487189999645,0
                88.1969038986549,27.8485609519912,0
                88.1969995830774,27.8482014224052,0
                88.1970552650079,27.8481310547554,0
                88.1971278845748,27.8479792574581,0
                88.1971906915588,27.8478658932836,0
                88.1972456252335,27.8477255319941,0
                88.1973226803545,27.847636916091,0
                88.1973983632468,27.8474219367256,0
                88.1974816687763,27.8472632644076,0
                88.1975361042257,27.847075594553,0
                88.1975697286417,27.8468970482341,0
                88.1976867217928,27.8465825157896,0
                88.1977414060405,27.846417343578,0
                88.1978658344178,27.8461342459246,0
                88.1978607765892,27.8459628239309,0
                88.1978799661066,27.845804775322,0
                88.1978925921715,27.845680599463,0
                88.1979694599947,27.8455784219136,0
                88.1981032587678,27.8454508731833,0
                88.1983556070065,27.8452028380962,0
                88.198544586537,27.8450252319885,0
                88.1986775729253,27.8448864346605,0
                88.1990147852453,27.8446240893843,0
                88.1991766416912,27.8445211643455,0
                88.1994526076136,27.8444510510113,0
                88.1996648303517,27.8444244324572,0
                88.1999470467895,27.8442956365514,0
                88.2001475238735,27.8441788381527,0
                88.2002319524441,27.84412171974,0
                88.2004003716012,27.8439758608672,0
                88.200765020074,27.8436139622862,0
                88.2008772586406,27.8434934756131,0
                88.2009950612156,27.8433029318354,0
                88.2011135497436,27.8431123886944,0
                88.2012314161872,27.8428722241352,0
                88.2013210350546,27.8426526201357,0
                88.2014427192572,27.8421214194837,0
                88.2014802263047,27.8416676474777,0
                88.2015188554063,27.8413199288576,0
                88.2015018640368,27.8410448274304,0
                88.2014863070473,27.8408983399428,0
                88.2014535715638,27.8405151232322,0
                88.2014538362692,27.8399104887301,0
                88.2015016464587,27.8397589410066,0
                88.2015548362031,27.8393997857137,0
                88.2015022324991,27.8388317715806,0
                88.2014500571161,27.8385885420386,0
                88.2014334408948,27.8383473134891,0
                88.2014169473734,27.8381715152609,0
                88.2013585221571,27.837996029706,0
                88.2012992855012,27.8377439258671,0
                88.2012409836145,27.8376316222797,0
                88.2011469377726,27.8374496984817,0
                88.20088985158,27.8372624596264,0
                88.2007363119609,27.8371442169351,0
                88.2005290931404,27.8369948516232,0
                88.2002515686189,27.8369092904312,0
                88.200137835018,27.8368358576975,0
                88.2000796578548,27.836741614237,0
                88.1999208736862,27.8364407004199,0
                88.1998202641347,27.8363400196172,0
                88.1997033415383,27.8363297686233,0
                88.1994987411549,27.8364195684648,0
                88.1992944522796,27.8365341174611,0
                88.1991036020899,27.8365425499668,0
                88.198685282366,27.8365258553403,0
                88.1980476146798,27.8365269058199,0
                88.1978066464809,27.836533524931,0
                88.1970768031417,27.8365668825092,0
                88.1967827167332,27.83653787941,0
                88.1964561358246,27.836495626876,0
                88.1961935464568,27.8364414385435,0
                88.195865967689,27.8363044439578,0
                88.1957095527112,27.836217823418,0
                88.195517578462,27.8361833849154,0
                88.1952619877147,27.8361336971176,0
                88.1951056337223,27.8361102582744,0
                88.1949207223006,27.8360238871279,0
                88.1947210016883,27.8359127687076,0
                88.1946493243577,27.8358615210804,0
                88.1944351064679,27.8357077180141,0
                88.1942703815952,27.8355579777638,0
                88.1942343889202,27.8354567987075,0
                88.1939944332121,27.8349242152919,0
                88.1939108866153,27.8347106078801,0
                88.1938878307877,27.8345709943561,0
                88.1937616035336,27.8343464487326,0
                88.1934522153586,27.8339588516536,0
                88.1930157201719,27.8335520665822,0
                88.1920942946388,27.8328922310765,0
                88.1914740100727,27.8325005653499,0
                88.1913068533825,27.8321252200329,0
                88.1912675635581,27.8314330301693,0
                88.1911995815903,27.8310726227776,0
                88.1910232440372,27.8304966700814,0
                88.1907986049467,27.8297361070367,0
                88.1906834372732,27.8295294985833,0
                88.19055327337,27.8292847673855,0
                88.1904525385413,27.8291840867583,0
                88.1899799248227,27.8287166801298,0
                88.1898533233256,27.8284515763045,0
                88.1897945222058,27.8282964010332,0
                88.1896367977568,27.8280879790856,0
                88.1893654001069,27.8279211127159,0
                88.1891931775764,27.8277218149501,0
                88.188975031575,27.8272071057273,0
                88.1886966423404,27.8266928951449,0
                88.1885659790612,27.8264029800585,0
                88.1883223293734,27.826165933924,0
                88.1876212495641,27.825517789508,0
                88.1874498377062,27.8253861095729,0
                88.1873604131058,27.8253304881016,0
                88.1872181216842,27.8252573041465,0
                88.1870614556737,27.8251999938203,0
                88.1869046654887,27.8251336209069,0
                88.1868193023124,27.8250959980824,0
                88.1866418887813,27.8250591854175,0
                88.1863997353442,27.8249620013515,0
                88.1857953196567,27.8247393836513,0
                88.1853395088935,27.8245357047697,0
                88.1847483436643,27.8242497814312,0
                88.1842641001088,27.8239967938004,0
                88.1836546252475,27.8236613106419,0
                88.1827643774933,27.8232290809936,0
                88.1825073534635,27.8230417796808,0
                88.1823225023187,27.8230185287631,0
                88.1820948472903,27.8229122204477,0
                88.1818388204852,27.8228196613118,0
                88.1815969794431,27.822747288085,0
                88.1812498999325,27.8227367197003,0
                88.1806867846283,27.8227550189231,0
                88.1804886848057,27.822799574118,0
                88.1801849099197,27.822865374592,0
                88.1798947593278,27.8228994282373,0
                88.179704034251,27.8229213603343,0
                88.1795976718006,27.8229403563609,0
                88.1793988861293,27.8229172293241,0
                88.1791578566474,27.8228561046502,0
                88.1790151888714,27.8228076686787,0
                88.1787451013661,27.8227084848569,0
                88.1784819507636,27.8225979261179,0
                88.1781291269062,27.8224114358242,0
                88.1777591156204,27.8222770026876,0
                88.1773257997098,27.8221588798878,0
                88.176664640833,27.8219636957846,0
                88.1762524474235,27.8218544479327,0
                88.1756552182913,27.8216587030377,0
                88.175225214007,27.8215473286665,0
                88.1750609884909,27.8214359604427,0
                88.174804525317,27.8213005294544,0
                88.17463373646,27.8212320323685,0
                88.1741871085102,27.8211659044349,0
                88.1739020244274,27.8210307228962,0
                88.1737244867355,27.8209757872955,0
                88.173532075554,27.8208939777767,0
                88.1733965330896,27.8208003579698,0
                88.1732327440081,27.8207272991166,0
                88.1730906395574,27.8206653639977,0
                88.1730470223966,27.8205643099439,0
                88.1730174037584,27.820465193024,0
                88.1730580281186,27.8202866470261,0
                88.1730709034066,27.820187280799,0
                88.1732818884575,27.8196937030126,0
                88.1733704480735,27.8193771080185,0
                88.1734261309898,27.8192457451399,0
                88.1734876901931,27.8190692623234,0
                88.1735221260697,27.8189674590547,0
                88.1735340042855,27.818777850612,0
                88.1735471930479,27.8186469876381,0
                88.1735456342874,27.8185003130123,0
                88.1735020799946,27.8184013838146,0
                88.1734364046073,27.8182508327267,0
                88.1733449856963,27.8180124772964,0
                88.173329677602,27.8178861753128,0
                88.173327870165,27.81771481544,0
                88.1733549318888,27.8175769524144,0
                88.1734101782577,27.8174637137071,0
                88.1735229146637,27.8173927852016,0
                88.173721139982,27.8173595414801,0
                88.1739120526652,27.817357920538,0
                88.1740327864997,27.8173749213339,0
                88.1741890160901,27.8173939858,0
                88.1744440449367,27.8173962402651,0
                88.1747415065504,27.8173937461368,0
                88.1748401815843,27.8173680627867,0
                88.1749816027335,27.8173036969187,0
                88.175115399285,27.8172393924387,0
                88.1752065765002,27.8171641504159,0
                88.1755017938359,27.8169541127294,0
                88.1756919595296,27.816832939555,0
                88.1760156086066,27.8166587741159,0
                88.1761002859918,27.8166332778812,0
                88.1764989252165,27.816478611721,0
                88.1771623448305,27.8162338340918,0
                88.1775857938582,27.81609260415,0
                88.177925187966,27.816037865818,0
                88.178172781988,27.8159996242329,0
                88.1783355116555,27.8159711923576,0
                88.1788223283728,27.8157594705242,0
                88.1789663121292,27.815645420741,0
                88.1791277327353,27.8154929381738,0
                88.1792249742258,27.8153342036089,0
                88.1794622643376,27.8149914882096,0
                88.1799032805798,27.8145342874787,0
                88.1800853874523,27.8143071232308,0
                88.1802398713678,27.8141659509091,0
                88.1806925712305,27.8137921182425,0
                88.1808324319676,27.8136442591299,0
                88.1810016617404,27.8135751433695,0
                88.1820761690063,27.8126951166081,0
                88.1826040464473,27.8123522197501,0
                88.1830636830516,27.8119828233823,0
                88.1835068832077,27.8116699851312,0
                88.1838793416655,27.8113892674336,0
                88.1840965692437,27.8111866636775,0
                88.1843141699157,27.8110133086607,0
                88.184511646787,27.81091244667,0
                88.1847871135957,27.8108152727055,0
                88.1850407082946,27.8106867894556,0
                88.1851386353711,27.8105912373401,0
                88.1851733207483,27.8105164321025,0
                88.1851894466026,27.810365132623,0
                88.1852016993388,27.8102070841681,0
                88.1851985817574,27.8099228595242,0
                88.1851973977029,27.8098033075769,0
                88.185153967496,27.8097270005851,0
                88.1851662838422,27.8095148324166,0
                88.1851503050028,27.8087457115144,0
                88.1851671177036,27.8086575949859,0
                88.1852299869752,27.8085487306128,0
                88.185278172013,27.8084287415625,0
                88.1854039093403,27.8082765081076,0
                88.1856852522653,27.808066594517,0
                88.1858884187209,27.8078504922992,0
                88.1860277808113,27.807659824626,0
                88.1860754666456,27.8074969643702,0
                88.1861221540532,27.8072371133743,0
                88.1861138454278,27.807117623706,0
                88.1861209783922,27.8067792162461,0
                88.1860944306093,27.8063191931967,0
                88.1861143070259,27.8061678942914,0
                88.1861391878193,27.8058270493305,0
                88.1860650257344,27.8051914788701,0
                88.1860469109523,27.8048645071342,0
                88.1860084855179,27.8045986550871,0
                88.1859431860895,27.8044232317924,0
                88.1859256940208,27.804159442159,0
                88.1859238955579,27.8036428619935,0
                88.1859703334236,27.8033649502655,0
                88.1860515812917,27.8030191068517,0
                88.1861917550578,27.8028464994312,0
                88.1863786772252,27.8024794109591,0
                88.1864792325005,27.8022776806665,0
                88.1865328569491,27.802017829047,0
                88.1866155401661,27.8017419175992,0
                88.1866416661677,27.8015769950352,0
                88.1867178478985,27.8014116358896,0
                88.1868648332473,27.8012231552082,0
                88.1872569798674,27.800829510016,0
                88.1874498337196,27.8006631535193,0
                88.1875756960614,27.8005109196477,0
                88.1877078716716,27.8003022532142,0
                88.1878122383072,27.8000983357506,0
                88.1879358558223,27.7997452442087,0
                88.1879630433141,27.7996187554715,0
                88.1880176653754,27.7994558329991,0
                88.1880737210061,27.7994170251897,0
                88.1881727720435,27.7993665315863,0
                88.188271260294,27.7993273496557,0
                88.1885751595795,27.7992796103008,0
                88.1887871328117,27.7992349301557,0
                88.1889779849043,27.7991701276593,0
                88.1891042206805,27.7990562023601,0
                88.189225960301,27.7988769706103,0
                88.1892814565553,27.798725360041,0
                88.1893852602513,27.7985416907537,0
                88.1895253710353,27.7983577717999,0
                88.1896367978849,27.7982259735363,0
                88.1897422240584,27.7981235465745,0
                88.189904392761,27.7980476817691,0
                88.1900241907632,27.7979835021413,0
                88.1902785963182,27.7979293873101,0
                88.1904980680085,27.7979275161956,0
                88.1906539847807,27.7979262071914,0
                88.1908870806894,27.7978993389298,0
                88.1910851809536,27.7978592844163,0
                88.1911696084494,27.7978021657988,0
                88.1913375286364,27.7976179975908,0
                88.1914344582743,27.7974344531055,0
                88.1916238832134,27.796954436337,0
                88.191665569046,27.7968210743975,0
                88.1917416871711,27.7967075853838,0
                88.1918259898697,27.7966437181681,0
                88.1919605363149,27.7965929128348,0
                88.1921225780296,27.796566730908,0
                88.1922573117815,27.796533986125,0
                88.1925813346104,27.7964116280161,0
                88.192729941157,27.7963719468803,0
                88.192892483644,27.7963277039769,0
                88.1931537016045,27.7962667773222,0
                88.1932808110643,27.7962295956063,0
                88.1934937816247,27.7962774078983,0
                88.1935785839516,27.7962630985837,0
                88.1936698231751,27.7961946688303,0
                88.1937677525429,27.7960426840535,0
                88.1939347373876,27.7957705241338,0
                88.1939583618338,27.7956687832964,0
                88.1940205435614,27.7955554196883,0
                88.1941882774626,27.7953509403994,0
                88.1942929553382,27.7951808332215,0
                88.1944318809267,27.7949517930884,0
                88.1945016869009,27.7948384290437,0
                88.1945845559099,27.7946481980191,0
                88.1947239793902,27.7944642794736,0
                88.1950087055635,27.7939338937664,0
                88.1951563219343,27.7935174953969,0
                88.1952256920482,27.7933702596834,0
                88.1953660524971,27.793213401542,0
                88.1955129745618,27.793079041005,0
                88.1956751422241,27.7930009265075,0
                88.1958238743333,27.792974806748,0
                88.1960856531162,27.7929612505795,0
                88.1962336971234,27.7929284434157,0
                88.196353245983,27.7928438914256,0
                88.1964164265844,27.7927621492304,0
                88.1965354149607,27.7926234769387,0
                88.1966821495744,27.7924710554603,0
                88.1967372701629,27.7923556286931,0
                88.1968285112413,27.7922307044522,0
                88.1968619481255,27.7920972789451,0
                88.1969543191198,27.7917874330275,0
                88.1970587473541,27.7915970144588,0
                88.197085309329,27.79147271376,0
                88.1971408690291,27.7913323513908,0
                88.1971820534415,27.7912124257963,0
                88.1972091766265,27.7911422452108,0
                88.1971938072936,27.7910160683613,0
                88.1971505024346,27.7909420114192,0
                88.1971776889806,27.7908154605515,0
                88.1970912666054,27.7906830329435,0
                88.1967830023893,27.7903338074327,0
                88.1966284640733,27.7901727554385,0
                88.1964987982196,27.7899775827082,0
                88.1963983155764,27.789834093076,0
                88.1960974250484,27.7895208652722,0
                88.1960183748761,27.7894200597693,0
                88.1958523411138,27.7891462050264,0
                88.195672620599,27.788888349327,0
                88.195563640795,27.7886681791421,0
                88.1955232751126,27.7885128793677,0
                88.1955427773413,27.7883232085307,0
                88.1953648171331,27.7876502642211,0
                88.1953608273766,27.7872847962378,0
                88.1953443972573,27.7870593778779,0
                88.1953466505861,27.7869194533354,0
                88.1953307182693,27.7867932760241,0
                88.1953010385835,27.7866311026756,0
                88.1952428608427,27.7865301104508,0
                88.1951858696818,27.7864809260596,0
                88.1946721328834,27.7861311961871,0
                88.1941095883723,27.7858292745019,0
                88.1932757711282,27.7853762346022,0
                88.192677108488,27.7850226915473,0
                88.1924811367449,27.7848980735675,0
                88.1921177505124,27.784729768832,0
                88.1919542731069,27.7846747697424,0
                88.1916979352117,27.7845507133685,0
                88.1914116036839,27.7842891684358,0
                88.1910049142198,27.7839768128857,0
                88.1905328607396,27.7836041479141,0
                88.1901679167652,27.783228299058,0
                88.1894557155583,27.7825237840673,0
                88.1888268098083,27.7820126294611,0
                88.1880409893549,27.7814147908642,0
                88.1880003742995,27.7812391182392,0
                88.1879555733634,27.7810251983782,0
                88.1878615278794,27.7808297756494,0
                88.1878388450537,27.780730659506,0
                88.1877451114115,27.7805667971008,0
                88.1877152442456,27.7804407445781,0
                88.1875283374806,27.7801648277627,0
                88.1871128397412,27.7797397944451,0
                88.1869284967799,27.7794075074478,0
                88.1866761652159,27.7790013500859,0
                88.1865900537563,27.7789006078699,0
                88.1864749496336,27.7786939361027,0
                88.1863888382542,27.7785886935133,0
                88.1863305356146,27.7784741401465,0
                88.1862444252193,27.7783688352327,0
                88.186102444959,27.7783136489979,0
                88.1859035343813,27.7782770236687,0
                88.1857609306385,27.7781654681703,0
                88.1856742584115,27.7780082922827,0
                88.1853741859677,27.7774693964872,0
                88.1852877625273,27.7773370936438,0
                88.1851309741187,27.7772007901958,0
                88.1850095542269,27.7771138578047,0
                88.1848032079682,27.7770389232336,0
                88.184404888122,27.7769047392383,0
                88.1838085948163,27.7767699266134,0
                88.1834468940923,27.7766850517468,0
                88.1832446082029,27.7766755484305,0
                88.1829112145914,27.7766400453157,0
                88.1825146422441,27.7766118524278,0
                88.1821385672829,27.7765519131199,0
                88.1818687920096,27.7764594158366,0
                88.1816891334008,27.7762714907638,0
                88.1814544165094,27.7761426221554,0
                88.1812685687095,27.776017879943,0
                88.1811541503536,27.775879015057,0
                88.1811167215556,27.775698842535,0
                88.1811929033283,27.7755334833331,0
                88.1812822724359,27.7752936311652,0
                88.1813644562318,27.7750334681386,0
                88.1813987666724,27.7749271651353,0
                88.181517879342,27.7747998039066,0
                88.1819277106436,27.7744060344277,0
                88.1821783130907,27.7740068243342,0
                88.182204939097,27.7738306528096,0
                88.1822168801319,27.7736477939462,0
                88.182186575581,27.7734833701958,0
                88.1821990786173,27.7732892626616,0
                88.1821404645679,27.7731498984222,0
                88.1821110966797,27.7730125349962,0
                88.1818980093332,27.7726488750292,0
                88.1818042757131,27.7724850126225,0
                88.1816893558875,27.7723596466634,0
                88.1815317561971,27.7721534109605,0
                88.1814943282319,27.7719710513849,0
                88.1814636503448,27.7717772556082,0
                88.1814757149995,27.77160120908,0
                88.1814172278262,27.7714122235874,0
                88.181315940858,27.7708964544338,0
                88.1812697054168,27.7705494220204,0
                88.1812787800076,27.7700394669976,0
                88.1813381033443,27.7693080316306,0
                88.1813786027601,27.7691249859797,0
                88.1813980410714,27.7689872491143,0
                88.1814319148169,27.768835762524,0
                88.181466038949,27.7687091493585,0
                88.1815349104331,27.7685077306419,0
                88.1816254635521,27.7683806818722,0
                88.1817720116307,27.7682146991095,0
                88.18200336276,27.7679735995092,0
                88.1822460843859,27.7678451779026,0
                88.1824435602077,27.7677555022269,0
                88.182619227652,27.7676412034357,0
                88.1827943344162,27.7674817831347,0
                88.1830609317515,27.7672088124199,0
                88.1831380485724,27.7671269461559,0
                88.1832213542645,27.7669750865572,0
                88.1832411033887,27.7668733455871,0
                88.1832678547363,27.7667039863612,0
                88.1832797956314,27.7665143780919,0
                88.1832917996091,27.7662750861408,0
                88.1832480581987,27.7661626583404,0
                88.1830437768189,27.7659749204752,0
                88.1827366362528,27.7657136245305,0
                88.1826362150969,27.7655746350511,0
                88.1824924879373,27.7654178954085,0
                88.1823200782409,27.7651870375019,0
                88.1822751528036,27.7649595568686,0
                88.1822294784664,27.7646643945499,0
                88.182184551935,27.76443922527,0
                88.1819656512803,27.7641319982892,0
                88.1819210352278,27.7639925094021,0
                88.1818774813989,27.7638936426458,0
                88.1818408024734,27.7637292809261,0
                88.1817969983862,27.7635987912535,0
                88.1817525091337,27.7634164318192,0
                88.1816942692542,27.7633086273822,0
                88.1815998500047,27.7630770831655,0
                88.1814691865821,27.7627759200056,0
                88.1811353036527,27.7623320771491,0
                88.1809269629005,27.7620609092442,0
                88.180696750767,27.7617605562338,0
                88.180395985769,27.7614360157655,0
                88.1790070055372,27.7603401469722,0
                88.1787069263894,27.7600832885395,0
                88.1783642899862,27.7598222422907,0
                88.1780356522729,27.7595611336006,0
                88.1776321496543,27.7592487157785,0
                88.1774539888184,27.7591306599779,0
                88.1772323347616,27.7589182362728,0
                88.1770752953315,27.7588135551203,0
                88.1768615763071,27.7586890617012,0
                88.1767755281456,27.7585882561151,0
                88.1766895417212,27.7584942007654,0
                88.1766308655424,27.7583435877143,0
                88.1766013724882,27.7581926629761,0
                88.1765715053965,27.7580688600577,0
                88.1765668216949,27.7579289975931,0
                88.1766736962547,27.7573731104654,0
                88.1766974544046,27.756933024646,0
                88.1768120157499,27.7563838256185,0
                88.1768597637661,27.7562255274301,0
                88.1769951893864,27.7559671776671,0
                88.1770814421727,27.7554362882016,0
                88.1771206321734,27.7551337535413,0
                88.1772010068349,27.7547043551286,0
                88.17740818866,27.753872369485,0
                88.1774617503555,27.7536012071426,0
                88.177514564367,27.7532713623797,0
                88.1775408792866,27.75306363053,0
                88.1775390708385,27.7528944583725,0
                88.1775122044773,27.7526984121733,0
                88.1774460309168,27.7524981782812,0
                88.1774520955652,27.7523538166033,0
                88.1786186221625,27.7502367121847,0
                88.1785473257649,27.7499733592363,0
                88.1784863413096,27.7496670724967,0
                88.1784837220672,27.7494257183173,0
                88.1785395322844,27.7492537968365,0
                88.1786522120918,27.748943763715,0
                88.178687153124,27.7486524153596,0
                88.1787241514351,27.7484987415443,0
                88.178678112213,27.7478133008638,0
                88.1784388510047,27.7470257402987,0
                88.1779712973605,27.7465853319826,0
                88.1776055945871,27.7465883866617,0
                88.1761366091302,27.7461542085449,0
                88.1758644634209,27.7458993508955,0
                88.1755135813529,27.7455256262107,0
                88.1752412472879,27.7453068279773,0
                88.1749299203706,27.7450004104442,0
                88.1746565884553,27.7446936823466,0
                88.1743823859598,27.744249277764,0
                88.1743214013108,27.7439429914866,0
                88.1741071224072,27.7437034459306,0
                88.1737176827031,27.7433299709028,0
                88.1733694816885,27.7431953508285,0
                88.1729432921873,27.7429937343514,0
                88.1725562207926,27.7428434904049,0
                88.1719947386271,27.7425572545251,0
                88.1713173330642,27.7422877644485,0
                88.1708927038685,27.7421718288,0
                88.1704861976031,27.7420376452481,0
                88.170040013197,27.7417503489428,0
                88.1696149470118,27.7416005413373,0
                88.169093455541,27.7415012269975,0
                88.1688429258631,27.7414852857798,0
                88.1686680774375,27.7413152973129,0
                88.167972797434,27.7411497354117,0
                88.1676450899991,27.7411524786647,0
                88.1673185045388,27.7412590253852,0
                88.167029479529,27.7412614568748,0
                88.1665875348235,27.7413689388609,0
                88.1659331817196,27.7414082976977,0
                88.1655071166694,27.7412223676663,0
                88.1650048723715,27.7410889326041,0
                88.164676044822,27.740920315716,0
                88.1640737582532,27.7404990276372,0
                88.163168501275,27.740488573252,0
                88.1628595435976,27.7404054494347,0
                88.1624159155045,27.7403572579227,0
                88.161857675385,27.7403799946098,0
                88.161395546592,27.7404357930386,0
                88.1608374929775,27.7404743413542,0
                88.1602215085557,27.7405471971521,0
                88.1597425018536,27.7408083526458,0
                88.1591855711401,27.7409506416601,0
                88.1588961724532,27.740919263533,0
                88.1586443327251,27.7407837080171,0
                88.158451670509,27.7407853291198,0
                88.1583109393208,27.7407865136183,0
                88.158289461317,27.7400151433085,0
                88.158305093401,27.7396383018368,0
                88.1582802343525,27.7391421569523,0
                88.1580842667549,27.7388347430135,0
                88.1578678690572,27.7383899029085,0
                88.1576139110334,27.7380490523252,0
                88.1573611988567,27.7378301290359,0
                88.1572242209947,27.7376417677381,0
                88.1569524497316,27.7374206570303,0
                88.1567581660392,27.7372689167913,0
                88.1563686017357,27.7368773802183,0
                88.1561533254848,27.7365361560862,0
                88.1560326027984,27.7360928179687,0
                88.1559888702557,27.7356126716959,0
                88.155867774386,27.7350654667434,0
                88.1557070614371,27.7344328939841,0
                88.1555877116747,27.7340548621726,0
                88.155565907039,27.7338497550406,0
                88.1555396774871,27.7331641269046,0
                88.1555353136943,27.732753600569,0
                88.1552604232726,27.7322933851141,0
                88.1551017046798,27.7318479839051,0
                88.154999606451,27.7313007168569,0
                88.1548398285511,27.730753824712,0
                88.1546789282983,27.7301031908395,0
                88.1545565860372,27.729436434324,0
                88.1545133522222,27.7290081587769,0
                88.1544699940171,27.7285618216255,0
                88.1544664406244,27.728221226461,0
                88.1543827790084,27.7276218402166,0
                88.1543791628114,27.7272789327472,0
                88.1542328975042,27.7261476532494,0
                88.1541689835966,27.7255480800668,0
                88.1542795428295,27.7251027464375,0
                88.1546410678988,27.7247049133479,0
                88.1547523150225,27.7242573294072,0
                88.1547282037941,27.7238311162662,0
                88.1546829769088,27.7231456751886,0
                88.1545020799033,27.7224613569868,0
                88.1544400352791,27.7220490165758,0
                88.1544545442051,27.7216202424432,0
                88.154585412304,27.7212266539524,0
                88.1548333855953,27.721001241354,0
                88.1552539010649,27.7206728406933,0
                88.1554434468092,27.7203779955206,0
                88.155398841447,27.7198143567035,0
                88.1553589123773,27.7196928663897,0
                88.1553344903077,27.7191809735164,0
                88.1552898854464,27.7186150843557,0
                88.1553263860982,27.718409478579,0
                88.1553582710888,27.7178249053742,0
                88.1552962276631,27.7174148144936,0
                88.1550443262349,27.7172635108445,0
                88.154597768243,27.7169243442884,0
                88.1541289075258,27.71627626619,0
                88.1540306122806,27.7160875938491,0
                88.1540283058067,27.7158665503065,0
                88.1539869424383,27.7156096968417,0
                88.153965015322,27.7153346578541,0
                88.1538047986743,27.7148035764789,0
                88.1536845757211,27.7143420526215,0
                88.1535063613868,27.7138472169092,0
                88.1534070072394,27.7135570531666,0
                88.1530929976831,27.7130452795583,0
                88.1522893855461,27.7117141921656,0
                88.1516856050719,27.7110694867549,0
                88.1513709741481,27.710435910925,0
                88.1511745718994,27.7100788135665,0
                88.1508428125521,27.709686778505,0
                88.1495791302371,27.7085309178144,0
                88.1492860536774,27.7081408211897,0
                88.1492623801071,27.707694359762,0
                88.1492575166969,27.7072319004856,0
                88.149157601024,27.7068898030397,0
                88.1489990082621,27.7064467139259,0
                88.1490488947144,27.7057085923724,0
                88.1490068461608,27.7053818073562,0
                88.1487907596567,27.7049572148668,0
                88.1486322910444,27.7045298742474,0
                88.1484543240239,27.704118531844,0
                88.148026140388,27.7037114972294,0
                88.1477150004041,27.7034049546351,0
                88.1473428730299,27.702965861104,0
                88.1474002457568,27.7027556308908,0
                88.1478780050832,27.7023929223204,0
                88.1482860873203,27.7019654044839,0
              </coordinates>
            </LinearRing>
          </outerBoundaryIs>
        </Polygon>
      </Placemark>
      <Placemark id="KO_TAPLEJUNG_Phaktanglung.7">
        <ExtendedData>
          <SchemaData schemaUrl="#KO_TAPLEJUNG_Phaktanglung.schema">
            <SimpleData name="ogc_fid">1817</SimpleData>
            <SimpleData name="objectid_1">1818</SimpleData>
            <SimpleData name="dcode">1</SimpleData>
            <SimpleData name="district">TAPLEJUNG</SimpleData>
            <SimpleData name="dan">KANCHANJUNGHA CONSERVATION AREA</SimpleData>
            <SimpleData name="das">4</SimpleData>
            <SimpleData name="gapa_napa">Phaktanglung</SimpleData>
            <SimpleData name="type_gn">Gaunpalika</SimpleData>
            <SimpleData name="gn_code">5.000000000000000</SimpleData>
            <SimpleData name="new_ward_n">7</SimpleData>
            <SimpleData name="ddgnww">10507.000000000000000</SimpleData>
            <SimpleData name="center">Tapethok</SimpleData>
            <SimpleData name="state_code">1</SimpleData>
            <SimpleData name="ddgn">1005</SimpleData>
            <SimpleData name="area_sqkm">701.504083224000055</SimpleData>
            <SimpleData name="shape_leng">150812.173987999995006</SimpleData>
            <SimpleData name="shape_area">701504083.224000096321106</SimpleData>
            <SimpleData name="Province">KO</SimpleData>
            <SimpleData name="Address">Phaktanglung-7, TAPLEJUNG, KO</SimpleData>
          </SchemaData>
        </ExtendedData>
        <Polygon>
          <outerBoundaryIs>
            <LinearRing>
              <coordinates>
                88.021342580519,27.8965700052369,0
                88.0212322872433,27.896383582586,0
                88.0212232940619,27.8961693511569,0
                88.0212232454093,27.8956212118513,0
                88.0212825578923,27.8953183644071,0
                88.0212220124477,27.8949533330299,0
                88.0212352130118,27.8943305756273,0
                88.0212676514238,27.8941295935725,0
                88.0212801540981,27.8939783574848,0
                88.0212984086675,27.8936871955338,0
                88.0212941030949,27.8934367800349,0
                88.0212853595349,27.8932428592941,0
                88.0212616195218,27.8929475099037,0
                88.0212499995957,27.892794147946,0
                88.0212591260181,27.8926835330259,0
                88.0213653707788,27.8923691881182,0
                88.0214236214538,27.8920167198453,0
                88.0214501840584,27.8918722331129,0
                88.0214763090803,27.8917479321026,0
                88.0215424288948,27.8916188827373,0
                88.0216836690573,27.8912501051113,0
                88.0217332946874,27.8909880037477,0
                88.0217563571672,27.8908750773022,0
                88.0218798461582,27.8906440373321,0
                88.0219100326081,27.890549046072,0
                88.0219675269192,27.890451680536,0
                88.0219629693009,27.890300506823,0
                88.0220362155404,27.8900495301438,0
                88.0222350727331,27.8897412490259,0
                88.0222920071801,27.889580638563,0
                88.0224697383573,27.8893785355205,0
                88.0226328471396,27.8891765559633,0
                88.022681781407,27.8890453814786,0
                88.0228962609961,27.8887685345362,0
                88.0231731063303,27.8885093126571,0
                88.0233440887407,27.8883297697743,0
                88.0234825730517,27.8882069703916,0
                88.0238452217558,27.8878884432403,0
                88.0240088910833,27.8877428344246,0
                88.0240979435335,27.8876970272053,0
                88.0243459751449,27.887611727742,0
                88.0246266934644,27.887422437432,0
                88.0248650402584,27.887323575765,0
                88.0249885263444,27.8872211495361,0
                88.0251805037963,27.887118225241,0
                88.0253691695443,27.8869972388935,0
                88.0255701496636,27.8867723880464,0
                88.0257406953612,27.8865455360206,0
                88.0258745581469,27.8863414941905,0
                88.0259768603936,27.8862121951503,0
                88.0261959616805,27.8860232786416,0
                88.0263461331629,27.8858619836489,0
                88.0264722456366,27.885703124474,0
                88.026630230565,27.8854966460819,0
                88.0268350217831,27.8852672951362,0
                88.0269102024695,27.8851629308414,0
                88.0270531261892,27.8849745755081,0
                88.027165426958,27.8848339027644,0
                88.0274402729416,27.8845679316036,0
                88.027556448429,27.8844316954812,0
                88.0276686254015,27.884284211023,0
                88.0277641785147,27.8841797215804,0
                88.0278353598973,27.8840483598804,0
                88.0278725444206,27.8839646174888,0
                88.0279027357986,27.8836665817865,0
                88.0280151611297,27.8835371583775,0
                88.0280488456586,27.8834759767242,0
                88.0281097171606,27.8833311153879,0
                88.0281329664724,27.883240749449,0
                88.0281667131764,27.8831840675399,0
                88.0282688329035,27.882840411612,0
                88.0283128303233,27.8827295477011,0
                88.028366701815,27.8825914979791,0
                88.0283619549287,27.8824877571523,0
                88.0283424010955,27.8822329666831,0
                88.0283145943007,27.8821745334871,0
                88.0282797282749,27.8819830501188,0
                88.0282330512428,27.8818029396613,0
                88.0282112456876,27.8816519523914,0
                88.0281862510937,27.88156189784,0
                88.028143261019,27.8813749130869,0
                88.0281290808717,27.8811516827253,0
                88.0281005244049,27.8810865005391,0
                88.0281029647899,27.8809375758802,0
                88.0280972836185,27.8807413433215,0
                88.0280609804286,27.8805295487627,0
                88.0280114316335,27.880254696917,0
                88.0280161863708,27.8800155304575,0
                88.0280085639853,27.8799501610479,0
                88.0279532615664,27.8798738536007,0
                88.0279071444268,27.8797636754518,0
                88.0278474066301,27.879621998998,0
                88.0277909796076,27.8794938214128,0
                88.0276986189549,27.8793929539354,0
                88.027604633407,27.8793169588798,0
                88.0274557798562,27.8792188390013,0
                88.0271606360276,27.8790112269355,0
                88.0268165000789,27.8787318069784,0
                88.0265731626101,27.8785034469419,0
                88.026451119875,27.8783509578362,0
                88.0264309384691,27.8782315309583,0
                88.0264490416693,27.8765123694266,0
                88.0264341136107,27.8762101459805,0
                88.0264370527508,27.8761154040674,0
                88.0263886306029,27.8757638090541,0
                88.026331953849,27.8756040726476,0
                88.0262798432347,27.8753269711533,0
                88.0262568518415,27.8751105514989,0
                88.0262233617624,27.874862635723,0
                88.0261771831531,27.8747411454475,0
                88.0259697172679,27.8744764769679,0
                88.0255646588933,27.8739290167977,0
                88.0253734423679,27.8735740447582,0
                88.0253390182388,27.8732155752543,0
                88.0252267309728,27.8728216074532,0
                88.0249293443669,27.8723094590461,0
                88.0248472407462,27.8718814326477,0
                88.0246091662179,27.8711319315462,0
                88.0244667545432,27.870832954998,0
                88.0243239652791,27.8706354694474,0
                88.0243189071635,27.8705001691895,0
                88.023320843405,27.8682312859471,0
                88.0232362335792,27.8680739858837,0
                88.0231594965453,27.8679481823412,0
                88.0230855732656,27.8677795714083,0
                88.0230548313215,27.8676150845418,0
                88.0227278272807,27.8669903208172,0
                88.0224441852175,27.8666517829046,0
                88.0222283433116,27.8664412967884,0
                88.0220780551641,27.8662529357083,0
                88.0218870890238,27.8659204610486,0
                88.0215522062813,27.8654672443335,0
                88.0212231336469,27.8650973948963,0
                88.0210904035716,27.86495628006,0
                88.0209511134923,27.8647859172482,0
                88.0207529580516,27.8645662447928,0
                88.0206271659498,27.8644115058169,0
                88.0203439635015,27.8639872252428,0
                88.0201123754815,27.8637181816795,0
                88.0198019826212,27.8635241928451,0
                88.0197395542345,27.8634885701133,0
                88.0193888563826,27.8632452088103,0
                88.01905946655,27.8630401584495,0
                88.0187583223024,27.8628731672072,0
                88.018400060938,27.8626953634787,0
                88.0179329405881,27.8624844351789,0
                88.0175721181687,27.862245761117,0
                88.0169813283756,27.8619094669893,0
                88.0168042926995,27.8617776622534,0
                88.0166338793813,27.8616706055513,0
                88.0163320499414,27.8614269339968,0
                88.016242188514,27.8613824357398,0
                88.015888430324,27.8610240858379,0
                88.0157112080329,27.86085847178,0
                88.0154055661974,27.86061254959,0
                88.0150039985568,27.8604215582008,0
                88.0147862789444,27.8603509357212,0
                88.0146343618847,27.8603226847072,0
                88.0144707576425,27.8603396805562,0
                88.0144054530883,27.8603446779768,0
                88.0142989670616,27.860358987646,0
                88.0140518717381,27.8604668485982,0
                88.0137041025782,27.8605348356717,0
                88.0133148396782,27.8605805738597,0
                88.0130549978512,27.8606118162037,0
                88.0129387618744,27.8606713081557,0
                88.0128005294938,27.8606858666814,0
                88.0127112902183,27.8607135497672,0
                88.01249544043,27.8608347227138,0
                88.0123783918097,27.8608784663985,0
                88.0121557302749,27.8610244489772,0
                88.0114718730731,27.8613927162362,0
                88.0108912556208,27.8616044988363,0
                88.0101925896529,27.8618826476633,0
                88.0100479818216,27.8619581384299,0
                88.0097745749404,27.862172176197,0
                88.0095042919697,27.8623930268758,0
                88.0092402605664,27.8625190108919,0
                88.0090230378885,27.8625657519623,0
                88.0085907191396,27.8625621185197,0
                88.0080871613259,27.8625184253524,0
                88.0078105734373,27.8624640499957,0
                88.007579416241,27.8624499213727,0
                88.0074723685782,27.8624033604721,0
                88.0073734458164,27.862343177063,0
                88.0072698353179,27.8623214260294,0
                88.0071525388358,27.8622635542993,0
                88.0068649556236,27.8621189987227,0
                88.0067887782026,27.8621128101284,0
                88.0065893656053,27.8621638643073,0
                88.0064621306404,27.8622009213146,0
                88.0061421085348,27.8622505979226,0
                88.0058681440118,27.8622729029199,0
                88.0057650320865,27.8623052732854,0
                88.0055766164739,27.8623833252686,0
                88.0054739402217,27.8624653163733,0
                88.005245089579,27.8627016027896,0
                88.0050885420992,27.8629305797809,0
                88.0050339226741,27.8629941361114,0
                88.0049413719858,27.8630038833456,0
                88.0047682081725,27.8629464472652,0
                88.0045827973397,27.862864325392,0
                88.0042585281692,27.8628035119609,0
                88.0035674982372,27.8625987669412,0
                88.0033219073459,27.8625328926556,0
                88.0031015025768,27.8623742769731,0
                88.0028382275654,27.8622408464138,0
                88.0027000591672,27.8621922228697,0
                88.0024446561202,27.8621624705936,0
                88.0023689160743,27.8621404708636,0
                88.0021303242498,27.8620767845837,0
                88.0020438981987,27.8620615967075,0
                88.0019612845676,27.8620509708977,0
                88.0017953065647,27.8620092837943,0
                88.0016798838002,27.8620169058576,0
                88.001583521755,27.8620311523465,0
                88.0013391762282,27.8621005794133,0
                88.0006658223744,27.8623017359239,0
                88.0003098666462,27.8623810337803,0
                88.0000481493219,27.8624190252308,0
                87.9997619986828,27.8624278939678,0
                87.9994969703069,27.862452324106,0
                87.9992627493256,27.8625171889563,0
                87.9990846456741,27.8626177387364,0
                87.9988649829874,27.8627411616821,0
                87.9987346247049,27.8627782177272,0
                87.9984865940666,27.8627934618189,0
                87.9972821725498,27.8634226954529,0
                87.996872602048,27.8633963143505,0
                87.9963879773456,27.8634246152759,0
                87.9960307700156,27.8635738452342,0
                87.9956336340887,27.8635857114328,0
                87.9950534558478,27.8637095013534,0
                87.9946863141259,27.8638159225145,0
                87.9943876614861,27.8639827139638,0
                87.9940785728274,27.8641226333048,0
                87.9934418978008,27.8644543411266,0
                87.9932202366606,27.8645687021641,0
                87.9929400204673,27.8646722496386,0
                87.992610688331,27.8646746178772,0
                87.9925123294955,27.8645376905794,0
                87.9924722759035,27.8643913276151,0
                87.9925475843498,27.8641584752766,0
                87.9926224563644,27.8638826878266,0
                87.9928039413609,27.8635294101465,0
                87.9927818264669,27.8632610588071,0
                87.9926812242171,27.8628738408081,0
                87.9926213004383,27.8626418600963,0
                87.9925905587437,27.8624706241623,0
                87.9925887516592,27.8622721412214,0
                87.9925959440891,27.8620148518478,0
                87.992728747164,27.8616868208471,0
                87.9927392577175,27.8612377980639,0
                87.9927541415132,27.8607819630816,0
                87.9927140886428,27.860635600047,0
                87.9927022838268,27.8603852466882,0
                87.9926907282457,27.8601620161613,0
                87.9926630540611,27.8597651763257,0
                87.9926986825072,27.8594287690522,0
                87.9927646797547,27.8592229752209,0
                87.9928205524145,27.8590149946668,0
                87.9928566799356,27.8587305204687,0
                87.992993859266,27.8583256841187,0
                87.9931359118809,27.8579637181481,0
                87.9932297822349,27.857685557576,0
                87.9932477214057,27.8574958868001,0
                87.9932466623516,27.8573762723352,0
                87.9932822914381,27.857039927211,0
                87.9933671128014,27.8562474364959,0
                87.9933939274417,27.8559878352509,0
                87.9932739537224,27.855566807206,0
                87.9933336419792,27.8552234631071,0
                87.9934865028564,27.8550057977966,0
                87.9959551389116,27.8541871056388,0
                87.9962441678122,27.8540135641777,0
                87.9966969895182,27.8537779069421,0
                87.9970934418889,27.853619365509,0
                87.9972822941346,27.8535277522214,0
                87.9977722410339,27.8531159857778,0
                87.9979563434788,27.8530513700252,0
                87.9983105487284,27.8529991944903,0
                87.9985970748313,27.852963265469,0
                87.9990559553739,27.8528359108553,0
                87.9995055882804,27.852665684643,0
                87.9999304749483,27.8525023950564,0
                88.0001576344948,27.8524285935699,0
                88.0003548585126,27.8524158483759,0
                88.0004852174882,27.852378853899,0
                88.0006855690549,27.8522893663153,0
                88.0009425403828,27.8520799520874,0
                88.0012924399074,27.8517706110405,0
                88.0017345155251,27.8514605842396,0
                88.001942865909,27.8513507858159,0
                88.0021015356711,27.8512143010565,0
                88.0021420948226,27.8511396206206,0
                88.0023800811599,27.8504497489153,0
                88.0024555145944,27.850234831375,0
                88.0024835144008,27.8501060306581,0
                88.0025426376591,27.8498439296176,0
                88.0025937623506,27.8496021395954,0
                88.0027084406824,27.8493824740928,0
                88.0027406410823,27.8486738494017,0
                88.0027442154133,27.8481684559631,0
                88.0027174767164,27.8478799190012,0
                88.0026990517068,27.8474672043115,0
                88.0026055729085,27.8471001728001,0
                88.0024555363372,27.846853066099,0
                88.0024440408936,27.8467110155651,0
                88.0023926154796,27.8464993464501,0
                88.0022760107519,27.8463084228226,0
                88.0021762149932,27.8461512469456,0
                88.0020092434842,27.8458682062319,0
                88.0019726282427,27.8456789719248,0
                88.001897455007,27.8455080486649,0
                88.0018716491495,27.8453976829737,0
                88.0016636213337,27.845060770434,0
                88.0016288182995,27.8448647871342,0
                88.0016152051572,27.8444858825937,0
                88.0014423651598,27.8439749866331,0
                88.0013020779029,27.8436895086704,0
                88.0011532270907,27.843512333916,0
                88.0010443703621,27.8433371600263,0
                88.0008979607591,27.8430065612888,0
                88.0008576622996,27.8426301562469,0
                88.0009016023949,27.8422981857142,0
                88.0010121788952,27.841144539049,0
                88.0010449256893,27.8411194800731,0
                88.001084548196,27.8410109272772,0
                88.0010997373532,27.8408641910638,0
                88.001169733052,27.8406808953828,0
                88.0012955336367,27.8404904771366,0
                88.0013354680215,27.8404247961108,0
                88.0013834658026,27.8402597493332,0
                88.0013693479157,27.8400296444472,0
                88.001347416274,27.8399170913233,0
                88.0012428733238,27.8396629238496,0
                88.0011448901651,27.839498936461,0
                88.0011222113025,27.8393028287129,0
                88.0010724693081,27.839212960563,0
                88.0010462895647,27.8390552236845,0
                88.0009876194943,27.838672131214,0
                88.0009975605155,27.8384464637831,0
                88.0011204329755,27.8379356985536,0
                88.001139682511,27.837825021019,0
                88.0013286739228,27.8371896432111,0
                88.0014589829136,27.8366676289757,0
                88.0014970440291,27.8365252052488,0
                88.0015363565318,27.8363173486909,0
                88.0017040329255,27.8358536426335,0
                88.0017728398727,27.83574259125,0
                88.0021434293944,27.8352007085952,0
                88.0022425504495,27.8348706151245,0
                88.0022705493851,27.8347395642194,0
                88.0023489186519,27.8345675807752,0
                88.0024367886558,27.8343300411764,0
                88.0026926990178,27.8340732561911,0
                88.0027613806686,27.8339554560302,0
                88.0029078643647,27.8338122207373,0
                88.0031355906861,27.8335894949215,0
                88.0033760065919,27.8331794107348,0
                88.0034155046567,27.833061796572,0
                88.003471501741,27.8328719394649,0
                88.0035031268084,27.8327250159713,0
                88.0035340636824,27.8325781539238,0
                88.0035196925734,27.8325218466764,0
                88.0032099255139,27.832300797024,0
                88.0028496685499,27.8319650075413,0
                88.0025082162644,27.8318140760211,0
                88.0023014968773,27.8316869584708,0
                88.0021659532658,27.8316450846937,0
                88.0018352460018,27.8316317043304,0
                88.0015395368876,27.8315548927012,0
                88.0013463756974,27.8315202038245,0
                88.0011733364899,27.8314695175225,0
                88.0009763629856,27.8314348919167,0
                88.0007583307527,27.8313913917918,0
                88.000355698284,27.8312814560007,0
                88.000107293883,27.8312358920147,0
                87.9999630633647,27.8312120161704,0
                87.9998110215515,27.8311703294715,0
                87.9996591044741,27.8311421413364,0
                87.9994822547542,27.831077956468,0
                87.9992679090125,27.831027644377,0
                87.9988402806203,27.8308885855852,0
                87.9986434316267,27.8308652084569,0
                87.9984497716833,27.8307808994344,0
                87.9980344538903,27.8306688388671,0
                87.9972831819525,27.8304509053217,0
                87.997119266524,27.8304227801381,0
                87.9967301308749,27.8303985246263,0
                87.9963574919255,27.8303741438499,0
                87.9958123159088,27.8302810166382,0
                87.9955479757698,27.8302400779176,0
                87.9950802281747,27.8300787699862,0
                87.994753273921,27.8299841470256,0
                87.9945501144138,27.8299020875026,0
                87.9942859618851,27.8298769594091,0
                87.9939359465507,27.8298253322754,0
                87.9936714813619,27.8298272015485,0
                87.9932362251936,27.8298303803758,0
                87.9930806210553,27.8298156911806,0
                87.992583248339,27.8298192435664,0
                87.9922413555237,27.8298217370472,0
                87.9919933248047,27.8298234821394,0
                87.9915898131474,27.8298963424581,0
                87.9914655168303,27.8298972149532,0
                87.9912017992408,27.8299962011408,0
                87.991047752717,27.8301483722775,0
                87.9909102023505,27.8303704744269,0
                87.9907576523588,27.8306896935991,0
                87.9906039180709,27.8308712376838,0
                87.9902810753477,27.8312322614939,0
                87.9899574846921,27.8315797876731,0
                87.9896567042289,27.8318594443748,0
                87.9895024725465,27.831914686048,0
                87.9892547518445,27.832026984149,0
                87.9888665505849,27.8320997202718,0
                87.9885087240968,27.8320323437335,0
                87.9882440714425,27.8320207149095,0
                87.988041163265,27.8318980345504,0
                87.9877441434679,27.8317467919565,0
                87.9876043501222,27.831720728734,0
                87.9871356054398,27.8314488058238,0
                87.9867604106236,27.8312168815788,0
                87.9865727504078,27.8310918885432,0
                87.9861979912043,27.830902772735,0
                87.9856971933867,27.8304506774002,0
                87.9854840421068,27.8301070164605,0
                87.9854043073066,27.8299135313965,0
                87.985183469816,27.8295564336639,0
                87.9848692712356,27.8291164665718,0
                87.9846633701307,27.8287299337255,0
                87.98458450948,27.828565759247,0
                87.9842863683334,27.8282904025029,0
                87.9839264851142,27.827988422213,0
                87.9834713053554,27.8275359528303,0
                87.9829191921439,27.8274451376846,0
                87.982670537598,27.8274468826292,0
                87.982235343871,27.8274499987788,0
                87.981940320373,27.8274521176995,0
                87.9817374732114,27.8273970557529,0
                87.9814416383532,27.8273022459072,0
                87.9812071718751,27.8271933761234,0
                87.9810042017572,27.8270571958959,0
                87.9805966393781,27.8266720347193,0
                87.9804705358609,27.82648117373,0
                87.9802501346668,27.826164635164,0
                87.979740526584,27.8256561071175,0
                87.9794580706528,27.825355815547,0
                87.9793324032278,27.8252033258597,0
                87.9791121896844,27.8249160973051,0
                87.9786274487589,27.824558556939,0
                87.9782665053483,27.8242023933678,0
                87.9781560245214,27.8239820981413,0
                87.9779503108257,27.8236113136543,0
                87.9777455336112,27.8232675275962,0
                87.9775556306175,27.8228944312902,0
                87.9774992677443,27.8226895110466,0
                87.9772781814089,27.8223030407802,0
                87.9770566582722,27.8218624497348,0
                87.976914621293,27.8215882212891,0
                87.9768819425299,27.8214079867778,0
                87.9766921019959,27.8210370779049,0
                87.9765340042973,27.820733601447,0
                87.9763901602342,27.8202653897505,0
                87.9763414212274,27.8200581570149,0
                87.9762529406104,27.8197406835768,0
                87.9761563382142,27.819369151817,0
                87.9760440510119,27.8189412490931,0
                87.97613523236,27.8187060218565,0
                87.976007819667,27.8183617374299,0
                87.9757408633536,27.8180184496269,0
                87.9754595917461,27.8178534582257,0
                87.975240311928,27.8176610335515,0
                87.9750840222613,27.8175651012484,0
                87.9747098248757,27.8174301062023,0
                87.9744914182937,27.817334672435,0
                87.9738663215743,27.8169532563093,0
                87.9736087335735,27.8168038889806,0
                87.973373830924,27.8166522108349,0
                87.9725306408009,27.8161324898219,0
                87.9722961126033,27.816010058118,0
                87.971967786261,27.8157506369201,0
                87.9715462855853,27.8155054627659,0
                87.9711082252844,27.8151769210101,0
                87.9708729488206,27.8149709966833,0
                87.9706063661056,27.8146683302334,0
                87.9702455462013,27.8143256660857,0
                87.970056827052,27.8140788089971,0
                87.9699236610375,27.8139421306932,0
                87.9689041950582,27.8128573933599,0
                87.9681396176772,27.8124747250818,0
                87.9675438341286,27.8118855150422,0
                87.9673558634043,27.8117221507697,0
                87.9671119033039,27.8113921749583,0
                87.966547303869,27.8108141520377,0
                87.9664063261718,27.8106504131919,0
                87.9660615039621,27.8103211227599,0
                87.965904279945,27.8101147630566,0
                87.9631487786724,27.8095406345752,0
                87.9629926755994,27.8094582634306,0
                87.9625416121411,27.8093779493838,0
                87.9622229668055,27.8093530700652,0
                87.9619115707929,27.8092988186229,0
                87.9615707378889,27.8094117394937,0
                87.9606883434157,27.8097653160578,0
                87.9578235860936,27.8100334866934,0
                87.957328020134,27.8102308349035,0
                87.9570663608605,27.8104808070224,0
                87.9568355107983,27.8107035335146,0
                87.9565118565963,27.8110509342259,0
                87.9564204260133,27.8112591014445,0
                87.955821609451,27.8120506449691,0
                87.9553166744211,27.8120541351735,0
                87.9549585972445,27.812013756541,0
                87.9540726515915,27.8119657433899,0
                87.9538243710303,27.812008047349,0
                87.9535753416057,27.8119691707314,0
                87.9532027641312,27.8120123470603,0
                87.9528771178697,27.8120574612631,0
                87.9525662835912,27.8120595804766,0
                87.9523027543149,27.8121020087995,0
                87.9520388502429,27.8121602484333,0
                87.9516510242119,27.8122170486603,0
                87.9510612237826,27.8123046545566,0
                87.9506963952237,27.8123612672593,0
                87.9503400015397,27.8124471900394,0
                87.9499053066026,27.8125043016443,0
                87.9494557382097,27.8125909102221,0
                87.9491454029761,27.8126493991569,0
                87.9489902347203,27.8126775807892,0
                87.9484940463241,27.8128049971699,0
                87.9479971099223,27.8128490466561,0
                87.947701400112,27.8127698598169,0
                87.9473908777371,27.8127991012474,0
                87.9470482364227,27.8127179767414,0
                87.9466900344149,27.8126662870689,0
                87.9464488182556,27.8125709154265,0
                87.9462143527549,27.8124484218902,0
                87.9458568369655,27.8124080429185,0
                87.9454514560597,27.8122596107235,0
                87.9450153913892,27.8121520491365,0
                87.9447504287202,27.8120298044361,0
                87.9421246670972,27.811190451961,0
                87.9388648328991,27.8115442947567,0
                87.9381203411432,27.8126141852571,0
                87.9376868933137,27.8128089104391,0
                87.9368977372839,27.8131752377221,0
                87.9366196432952,27.8133689021767,0
                87.9362481247487,27.8135383804307,0
                87.9359081013314,27.8137617286081,0
                87.9354131586962,27.8140403199562,0
                87.9351125049465,27.8142634196745,0
                87.9347564213741,27.8144598950494,0
                87.9341689271655,27.8148226019022,0
                87.933968324799,27.8149480245408,0
                87.9335972430572,27.8151716219702,0
                87.9332884020441,27.8154105952831,0
                87.9328860121388,27.8156050705489,0
                87.9326997235454,27.8156334388551,0
                87.9322028515863,27.8156096813258,0
                87.9317982181769,27.8155447412181,0
                87.9315181311275,27.8155038026496,0
                87.9309725802489,27.8153563044689,0
                87.930434718616,27.8151388129138,0
                87.9300908315162,27.8149065143659,0
                87.9297645625074,27.8148816351535,0
                87.9292973766238,27.814774260359,0
                87.9290331614844,27.8147331336741,0
                87.9288614353892,27.8146801978583,0
                87.9285034839427,27.8145855738818,0
                87.92814509513,27.8145180098247,0
                87.9276478489713,27.8144536935965,0
                87.9272432164362,27.8143865043072,0
                87.9269161969172,27.8143480634711,0
                87.9265665557311,27.814334620564,0
                87.9257580992364,27.8142994202085,0
                87.9253848990635,27.8142748525868,0
                87.9250747514941,27.8142769715379,0
                87.9245770057815,27.8142238413364,0
                87.924467956921,27.8142381498784,0
                87.9240017675924,27.8142412654936,0
                87.9236446266756,27.8142436333938,0
                87.9232570508982,27.8143161825241,0
                87.9229308415223,27.8143747335036,0
                87.9222791733684,27.8145032086439,0
                87.9218835988464,27.814532886468,0
                87.9215110843379,27.8145895615629,0
                87.9210920730413,27.8147028555827,0
                87.9206579408074,27.8147486554131,0
                87.9203939122361,27.8148045203679,0
                87.9173993514429,27.8153636632108,0
                87.9177815087592,27.8145602409764,0
                87.9176389711848,27.8142837001383,0
                87.9175740507672,27.8139547276819,0
                87.9174770742033,27.8135132023856,0
                87.9174905172185,27.8132220406114,0
                87.917410284625,27.812960874483,0
                87.9172283193804,27.8125199093329,0
                87.9171322150462,27.8121753755481,0
                87.9170509229631,27.8117878456918,0
                87.9168627019826,27.8115815473325,0
                87.9167972828257,27.8111962044255,0
                87.9167482969805,27.8108784196576,0
                87.9167161794882,27.8107545543968,0
                87.9167146838795,27.8105741330844,0
                87.9165564009769,27.8102299721145,0
                87.9163201898624,27.8098998714953,0
                87.916185963737,27.8096255185618,0
                87.9161070413559,27.8094455951759,0
                87.9159952514862,27.8091281837208,0
                87.9157755361124,27.8088679520593,0
                87.9155243271462,27.808565035769,0
                87.9151789467496,27.8080710100515,0
                87.9151776381479,27.807917585912,0
                87.9150201646269,27.8076704795196,0
                87.9149088729061,27.8074095005947,0
                87.9149235618805,27.807269576102,0
                87.9150353727529,27.806758935446,0
                87.9151732368529,27.8064805248937,0
                87.9151711176801,27.8062323591223,0
                87.9152461149938,27.8059430736742,0
                87.9152603055624,27.8057489658904,0
                87.9153210523131,27.8055816071823,0
                87.9153508025783,27.8054167471531,0
                87.9153947408301,27.8051389597447,0
                87.9153614394495,27.8048639203085,0
                87.9153761906037,27.8047397441332,0
                87.9153288857226,27.8046971850958,0
                87.9152812084224,27.8045328232865,0
                87.9151862256321,27.8043259023614,0
                87.9151223647576,27.8041187936912,0
                87.9151583675922,27.8038004480813,0
                87.9149854589555,27.803526280828,0
                87.9148429222895,27.8032498028288,0
                87.9146532686794,27.8028652701629,0
                87.9146362763925,27.8026577880282,0
                87.9146485959386,27.8023125683971,0
                87.9147552768852,27.802020783284,0
                87.9148135305639,27.8015511387546,0
                87.9149198978684,27.8013022874776,0
                87.9149098436918,27.8010113127245,0
                87.9149385967844,27.8007359005044,0
                87.914967101272,27.8004311149815,0
                87.914996040793,27.8001692015446,0
                87.9149946082632,27.8000022785267,0
                87.915085976383,27.7997806123493,0
                87.9150231743942,27.7996998057721,0
                87.9149899976195,27.7994495768094,0
                87.9149672076755,27.7986217737142,0
                87.9149647773616,27.7983442984006,0
                87.9149710327849,27.7980960704914,0
                87.9149370464138,27.7977510997184,0
                87.9149174974074,27.79730907617,0
                87.9149145063971,27.7969503570046,0
                87.9149127621652,27.7967428133661,0
                87.9147524221955,27.7961505496261,0
                87.9146886226531,27.7959569407496,0
                87.9145776454537,27.7956530895227,0
                87.9144816655205,27.7953356158431,0
                87.9144079968708,27.7949367746464,0
                87.9144206298528,27.7945486840096,0
                87.9144953163758,27.7942300879823,0
                87.9144619522539,27.7939550494626,0
                87.9145490209157,27.7932212400609,0
                87.9145775881758,27.7929188303394,0
                87.9145286023978,27.7926009819557,0
                87.9144953630925,27.7923371924944,0
                87.9144628085763,27.7921592075108,0
                87.914467629109,27.7918275486044,0
                87.9145272536272,27.7915360754333,0
                87.9144786420752,27.7912476625058,0
                87.9144423494757,27.7906252165422,0
                87.914455229804,27.7903498662097,0
                87.9144532987988,27.7901152618188,0
                87.9144049976661,27.7898787184675,0
                87.9144520119131,27.7890504172709,0
                87.9145118234387,27.7887725060315,0
                87.9144322782278,27.7885113397423,0
                87.9143832280177,27.788263485575,0
                87.9143493033275,27.7879185149846,0
                87.9143165632212,27.7877247191389,0
                87.9143920607059,27.7874196846276,0
                87.9143431350282,27.7871853922336,0
                87.9142634652403,27.7869106647489,0
                87.9142974121531,27.7863441519423,0
                87.9144665211357,27.7860790542465,0
                87.9146000841662,27.7853743057475,0
                87.9145965951363,27.7849592801775,0
                87.9146569048425,27.7847376758422,0
                87.9146084175908,27.7844763222571,0
                87.9145586819934,27.7841449752557,0
                87.9144928894462,27.7837167619142,0
                87.9144827107209,27.783398726887,0
                87.91438704288,27.783110625381,0
                87.9143685531663,27.7827926530125,0
                87.9142564534064,27.7823511898438,0
                87.9142539608443,27.7820601530876,0
                87.9140193096466,27.7818271689455,0
                87.9139405099092,27.7817306130088,0
                87.9139549495469,27.7815658153246,0
                87.9139991998277,27.7813173385824,0
                87.9139785317116,27.7806677069879,0
                87.913997914463,27.7802524938302,0
                87.9139379265225,27.7800633846984,0
                87.9139356837183,27.7797859088348,0
                87.9141085427921,27.7795275601254,0
                87.9144738192242,27.7790761695847,0
                87.9146651143435,27.7787455146632,0
                87.914828223211,27.7785369112233,0
                87.914884534629,27.7782951214333,0
                87.9149615274272,27.778172758661,0
                87.9151911942717,27.7778102949527,0
                87.9154223566255,27.7776170038872,0
                87.9157895017157,27.7773912183155,0
                87.9160791569604,27.7771478698306,0
                87.9168694456891,27.7764861316405,0
                87.9171782858773,27.7762584698917,0
                87.9172930887308,27.776034366552,0
                87.9177378484677,27.7758418924973,0
                87.9182021675916,27.7756312325351,0
                87.9185892454735,27.7755068755775,0
                87.9188789613732,27.7753492701391,0
                87.9192279816727,27.7752273503784,0
                87.9197006158407,27.7748790151875,0
                87.9200869454303,27.7746689167464,0
                87.9204158445672,27.7744930006137,0
                87.9207058721139,27.7743715174301,0
                87.9212286214958,27.7741761694739,0
                87.9215767046705,27.7740205021536,0
                87.9219627228981,27.7737742813171,0
                87.9223691112998,27.7736181784,0
                87.9227737555108,27.7732522188178,0
                87.9230434777132,27.7729729353115,0
                87.923080290563,27.7727493306678,0
                87.9231950316516,27.7725229783418,0
                87.9231907938116,27.7720221472922,0
                87.9231976130768,27.7717107370522,0
                87.9231173823766,27.7713661405839,0
                87.9231303984951,27.7706418299166,0
                87.9231274074752,27.7702966720546,0
                87.9230863568184,27.7700194464136,0
                87.9230997489405,27.7692771361285,0
                87.9230576378312,27.7689322284102,0
                87.9231331971524,27.7686564419492,0
                87.9231302690561,27.7683090344244,0
                87.923089281351,27.7680340583216,0
                87.9231180286414,27.7679820002423,0
                87.9230369853646,27.767619280816,0
                87.9229577514339,27.7673964866227,0
                87.9229363219604,27.7671890669168,0
                87.9228570878725,27.766964022101,0
                87.9227966637787,27.7667229801386,0
                87.9227754215198,27.7665336214191,0
                87.9226957507246,27.7662588934707,0
                87.9223155215388,27.7649303780186,0
                87.9221769213332,27.7646560242116,0
                87.9219701448771,27.7642761785515,0
                87.9216952512694,27.7639328284368,0
                87.9215764003666,27.7635884186667,0
                87.9213609343095,27.7633823073712,0
                87.9210073671864,27.7628837822188,0
                87.9208501428571,27.7626614860283,0
                87.920672361625,27.7623333235572,0
                87.9204567087716,27.7620933407353,0
                87.9202801755877,27.7618350473076,0
                87.9201422609067,27.7616464986521,0
                87.9200629020751,27.7614055804718,0
                87.9200027902211,27.7611984108299,0
                87.9199616771715,27.7609054357956,0
                87.9198715717257,27.7605947109602,0
                87.9197517219549,27.7602164295496,0
                87.9196913611658,27.7599754493058,0
                87.9196709925297,27.7598199001563,0
                87.9196689989057,27.7595762966404,0
                87.9195110271358,27.7592682578565,0
                87.9193143107714,27.7589401580853,0
                87.9191742152946,27.7584921316191,0
                87.9190359901585,27.7581817190284,0
                87.9188979528115,27.7579073652735,0
                87.9188972050599,27.7578216851717,0
                87.9188960216352,27.7576818226371,0
                87.9188555923663,27.7575444592863,0
                87.918835410547,27.7574069709953,0
                87.918832918335,27.7571136840853,0
                87.9187629341637,27.7568547051949,0
                87.9191682631065,27.7565744873377,0
                87.9195725328693,27.7561747806696,0
                87.9198015760254,27.7557423229397,0
                87.91997381208,27.7554140430354,0
                87.9198165876899,27.7551894967542,0
                87.9196561861235,27.7545859221071,0
                87.9195370835494,27.7542934451706,0
                87.9195727136503,27.7539299776527,0
                87.9194153642523,27.7536896210151,0
                87.9190614244832,27.7531392249877,0
                87.91883077187,27.7529309258246,0
                87.9187201036096,27.7527354410157,0
                87.9186107457898,27.7526255734079,0
                87.9184529617142,27.7523310959353,0
                87.9183148610535,27.7520386815671,0
                87.9182730611571,27.7517457066914,0
                87.9181737686889,27.7514711036946,0
                87.9180934761219,27.7511083214073,0
                87.9179531933622,27.7506422969589,0
                87.9179110216716,27.7502297701955,0
                87.917827042226,27.7498129306609,0
                87.9176850250095,27.7487512708853,0
                87.9174115857858,27.747746853867,0
                87.9170734596024,27.7470406589137,0
                87.9170631166341,27.7458021429085,0
                87.917921518617,27.7452053370478,0
                87.9185127093886,27.7444930360084,0
                87.9183711908019,27.7434877464655,0
                87.9180978133262,27.7424856417703,0
                87.9176877127917,27.7411301899823,0
                87.917482694805,27.7404231229423,0
                87.9172728167154,27.7391250456994,0
                87.9171948600455,27.737767350946,0
                87.9159265455956,27.7369477724162,0
                87.9147963229984,27.7367206454255,0
                87.9130012518097,27.7364346984356,0
                87.9110042786142,27.7357980900936,0
                87.9092735193554,27.7351597376919,0
                87.9071400109937,27.7341111001601,0
                87.9058028376883,27.7329986096307,0
                87.9045968404758,27.7316483920468,0
                87.9044541401889,27.7304083731619,0
                87.9056400742991,27.7293380528463,0
                87.9067794549931,27.7281528658365,0
                87.9070431453716,27.7266237558353,0
                87.9073005461479,27.7242577183436,0
                87.9078928310304,27.7222345953624,0
                87.9089801237952,27.7198157040305,0
                87.9102410582678,27.7183273584917,0
                87.9114956363361,27.7161533240699,0
                87.9118769183058,27.7153611508853,0
                87.912575557223,27.7136441901808,0
                87.9125735637511,27.7133982744194,0
                87.9124977259253,27.7122774966909,0
                87.9123611912474,27.7118632802234,0
                87.9116273625212,27.7113378744809,0
                87.9110255177488,27.710750788907,0
                87.9108185683233,27.709806868242,0
                87.9112731615462,27.7086803504939,0
                87.9113965494999,27.7074995814757,0
                87.9119180087208,27.7064312478234,0
                87.9117067598544,27.7049594356206,0
                87.9106941926392,27.7028972847519,0
                87.9098903831473,27.7019572262474,0
                87.9090762291034,27.6998373340581,0
                87.9094688181276,27.699185024168,0
                87.9118492836149,27.6981654096529,0
                87.9134342241821,27.6972682693232,0
                87.914027846007,27.6967928231252,0
                87.9138259433119,27.6964399752181,0
                87.9134224474865,27.6958492691934,0
                87.9135335574929,27.6958778936854,0
                87.9133190426443,27.6950761470363,0
                87.9135831733493,27.6934680434099,0
                87.9133670361586,27.6925421825525,0
                87.9132230703294,27.6919272342657,0
                87.9109946333019,27.6910123954657,0
                87.9089049907819,27.6901011225267,0
                87.9061174514264,27.6886980663973,0
                87.903050389361,27.6871117079533,0
                87.9012379639792,27.6860744508827,0
                87.8997135277958,27.6864543255044,0
                87.8979146844011,27.6870842353808,0
                87.8963756717025,27.6856096475016,0
                87.894359508526,27.6851308377884,0
                87.8925555540033,27.6852034210852,0
                87.890096071095,27.6848379049148,0
                87.8836101055529,27.6847779091317,0
                87.879137528164,27.6836715440476,0
                87.8713351791131,27.6807675840382,0
                87.8674975266551,27.6793184491719,0
                87.864816884732,27.6789945502815,0
                87.8613706570411,27.6785602715475,0
                87.8586367955125,27.6772551451239,0
                87.858572929939,27.6771855883384,0
                87.8570108625529,27.6755212036327,0
                87.8549499442776,27.6729235788676,0
                87.8536665141786,27.6717966528566,0
                87.8528871608212,27.6699830471574,0
                87.8519813824434,27.6682874903114,0
                87.8513460535767,27.6672400702915,0
                87.850947373936,27.6664776919594,0
                87.8480021718614,27.6649051477445,0
                87.8456887814451,27.6625345608252,0
                87.8417196005293,27.6604041078888,0
                87.8400592627419,27.6600734793012,0
                87.840808839913,27.6580248619836,0
                87.8407932043928,27.6559809159097,0
                87.8398231980682,27.6512263142525,0
                87.8395804432668,27.6501335928828,0
                87.8386307216698,27.6489345543223,0
                87.8372646916496,27.6472146159563,0
                87.8370858492106,27.6468502069908,0
                87.8360155888714,27.6452863860323,0
                87.8350686710467,27.6444528157951,0
                87.8330035236096,27.6435740402721,0
                87.8318843632558,27.6433190409501,0
                87.8310007350463,27.6430626091817,0
                87.8307058369433,27.6430124828792,0
                87.8309321479749,27.6418605258256,0
                87.831746757944,27.6407027678902,0
                87.8329125139274,27.6393352856216,0
                87.8345495815738,27.6380687405575,0
                87.8361850301352,27.6365901523724,0
                87.8371651009249,27.6361330240465,0
                87.837603561544,27.6354151582718,0
                87.8382183207082,27.6343037048496,0
                87.8388353833273,27.6335870298069,0
                87.8394506370739,27.6327124310231,0
                87.8393565420677,27.6320023042805,0
                87.8391719615496,27.631128064488,0
                87.8390706408578,27.6294682077629,0
                87.8389741763105,27.6285188523483,0
                87.838879395616,27.6277275443878,0
                87.8385198920304,27.6272536419876,0
                87.8381585833595,27.6264617039302,0
                87.8386875273913,27.6259057630312,0
                87.839390836545,27.6248726794758,0
                87.8398226975837,27.6231260916385,0
                87.8397267312708,27.6222557908941,0
                87.8391833348794,27.620914397798,0
                87.8381959929331,27.6197291077617,0
                87.8358661041215,27.6173674573161,0
                87.835146661856,27.616266289768,0
                87.833447103854,27.6149295620006,0
                87.8313870429541,27.6130489994278,0
                87.8306423441762,27.6123698568597,0
                87.8293679678551,27.6115562159065,0
                87.8281817081947,27.6105909028818,0
                87.8278411316913,27.6104350343358,0
                87.8261264182836,27.6104181275151,0
                87.8257845270268,27.610338940757,0
                87.825486382311,27.6101828239036,0
                87.8249375297983,27.6096039891324,0
                87.8247154393615,27.6093729420001,0
                87.8242095679019,27.6093736820121,0
                87.8232504429353,27.6093929119053,0
                87.8231396443679,27.6093957848631,0
                87.8228425002385,27.6092035454493,0
                87.8227853834545,27.609185858965,0
                87.8223303839513,27.609046362523,0
                87.8214736851681,27.608961227755,0
                87.8207865850368,27.6090307087547,0
                87.8199329532596,27.6087559038719,0
                87.8196900505143,27.6086175363748,0
                87.8193420447575,27.6081390083821,0
                87.8190873326093,27.6079465208798,0
                87.8189230531341,27.6074849954045,0
                87.8187595206677,27.607122711886,0
                87.8187157786423,27.6070259063515,0
                87.8186877830748,27.6070057832197,0
                87.8179943857521,27.6064841901946,0
                87.8174879638597,27.6059840368716,0
                87.8171464489582,27.6058642282912,0
                87.8166316413302,27.6058604685823,0
                87.8162497598118,27.60558973488,0
                87.8161317759525,27.6055543609972,0
                87.8154818663865,27.6053528658048,0
                87.8141982876337,27.6051504833402,0
                87.814026562918,27.6050455524398,0
                87.8139431996605,27.604994117796,0
                87.8130902555832,27.6047193750548,0
                87.8128071073138,27.6046195036665,0
                87.8120085303692,27.6043353882609,0
                87.8119812219125,27.6043265127446,0
                87.8114681670102,27.604207700847,0
                87.8109564254559,27.6040121460409,0
                87.8094234548844,27.6033058657987,0
                87.808658691868,27.6028004572143,0
                87.8083881740206,27.6024274846853,0
                87.8083222471778,27.6023376167234,0
                87.8079421190797,27.6019517681219,0
                87.8075904824271,27.6017440291607,0
                87.8074746864924,27.6016769707039,0
                87.8071336095975,27.6015210406093,0
                87.8061145087423,27.6008591414522,0
                87.8057733693601,27.6007032102719,0
                87.8049180468015,27.6005389587609,0
                87.8043876200224,27.6003750878008,0
                87.8041028402369,27.6005685023026,0
                87.8034144266164,27.6007146016129,0
                87.8028996806283,27.6007085922729,0
                87.8025191075427,27.6006182802813,0
                87.8020992904249,27.6005191555917,0
                87.8018691331517,27.6004775299653,0
                87.8018242530026,27.6009246148637,0
                87.8017310038976,27.6014215069581,0
                87.8016005056387,27.6020178897184,0
                87.8013742233998,27.6019785764956,0
                87.8009089741388,27.6019090734555,0
                87.8007804276986,27.6019075706296,0
                87.8003955427842,27.601826320968,0
                87.8001890073606,27.6018071932612,0
                87.7994958494803,27.6017412477472,0
                87.7985985332594,27.6015388107163,0
                87.797826759327,27.6015297347106,0
                87.7971805902472,27.6016755838364,0
                87.7969864274893,27.6016925162953,0
                87.7964505589643,27.6017429392103,0
                87.7952897049847,27.6019593972863,0
                87.7941316057927,27.6019457517356,0
                87.7940558028631,27.6019732474658,0
                87.793614356293,27.6021314750882,0
                87.7935053061564,27.6021952795419,0
                87.7930077373508,27.6025455518737,0
                87.7924378544972,27.6033429710567,0
                87.7917426183097,27.6039471544423,0
                87.7915023963235,27.6040860751997,0
                87.7913529131025,27.6041726895419,0
                87.7907055528166,27.6044696512651,0
                87.7905752565263,27.6044974584829,0
                87.7901889926473,27.6045786319923,0
                87.7899305251487,27.6046522455618,0
                87.7890219429787,27.6051786816422,0
                87.7883768997358,27.6052860973029,0
                87.7878565831543,27.6056613042183,0
                87.7875971762362,27.605773289668,0
                87.7867019265211,27.6054196781671,0
                87.7860612644206,27.6052586176237,0
                87.7857351839534,27.6051679940291,0
                87.7853235347794,27.6057771825703,0
                87.7843506457266,27.6064347314378,0
                87.7838205670018,27.6073988864032,0
                87.7829857173481,27.6082382961304,0
                87.7827527969688,27.6087901814331,0
                87.782609160084,27.6100476931438,0
                87.7820581612249,27.6103824657199,0
                87.7813265483162,27.6112326268782,0
                87.7811082889903,27.6127703002847,0
                87.7808400602538,27.613351681318,0
                87.7799999702027,27.6138121246251,0
                87.7793787264613,27.6143458156196,0
                87.7785923863459,27.6145397841366,0
                87.7777371307404,27.614212920611,0
                87.7773369330894,27.6142083511751,0
                87.7758713596927,27.6147873964162,0
                87.7741574558717,27.6149075407576,0
                87.7734252907931,27.6153289892891,0
                87.7718921472086,27.6165739133959,0
                87.770994126971,27.6171000993521,0
                87.7704346936826,27.6173310688947,0
                87.7689120085356,27.6177208178839,0
                87.7684528805559,27.6177143093022,0
                87.7679400831387,27.6172817117806,0
                87.7667692468269,27.6168279165021,0
                87.7659642918289,27.6167105370686,0
                87.7641394024021,27.6168154293557,0
                87.7635046024252,27.617125640085,0
                87.7627164516471,27.6172541138029,0
                87.7609785542836,27.6172050215934,0
                87.7596906619052,27.6171263165927,0
                87.7588671481018,27.6169841876367,0
                87.7581836817961,27.6166743272562,0
                87.7580826961181,27.6166297661846,0
                87.7575644546825,27.6165017054729,0
                87.7557639913754,27.6169290081132,0
                87.7550046530816,27.6169172445495,0
                87.7529691651553,27.617050130356,0
                87.7524207991689,27.6170531197675,0
                87.7514487981712,27.6171486552673,0
                87.7504797271981,27.6175757867109,0
                87.7497370577,27.6182454007213,0
                87.7490688138718,27.6189619501458,0
                87.7484031860856,27.6200733394606,0
                87.7478608005536,27.6208546354091,0
                87.7473206474585,27.6223443696846,0
                87.7469222598936,27.6224299796884,0
                87.7465483739439,27.6222943588524,0
                87.7461111267056,27.6219650674284,0
                87.7456734436198,27.6215793427506,0
                87.7451412153618,27.6209730727994,0
                87.7447343406586,27.6205601014113,0
                87.744392073534,27.6205055367533,0
                87.7435198210486,27.6201785486213,0
                87.7431451876383,27.619932375498,0
                87.7426460100024,27.6196303925431,0
                87.7421468949856,27.6193285347857,0
                87.7417098347546,27.6190263026382,0
                87.7413976298136,27.6188339380866,0
                87.7406474302317,27.6182017913907,0
                87.7402731716475,27.6180096768184,0
                87.7398979782372,27.6176800102383,0
                87.735849636001,27.6123588995875,0
                87.735542490779,27.6122499659219,0
                87.7347315451794,27.6118098009577,0
                87.7342954806339,27.6116473692426,0
                87.7339528400384,27.6115386851654,0
                87.7336094528135,27.6113193850497,0
                87.7330545955001,27.6110110265438,0
                87.7325172918806,27.6109573954779,0
                87.7321462777077,27.6109593255658,0
                87.7316511542416,27.6109619411063,0
                87.7312797667196,27.6109097506249,0
                87.7307415917918,27.6107275686376,0
                87.7303288348111,27.6106395067385,0
                87.7298331507906,27.6105676907418,0
                87.729275351206,27.6104780630156,0
                87.7288212857205,27.6104624300974,0
                87.7283471594327,27.6104829819871,0
                87.7280183858592,27.6106516483178,0
                87.7278137805385,27.6109279953771,0
                87.7276916024806,27.6112039062075,0
                87.727362827704,27.611390632963,0
                87.7271166053199,27.6115926731841,0
                87.726643226581,27.6117237775401,0
                87.7259839326904,27.6118941872614,0
                87.7256337262648,27.6119862973926,0
                87.72532457749,27.612062347479,0
                87.7248718846758,27.6121572054076,0
                87.7245427969853,27.6123778043707,0
                87.724255889745,27.6126545246011,0
                87.7242383815654,27.6130788000557,0
                87.7243435490501,27.6133715261059,0
                87.7244062851691,27.6135742597075,0
                87.7243677803039,27.6139783487354,0
                87.7228504435098,27.6154008813452,0
                87.7230852604282,27.6165390360497,0
                87.7232531641764,27.6170344960518,0
                87.723235095587,27.6173662791484,0
                87.7234018789333,27.6176948157823,0
                87.7237362588019,27.618281896252,0
                87.7246737272674,27.6196736042286,0
                87.7243774042134,27.6216966708738,0
                87.7249770092484,27.6218762916648,0
                87.7253081496193,27.6220595942239,0
                87.7256186682249,27.6221865898086,0
                87.7257444559773,27.6225356865145,0
                87.7258303089614,27.6229752120186,0
                87.7258940420689,27.6233244953731,0
                87.7259581510003,27.6236355312481,0
                87.7258789624046,27.6241142377446,0
                87.7258013919917,27.6248321112383,0
                87.7253719318406,27.6254954193374,0
                87.7252491957813,27.6256065945314,0
                87.723712978841,27.6273428503287,0
                87.7234878764974,27.6276012609343,0
                87.7229351813285,27.6283013137339,0
                87.7226483367027,27.6285960945011,0
                87.7223810552717,27.6287825733769,0
                87.7219905376494,27.6290056084467,0
                87.7215803955895,27.6293371961023,0
                87.7212935511711,27.6296342902232,0
                87.7210891953821,27.6299466338886,0
                87.7209462084062,27.6301684864899,0
                87.720928946955,27.6307190625958,0
                87.720870628406,27.6312901987867,0
                87.7207973540702,27.6326871369606,0
                87.7224982874327,27.6340004301275,0
                87.7227889928132,27.6342944717492,0
                87.723100258402,27.6345297696866,0
                87.7232461092049,27.6347501907997,0
                87.7234535141253,27.6349881742838,0
                87.7236835987829,27.6354088918905,0
                87.7240141789358,27.6354996401806,0
                87.7242007127728,27.6356453183678,0
                87.7246560245869,27.635827998184,0
                87.7248644278371,27.6361201645486,0
                87.7241539151813,27.637870184413,0
                87.7247409295978,27.6392817594622,0
                87.7251572993014,27.6398120332609,0
                87.7253238959652,27.6401066983339,0
                87.7259964516032,27.6419217396762,0
                87.7261721382934,27.6435745347534,0
                87.7259272866138,27.6439254991227,0
                87.7255588224794,27.6444238238924,0
                87.7252932211115,27.6448651548459,0
                87.7250907347608,27.6453806057706,0
                87.7249273742668,27.645677014005,0
                87.7246823957673,27.64608216078,0
                87.7245187865088,27.6463401974694,0
                87.7243356134296,27.646708911774,0
                87.7241736248507,27.6471136230597,0
                87.7240935623818,27.6475562699813,0
                87.72401549468,27.6481997119088,0
                87.7240176108261,27.6485290585652,0
                87.7240614699348,27.6489327113412,0
                87.7241893776362,27.6495028515318,0
                87.7256386069827,27.6502668750213,0
                87.726512032483,27.6512189325774,0
                87.7266369482295,27.6514371033098,0
                87.7268456637092,27.6517677035242,0
                87.7270128847763,27.6520601186306,0
                87.7272219079584,27.6525373305867,0
                87.7272685089039,27.6532544560716,0
                87.7270232826698,27.6536236069379,0
                87.7267779929226,27.653992632084,0
                87.7264900252958,27.6542129821684,0
                87.7263264789407,27.6543988378528,0
                87.7260181398634,27.6546011887763,0
                87.7251949886649,27.6549372060879,0
                87.7249069604461,27.6550673139716,0
                87.724495072831,27.6552341665843,0
                87.7241451144211,27.6553826469624,0
                87.7238993901271,27.6556795535239,0
                87.7236529169586,27.6558635321797,0
                87.7233043289576,27.6562150570247,0
                87.7228946225842,27.6566210759279,0
                87.7226483994519,27.6568434891212,0
                87.7223195604896,27.6571204589812,0
                87.7218677373817,27.6573980504594,0
                87.721435849342,27.6576958283104,0
                87.7210042746944,27.657955234829,0
                87.7207171181348,27.6582140188178,0
                87.719316914324,27.6586612029557,0
                87.7201504629449,27.65990679686,0
                87.7203178066887,27.6603098275094,0
                87.7205481406333,27.6607507929347,0
                87.7206734925054,27.6610253960314,0
                87.7208621470517,27.6613921800977,0
                87.7210506113987,27.6618311455582,0
                87.7212177060664,27.662198054225,0
                87.7214068572987,27.6626392684714,0
                87.7216156345907,27.662985679725,0
                87.7218454684258,27.6634447064666,0
                87.7219304470073,27.6638481101655,0
                87.7219766106915,27.6646014200653,0
                87.7219785409619,27.6648969568034,0
                87.7219395373763,27.6652266142125,0
                87.7219007842165,27.665594456182,0
                87.7218616562041,27.6659083655438,0
                87.7218635862285,27.6662016523378,0
                87.7216599151896,27.6666426723386,0
                87.7212505175581,27.6671975529113,0
                87.7210465987259,27.6674918982625,0
                87.7208016827541,27.6679151064462,0
                87.7203922230016,27.6684700498241,0
                87.7200235113334,27.668857695916,0
                87.7198596526904,27.669079611199,0
                87.7196967273724,27.6694482631529,0
                87.7192453383742,27.6698905906397,0
                87.7190615427298,27.6701667502993,0
                87.718960111392,27.6704425361148,0
                87.718797811136,27.6708111254526,0
                87.7185942638349,27.6712724560138,0
                87.7183484765152,27.6715670508377,0
                87.717936775742,27.6717722742916,0
                87.7168693305938,27.6726599256995,0
                87.7149983589144,27.6738089764776,0
                87.7138064933404,27.6746611908427,0
                87.7133959157229,27.6749385335413,0
                87.7128618501277,27.6753451130742,0
                87.7122860404587,27.6757519409003,0
                87.7119163329194,27.6759929753922,0
                87.7115874333225,27.6761774524555,0
                87.7109904424845,27.6764377303547,0
                87.7106602957048,27.6765319035242,0
                87.7102487217073,27.6766626343665,0
                87.7093010249609,27.6769810879993,0
                87.7089305083,27.6770935080306,0
                87.7084771881041,27.6772424862993,0
                87.707962499527,27.6775023290364,0
                87.7078825632093,27.6778704825435,0
                87.707801568315,27.6780897741026,0
                87.7077621271441,27.6784577410938,0
                87.7076634998007,27.6790831836937,0
                87.7076662387817,27.6795073338763,0
                87.7077502224714,27.6797641259324,0
                87.7078755739628,27.6800387292699,0
                87.7079198694907,27.6805168129677,0
                87.7077785624707,27.6810138916578,0
                87.7076161996442,27.6813802310936,0
                87.7070824466356,27.681825119189,0
                87.7068365960076,27.6821197140888,0
                87.7065498133385,27.6824528036638,0
                87.7059130712314,27.6829524351137,0
                87.7056056022489,27.6833217718865,0
                87.7053600012882,27.6836524258304,0
                87.7049499810481,27.6841328127777,0
                87.7044572220991,27.6845572037995,0
                87.7041292565947,27.6848905428876,0
                87.703555192475,27.6854822920713,0
                87.7033085953287,27.6856662713835,0
                87.7023906081388,27.6874714076694,0
                87.7006201334819,27.6882339313012,0
                87.7002087445288,27.6884210316314,0
                87.6997965449542,27.6885697606218,0
                87.6993027282163,27.6888294161101,0
                87.698809471399,27.6891816255812,0
                87.6984402611416,27.6895129019673,0
                87.6982146585738,27.6898096217918,0
                87.6980521094102,27.690157775081,0
                87.6980135416448,27.6905641759053,0
                87.6980984577717,27.6909675799651,0
                87.6981823790904,27.6912063101712,0
                87.6984742043054,27.6916628385176,0
                87.6986012396438,27.6921044271535,0
                87.6986855346482,27.6923973408694,0
                87.698730763118,27.6930400976099,0
                87.6986913236062,27.693315509712,0
                87.6985905152092,27.6937040986518,0
                87.6986144998912,27.6941800576781,0
                87.698451636168,27.6945869563657,0
                87.6980831113706,27.6950287849968,0
                87.6974643138187,27.6951785726395,0
                87.6971347913514,27.695272683307,0
                87.696702530882,27.6954576587226,0
                87.6960859738321,27.6959571025458,0
                87.6957781962942,27.6961797645284,0
                87.6955935893447,27.6964559239286,0
                87.6953068680228,27.6968070749118,0
                87.6949784665384,27.6970839820252,0
                87.6948577835829,27.6975448145931,0
                87.6944493186574,27.6982823667925,0
                87.6935744456127,27.7003263579038,0
                87.6914514583542,27.7009236387703,0
                87.6903384090148,27.7011863447317,0
                87.6899665825257,27.7012084607014,0
                87.6893689679298,27.7014122434389,0
                87.6885452547972,27.7017299494087,0
                87.688256853052,27.7018216232262,0
                87.6879282022685,27.7020624712458,0
                87.6871663554261,27.702452047023,0
                87.6862626413488,27.7032483970729,0
                87.6857724990534,27.704022444543,0
                87.6860035151883,27.7046823912843,0
                87.6860676857366,27.7050114879617,0
                87.6862345933032,27.7053423375557,0
                87.6863633093743,27.7060771506234,0
                87.6869303836118,27.7076739582604,0
                87.6866911965443,27.7089431548166,0
                87.6862409259126,27.7096064624474,0
                87.685830033108,27.7099762346965,0
                87.6855216303508,27.7102168951553,0
                87.6851714223935,27.7103652507742,0
                87.6846979177199,27.7105503503036,0
                87.6843480827255,27.7107551375063,0
                87.6839778142621,27.7109397389456,0
                87.6837314034656,27.7111620276929,0
                87.6834853658558,27.711438498732,0
                87.6830543497343,27.7118445166835,0
                87.6827657590589,27.711994810237,0
                87.6824583542569,27.7123077144605,0
                87.6817586228017,27.7127149782516,0
                87.6815120252836,27.7129012065165,0
                87.6811001369582,27.7131221168436,0
                87.6808533526337,27.7132902851077,0
                87.6806493713166,27.7136026280355,0
                87.6804027733444,27.713806918517,0
                87.6801148665903,27.7140835760622,0
                87.6798288304301,27.714563278465,0
                87.6796234766307,27.7147650690696,0
                87.679439929935,27.7151156592216,0
                87.678968416369,27.7156324178625,0
                87.6786803247687,27.7157803991463,0
                87.6783102405769,27.7160958640797,0
                87.677713061765,27.7163740784611,0
                87.6767484778103,27.7173151020113,0
                87.6755979179937,27.7182028762634,0
                87.6753306345194,27.7184433501899,0
                87.675063538797,27.7187018222749,0
                87.6747766298731,27.7190529732503,0
                87.6742434349656,27.7196444109209,0
                87.6739562154154,27.7199391294753,0
                87.6734630823095,27.7203453342455,0
                87.6727232270616,27.7209378303135,0
                87.672435696648,27.7211783660024,0
                87.6720654247934,27.721473457907,0
                87.6713873758212,27.7220092104246,0
                87.6710584128742,27.7222138732511,0
                87.6706473958667,27.722583646006,0
                87.6702571880038,27.7229352319863,0
                87.6698259229715,27.7233050661667,0
                87.6693739093557,27.723711084141,0
                87.669086378543,27.7239516201138,0
                87.668777414432,27.7241178496035,0
                87.668407332054,27.7243406978514,0
                87.6679761915393,27.7247285931745,0
                87.6676072272969,27.7252447906685,0
                87.6672999471785,27.7255756927944,0
                87.666971293817,27.7259450293807,0
                87.6667256918387,27.7263139296244,0
                87.6665637015441,27.7267750107277,0
                87.6663589699995,27.7270873539081,0
                87.6660318759441,27.7276033027465,0
                87.6658265841826,27.7278254037825,0
                87.6657047157433,27.7282118051468,0
                87.6656253393732,27.7287085098473,0
                87.6655660856275,27.7291871539654,0
                87.6653830356027,27.729627986526,0
                87.6651787409527,27.7300147610452,0
                87.6648492808088,27.7301449308064,0
                87.6643128485836,27.7302219769425,0
                87.6639205249717,27.7302238435397,0
                87.663528324715,27.7302618330551,0
                87.6630128875102,27.7304493065718,0
                87.6616336739563,27.7312094628426,0
                87.6607470968901,27.7314528622925,0
                87.6602937143496,27.7316377746366,0
                87.6598832583505,27.7320074843283,0
                87.6596585890717,27.7324868749208,0
                87.6594123017546,27.7327452227024,0
                87.6592492533161,27.7330393187029,0
                87.6590853312679,27.7332972922684,0
                87.6587992943579,27.7337949936066,0
                87.6585531941055,27.7340894626225,0
                87.6582247296912,27.7343866175894,0
                87.6578537111507,27.7345711570032,0
                87.6574418835744,27.7348122527603,0
                87.6570510537962,27.7350712849272,0
                87.6567424661322,27.7352013920272,0
                87.6564128783175,27.7354240535876,0
                87.6560214258784,27.7355725330072,0
                87.6553623186907,27.7358148742458,0
                87.6548466968874,27.7358804213905,0
                87.6533814439759,27.7361558684097,0
                87.6523710057118,27.7364719461181,0
                87.6517932049682,27.7365288050038,0
                87.6512737676789,27.736707279461,0
                87.6508665645822,27.7369866845591,0
                87.6504444269811,27.7372097816822,0
                87.6500223507265,27.7374396287998,0
                87.6504014835641,27.7376769897781,0
                87.6506928142096,27.7379328479532,0
                87.6513572168198,27.7383719470407,0
                87.6518353959978,27.7387194254051,0
                87.6522291532833,27.7388461095076,0
                87.6528090136765,27.7389156150666,0
                87.6533333803408,27.7390371768324,0
                87.6542161382228,27.7390939386096,0
                87.6547129467325,27.7391660670419,0
                87.6552097547359,27.7392381954492,0
                87.6556289415041,27.7395903599321,0
                87.6560483489833,27.7411293574149,0
                87.6560305915326,27.7415512573993,0
                87.6561783091344,27.7420853385102,0
                87.6564707600212,27.7425442416262,0
                87.6565971725166,27.7428933376543,0
                87.656847442106,27.7432959950581,0
                87.6572226302825,27.7438108945665,0
                87.6577856640589,27.744561776641,0
                87.6582233453716,27.745019932264,0
                87.658764012279,27.7455340222099,0
                87.6591599489937,27.7460104254513,0
                87.6598255971174,27.7466321960481,0
                87.6616369390826,27.7485368135285,0
                87.662093620667,27.7488842921703,0
                87.6626347883062,27.7493600105311,0
                87.6631334021841,27.7497276754055,0
                87.66346697264,27.7501660179742,0
                87.6635960791136,27.7502240154652,0
                87.663739298161,27.7507400353531,0
                87.6634801367582,27.7510729389136,0
                87.663184167206,27.7514059664317,0
                87.6625917892533,27.752105955667,0
                87.6622213903148,27.7525048505774,0
                87.661851240824,27.7529375558194,0
                87.6615554579066,27.7533044554986,0
                87.6612604195675,27.7539037721049,0
                87.6611162320352,27.7546985743219,0
                87.6608960576554,27.7552975168025,0
                87.6605278376698,27.7560618800626,0
                87.6601956806054,27.7565936392573,0
                87.6597890944275,27.7571935166882,0
                87.6594942442408,27.7577250891442,0
                87.6587522642537,27.7583265215636,0
                87.6582326331346,27.758793782715,0
                87.6576210120157,27.759360721536,0
                87.6574005896575,27.7599235429759,0
                87.6571067356505,27.7606221001298,0
                87.6570705479523,27.7608207696377,0
                87.6570379075067,27.7616173870087,0
                87.6573391076611,27.7620468549045,0
                87.657563324556,27.7622127817926,0
                87.6579381430909,27.7625426352003,0
                87.6588356417981,27.7629038076887,0
                87.6601442674962,27.7635270907586,0
                87.6604056684651,27.7636589590638,0
                87.6614149637933,27.7640511946803,0
                87.6623864543587,27.7643781841903,0
                87.6629476859534,27.7647071667274,0
                87.6638088106829,27.7652332618099,0
                87.6643318620624,27.7654315041995,0
                87.664930961808,27.7658257316639,0
                87.6653809536073,27.7663199463117,0
                87.6657560209216,27.7666836092349,0
                87.6665064060323,27.76734331569,0
                87.6672557317503,27.7679375899866,0
                87.66784006625,27.7690290684081,0
                87.6681409548768,27.7693929796419,0
                87.6684422156735,27.7699216889275,0
                87.6688189014508,27.7705493904437,0
                87.668970744567,27.7710134780906,0
                87.6693480526302,27.7717403583428,0
                87.6696857518986,27.7720049667005,0
                87.6704739395817,27.7729306504805,0
                87.6712212731225,27.7731910169497,0
                87.6715211662809,27.7733880683626,0
                87.6710395273788,27.7739544468206,0
                87.6706693155478,27.7743894635588,0
                87.6705221403695,27.7746879972614,0
                87.6703049535865,27.7757832713514,0
                87.6703106807322,27.7767127524675,0
                87.6704529278458,27.7786027139043,0
                87.6705692091569,27.7792654701189,0
                87.6707642127127,27.7806566013189,0
                87.6712145154753,27.781184563308,0
                87.6721217881492,27.7831046622462,0
                87.6728734784924,27.7840621552821,0
                87.6733974647883,27.7843911985404,0
                87.6746674151803,27.7847505039219,0
                87.6745954155042,27.7851163454422,0
                87.6745245344372,27.7857461636691,0
                87.6748254835569,27.7862095034698,0
                87.675746086547,27.7872992380171,0
                87.6762709440105,27.7877613945905,0
                87.6767607994968,27.7885215872801,0
                87.6769498891904,27.7889516159845,0
                87.677216521107,27.7898121081552,0
                87.6772570635476,27.7904098059185,0
                87.6770381369896,27.7911080527439,0
                87.6766711596072,27.7921702017392,0
                87.6761195747578,27.7934340798618,0
                87.6753802703764,27.7944980976749,0
                87.6744191124696,27.7958970801306,0
                87.6737724230544,27.7968613580295,0
                87.6734025213332,27.7973595575566,0
                87.6728465806458,27.7979262467709,0
                87.6726654574615,27.798788979391,0
                87.6724456580384,27.7994556044021,0
                87.6722236192754,27.7996552696092,0
                87.6716279418441,27.7998566775914,0
                87.6707710494059,27.8000593933537,0
                87.6701021898657,27.8004281606475,0
                87.6695078206161,27.8008281138902,0
                87.6690252476573,27.8012613790328,0
                87.6683205742852,27.8018964972356,0
                87.6678762432804,27.8024626887276,0
                87.667544148581,27.8030282569905,0
                87.6672864821016,27.8035258958333,0
                87.6670661840116,27.8041248390529,0
                87.6666987722151,27.8050223155206,0
                87.6664782870768,27.805587386112,0
                87.6659599033375,27.8061855114153,0
                87.6653530909822,27.8068495031035,0
                87.6661686753298,27.8067237799799,0
                87.6667252207901,27.8069669572696,0
                87.6676056637677,27.807170268415,0
                87.6682071468646,27.8072080271,0
                87.6688555595797,27.8073267163254,0
                87.6695960863394,27.8073659771657,0
                87.6699675334888,27.8075288454886,0
                87.6706136432133,27.8072775671995,0
                87.6715392073037,27.8073971999783,0
                87.6724649600234,27.8074332771339,0
                87.6734379529976,27.8076338405284,0
                87.6740415527164,27.8080008825155,0
                87.6745996550681,27.8084922254905,0
                87.6747869352521,27.8088207625083,0
                87.6748835938164,27.8094790814179,0
                87.6751629266693,27.8097236276166,0
                87.6753503287643,27.8101761535301,0
                87.675721527159,27.8102984632938,0
                87.6759987409949,27.8102970932614,0
                87.6764145030896,27.8101303656937,0
                87.6768285821179,27.8097989655553,0
                87.6771989710582,27.8097970978887,0
                87.6779387515471,27.8097099954889,0
                87.6786792784836,27.8097492564326,0
                87.6798824327186,27.8098245222986,0
                87.6804384179754,27.809986519587,0
                87.6811795063181,27.8101069599907,0
                87.6818289768934,27.8103901983923,0
                87.6822469796638,27.8105935005589,0
                87.6825741105901,27.8111694567769,0
                87.6828537544779,27.8114546238644,0
                87.6835037230289,27.8118214171014,0
                87.6841986905853,27.8119826662211,0
                87.6852647325569,27.8122255405722,0
                87.6861906726146,27.812302114564,0
                87.6870231881247,27.8123408769779,0
                87.6886881610519,27.8122085458773,0
                87.6895665496335,27.8120800746319,0
                87.6901200461323,27.8118313564493,0
                87.6904886917709,27.8115407643424,0
                87.6912268544436,27.8112076210499,0
                87.691503009233,27.8110415782581,0
                87.6919650155563,27.8108746021353,0
                87.6925656275824,27.8107496872168,0
                87.6938153991843,27.8108652632307,0
                87.6946032910475,27.8110688855247,0
                87.6954371788848,27.8112271379224,0
                87.6958538095124,27.8113085141927,0
                87.6965953950348,27.8115100734236,0
                87.6975227050614,27.8117941909846,0
                87.6980793136576,27.8120373056701,0
                87.6985431878412,27.8121590540872,0
                87.6988893950622,27.8120331967646,0
                87.6998120954665,27.8116991817642,0
                87.7005505689106,27.8114089084072,0
                87.7015670042539,27.8111555132997,0
                87.7021215593688,27.8110714692526,0
                87.7029512759386,27.810573153376,0
                87.7035967613257,27.8102404453481,0
                87.7040590170265,27.8101140907956,0
                87.7046153146635,27.8103188334175,0
                87.7053583318998,27.8107256246743,0
                87.7061012876287,27.8111324158629,0
                87.7067507588859,27.8114178407497,0
                87.7070762114235,27.8116215166316,0
                87.7076775700528,27.8116184031561,0
                87.7082326227185,27.8116155396319,0
                87.7087865539951,27.8114480650597,0
                87.7096188851969,27.8113625262644,0
                87.7106816896824,27.8111088816128,0
                87.7112348744421,27.8108195429355,0
                87.7120195296019,27.81052670842,0
                87.7124351021206,27.8104410997153,0
                87.7131737621239,27.8101913234874,0
                87.7137290635398,27.8102290807385,0
                87.7147918059086,27.8099776861105,0
                87.7153449913851,27.8096860351852,0
                87.7160380911827,27.8095606214914,0
                87.7164077337475,27.8094345772816,0
                87.717515596348,27.8090994406657,0
                87.7180704647792,27.8089724632502,0
                87.7186938237194,27.8088474239164,0
                87.7189689238052,27.8084330905082,0
                87.7197513987991,27.8078130977478,0
                87.7203020936199,27.8071515412824,0
                87.7210388846607,27.8066129159682,0
                87.7216836859067,27.8061989019033,0
                87.7225622614375,27.8061108648935,0
                87.7230217119238,27.8056572257095,0
                87.7233441761044,27.805407379122,0
                87.7239446628707,27.8052801515937,0
                87.7244996534603,27.8052772253309,0
                87.7252398690572,27.8052733653774,0
                87.7257984081248,27.8058050789256,0
                87.7265416755369,27.8062546794126,0
                87.7266370276349,27.8066648323363,0
                87.727283011574,27.8064154922977,0
                87.7277008288521,27.8065779857491,0
                87.7284879109156,27.8066550563247,0
                87.7289524679077,27.8069819747562,0
                87.7297875375279,27.8073069620308,0
                87.7305304932266,27.8077136280139,0
                87.7309964815425,27.8082481525134,0
                87.7311380784772,27.8086579946425,0
                87.7315573894118,27.8090257824094,0
                87.7322044323451,27.8089388653584,0
                87.7325748194313,27.8090204273807,0
                87.733039502425,27.8092638526705,0
                87.7333183975487,27.8095105241353,0
                87.7337855714031,27.8101239790048,0
                87.7340203389808,27.8107003083122,0
                87.7341611893686,27.8109860976738,0
                87.734442887628,27.8115599284539,0
                87.7348154544777,27.8119707745531,0
                87.7352341428172,27.8122550694177,0
                87.7362103098293,27.8129921486387,0
                87.7363062221785,27.8134834825895,0
                87.7361249192832,27.8140619906876,0
                87.7358521259374,27.8147222398847,0
                87.7356685819662,27.8149691520268,0
                87.7353940428521,27.8154647279962,0
                87.7350727646105,27.8157958174687,0
                87.7346607382411,27.8164973730603,0
                87.7344786283272,27.8168683363373,0
                87.7341125347062,27.8175268335849,0
                87.7338403014895,27.818270576001,0
                87.7337532302331,27.8190922513294,0
                87.7338475241967,27.8193398563717,0
                87.7341760265325,27.8200781732818,0
                87.7350630066101,27.8212263392832,0
                87.735275525497,27.8218817233004,0
                87.7354663558364,27.8227042169708,0
                87.7357505448758,27.8236480147331,0
                87.7358439650607,27.8238550604285,0
                87.7368682467298,27.8247542517396,0
                87.7374261017929,27.8251619139498,0
                87.7379853885187,27.8257771833012,0
                87.7381726066241,27.8260626616902,0
                87.738360074943,27.8263910737038,0
                87.7384560495971,27.8268845324008,0
                87.7388292385856,27.8273766838572,0
                87.7393414746147,27.8277845949909,0
                87.7398993286147,27.8281921948438,0
                87.7403180773706,27.828559982937,0
                87.741156075378,27.8292977467869,0
                87.7416691198728,27.8298296479546,0
                87.7420429945096,27.8304029795229,0
                87.7422776401815,27.8308551941386,0
                87.7421428932662,27.8314717622864,0
                87.7421456327154,27.8318824135948,0
                87.7423359638521,27.832623664847,0
                87.742710585809,27.8333210482967,0
                87.7428275025985,27.8335257197962,0
                87.743205053365,27.8345525118024,0
                87.7436717271317,27.835165904969,0
                87.7439981768346,27.8354935074133,0
                87.7446027744742,27.8359437290989,0
                87.7448820451064,27.8361475290887,0
                87.7455298975742,27.8361440424518,0
                87.7460844526335,27.8360575608081,0
                87.7473157373087,27.8357440498352,0
                87.7479734644766,27.8357089402133,0
                87.7482611158225,27.8356486383414,0
                87.7489926457829,27.8356447159927,0
                87.7496331926418,27.8354224352328,0
                87.7500752022343,27.8352034630167,0
                87.7507844233384,27.8351815417163,0
                87.7511834933337,27.8352763533212,0
                87.7519158945686,27.8353919826284,0
                87.7524486339584,27.8355469791268,0
                87.7530037448664,27.8357199121615,0
                87.7533152001546,27.8358964655079,0
                87.7537840645665,27.8363473725274,0
                87.7540522089544,27.8366798482082,0
                87.754277851976,27.8372899866952,0
                87.7543920140199,27.8377428236222,0
                87.7546851450796,27.8384699524635,0
                87.7548444211473,27.8391188362215,0
                87.7552042931974,27.839865902718,0
                87.7553075783812,27.8403955452209,0
                87.7553991198373,27.840789824662,0
                87.7554662963484,27.8408683815353,0
                87.7556911302921,27.8413590308589,0
                87.7560040170452,27.8417318160221,0
                87.7564941927984,27.842142040165,0
                87.7567687142096,27.8423842108913,0
                87.7569180664523,27.8425142024242,0
                87.7571643373101,27.842887361789,0
                87.7573236149534,27.8434392546232,0
                87.757460208598,27.8440092696208,0
                87.7575736850383,27.8443628649824,0
                87.7577438990868,27.8449327559487,0
                87.7579011824009,27.8452861027568,0
                87.7581711951816,27.8458756815333,0
                87.7582391810085,27.8460738525374,0
                87.7582428549067,27.8466063060536,0
                87.758199979889,27.8468230980954,0
                87.7582017235836,27.8470780132222,0
                87.7582476499259,27.8472943699769,0
                87.7585399713285,27.8479041970024,0
                87.7586746363914,27.8480996825926,0
                87.7587307505825,27.8482370469732,0
                87.7590001406148,27.848747694292,0
                87.7593579581038,27.8491788510714,0
                87.7597383955857,27.8496889383024,0
                87.7600284136262,27.8499647949678,0
                87.7604522850241,27.8504137012064,0
                87.760720618245,27.8506694341936,0
                87.761100431776,27.8511793958804,0
                87.7614146270005,27.851728228656,0
                87.7617055787116,27.8521417604665,0
                87.7618848002585,27.8523573080663,0
                87.762309792267,27.8529663872018,0
                87.7625561278282,27.8532606168362,0
                87.7629699350972,27.853808763538,0
                87.7633045091719,27.8541024942126,0
                87.7636845091544,27.8546327679137,0
                87.7639980194323,27.8550845466249,0
                87.7642005463614,27.8554557051914,0
                87.7645137451579,27.8558690497597,0
                87.7647618218683,27.85649712477,0
                87.7648530522778,27.8568327840126,0
                87.765102498567,27.8576571535664,0
                87.765586596644,27.8587193198049,0
                87.7657206368501,27.8589352405731,0
                87.7659442877001,27.8592294695358,0
                87.7660572660897,27.8595041351911,0
                87.7664815753092,27.8599168572135,0
                87.7669281920953,27.8604265084399,0
                87.7672846388055,27.8606794923842,0
                87.767417934705,27.8606788079154,0
                87.7678629312256,27.8609717285988,0
                87.7688619210494,27.8611625437156,0
                87.7693504161537,27.8613177267462,0
                87.7699503952672,27.8615309701238,0
                87.7703289032381,27.8617454585778,0
                87.7708404541596,27.862020068957,0
                87.771296389678,27.8622341213344,0
                87.7719407369632,27.8624471149862,0
                87.7724517286402,27.8626405455525,0
                87.7730735183234,27.8627949815508,0
                87.7734065982235,27.8628720440907,0
                87.7738298487918,27.8631246547927,0
                87.7741431104139,27.8635380622538,0
                87.7742554039796,27.8637133616583,0
                87.7746551594779,27.8638892285589,0
                87.7747475731655,27.8643806870112,0
                87.7749704769464,27.8645756743387,0
                87.7754392179798,27.8649881474197,0
                87.7759724562562,27.8651813908966,0
                87.7765727465153,27.8654352551162,0
                87.776816837503,27.8654925045281,0
                87.7771271721431,27.8654907611104,0
                87.7774601274413,27.8655475752192,0
                87.7780699836064,27.8656230800221,0
                87.7785376040511,27.8658753796124,0
                87.7779879103953,27.8664898773378,0
                87.7777233769265,27.8666876668192,0
                87.7773717874675,27.8671250590641,0
                87.7771083758746,27.8674807730351,0
                87.7769128239594,27.868091027937,0
                87.7769822419143,27.8684854318769,0
                87.7774098524007,27.8693493644799,0
                87.7776791812594,27.8698216405857,0
                87.7779807569464,27.8701944259602,0
                87.7782723945787,27.8706846387476,0
                87.7783640606617,27.8710789177939,0
                87.7785004696194,27.8715113202213,0
                87.7785250830414,27.8718450414237,0
                87.7783726547434,27.8722791247939,0
                87.7780215622444,27.8727931981448,0
                87.7776708446925,27.8733659532514,0
                87.7774968562664,27.873802411245,0
                87.777331935124,27.873999577841,0
                87.7771352021782,27.8743548555285,0
                87.7766483869682,27.8745358922383,0
                87.7761183870784,27.8747937969679,0
                87.7756998087738,27.8751120112017,0
                87.7753919026224,27.8754679735226,0
                87.7751512343589,27.8759814237916,0
                87.775089602219,27.8765931806907,0
                87.7751363351507,27.8770057705256,0
                87.7752285621751,27.8774790435245,0
                87.7752984162221,27.8779298799406,0
                87.775612052075,27.8783815961645,0
                87.7759381172396,27.8790701041783,0
                87.7762275128084,27.8792467197321,0
                87.7762754938149,27.8797382399503,0
                87.7766123108984,27.8803274442813,0
                87.7769251984006,27.8806799190747,0
                87.7771277239129,27.8811322584251,0
                87.7773524355161,27.8814851696766,0
                87.777555583048,27.8820345000833,0
                87.7776020702084,27.8823116640134,0
                87.7775829365059,27.8827450627691,0
                87.7775541758743,27.8833362598345,0
                87.7775558570435,27.8835709267522,0
                87.7775593450928,27.8840649465373,0
                87.7776940081881,27.8843394871688,0
                87.7779847115023,27.8846920244623,0
                87.7778988986153,27.8851256719032,0
                87.7781448611842,27.8853408454834,0
                87.7783257618465,27.8858723017464,0
                87.7787066373142,27.8864025755464,0
                87.7789757776808,27.8868545405882,0
                87.7792219249522,27.8871870161937,0
                87.77939189091,27.8876982247784,0
                87.7795939176403,27.8880715700534,0
                87.77977544311,27.888602964841,0
                87.7797769995057,27.8888195703961,0
                87.7798452353031,27.8890357403797,0
                87.7799600807727,27.8896465012583,0
                87.7800285029796,27.8899010425858,0
                87.7801637908142,27.890175521085,0
                87.7805408023597,27.8902523340618,0
                87.7813905432668,27.8911928301133,0
                87.7815240853335,27.8913116356283,0
                87.7817910467583,27.8914477529964,0
                87.7821604257196,27.8918788473271,0
                87.782384512162,27.8922317581468,0
                87.7825876601239,27.8927630284158,0
                87.7826783304124,27.8929994464473,0
                87.7827024446708,27.8932745476297,0
                87.7827487452486,27.893529213521,0
                87.7827957903986,27.893982424386,0
                87.7829534502188,27.8942770896493,0
                87.7830455512409,27.8947299885705,0
                87.7830689196615,27.8948877874159,0
                87.7832033341689,27.8951239570569,0
                87.7834060453164,27.8955942951171,0
                87.7835418947348,27.8959477663781,0
                87.7835788760761,27.8965002808079,0
                87.783670167933,27.8968336278688,0
                87.7838524414303,27.8974643260711,0
                87.7839435443036,27.8978563559503,0
                87.7839919624653,27.8984088079269,0
                87.7842389811093,27.8988608980371,0
                87.7844869369676,27.8993512976956,0
                87.7848658162414,27.8996830254655,0
                87.7856225836844,27.9000351970329,0
                87.7857569358175,27.9002690538422,0
                87.7868573443292,27.900657603279,0
                87.7873907081514,27.9008327860255,0
                87.7877914633367,27.9010267765599,0
                87.7883471983904,27.9012401441239,0
                87.7886814609709,27.901454818717,0
                87.7892373829184,27.901688558819,0
                87.789926786566,27.9019395509571,0
                87.7903935981489,27.9020564242612,0
                87.7907263649535,27.9021515474771,0
                87.7912379189035,27.9023064809856,0
                87.7917264761626,27.9024413536006,0
                87.7923260824616,27.9025574804814,0
                87.7926484144128,27.9026345427914,0
                87.7932477703321,27.902728170862,0
                87.7936699608208,27.9029039133628,0
                87.7939384800191,27.9032362650411,0
                87.7941408828338,27.9035712394432,0
                87.7943641608075,27.9038068480791,0
                87.7947666601215,27.9042376930388,0
                87.7951226077434,27.9044703040286,0
                87.7955912253303,27.9048240322127,0
                87.795925301974,27.9050183965214,0
                87.7963486761827,27.9053498759529,0
                87.7968389176752,27.9056244864186,0
                87.7971510584802,27.9058573465899,0
                87.7974402051089,27.9059752172577,0
                87.7977959678337,27.9060904635876,0
                87.7983732654493,27.9062067144759,0
                87.7987953314002,27.9063599595945,0
                87.7993630630033,27.9066341334528,0
                87.7997198217784,27.9068869937768,0
                87.8001873162639,27.9071797893735,0
                87.8005654514078,27.907315284578,0
                87.8008766582612,27.907412720026,0
                87.8016989190207,27.9076832123883,0
                87.8022115320873,27.9079757588101,0
                87.8025674175505,27.9081902473045,0
                87.8030795333835,27.908403863393,0
                87.8035463423789,27.9085996671725,0
                87.8039924015444,27.9089107111347,0
                87.804349283586,27.909262749321,0
                87.8045055728552,27.9093611819429,0
                87.8047733446114,27.909596479027,0
                87.8050643598904,27.9099692639022,0
                87.8053563721619,27.9104796621779,0
                87.8055026573863,27.910774388797,0
                87.8057469374068,27.9108315764833,0
                87.8057071788863,27.9113823399271,0
                87.8057101057304,27.9117771795896,0
                87.8056480984872,27.9124069354257,0
                87.8054966664239,27.9129605715474,0
                87.8053897316429,27.9134349648504,0
                87.8055018986117,27.9136690094698,0
                87.8057512855318,27.9144164477377,0
                87.8060419285932,27.9146516835175,0
                87.8065199849779,27.9149038576219,0
                87.8069877927873,27.9151379710313,0
                87.8073674227423,27.9154718869297,0
                87.8076138192938,27.9158246103505,0
                87.8080396225755,27.9164718746274,0
                87.808219529458,27.9167460413187,0
                87.8084882976418,27.9171190132352,0
                87.8087123234182,27.9174515512224,0
                87.8090683350444,27.9175893581352,0
                87.8093159778448,27.9181000684854,0
                87.8094719557485,27.9181577537064,0
                87.8098847682693,27.9185095435192,0
                87.8100404329231,27.9186079127313,0
                87.810219655092,27.9188031487498,0
                87.8104196891859,27.9188808959803,0
                87.8111343304487,27.9195264780875,0
                87.8116248815958,27.9199183910594,0
                87.8118489690986,27.92025092824,0
                87.8122737150437,27.920661337842,0
                87.81256385869,27.920916758745,0
                87.813120715792,27.9212474280291,0
                87.8134549170406,27.9214439798434,0
                87.8136988221948,27.9214605452354,0
                87.8141207660452,27.9214986756805,0
                87.8146526970486,27.9214752500564,0
                87.8148521100485,27.9213950737915,0
                87.8154274771771,27.9212337867711,0
                87.8156259541277,27.9211153012353,0
                87.8158466774917,27.9209966282353,0
                87.8164444152672,27.92085546463,0
                87.8168333617132,27.9209908361584,0
                87.8174342140597,27.9212625107234,0
                87.8181689839777,27.92161236923,0
                87.8187679055917,27.921629066986,0
                87.8189659467328,27.9214496491551,0
                87.8191623703326,27.9209769449494,0
                87.8193589162566,27.9206012946043,0
                87.8196439526969,27.920166463563,0
                87.8198853659477,27.9198491833213,0
                87.8203926229875,27.9194129190119,0
                87.8207676414939,27.9192144442812,0
                87.8215869772156,27.9189907297992,0
                87.8218306338512,27.9189712360715,0
                87.8224290563882,27.9189271273333,0
                87.8228286293082,27.9189449455667,0
                87.8234630371849,27.9192953645655,0
                87.8241313154952,27.9196659075013,0
                87.8245782453612,27.9201550606988,0
                87.8249150005338,27.9206854583666,0
                87.8250502891919,27.9209418758435,0
                87.8252541853751,27.9215497640109,0
                87.8252551817268,27.9216693160033,0
                87.8252790484557,27.9218857351623,0
                87.8253946432092,27.9224761220662,0
                87.8254188211482,27.9227309132949,0
                87.8255881648453,27.9231247562344,0
                87.8254136769575,27.9235589645997,0
                87.8254445815521,27.9247003026824,0
                87.8255601770852,27.9252906899139,0
                87.8255400479454,27.9255683527278,0
                87.8256993258416,27.9261381810234,0
                87.8257239397011,27.9264538407666,0
                87.8261055005663,27.9270223610905,0
                87.8263651398306,27.9275915655446,0
                87.8265234825862,27.9280440911876,0
                87.8266368358529,27.9283389427743,0
                87.8269299072376,27.928966643269,0
                87.8271087532273,27.9291821279369,0
                87.8271137983902,27.9298521937901,0
                87.8270719200277,27.9301885385232,0
                87.8270542203174,27.9307774860606,0
                87.82701427614,27.9312898774692,0
                87.8269285268006,27.9317055268221,0
                87.8267760983191,27.9321193002164,0
                87.8265253686061,27.9326328748659,0
                87.8263053279285,27.9329298439723,0
                87.8254014278049,27.9336458255879,0
                87.8250502139088,27.9340607822723,0
                87.8243879768807,27.9344979189473,0
                87.8243895963575,27.9347145249755,0
                87.8244154557545,27.9351881079442,0
                87.8244863082843,27.9357381861583,0
                87.8245331051211,27.9361327152602,0
                87.824637203589,27.9366239233087,0
                87.8247949868916,27.9369974562876,0
                87.8249325172884,27.9375470978389,0
                87.8249787529698,27.9378626958069,0
                87.8251149135059,27.9382363537916,0
                87.8252069544638,27.9386486941131,0
                87.825386548038,27.9389634820405,0
                87.8257232412913,27.9394735688664,0
                87.8259696378817,27.9398082317745,0
                87.8261066080122,27.9402789424461,0
                87.8262761387231,27.9406907844454,0
                87.826456044184,27.9410461318336,0
                87.8264816543417,27.9414971553962,0
                87.8266606872485,27.9417330130351,0
                87.8267973468144,27.9421653523002,0
                87.8269773758535,27.9425387607045,0
                87.8272915109515,27.9430106631307,0
                87.8275610910811,27.9433835098828,0
                87.8278526050434,27.9437946676086,0
                87.8280988777566,27.9441090190535,0
                87.8282575953113,27.9445998541873,0
                87.828316951115,27.945053003279,0
                87.8284529846209,27.9454853421164,0
                87.8286131368327,27.9460754186114,0
                87.8288381589713,27.9465275079914,0
                87.8289964395479,27.9469598482216,0
                87.8292878290402,27.9473528189369,0
                87.8296672724022,27.9476438013961,0
                87.8301138315839,27.9479772807634,0
                87.8307378026712,27.9483480103889,0
                87.8312730359666,27.948737361186,0
                87.8314518815421,27.9489550956388,0
                87.8316003488826,27.9495046748821,0
                87.8316035881713,27.9499378246554,0
                87.831607262885,27.9504115952591,0
                87.8316105644036,27.9508446819715,0
                87.8315044393752,27.9514161298251,0
                87.8313755664469,27.9520080122317,0
                87.8312887576662,27.9522837368712,0
                87.8313356193213,27.9525993347304,0
                87.8314705343424,27.9527947575997,0
                87.8316926289725,27.9528520696275,0
                87.8323343631526,27.9526316638481,0
                87.8327755621485,27.9523537595965,0
                87.8332173859266,27.9520757924865,0
                87.8335047894351,27.9519364357682,0
                87.8340342293772,27.9515790398786,0
                87.8346539648411,27.951397068359,0
                87.8356972031362,27.9514290858942,0
                87.8363170017324,27.9512493640642,0
                87.8367371372514,27.9511272576146,0
                87.8373124414843,27.9509477847423,0
                87.8378223148168,27.9508453659502,0
                87.8383212505394,27.9508040048256,0
                87.8389180543784,27.9505251034719,0
                87.8393161305713,27.9504234330124,0
                87.8396935179409,27.9504414390663,0
                87.8399151760322,27.9504400681199,0
                87.8405140368174,27.9504161442072,0
                87.8409801625987,27.9504132792719,0
                87.8415774031899,27.950193059962,0
                87.8421496545307,27.9496187466312,0
                87.8424584954536,27.9494002720976,0
                87.8428346997698,27.9492581046506,0
                87.8431437883963,27.9490599404032,0
                87.8435847383132,27.9487617250271,0
                87.8440913703808,27.9483254614522,0
                87.844333908272,27.9480690510661,0
                87.844827546367,27.9474343045348,0
                87.8451355765247,27.9471165881051,0
                87.8457112569243,27.9468963689013,0
                87.8464173005642,27.9464589210507,0
                87.8469046152868,27.9463183186144,0
                87.847237382413,27.9463952553064,0
                87.8474380421026,27.9464730026925,0
                87.8476178228908,27.9468057895277,0
                87.8478860931041,27.9470815824918,0
                87.8482669072163,27.9475304887243,0
                87.8485356140951,27.9478649638788,0
                87.8492035194149,27.9481563886593,0
                87.8496269584186,27.9483703785065,0
                87.8501159540478,27.9485252490046,0
                87.8507593068914,27.9485212628374,0
                87.8515028337844,27.9485753348545,0
                87.8519464625794,27.9486109027203,0
                87.8526118761344,27.9485887931608,0
                87.8530116352739,27.9486246722644,0
                87.8536553625786,27.9486612447622,0
                87.8543430233786,27.9486366977219,0
                87.8545871784523,27.9486735111813,0
                87.8551856014464,27.9486111535289,0
                87.8554295074555,27.9486096582932,0
                87.8559831877292,27.9485091780647,0
                87.8563593293204,27.9483670108882,0
                87.8568660862556,27.9479509952451,0
                87.8570413835035,27.9476340258958,0
                87.8571696311009,27.9470624546315,0
                87.8572469080577,27.9455842736763,0
                87.8571746217719,27.9448763347203,0
                87.8571945020312,27.9445806736756,0
                87.8573117515249,27.9439888528823,0
                87.8574194976946,27.9435550185371,0
                87.8578139599942,27.9429998249082,0
                87.8578798919828,27.9429023971692,0
                87.8579445149502,27.94264479602,0
                87.8579409009193,27.9421913985294,0
                87.8578686781089,27.9414834590329,0
                87.8577537697731,27.9409336933978,0
                87.8577294051252,27.940656342116,0
                87.8577509662656,27.9405772242041,0
                87.8578240953859,27.9400263371534,0
                87.8579106520789,27.9398091702357,0
                87.8580210149924,27.9397092438523,0
                87.8584148566868,27.9389983769531,0
                87.8587656363882,27.9384637428774,0
                87.8589854257162,27.9382255182071,0
                87.8590726074431,27.938008414369,0
                87.859157855711,27.9376333241808,0
                87.8591531213951,27.9370242521578,0
                87.8591501312501,27.9366497855306,0
                87.8589795414191,27.9361183914006,0
                87.8588436943509,27.9357244237073,0
                87.8586184228438,27.9352543352684,0
                87.8584377675312,27.9349012382261,0
                87.8582576130417,27.9345278922065,0
                87.8579873490675,27.9339971216778,0
                87.857716085717,27.9334280408577,0
                87.8575588636806,27.933133501387,0
                87.8571195678574,27.9322698813952,0
                87.8560715334618,27.9316064195225,0
                87.8557806422601,27.9312720054211,0
                87.8553790789472,27.9309203407428,0
                87.8548185448249,27.9302153924648,0
                87.8543044992894,27.929706489772,0
                87.8541250924507,27.9294120748738,0
                87.8539088256,27.9287230685716,0
                87.8541512986295,27.9285455891977,0
                87.8545501852349,27.9284821644351,0
                87.8554120198891,27.9280842795038,0
                87.8559860781018,27.9277648806763,0
                87.8563832826028,27.9274871632826,0
                87.8568691003171,27.9272472568582,0
                87.8572887395486,27.9269897248159,0
                87.8576176460342,27.9265138982126,0
                87.8578363768082,27.9261379984028,0
                87.8581454030652,27.925960144782,0
                87.8586957812412,27.9254445756894,0
                87.8591583555622,27.9250852415405,0
                87.8593890827221,27.9247882723054,0
                87.8598957162996,27.9242932635817,0
                87.8602025605059,27.9239168654017,0
                87.8603553614313,27.92356171175,0
                87.8603967408518,27.9231666222435,0
                87.8603948097067,27.9229320184008,0
                87.8602791513025,27.9223596912208,0
                87.8602533531523,27.9219086675969,0
                87.8603820388889,27.9213167855881,0
                87.8605338410498,27.9209210105734,0
                87.8608954962342,27.9203276321647,0
                87.861092976146,27.9200895318262,0
                87.861687225602,27.9195150315107,0
                87.8627019238268,27.918800302232,0
                87.8630540093292,27.9185205839256,0
                87.8633382347255,27.918006697128,0
                87.8634682910728,27.9175930482171,0
                87.8635078639654,27.916981415811,0
                87.8635499278356,27.9166855679818,0
                87.8636668652621,27.9160554380134,0
                87.8637444532056,27.9146358769045,0
                87.8638947610596,27.914043869968,0
                87.8640253775563,27.9137091514403,0
                87.8642201789413,27.9131371431074,0
                87.8643286100609,27.9128003003657,0
                87.8646447105373,27.9121485510257,0
                87.8649731809154,27.9116141042253,0
                87.8653468302357,27.9111786507506,0
                87.8657867201951,27.9107629451197,0
                87.8664758131497,27.9109548794834,0
                87.8668332588642,27.9112684837094,0
                87.8674571054428,27.9116391511674,0
                87.8680578952095,27.911890203234,0
                87.8687248643224,27.912163505166,0
                87.8693043439129,27.912455427573,0
                87.8698607644901,27.9127271026141,0
                87.870261704904,27.9129998361745,0
                87.8709305445224,27.9134287493219,0
                87.8713422365878,27.9136224273751,0
                87.8720314542719,27.9138166111989,0
                87.8724982028376,27.9139106750187,0
                87.8731641122546,27.9140463009805,0
                87.8739197602064,27.9142174885992,0
                87.874542111711,27.9143917980353,0
                87.8749199354598,27.9144682982633,0
                87.8755198532725,27.9146201722402,0
                87.8760746545933,27.9146775524394,0
                87.8766074575126,27.9147711798982,0
                87.8769399773967,27.9147510635335,0
                87.8780334731185,27.9142116325177,0
                87.8784991609015,27.9142470130267,0
                87.8791397726763,27.9139293665458,0
                87.8797813186341,27.9137267094289,0
                87.880134776892,27.9135484196394,0
                87.8807095205921,27.9133283249234,0
                87.8810634764056,27.9132064054974,0
                87.8816605915436,27.9130063094964,0
                87.8830519267943,27.9123273964714,0
                87.8836599782527,27.9120685565999,0
                87.8840796150055,27.9119078285442,0
                87.8846098637582,27.9116879212119,0
                87.884985382701,27.9114870087914,0
                87.8853159703832,27.911229912589,0
                87.8857364188168,27.9110896210209,0
                87.8870388906494,27.9104315169128,0
                87.8877463678425,27.9101313691491,0
                87.8885895064822,27.910204941611,0
                87.8890112009791,27.9102202618877,0
                87.8896546156822,27.9102567083775,0
                87.889976011044,27.9102726504438,0
                87.8904642578406,27.9103484661375,0
                87.8906872887068,27.9104462744744,0
                87.8913750094687,27.9105411546337,0
                87.8920631049935,27.9105953513092,0
                87.8925297302578,27.9106712907052,0
                87.8931297100372,27.9108252891533,0
                87.8935955859834,27.9108809181034,0
                87.8942178130194,27.9110348542664,0
                87.8947947359345,27.9110897357954,0
                87.8953053548982,27.9111856752266,0
                87.8959050233124,27.9112991141526,0
                87.8965603731267,27.9113941190162,0
                87.8970256254301,27.9113707550091,0
                87.8976687911827,27.9113665802931,0
                87.8980906102591,27.9114021477825,0
                87.8990859247743,27.9111407535772,0
                87.8993345670869,27.911651275911,0
                87.8997572564173,27.9118650778554,0
                87.9000235956484,27.9119017045444,0
                87.9003797952095,27.9120572603715,0
                87.9009804613683,27.9122902515256,0
                87.9016708630198,27.9126196117901,0
                87.9022035416838,27.9126951154506,0
                87.9028646229102,27.9134803717417,0
                87.9032461832638,27.9140870133065,0
                87.9035157003728,27.914500356617,0
                87.9038055326315,27.9146947207165,0
                87.904296274055,27.9149870170096,0
                87.9046080416718,27.9151429465368,0
                87.9052531385835,27.9153755642895,0
                87.9056095238536,27.9156281742456,0
                87.9062107507071,27.9159197224918,0
                87.9068568451029,27.9162697040024,0
                87.9074812526658,27.916680680108,0
                87.9076046079212,27.9168557925931,0
                87.9077382761681,27.9168955419999,0
                87.9084035023628,27.9168708692888,0
                87.9086242893197,27.9167701325292,0
                87.9093546982887,27.9165690396867,0
                87.9096641613372,27.916449681402,0
                87.9102400254565,27.9163669498724,0
                87.9105502976313,27.9163445831234,0
                87.9106828440837,27.9163234002084,0
                87.9110384200778,27.9163999630467,0
                87.9113939969189,27.9164766501783,0
                87.9116384628351,27.9165539607465,0
                87.9119724786166,27.9167097038536,0
                87.9120404651858,27.9168671286693,0
                87.9127290578397,27.9170588128637,0
                87.9131741840192,27.9172138076126,0
                87.9138510312237,27.917288314853,0
                87.9142726013555,27.9172854480797,0
                87.9149378275729,27.9172607759651,0
                87.9154031421255,27.9172577232865,0
                87.9159337644893,27.917075937213,0
                87.9163754627651,27.9168180935886,0
                87.9165902055559,27.9160089810359,0
                87.9172348664511,27.9161829157954,0
                87.9178994078524,27.9160792509245,0
                87.9182974825303,27.9159976409556,0
                87.9189404616305,27.9159730303393,0
                87.9194061521319,27.915931605973,0
                87.9197941013867,27.9159289883574,0
                87.920371709985,27.9160627387629,0
                87.9207051023165,27.916139488279,0
                87.9213047715271,27.9162528650156,0
                87.9219051881991,27.916447296955,0
                87.9225042340281,27.916481618442,0
                87.9230374729616,27.9166156796389,0
                87.923592087983,27.916652562183,0
                87.9243477970259,27.9168234992598,0
                87.9249246583194,27.9168601949441,0
                87.9251916832239,27.9169757531313,0
                87.9258799659764,27.9170500722962,0
                87.926280349089,27.917164757418,0
                87.9270238747437,27.9172386402238,0
                87.9273791383682,27.9173557619672,0
                87.9281332900203,27.9173304668929,0
                87.9286455913954,27.9176225140271,0
                87.9298229935991,27.9178695150143,0
                87.9305337111403,27.9179639579476,0
                87.930911036419,27.9179817139176,0
                87.9315317683016,27.9179572286077,0
                87.9320630760134,27.9178746834723,0
                87.9325493916681,27.9177134571112,0
                87.932936158502,27.9174942972461,0
                87.9333989810872,27.9171955826342,0
                87.933750507425,27.9168006868747,0
                87.934122910359,27.9162454299456,0
                87.9343640113801,27.9159279633273,0
                87.9347582856755,27.9154132037096,0
                87.9350653806464,27.9150184938131,0
                87.9353512267158,27.9146624060751,0
                87.9356118340218,27.9140289044795,0
                87.9359400536637,27.9135145810738,0
                87.9360042380674,27.913297476539,0
                87.9362084178493,27.9125291108693,0
                87.9363843384612,27.9123113830538,0
                87.9366045633617,27.9121519640515,0
                87.9371550646235,27.9117150137397,0
                87.9375306454684,27.9115342247842,0
                87.9381040163385,27.9111761420454,0
                87.9388328669692,27.9108756833772,0
                87.9390321549189,27.9107953187196,0
                87.9391205808953,27.9108150067216,0
                87.939386174405,27.9106936476677,0
                87.9396733897447,27.9105744133152,0
                87.9403146841025,27.9104323762436,0
                87.9408234355066,27.9102304043485,0
                87.9415516000076,27.9098531393557,0
                87.9424381101287,27.9098064727877,0
                87.9427159478324,27.9098451628372,0
                87.9439133539466,27.9098550607043,0
                87.9445792652356,27.9099091309699,0
                87.9450001486921,27.9099062643341,0
                87.9457098059434,27.9098833429133,0
                87.9460422629399,27.9098607893883,0
                87.9466624972486,27.9097775583583,0
                87.9471053154642,27.909736133449,0
                87.9479483929454,27.9097303386253,0
                87.9482588524936,27.9097282199571,0
                87.9488358379336,27.9097829135246,0
                87.9493124013871,27.9097592997717,0
                87.9498001493942,27.9097762455108,0
                87.9501552278954,27.9097941257311,0
                87.9506859753369,27.9096505866062,0
                87.9513066453025,27.9096079152616,0
                87.9515722360705,27.9095654863031,0
                87.9517931470747,27.9094872478984,0
                87.9521702224409,27.9094846308369,0
                87.9524588090667,27.9095210075243,0
                87.9531030972231,27.9096541960666,0
                87.9535467892206,27.9096510804231,0
                87.9541558355209,27.9095882229622,0
                87.9543991180591,27.9095279205815,0
                87.9545320389543,27.9094863639918,0
                87.955062661347,27.9093247642563,0
                87.9555922870733,27.9090458614857,0
                87.9559671192371,27.9087883292246,0
                87.9561412319413,27.9083719943553,0
                87.956114560558,27.9078601008339,0
                87.956067698765,27.9075851867259,0
                87.9563947969529,27.9069534989712,0
                87.9566595788284,27.9068140164667,0
                87.9568809871647,27.9067921480644,0
                87.9574979189302,27.9063344498226,0
                87.9577058363174,27.9060171693579,0
                87.9578795115017,27.9056233951141,0
                87.958207108031,27.9050480771176,0
                87.9586236306187,27.9044743855026,0
                87.9589095994306,27.9042174765898,0
                87.9594582309728,27.9035819811449,0
                87.9596325290269,27.903267199896,0
                87.9600485530645,27.9026326383554,0
                87.9609789017721,27.9013063359923,0
                87.9613733647192,27.9007530799453,0
                87.9615915947746,27.9003771174026,0
                87.9618306395695,27.899843044315,0
                87.9620944259261,27.8995253273557,0
                87.962421771501,27.8989928802533,0
                87.9629265340471,27.8983576964174,0
                87.9630582071362,27.8982394591041,0
                87.9638376270784,27.8973676764543,0
                87.9642490391521,27.8962210352388,0
                87.9642458615998,27.8958668167218,0
                87.9643512367657,27.8952953064648,0
                87.9647675097154,27.8947013045867,0
                87.9649647401053,27.8944630792861,0
                87.9652613967484,27.8941271147141,0
                87.9655694880281,27.8938677684574,0
                87.9660753706773,27.8934310667734,0
                87.9663834621293,27.8931717207584,0
                87.966978893789,27.8928133265901,0
                87.9673544109403,27.8926347243717,0
                87.9680390173097,27.8923140783927,0
                87.9687911110601,27.8921508581913,0
                87.969456337073,27.8921461834297,0
                87.9700074605428,27.8918084122654,0
                87.9706847436186,27.8919412881857,0
                87.9713920957748,27.8916791383502,0
                87.9717902963558,27.8915590311135,0
                87.9724972106303,27.8913171288875,0
                87.9732923660198,27.8909369906239,0
                87.973575966852,27.8904229163228,0
                87.9743734887221,27.8903789364676,0
                87.9747268849917,27.8902185196561,0
                87.9753556231553,27.8898981851068,0
                87.9757312654623,27.8897376442964,0
                87.9763268208633,27.8893994983979,0
                87.9768575053161,27.8892581458375,0
                87.977411186404,27.8891346681553,0
                87.9779647402045,27.8890720596222,0
                87.9785816087173,27.8886345470459,0
                87.9795329258006,27.8884698306764,0
                87.9799759322238,27.8883877216641,0
                87.9805071150427,27.8883049889926,0
                87.9812599581263,27.8881620168126,0
                87.9821443489329,27.887900807187,0
                87.9825641103352,27.8877783262054,0
                87.983183595721,27.8876362256845,0
                87.9836125484024,27.8872586423001,0
                87.9839411418807,27.8868231249936,0
                87.9847316234997,27.885930906119,0
                87.9850462576568,27.8864024958035,0
                87.9851361170386,27.886577732191,0
                87.9853818936382,27.886733910694,0
                87.9858519437588,27.8872629359512,0
                87.9863433695497,27.887692595413,0
                87.9867671198822,27.887946769131,0
                87.987278423897,27.8881190767452,0
                87.9877018638044,27.8883326291546,0
                87.9883229689883,27.8883687631504,0
                87.9890342464537,27.8885396364622,0
                87.9898354457252,27.8889083704296,0
                87.9904254862379,27.8892199797237,0
                87.9909162896868,27.8895119012531,0
                87.9912746707513,27.8899041857063,0
                87.9916538016397,27.8901970426535,0
                87.992191031301,27.890705258263,0
                87.9925706602237,27.8910567351445,0
                87.9932386902539,27.8913655338551,0
                87.9936632515287,27.8916985754923,0
                87.9940218199391,27.8921088590182,0
                87.9944670675841,27.8923425343244,0
                87.9949580587723,27.8926548289793,0
                87.9954027463977,27.8928275727909,0
                87.9959812900746,27.8930602513592,0
                87.9964590378984,27.8931741252739,0
                87.9969265966477,27.8933489943464,0
                87.9972812351114,27.8934659909499,0
                87.9974937050376,27.8935840475871,0
                87.9975879410567,27.8936194207977,0
                87.9978005319839,27.893886339536,0
                87.9979620018607,27.8942484354733,0
                87.9981113466226,27.8946872748333,0
                87.9983380558388,27.8951142418488,0
                87.9984337871808,27.8953775329886,0
                87.9985957585619,27.8956583245263,0
                87.998743236114,27.8958196880163,0
                87.9989988243768,27.8959306209399,0
                87.9991587391095,27.8959994306563,0
                87.9993003444715,27.8960706144101,0
                87.9994973148955,27.896227104861,0
                88.0001550290803,27.8967141368738,0
                88.0002108315504,27.8968490643302,0
                88.0004740365911,27.89723522233,0
                88.0005500870095,27.8973587136942,0
                88.000655882279,27.8974753298966,0
                88.0008438539875,27.8976205709233,0
                88.0010311405728,27.8976913806652,0
                88.0013091025411,27.8977502563586,0
                88.0015642554773,27.8978206302831,0
                88.0018434661425,27.8979358758089,0
                88.0023044643842,27.898085871592,0
                88.0027565299849,27.8980916922439,0
                88.0028821376069,27.898151689728,0
                88.0031329779467,27.8982400619724,0
                88.0032306512187,27.8982889971322,0
                88.0034698061235,27.8983436844594,0
                88.0036580929552,27.898378372346,0
                88.0039648645727,27.8984010010715,0
                88.0041300932927,27.8984200658664,0
                88.0042610748995,27.898439441223,0
                88.0045798454627,27.8984506342285,0
                88.0051582684322,27.8985276392044,0
                88.0057216320964,27.8985596472257,0
                88.0059941602895,27.8985080316618,0
                88.0062896223542,27.8984652287985,0
                88.0068296770448,27.8984499285111,0
                88.0074011044825,27.8983894449377,0
                88.0075714566516,27.8984152588374,0
                88.0076745672486,27.898439321493,0
                88.0079019125213,27.8984579495906,0
                88.0085615767093,27.8984576500098,0
                88.0087212423037,27.8984925868813,0
                88.0089437746646,27.8985315878238,0
                88.0091120013719,27.89859577381,0
                88.0093461564092,27.8986594598439,0
                88.0095165080813,27.8986829614204,0
                88.0097097972323,27.8986410312244,0
                88.0099819509738,27.8985532939308,0
                88.0104760769349,27.8984436262446,0
                88.0106120605424,27.8983862588184,0
                88.0107599160979,27.8983851369104,0
                88.0108390935228,27.8983642655753,0
                88.0110695633213,27.8983693320672,0
                88.0114567620711,27.8984273968782,0
                88.0116274898183,27.8984261506812,0
                88.0117527227601,27.8984455890259,0
                88.0118502086593,27.8984831497047,0
                88.0120948017331,27.8985017158109,0
                88.0123912614395,27.8985717152298,0
                88.0126299175248,27.8985744693267,0
                88.0131022936652,27.8985754789128,0
                88.0136794057526,27.8985780524496,0
                88.014265453902,27.8985872509205,0
                88.0147835736085,27.8985991975859,0
                88.0152048301695,27.8986366400027,0
                88.015815938353,27.8986164668388,0
                88.0162080754784,27.8985932257958,0
                88.0164014876763,27.8985714818901,0
                88.0166513934063,27.8985494260622,0
                88.0167705036996,27.8985236807677,0
                88.0170097845554,27.8985173733156,0
                88.0172080100497,27.8984708194866,0
                88.0173954247528,27.8984175154236,0
                88.0176105235555,27.8983347141742,0
                88.017885802587,27.8982334160781,0
                88.0182367000499,27.8980233162481,0
                88.0187057078693,27.8977356010297,0
                88.0191750916473,27.8974298246231,0
                88.0196674730977,27.8971238616594,0
                88.0197382143849,27.8970917403195,0
                88.019890820457,27.8970499969327,0
                88.0200500505808,27.8970397513318,0
                88.0201865328206,27.8970388164586,0
                88.0203403245068,27.8970579425078,0
                88.0204261251025,27.8970663810235,0
                88.0204939294342,27.8970500714373,0
                88.0206413493462,27.8970038284635,0
                88.020777270645,27.8969418994124,0
                88.021015305664,27.8968002915529,0
                88.021342580519,27.8965700052369,0
              </coordinates>
            </LinearRing>
          </outerBoundaryIs>
        </Polygon>
      </Placemark>
    </Document>
  </Document>
</kml>
