<?xml version="1.0" encoding="UTF-8"?>
<kml xmlns="http://www.opengis.net/kml/2.2">
  <Document id="root_doc">
    <Schema id="MA_PARSA_SakhuwaPrasauni.schema">
      <SimpleField name="ogc_fid" type="int"/>
      <SimpleField name="objectid_1" type="float"/>
      <SimpleField name="dcode" type="int"/>
      <SimpleField name="district" type="string"/>
      <SimpleField name="dan" type="string"/>
      <SimpleField name="das" type="int"/>
      <SimpleField name="gapa_napa" type="string"/>
      <SimpleField name="type_gn" type="string"/>
      <SimpleField name="gn_code" type="float"/>
      <SimpleField name="new_ward_n" type="float"/>
      <SimpleField name="ddgnww" type="float"/>
      <SimpleField name="center" type="string"/>
      <SimpleField name="state_code" type="int"/>
      <SimpleField name="ddgn" type="float"/>
      <SimpleField name="area_sqkm" type="float"/>
      <SimpleField name="shape_leng" type="float"/>
      <SimpleField name="shape_area" type="float"/>
      <SimpleField name="Province" type="string"/>
      <SimpleField name="Address" type="string"/>
    </Schema>
    <Document id="MA_PARSA_SakhuwaPrasauni">
      <name>MA_PARSA_SakhuwaPrasauni</name>
      <Placemark id="MA_PARSA_SakhuwaPrasauni.1">
        <ExtendedData>
          <SchemaData schemaUrl="#MA_PARSA_SakhuwaPrasauni.schema">
            <SimpleData name="ogc_fid">4871</SimpleData>
            <SimpleData name="objectid_1">4872</SimpleData>
            <SimpleData name="dcode">34</SimpleData>
            <SimpleData name="district">PARSA</SimpleData>
            <SimpleData name="das">0</SimpleData>
            <SimpleData name="gapa_napa">SakhuwaPrasauni</SimpleData>
            <SimpleData name="type_gn">Gaunpalika</SimpleData>
            <SimpleData name="gn_code">13.000000000000000</SimpleData>
            <SimpleData name="new_ward_n">4</SimpleData>
            <SimpleData name="ddgnww">341304.000000000000000</SimpleData>
            <SimpleData name="state_code">2</SimpleData>
            <SimpleData name="ddgn">34013</SimpleData>
            <SimpleData name="area_sqkm">7.494454191030000</SimpleData>
            <SimpleData name="shape_leng">14885.805922999999893</SimpleData>
            <SimpleData name="shape_area">7494454.191030000336468</SimpleData>
            <SimpleData name="Province">MA</SimpleData>
            <SimpleData name="Address">SakhuwaPrasauni-4, PARSA, MA</SimpleData>
          </SchemaData>
        </ExtendedData>
        <Polygon>
          <outerBoundaryIs>
            <LinearRing>
              <coordinates>
                84.8118199564963,27.1656241254909,0
                84.8119022036252,27.1652220380874,0
                84.8119640153485,27.1648764448057,0
                84.8119619586963,27.1645899074962,0
                84.8119184054675,27.1644186717066,0
                84.8115952068975,27.164018951806,0
                84.8115498445512,27.1636762321554,0
                84.8115072263599,27.1636178617797,0
                84.8114837969463,27.1633516969553,0
                84.8108858137249,27.1633348764454,0
                84.810393880852,27.1632429387185,0
                84.8097959598322,27.1632261186058,0
                84.8084927602197,27.1631004835615,0
                84.8083851503947,27.1630424244215,0
                84.8081701840401,27.1627955057018,0
                84.8081265047958,27.1626807021335,0
                84.8082105606915,27.1624319760095,0
                84.8081860100628,27.1620124497404,0
                84.8082251400338,27.1614955591005,0
                84.8081979723908,27.160692443022,0
                84.8082577279846,27.160062624662,0
                84.8082282559404,27.1588579186968,0
                84.8080326041258,27.1584010186293,0
                84.8079686132198,27.1583449605643,0
                84.8073843374849,27.1572585469139,0
                84.8072769789451,27.1571440560692,0
                84.8069302268348,27.1564579236932,0
                84.8063676346918,27.1553893849245,0
                84.8061523568568,27.1551040936051,0
                84.8060442504734,27.1548767997931,0
                84.8054625302626,27.1541332937208,0
                84.8050753379173,27.1537722574761,0
                84.8047328246366,27.1535847057932,0
                84.8042190832398,27.153434211118,0
                84.803876755348,27.1533594616244,0
                84.8035563593606,27.153361331719,0
                84.8032998953386,27.1532860837247,0
                84.8029581274095,27.153287953843,0
                84.8019355733037,27.1534089256151,0
                84.8013384017045,27.1534101039078,0
                84.8002306692738,27.1536081927983,0
                84.7997182376177,27.1535546898926,0
                84.7994620240303,27.1534410707769,0
                84.7992259964,27.1532325848338,0
                84.7990747111865,27.1528882384107,0
                84.7989235502279,27.1525642023722,0
                84.7986436580423,27.1521257990589,0
                84.7986216022863,27.1519544388079,0
                84.7985348686238,27.1517248330867,0
                84.7984270742241,27.1515539714298,0
                84.7983835834831,27.1513827357699,0
                84.7980387034958,27.1507529117974,0
                84.7979292907435,27.1502752017626,0
                84.7977759505909,27.1495517638472,0
                84.7977543308869,27.1494368366078,0
                84.7977521514877,27.1490352466405,0
                84.7976649808921,27.1487492087885,0
                84.7975100857812,27.1477166728391,0
                84.7972915068032,27.1468582459223,0
                84.796967004126,27.1460004416245,0
                84.7968161554065,27.1457147772252,0
                84.7959560443671,27.1444583745385,0
                84.7958272505548,27.1443440076205,0
                84.7955056129526,27.1439824724836,0
                84.7953761341389,27.1437734883058,0
                84.7947539802502,27.1430887890339,0
                84.7944945890026,27.1425171485326,0
                84.7944285433144,27.1420956224941,0
                84.7948556103962,27.1422082444568,0
                84.7951112028601,27.1421504415279,0
                84.7954307229115,27.1421283236706,0
                84.7956223253215,27.1420323978212,0
                84.7959418461603,27.142012591974,0
                84.7961344440615,27.1420498417899,0
                84.7963267923772,27.1421435240288,0
                84.7969672041217,27.1422933333606,0
                84.7972241058398,27.1424250132702,0
                84.7975444360881,27.1425202602382,0
                84.7980349950628,27.1426120722272,0
                84.7982693407121,27.1424957743972,0
                84.7982899035177,27.1423805973048,0
                84.7980495180024,27.141368871061,0
                84.7979832234332,27.1409112228825,0
                84.7980586233456,27.1391914399749,0
                84.797883350397,27.1383891960636,0
                84.797731379501,27.1379320461589,0
                84.7977290754371,27.1375304571513,0
                84.7978119480928,27.1371283065061,0
                84.7978307670874,27.1366702229802,0
                84.7979148856356,27.1364395567311,0
                84.7981476116736,27.136095278754,0
                84.7981892347367,27.1359212951464,0
                84.798227868924,27.1352329196554,0
                84.7982058127737,27.1350615588732,0
                84.7979025571572,27.1342600627143,0
                84.7978586921826,27.134032395354,0
                84.7978561388353,27.1335743735159,0
                84.7980025654662,27.1331719110799,0
                84.7980020693696,27.1329981767698,0
                84.7978725280288,27.1327710702756,0
                84.7974654656774,27.1323717235092,0
                84.7972936171386,27.1321425534585,0
                84.7971850756477,27.1318566402617,0
                84.7971407742701,27.1315703523561,0
                84.7972657055009,27.1310528998993,0
                84.7972639633589,27.1307099931456,0
                84.7971982278336,27.1304238305137,0
                84.7971555469411,27.1303653968749,0
                84.797090310295,27.1301378540354,0
                84.7967286657651,27.1303497663706,0
                84.7963885209535,27.1304848113295,0
                84.7958788315928,27.1308125862538,0
                84.7949428200161,27.1312759052235,0
                84.7946033603212,27.1315080042524,0
                84.7938373299944,27.1318553359756,0
                84.7930517355848,27.1323764012395,0
                84.7928606944104,27.1325670693583,0
                84.7924148714675,27.1329147808325,0
                84.7917562627041,27.1332997983389,0
                84.7913528709858,27.133665322277,0
                84.7910130993211,27.1338590490328,0
                84.7909281101836,27.1338776090283,0
                84.7907795025181,27.1339934712886,0
                84.7904387320878,27.1341285164064,0
                84.790077588744,27.1343223675641,0
                84.7898001878845,27.1343239255411,0
                84.789757567395,27.134362483858,0
                84.789386677311,27.1344322220613,0
                84.789331934165,27.1344415948056,0
                84.7877983874393,27.1344141355119,0
                84.7872020925449,27.1343407570512,0
                84.7858397708329,27.1344454128302,0
                84.7854142621164,27.1345448352616,0
                84.7847339128024,27.134625316339,0
                84.7839676981977,27.1347852898762,0
                84.7837979066409,27.1348426575254,0
                84.7833733953242,27.1350931901582,0
                84.7829484483158,27.135269292515,0
                84.7825241237548,27.1355401997473,0
                84.7822690309597,27.1355799416803,0
                84.7818425902537,27.1354491968918,0
                84.7817574766933,27.1354496951963,0
                84.78135246845,27.1354135669919,0
                84.7813740253978,27.1355285572089,0
                84.781547431206,27.1359856437737,0
                84.7815263680606,27.1361391302411,0
                84.7814210041651,27.1362931770762,0
                84.7812522089844,27.1365039685396,0
                84.7811676546912,27.1366758885696,0
                84.7809982980958,27.1368889301502,0
                84.7807663827454,27.1372715171826,0
                84.780724572891,27.1374251901973,0
                84.7807468786624,27.1376349218489,0
                84.7808968551981,27.1378055968338,0
                84.7812175590146,27.1379572134324,0
                84.7816658714871,27.1381442668768,0
                84.781985452519,27.1382192029009,0
                84.782326904464,27.1383684450275,0
                84.7825412456622,27.1386357369434,0
                84.7825843001813,27.1387506025516,0
                84.7824788108799,27.1389045867598,0
                84.7823731974676,27.1390383233862,0
                84.7821827189696,27.139210867627,0
                84.7819706819815,27.1393654757405,0
                84.7818003902768,27.1394431534154,0
                84.7816304119177,27.1394825222803,0
                84.7809488764446,27.1394885101129,0
                84.7806089825227,27.1395671224941,0
                84.7802677150641,27.1395486811999,0
                84.7800128102511,27.1396087971883,0
                84.7796513542635,27.1397642148149,0
                84.7794832457112,27.1400719967878,0
                84.7794209975296,27.1403769065651,0
                84.7794230521125,27.1407604972302,0
                84.7796009383903,27.142133627816,0
                84.7795188116761,27.1427455098491,0
                84.7791818425406,27.1434378183105,0
                84.7788652503893,27.143879586048,0
                84.7782931900017,27.1443994683119,0
                84.7782083248843,27.1444382754615,0
                84.7776996331028,27.1449194123354,0
                84.7771932434818,27.1458202611179,0
                84.7771101849836,27.1462042885878,0
                84.777134670421,27.1467389290483,0
                84.7775016037064,27.147634792823,0
                84.7774821001586,27.1479215162352,0
                84.7775675236718,27.1480541936753,0
                84.7776761906326,27.1483581681638,0
                84.7776352510167,27.148742008464,0
                84.777509449053,27.1490472918456,0
                84.7773613397636,27.1492398973008,0
                84.777319218327,27.1493551990984,0
                84.777277534464,27.1494321293535,0
                84.7770439358201,27.1496636049785,0
                84.7770027504233,27.1498149655527,0
                84.776983557294,27.1502370525337,0
                84.7771125355175,27.1504642218355,0
                84.777305131938,27.1505985261233,0
                84.7775610345227,27.1506715859773,0
                84.7777743162089,27.1507854546237,0
                84.7780093449753,27.1509375696749,0
                84.7783304833782,27.151240423244,0
                84.7784166572031,27.151393347671,0
                84.7786338002019,27.1521547839002,0
                84.7785711166538,27.1523852622263,0
                84.7784654398712,27.1525189989906,0
                84.7782748370432,27.1526734819088,0
                84.7781047966394,27.1526947270952,0
                84.7775924920054,27.1525644177997,0
                84.7773793950197,27.1525836633011,0
                84.777294529522,27.1526224708599,0
                84.7772103507795,27.1527583322137,0
                84.7772112237025,27.1528733841029,0
                84.777253903673,27.1529476286921,0
                84.7773181440823,27.1530239975292,0
                84.7778954965213,27.1534404071547,0
                84.7780875949957,27.1534980307753,0
                84.7783441824539,27.1536681446888,0
                84.7786638882925,27.1537610786137,0
                84.7791770009025,27.1541012445682,0
                84.779433028002,27.1541945528104,0
                84.7796460000193,27.1541730584603,0
                84.7797303667409,27.1540597568932,0
                84.7797503687551,27.1538475892579,0
                84.7797925520206,27.1537526609868,0
                84.7798984772258,27.15365723318,0
                84.7801330090373,27.1536559251158,0
                84.7802824880117,27.1537499188376,0
                84.780475395948,27.1539202817499,0
                84.7804977637864,27.1541503239025,0
                84.7802443503587,27.1546097168818,0
                84.7801817303989,27.1547635141999,0
                84.7801821647614,27.1549169383924,0
                84.7803331387063,27.1552207265481,0
                84.7805469810487,27.1554112751824,0
                84.7806330915368,27.1555620134001,0
                84.7806555854177,27.1557153121425,0
                84.7806987651286,27.1558481763456,0
                84.7805294699178,27.1560792782494,0
                84.7806798831079,27.1563085728331,0
                84.7808084876593,27.1564793100154,0
                84.7813860899118,27.1569341534755,0
                84.7836295188034,27.1581603313507,0
                84.785296588128,27.1592950072363,0
                84.7862593201293,27.1600725158415,0
                84.7865586524902,27.160222007359,0
                84.7867089407478,27.1604310539598,0
                84.7872866049258,27.1608858357293,0
                84.7881835393357,27.1613568705817,0
                84.7884396293183,27.1614524286996,0
                84.7886964662692,27.1616608517255,0
                84.7892091426722,27.1619242115756,0
                84.7893859297349,27.1620450162071,0
                84.78978705822,27.1623225609209,0
                84.7904518933739,27.1630633805151,0
                84.7907747768829,27.163596338431,0
                84.7909492397944,27.1642835305095,0
                84.7909937281179,27.1645901284248,0
                84.7909962808233,27.1650481506457,0
                84.7911913100397,27.1654306194687,0
                84.7913424099546,27.1656576641617,0
                84.7918370206217,27.1662279346067,0
                84.7922235250873,27.166570972828,0
                84.792417495153,27.1668000178473,0
                84.7924698613238,27.1668922603752,0
                84.7925471609823,27.1670271876113,0
                84.7926335212522,27.1672004235106,0
                84.7926770753345,27.167295040635,0
                84.7931254536596,27.1672924234338,0
                84.7933810468866,27.1672345570455,0
                84.7939784686351,27.1671725105523,0
                84.7957722335958,27.1671059829473,0
                84.7958359122755,27.1671056090933,0
                84.7971179288896,27.1671750612644,0
                84.7980568697255,27.167074960198,0
                84.7989965579085,27.1670696007312,0
                84.7993371399317,27.1669909255323,0
                84.7996790941041,27.1670093051568,0
                84.8001056012291,27.1669481923282,0
                84.8002767038896,27.1669675682521,0
                84.8005202359754,27.1668939536731,0
                84.8012998876255,27.1666548002887,0
                84.8016403461227,27.1664633231488,0
                84.8021513448739,27.1663069701524,0
                84.8024927383555,27.166248731136,0
                84.8029179995587,27.1660160711601,0
                84.8035140507732,27.1657644780039,0
                84.8041318481947,27.1655510697238,0
                84.8042175876039,27.1655505710476,0
                84.8044527422066,27.1656259434743,0
                84.8046052136004,27.1660447828449,0
                84.8048012396705,27.1665603028884,0
                84.8049527761729,27.1668460298595,0
                84.8049675858093,27.1668932757779,0
                84.8050611921336,27.1671906264233,0
                84.8051061184789,27.1674769143871,0
                84.8052578403606,27.167877630939,0
                84.8056035317518,27.1685073933949,0
                84.8061628182166,27.1691924036917,0
                84.8067635436203,27.169592815362,0
                84.807105995028,27.1697623062634,0
                84.8073632698328,27.169932294676,0
                84.8077914604373,27.1701035990241,0
                84.8083896923526,27.17015654142,0
                84.8091583410663,27.1701340558301,0
                84.809499299327,27.1700169470562,0
                84.8097558905306,27.1699975159292,0
                84.8099473669475,27.1698813410691,0
                84.8099890511388,27.1698043492144,0
                84.8100294293111,27.1693641386186,0
                84.810006312448,27.1691341593508,0
                84.8100481229427,27.1689804859604,0
                84.8100905557655,27.1689238036644,0
                84.8103252138196,27.168845752277,0
                84.8105583121799,27.1686322746949,0
                84.8107702897022,27.1683828631375,0
                84.8110254474691,27.1681716363455,0
                84.811470649628,27.1676523142538,0
                84.8116803834752,27.1670779936739,0
                84.8116380170627,27.1668931969564,0
                84.8115482246725,27.1665034180897,0
                84.8116314703733,27.1661599500776,0
                84.8116734053488,27.1660265875863,0
                84.8117358378114,27.1658524786489,0
                84.8118199564963,27.1656241254909,0
              </coordinates>
            </LinearRing>
          </outerBoundaryIs>
        </Polygon>
      </Placemark>
      <Placemark id="MA_PARSA_SakhuwaPrasauni.2">
        <ExtendedData>
          <SchemaData schemaUrl="#MA_PARSA_SakhuwaPrasauni.schema">
            <SimpleData name="ogc_fid">4920</SimpleData>
            <SimpleData name="objectid_1">4921</SimpleData>
            <SimpleData name="dcode">34</SimpleData>
            <SimpleData name="district">PARSA</SimpleData>
            <SimpleData name="das">0</SimpleData>
            <SimpleData name="gapa_napa">SakhuwaPrasauni</SimpleData>
            <SimpleData name="type_gn">Gaunpalika</SimpleData>
            <SimpleData name="gn_code">13.000000000000000</SimpleData>
            <SimpleData name="new_ward_n">3</SimpleData>
            <SimpleData name="ddgnww">341303.000000000058208</SimpleData>
            <SimpleData name="state_code">2</SimpleData>
            <SimpleData name="ddgn">34013</SimpleData>
            <SimpleData name="area_sqkm">3.871506759490000</SimpleData>
            <SimpleData name="shape_leng">11813.957492899999124</SimpleData>
            <SimpleData name="shape_area">3871506.759490000084043</SimpleData>
            <SimpleData name="Province">MA</SimpleData>
            <SimpleData name="Address">SakhuwaPrasauni-3, PARSA, MA</SimpleData>
          </SchemaData>
        </ExtendedData>
        <Polygon>
          <outerBoundaryIs>
            <LinearRing>
              <coordinates>
                84.811269638065,27.1541405129957,0
                84.8112203514247,27.1531660358357,0
                84.8115373814462,27.1527062075023,0
                84.8116004399942,27.1525343483945,0
                84.8114707735701,27.152304929002,0
                84.8113617331944,27.1519603331505,0
                84.8114002380389,27.151445692087,0
                84.8115264159507,27.1510997876616,0
                84.8115262914955,27.151081726212,0
                84.8118392704635,27.1500668840889,0
                84.8118590222418,27.1498365301753,0
                84.8117710421813,27.1494354393509,0
                84.8117697957238,27.1492639547426,0
                84.8119587805627,27.1488048731591,0
                84.8120204033824,27.1485179622889,0
                84.8121200982757,27.1474839931164,0
                84.8122029705709,27.147084155635,0
                84.8122000422049,27.1466825032404,0
                84.812242101472,27.1465672018054,0
                84.8122816675117,27.1461089310291,0
                84.8121942460949,27.1458793252873,0
                84.8120434578546,27.1456884017689,0
                84.8117429392274,27.145462229612,0
                84.8114862249223,27.1453667343044,0
                84.811186829148,27.1452917359849,0
                84.811079595388,27.1451976169498,0
                84.8109076849498,27.1449684470529,0
                84.810864005329,27.1448536448882,0
                84.8108633839623,27.1446821592353,0
                84.8109473763451,27.1445282370314,0
                84.8110959841404,27.144414562171,0
                84.8112663379775,27.1443368840466,0
                84.8114359442769,27.1441644027373,0
                84.8114566934104,27.1440672236948,0
                84.8114987525416,27.1439519224448,0
                84.811433827409,27.143780811224,0
                84.8113048465753,27.1436484463707,0
                84.8111558042235,27.1436109468729,0
                84.8110916248035,27.1436293817179,0
                84.8107756531649,27.144319378026,0
                84.8107124100649,27.1443784343582,0
                84.810563241235,27.1444176160223,0
                84.8103064030502,27.144304058818,0
                84.8100281307754,27.1440958229154,0
                84.8097061822774,27.1436960414176,0
                84.8093411746413,27.1433529403535,0
                84.8092555637849,27.1432000149254,0
                84.8091903251373,27.1430673383414,0
                84.8090612839438,27.1428378566,0
                84.8089955488671,27.1425516933559,0
                84.8088656980422,27.1422094719565,0
                84.8087350370258,27.1417521977873,0
                84.8086686180041,27.141292300699,0
                84.8086031934716,27.1410443834318,0
                84.8086018231727,27.1408527133868,0
                84.8084054264786,27.140109213808,0
                84.8084036211927,27.1397663067368,0
                84.8084460542665,27.1397073748799,0
                84.8088498185473,27.1394771519976,0
                84.8090614839509,27.1391894316069,0
                84.8091886562344,27.1390735682259,0
                84.8093363917175,27.1388425911373,0
                84.8094197001426,27.1384991861488,0
                84.8093747780303,27.138039163455,0
                84.8091147019088,27.137296037993,0
                84.8088776778298,27.1369544392817,0
                84.8088762463913,27.1366655902189,0
                84.8087682665428,27.1363797385248,0
                84.8086393489832,27.1362473732384,0
                84.8083192670332,27.1361928104593,0
                84.8082121578331,27.136116690865,0
                84.8081468588855,27.1358868978106,0
                84.8081239924567,27.1356004852136,0
                84.8079735168372,27.1353712526839,0
                84.8078227281187,27.1351825794147,0
                84.8070299090644,27.1345170007994,0
                84.8066650898494,27.1341174684071,0
                84.8065365486456,27.1339467307756,0
                84.8065351773621,27.1337549359188,0
                84.8066392976005,27.1333346620098,0
                84.8066168669272,27.1331046822653,0
                84.8063807152358,27.132878135843,0
                84.8061459989706,27.1327643927552,0
                84.8061021345969,27.1325345368498,0
                84.8062270031694,27.132017085619,0
                84.8061814558767,27.1315593130113,0
                84.8062437036121,27.1312724021172,0
                84.8063068241858,27.1311006050503,0
                84.8065184896237,27.1308128224237,0
                84.8065604857099,27.1306975200928,0
                84.8065153754733,27.1302961176326,0
                84.8067016842,27.1292819611507,0
                84.8064015412225,27.1290174798436,0
                84.8064008561205,27.1289204262089,0
                84.8065925824602,27.1288425607867,0
                84.8068894861127,27.1285746516435,0
                84.8069523552871,27.1284592256307,0
                84.8069521699643,27.128344173675,0
                84.8068649996092,27.1280581354122,0
                84.8067360209929,27.1278287162191,0
                84.8066498459847,27.1277727817539,0
                84.8065427391809,27.127601920734,0
                84.8065198730466,27.1273155074486,0
                84.8065612445573,27.1272002059619,0
                84.8065606850754,27.1270287212081,0
                84.8063028515796,27.12668499753,0
                84.8062379883954,27.1265138873588,0
                84.8059579723298,27.126057485454,0
                84.8059356655716,27.1259425576874,0
                84.805977724691,27.1258271937387,0
                84.8061052109739,27.1256730218171,0
                84.8061257728246,27.1255397839507,0
                84.8061243396409,27.1253480514812,0
                84.8060812854394,27.1252308736872,0
                84.8060300446547,27.1251251950129,0
                84.8059739892144,27.1251323181607,0
                84.8058665060067,27.124997515475,0
                84.8058663208895,27.1248824634429,0
                84.8057798980341,27.1247092276062,0
                84.8057151011434,27.1243666322927,0
                84.8056717954669,27.1243081362202,0
                84.8056491196559,27.1238683624969,0
                84.8056061277943,27.1237715577809,0
                84.8054560866256,27.1236776892283,0
                84.8049437142101,27.1237934200048,0
                84.8043672218928,27.1241013210432,0
                84.8043033540168,27.1241603772002,0
                84.8038783336061,27.1248509967689,0
                84.8035159385746,27.1251215288745,0
                84.8032065396201,27.1252293898069,0
                84.803174419338,27.1252408253027,0
                84.8031522972815,27.1252297009274,0
                84.8029170181352,27.1251227070254,0
                84.8028312180965,27.1250284638707,0
                84.8026369465229,27.1243007752839,0
                84.8024859705647,27.1240895416371,0
                84.8024006072482,27.1240516683949,0
                84.8020585286256,27.1239949807513,0
                84.8015248453214,27.1242078279919,0
                84.8011622629244,27.1244581124067,0
                84.8009708462505,27.124671278121,0
                84.8007579308581,27.1249590616054,0
                84.8006120077344,27.1251877887265,0
                84.8006230680745,27.1252305974872,0
                84.8006664972122,27.1253973958156,0
                84.8006712289015,27.1262388835761,0
                84.8006085453977,27.1264671126076,0
                84.8003760058373,27.1268317013676,0
                84.800185590085,27.1270065571077,0
                84.8000366710727,27.1270818603898,0
                84.799612342617,27.1275242524357,0
                84.7993574362624,27.1276587983116,0
                84.7989760413784,27.1280242600245,0
                84.7985509656392,27.1283515991184,0
                84.7982961216763,27.1285064559092,0
                84.79755563663,27.129523728621,0
                84.7974715172571,27.1297521439105,0
                84.797281226802,27.1299449986762,0
                84.7971323693437,27.1300225521994,0
                84.797090310295,27.1301378540354,0
                84.7971555469411,27.1303653968749,0
                84.7971982278336,27.1304238305137,0
                84.7972639633589,27.1307099931456,0
                84.7972657055009,27.1310528998993,0
                84.7971407742701,27.1315703523561,0
                84.7971850756477,27.1318566402617,0
                84.7972936171386,27.1321425534585,0
                84.7974654656774,27.1323717235092,0
                84.7978725280288,27.1327710702756,0
                84.7980020693696,27.1329981767698,0
                84.7980025654662,27.1331719110799,0
                84.7978561388353,27.1335743735159,0
                84.7978586921826,27.134032395354,0
                84.7979025571572,27.1342600627143,0
                84.7982058127737,27.1350615588732,0
                84.798227868924,27.1352329196554,0
                84.7981892347367,27.1359212951464,0
                84.7981476116736,27.136095278754,0
                84.7979148856356,27.1364395567311,0
                84.7978307670874,27.1366702229802,0
                84.7978119480928,27.1371283065061,0
                84.7977290754371,27.1375304571513,0
                84.797731379501,27.1379320461589,0
                84.797883350397,27.1383891960636,0
                84.7980586233456,27.1391914399749,0
                84.7979832234332,27.1409112228825,0
                84.7980495180024,27.141368871061,0
                84.7982899035177,27.1423805973048,0
                84.7982693407121,27.1424957743972,0
                84.7980349950628,27.1426120722272,0
                84.7975444360881,27.1425202602382,0
                84.7972241058398,27.1424250132702,0
                84.7969672041217,27.1422933333606,0
                84.7963267923772,27.1421435240288,0
                84.7961344440615,27.1420498417899,0
                84.7959418461603,27.142012591974,0
                84.7956223253215,27.1420323978212,0
                84.7954307229115,27.1421283236706,0
                84.7951112028601,27.1421504415279,0
                84.7948556103962,27.1422082444568,0
                84.7944285433144,27.1420956224941,0
                84.7944945890026,27.1425171485326,0
                84.7947539802502,27.1430887890339,0
                84.7953761341389,27.1437734883058,0
                84.7955056129526,27.1439824724836,0
                84.7958272505548,27.1443440076205,0
                84.7959560443671,27.1444583745385,0
                84.7968161554065,27.1457147772252,0
                84.796967004126,27.1460004416245,0
                84.7972915068032,27.1468582459223,0
                84.7975100857812,27.1477166728391,0
                84.7976649808921,27.1487492087885,0
                84.7977521514877,27.1490352466405,0
                84.7977543308869,27.1494368366078,0
                84.7977759505909,27.1495517638472,0
                84.7979292907435,27.1502752017626,0
                84.7980387034958,27.1507529117974,0
                84.7983835834831,27.1513827357699,0
                84.7984270742241,27.1515539714298,0
                84.7985348686238,27.1517248330867,0
                84.7986216022863,27.1519544388079,0
                84.7986436580423,27.1521257990589,0
                84.7989235502279,27.1525642023722,0
                84.7990747111865,27.1528882384107,0
                84.7992259964,27.1532325848338,0
                84.7994620240303,27.1534410707769,0
                84.7997182376177,27.1535546898926,0
                84.8002306692738,27.1536081927983,0
                84.8013384017045,27.1534101039078,0
                84.8019355733037,27.1534089256151,0
                84.8029581274095,27.153287953843,0
                84.8032998953386,27.1532860837247,0
                84.8035563593606,27.153361331719,0
                84.803876755348,27.1533594616244,0
                84.8042190832398,27.153434211118,0
                84.8047328246366,27.1535847057932,0
                84.8050753379173,27.1537722574761,0
                84.8054625302626,27.1541332937208,0
                84.8060442504734,27.1548767997931,0
                84.8061523568568,27.1551040936051,0
                84.8063676346918,27.1553893849245,0
                84.8069302268348,27.1564579236932,0
                84.8072769789451,27.1571440560692,0
                84.8073843374849,27.1572585469139,0
                84.8079686132198,27.1583449605643,0
                84.8080326041258,27.1584010186293,0
                84.8082282559404,27.1588579186968,0
                84.8082577279846,27.160062624662,0
                84.8081979723908,27.160692443022,0
                84.8082251400338,27.1614955591005,0
                84.8081860100628,27.1620124497404,0
                84.8082105606915,27.1624319760095,0
                84.8081265047958,27.1626807021335,0
                84.8081701840401,27.1627955057018,0
                84.8083851503947,27.1630424244215,0
                84.8084927602197,27.1631004835615,0
                84.8097959598322,27.1632261186058,0
                84.810393880852,27.1632429387185,0
                84.8108858137249,27.1633348764454,0
                84.8114837969463,27.1633516969553,0
                84.8115046711898,27.1632748917811,0
                84.8116953378377,27.1630436651366,0
                84.8116949640796,27.1629872327046,0
                84.8113493950544,27.1624725232097,0
                84.8113038480074,27.1620146879654,0
                84.8111729364917,27.1616139089811,0
                84.8111481987122,27.1611560119731,0
                84.8112103203881,27.1609435947833,0
                84.8112948743816,27.1607716107483,0
                84.8112944383089,27.1607151786543,0
                84.8114204277659,27.1604279557752,0
                84.8114384967381,27.1599675603178,0
                84.8112430961076,27.1594542271594,0
                84.8110919952184,27.1592249325802,0
                84.8108748459092,27.1587681573505,0
                84.8105738938253,27.1583863743689,0
                84.8103802975226,27.1582160108458,0
                84.809842256223,27.1575873080322,0
                84.8097767060882,27.1574162596315,0
                84.8097734037968,27.1569582383058,0
                84.8097510335708,27.1568252491094,0
                84.809813157064,27.1565180279417,0
                84.8098968388403,27.1562309917574,0
                84.8099801462392,27.1559823283774,0
                84.8103354958259,27.1548904307838,0
                84.8104831689235,27.1546413927002,0
                84.8106109676389,27.154525592993,0
                84.8107385763327,27.1544684753153,0
                84.8109515486339,27.1544491672721,0
                84.8110796580972,27.1543717387585,0
                84.8112068313589,27.1542559394264,0
                84.811269638065,27.1541405129957,0
              </coordinates>
            </LinearRing>
          </outerBoundaryIs>
        </Polygon>
      </Placemark>
      <Placemark id="MA_PARSA_SakhuwaPrasauni.3">
        <ExtendedData>
          <SchemaData schemaUrl="#MA_PARSA_SakhuwaPrasauni.schema">
            <SimpleData name="ogc_fid">4922</SimpleData>
            <SimpleData name="objectid_1">4923</SimpleData>
            <SimpleData name="dcode">34</SimpleData>
            <SimpleData name="district">PARSA</SimpleData>
            <SimpleData name="das">0</SimpleData>
            <SimpleData name="gapa_napa">SakhuwaPrasauni</SimpleData>
            <SimpleData name="type_gn">Gaunpalika</SimpleData>
            <SimpleData name="gn_code">13.000000000000000</SimpleData>
            <SimpleData name="new_ward_n">6</SimpleData>
            <SimpleData name="ddgnww">341306.000000000000000</SimpleData>
            <SimpleData name="state_code">2</SimpleData>
            <SimpleData name="ddgn">34013</SimpleData>
            <SimpleData name="area_sqkm">5.275192933230000</SimpleData>
            <SimpleData name="shape_leng">11345.283998099997916</SimpleData>
            <SimpleData name="shape_area">5275192.933229999616742</SimpleData>
            <SimpleData name="Province">MA</SimpleData>
            <SimpleData name="Address">SakhuwaPrasauni-6, PARSA, MA</SimpleData>
          </SchemaData>
        </ExtendedData>
        <Polygon>
          <outerBoundaryIs>
            <LinearRing>
              <coordinates>
                84.7882407039515,27.0850635282034,0
                84.7880472353836,27.084796111942,0
                84.7877914559437,27.0847975446195,0
                84.7876208529924,27.0848346009762,0
                84.7868520173794,27.0848366509464,0
                84.7866814139466,27.0848579587685,0
                84.7862978991643,27.0849931910528,0
                84.7861492900163,27.0851835460782,0
                84.7861497883745,27.0852602893173,0
                84.7859798030692,27.0856448147022,0
                84.7859594275646,27.0857983638075,0
                84.7857477588601,27.0862598192346,0
                84.7856410818632,27.0864116168756,0
                84.7854925353748,27.086624532394,0
                84.7854930941495,27.0867960178202,0
                84.784816894388,27.0886950874167,0
                84.784732773014,27.0890994252916,0
                84.7846059699707,27.089445392659,0
                84.784351432019,27.0899048478507,0
                84.7839480972218,27.0905387844127,0
                84.7837785539601,27.0907112671374,0
                84.7829050931291,27.0913660066045,0
                84.7826504965816,27.0916336663145,0
                84.7826090545505,27.0921144977061,0
                84.7826739172343,27.0922856087755,0
                84.78276095917,27.0927476315656,0
                84.7827404578102,27.0929756741009,0
                84.7826130954917,27.0931500938321,0
                84.782421429677,27.0933226376623,0
                84.7823360029647,27.0933615701178,0
                84.7818678689527,27.093745404074,0
                84.7816130216399,27.0940717451194,0
                84.7815282782017,27.0943023487105,0
                84.7815300176328,27.0948190526156,0
                84.781723919089,27.0953369477231,0
                84.7817897147215,27.0957404750376,0
                84.7819399992161,27.0961412542454,0
                84.781984981023,27.0967163287429,0
                84.782071027982,27.096945997518,0
                84.7821150777302,27.097290967423,0
                84.782353898835,27.0983839991627,0
                84.7823760779616,27.098672661628,0
                84.7825065472961,27.099303732979,0
                84.7824644864079,27.0995160252164,0
                84.7821444641963,27.0996306349823,0
                84.7818247552622,27.0996888123658,0
                84.7816965206372,27.0997481803988,0
                84.7800327337699,27.100039502029,0
                84.7793288858159,27.1002509715619,0
                84.7778588149416,27.1009450737794,0
                84.7763233818205,27.1014860634274,0
                84.7751729608381,27.1020068110124,0
                84.7738931859674,27.1023342614452,0
                84.7733814366366,27.1025266730897,0
                84.7731894612562,27.1025660420675,0
                84.7728696880219,27.1027212101583,0
                84.7729134899793,27.1029511277488,0
                84.7730417807852,27.1031806094111,0
                84.7731064589691,27.103238918204,0
                84.773149762654,27.1033920924645,0
                84.7732786157649,27.1036215121224,0
                84.7733645982071,27.1039279234973,0
                84.774052916573,27.1053072491159,0
                84.7743111199202,27.1059195746143,0
                84.7744181030034,27.1060723748775,0
                84.7746335641976,27.1066082055612,0
                84.7747200444535,27.1069912985867,0
                84.7748070262449,27.1073563299997,0
                84.7749361888673,27.1077189869784,0
                84.7750436724249,27.1078537269693,0
                84.7751297184525,27.1080833952197,0
                84.7753228121012,27.1083891834103,0
                84.7754724772472,27.1085237362903,0
                84.7756227026173,27.1087349704253,0
                84.7757941760563,27.1089258315382,0
                84.7762023586674,27.1096162763783,0
                84.776309775641,27.1099225634625,0
                84.7764619271503,27.1106888725926,0
                84.7765530699176,27.1122993565376,0
                84.7767705218094,27.1132954584679,0
                84.7768994374845,27.1135248774578,0
                84.7768573759369,27.1137372328303,0
                84.7769872866423,27.1141967573031,0
                84.7770092790292,27.114465171093,0
                84.7769670949934,27.114562412046,0
                84.7765625810812,27.1147745116194,0
                84.7760507078822,27.1149487995985,0
                84.7756245745873,27.1150459098499,0
                84.7743449272578,27.115222185118,0
                84.7735767160934,27.1152626073892,0
                84.7734061750665,27.1153018507694,0
                84.7732352582486,27.1153794662258,0
                84.7731510155267,27.1155920707843,0
                84.7730460185556,27.1160912745677,0
                84.7729404657622,27.1163220026655,0
                84.7728785878466,27.1168593284009,0
                84.7729870022059,27.1173190398297,0
                84.7730093052105,27.1176257000171,0
                84.7733098797516,27.1181611570597,0
                84.7735697035869,27.119005836361,0
                84.7735492638259,27.1192360653833,0
                84.7736357441903,27.1196191583053,0
                84.7736157406152,27.1199261307034,0
                84.7736600403437,27.1203094721273,0
                84.7738112593709,27.1208479263496,0
                84.7741974455423,27.1214594412257,0
                84.7744552790988,27.121823600486,0
                84.7745615787619,27.1217846684976,0
                84.7748807933413,27.1214580148827,0
                84.7750722697798,27.1213418406318,0
                84.7755197772718,27.121147615211,0
                84.7764791562755,27.1208579689328,0
                84.77673481113,27.1208182266994,0
                84.7768630453747,27.1207611093518,0
                84.7781421319975,27.1204877788489,0
                84.7785263944357,27.1204472892221,0
                84.7788460418886,27.1203710511539,0
                84.7797408070118,27.1199441657441,0
                84.780635136155,27.1194631605487,0
                84.7814024773437,27.1192106953773,0
                84.7818498603118,27.1189983468799,0
                84.7820417116009,27.1189386053844,0
                84.7824889090482,27.118611204139,0
                84.7826805103949,27.1185154026036,0
                84.78317082444,27.1183231158447,0
                84.783255693223,27.1180925120079,0
                84.7832550088064,27.1179187779654,0
                84.7831900840294,27.1177476665661,0
                84.783146159478,27.1174026965627,0
                84.7831019848865,27.1170374164859,0
                84.7831234214557,27.1169424871239,0
                84.7832935885042,27.1168468115003,0
                84.7835707421625,27.1167302013073,0
                84.7836991006677,27.1166910816856,0
                84.7842101615842,27.1164987325098,0
                84.7845944889299,27.1163634379637,0
                84.7846581057058,27.1163630636635,0
                84.7851702286595,27.1162090238027,0
                84.7854899995817,27.1161508459999,0
                84.7864497542687,27.1158408893482,0
                84.7866419170359,27.115821769092,0
                84.7868978229422,27.1157255322811,0
                84.7871534772443,27.1156857893475,0
                84.7877938342088,27.1154926295798,0
                84.7890728618064,27.1150477520399,0
                84.7893870087312,27.1149940744776,0
                84.7899700587124,27.1148937803779,0
                84.7907388367188,27.1146796250943,0
                84.7922772013121,27.114445295159,0
                84.7931534657446,27.1141922072552,0
                84.7932388307419,27.1141352765785,0
                84.7933233234328,27.1139611050578,0
                84.7933435775451,27.1136180116467,0
                84.7932120500954,27.1127545855843,0
                84.7932095657642,27.1119490951095,0
                84.7930787824422,27.1113744566822,0
                84.7930947250985,27.1110381736349,0
                84.7930984765882,27.1109524320314,0
                84.793288032732,27.1100307665618,0
                84.7934323551608,27.1085926472596,0
                84.7936006612957,27.1077884706377,0
                84.793620664784,27.1074995599002,0
                84.7937266580462,27.1071537173883,0
                84.7937671000136,27.10663682586,0
                84.7939564048782,27.1057738430457,0
                84.7940810989602,27.1046810673106,0
                84.7940783015222,27.1039318839505,0
                84.7940775579021,27.1036454097705,0
                84.7944595824151,27.103029532606,0
                84.7946081935401,27.1027421236502,0
                84.7947364289106,27.1026082626089,0
                84.7948000476626,27.102510897039,0
                84.7952046287646,27.1020505695201,0
                84.7954599141317,27.1017039167783,0
                84.7955875272664,27.1014730644861,0
                84.7958216257747,27.1012438383094,0
                84.795949486208,27.1011460993685,0
                84.7957135836939,27.1009353642412,0
                84.7955204886282,27.1007265668802,0
                84.7944912047632,27.0998276302853,0
                84.7948736037869,27.0992704359385,0
                84.7951258447122,27.098043799354,0
                84.7952105889592,27.0978131961995,0
                84.7952520284053,27.097429355484,0
                84.7954851957253,27.0968910327995,0
                84.7956751242406,27.0961250411341,0
                84.7957384936561,27.0959893045343,0
                84.7955882659178,27.0958751247743,0
                84.7953937429522,27.0951857454289,0
                84.7953282581397,27.094840899716,0
                84.7953268271161,27.0945521123217,0
                84.7952387898595,27.0938621723758,0
                84.7951082569502,27.0932311643066,0
                84.7949573484235,27.0928281351733,0
                84.7946780186739,27.0923694210585,0
                84.7945486672786,27.0920813197121,0
                84.7943120796932,27.0917757808704,0
                84.7939906899449,27.0915091116478,0
                84.7934542096028,27.0909547772681,0
                84.7933041686489,27.09085865796,0
                84.792939410853,27.0905154950089,0
                84.7924038029711,27.0900762757366,0
                84.7919526852796,27.0895598766337,0
                84.7915884282415,27.0892144634639,0
                84.7912014884596,27.0887563730696,0
                84.7906002718237,27.0879519351363,0
                84.7905139744633,27.0877809492186,0
                84.7902781357564,27.0874934702807,0
                84.7897400393689,27.086517236445,0
                84.7895466943261,27.0862678804844,0
                84.7894827661452,27.086229882781,0
                84.7893877196554,27.0860612087701,0
                84.7893538507447,27.0860004635415,0
                84.7891176998117,27.0857513563227,0
                84.7887540651311,27.0854848745542,0
                84.7886466444814,27.0853500719964,0
                84.7882407039515,27.0850635282034,0
              </coordinates>
            </LinearRing>
          </outerBoundaryIs>
        </Polygon>
      </Placemark>
      <Placemark id="MA_PARSA_SakhuwaPrasauni.4">
        <ExtendedData>
          <SchemaData schemaUrl="#MA_PARSA_SakhuwaPrasauni.schema">
            <SimpleData name="ogc_fid">4926</SimpleData>
            <SimpleData name="objectid_1">4927</SimpleData>
            <SimpleData name="dcode">34</SimpleData>
            <SimpleData name="district">PARSA</SimpleData>
            <SimpleData name="das">0</SimpleData>
            <SimpleData name="gapa_napa">SakhuwaPrasauni</SimpleData>
            <SimpleData name="type_gn">Gaunpalika</SimpleData>
            <SimpleData name="gn_code">13.000000000000000</SimpleData>
            <SimpleData name="new_ward_n">1</SimpleData>
            <SimpleData name="ddgnww">341300.999999999941792</SimpleData>
            <SimpleData name="state_code">2</SimpleData>
            <SimpleData name="ddgn">34013</SimpleData>
            <SimpleData name="area_sqkm">30.325621392599999</SimpleData>
            <SimpleData name="shape_leng">30649.148400599999150</SimpleData>
            <SimpleData name="shape_area">30325621.392599999904633</SimpleData>
            <SimpleData name="Province">MA</SimpleData>
            <SimpleData name="Address">SakhuwaPrasauni-1, PARSA, MA</SimpleData>
          </SchemaData>
        </ExtendedData>
        <Polygon>
          <outerBoundaryIs>
            <LinearRing>
              <coordinates>
                84.8407832272008,27.2405650557925,0
                84.8425123770169,27.2403967235174,0
                84.8430249337833,27.2404116681643,0
                84.8432170972779,27.240372174518,0
                84.8444339382143,27.2403062007777,0
                84.8447540215739,27.2402455865936,0
                84.845330757851,27.2402398463912,0
                84.8462268290008,27.2401374329798,0
                84.8467397620314,27.2401343161593,0
                84.8473799899848,27.2400898307148,0
                84.8477641276707,27.2400672137572,0
                84.8487238793969,27.2398876832032,0
                84.8496855648839,27.2398795743336,0
                84.8505180813637,27.2398158440694,0
                84.8517978531258,27.2396523796803,0
                84.8523746520055,27.2396466390165,0
                84.8528872105163,27.2395870909109,0
                84.8535920555752,27.2395805400505,0
                84.8548298942176,27.2394556962134,0
                84.8550434904133,27.2394926963042,0
                84.856046859551,27.2394075330628,0
                84.8569421194914,27.2392284390684,0
                84.8573908734079,27.2392233836576,0
                84.8580312899175,27.2391428394784,0
                84.8589276728459,27.2390764226111,0
                84.8609754094509,27.2387546715788,0
                84.8616156383116,27.2387123739,0
                84.8621920618136,27.2387449425807,0
                84.8629590877201,27.2386251533455,0
                84.8637907902205,27.238620042875,0
                84.8639822657402,27.2385804863292,0
                84.8643666523276,27.238578117924,0
                84.8646217447725,27.2385201276875,0
                84.8652611622308,27.2384575183803,0
                84.8657084177637,27.2383577224692,0
                84.8661564833612,27.2383549798638,0
                84.8671800372352,27.2382719416551,0
                84.8682659600281,27.2380937248181,0
                84.8692258965416,27.2380291216094,0
                84.869928556648,27.2379096433492,0
                84.8706325271865,27.2378669086016,0
                84.871272504788,27.237880980308,0
                84.8719114229795,27.2377619392421,0
                84.8722311938609,27.2377396335381,0
                84.8727070059078,27.2377367044171,0
                84.872812366489,27.2377360189198,0
                84.8749838345465,27.2374945758135,0
                84.8760080756408,27.2374204741765,0
                84.8794650645512,27.2370378146332,0
                84.8831354001359,27.236655971242,0
                84.8832631963833,27.2366191022499,0
                84.8838394963609,27.2365613036731,0
                84.8855678332593,27.2364669031645,0
                84.8872962951212,27.2363138198377,0
                84.8889610147125,27.2362378540754,0
                84.8903692059796,27.2361250748481,0
                84.890689163319,27.2361253299634,0
                84.8911373553147,27.2360660923878,0
                84.8915853593726,27.2360677246055,0
                84.8922896428697,27.2359910554105,0
                84.8925459827832,27.2360097453552,0
                84.8929936747549,27.2359730684494,0
                84.8933993728477,27.2358757094867,0
                84.8933910626146,27.2358622105608,0
                84.8932497101137,27.2356284161891,0
                84.8931853473537,27.2354731788356,0
                84.8930359961395,27.2352620076591,0
                84.8925235740868,27.234784728973,0
                84.8923745332107,27.2346886725639,0
                84.8922671792194,27.2343622002199,0
                84.8922457523349,27.233978734402,0
                84.892373431652,27.2335199020373,0
                84.8926505279053,27.2331368154188,0
                84.8930342978037,27.2327531059037,0
                84.8931834076913,27.2325423147334,0
                84.8933330189894,27.2322345321074,0
                84.8933539581613,27.2320064278621,0
                84.8934392022606,27.2317758241435,0
                84.8936948651118,27.2313161822516,0
                84.8937586754161,27.2310088978683,0
                84.8936735676801,27.2307026115089,0
                84.8935877706232,27.2305496859761,0
                84.89348134982,27.2304150087384,0
                84.8930969679665,27.2301647744166,0
                84.8924988658982,27.2298594793117,0
                84.8922426513256,27.2297821698847,0
                84.8914743862324,27.2293403218316,0
                84.8913464682213,27.2292057065956,0
                84.8905774574975,27.2285924362171,0
                84.8902572542174,27.2284003851646,0
                84.8900016025316,27.2283050143203,0
                84.8895529758858,27.2282288888715,0
                84.8889769332619,27.2279212198466,0
                84.8886139252436,27.2275760564339,0
                84.8882507951673,27.2271360895045,0
                84.887866604007,27.2267527426375,0
                84.8878451701091,27.2266738743811,0
                84.8873751188,27.2261196029947,0
                84.887311442555,27.225966553932,0
                84.8868629525413,27.2253511638348,0
                84.8866708604582,27.224986817687,0
                84.8862218695857,27.2243940506151,0
                84.885901793235,27.2240487010107,0
                84.8853678823691,27.2231472723755,0
                84.8853678842468,27.2230705289537,0
                84.8851326761615,27.222535010774,0
                84.8850683771573,27.2223030297607,0
                84.8850684436352,27.2220751753604,0
                84.8849828426387,27.2214597290343,0
                84.884427434718,27.2205606746483,0
                84.8842136616059,27.2200228442193,0
                84.8841071831619,27.2196399387636,0
                84.8839785802825,27.2194106443774,0
                84.8837226198706,27.2191211665539,0
                84.8830182233177,27.2186044507735,0
                84.8827616354157,27.218470708355,0
                84.8823775635478,27.2183354642812,0
                84.8819932446246,27.2180851677074,0
                84.8818226460377,27.2178944946572,0
                84.881523632589,27.2174158443718,0
                84.88122499185,27.2170701831144,0
                84.8804987262598,27.2164181663598,0
                84.8803065714567,27.2160538829879,0
                84.8799227691536,27.2149800347124,0
                84.8797301108839,27.2147894865814,0
                84.879303548347,27.2144627579707,0
                84.8788339286868,27.2141949617625,0
                84.878556159998,27.2138492383648,0
                84.8782358384972,27.2133119681009,0
                84.8781079915606,27.2127757635268,0
                84.8778942148307,27.2123912947093,0
                84.877232814596,27.211797524307,0
                84.8770188478747,27.2115484174616,0
                84.8763148266888,27.2109910184604,0
                84.8760799904447,27.2106472946592,0
                84.8756957987987,27.2102435747369,0
                84.8756100637767,27.2100906492916,0
                84.8753112973767,27.2097269891583,0
                84.8751404513262,27.2094189515272,0
                84.8751407144444,27.208805255829,0
                84.8750018623021,27.2085557135418,0
                84.8748841325488,27.2083466050778,0
                84.8746073642329,27.2079625094451,0
                84.8744152688381,27.2077718984927,0
                84.8741593730539,27.2073876788817,0
                84.8740953835435,27.2072730003276,0
                84.8740950715368,27.2072346908837,0
                84.873839680797,27.2066022430281,0
                84.8736057824544,27.2062178986457,0
                84.8734141245034,27.2059889161096,0
                84.8727959042744,27.2055099480249,0
                84.8727072308874,27.2053841456556,0
                84.8723346661201,27.204851748714,0
                84.8720767669543,27.2046232026568,0
                84.8718616127904,27.2043763463888,0
                84.8713038199719,27.2039601862794,0
                84.8707667762373,27.2034467860794,0
                84.8705298765206,27.203161744979,0
                84.8702707308863,27.2027617141255,0
                84.8698806723197,27.2020195857372,0
                84.8692989519933,27.2012763299345,0
                84.868201685097,27.2000219236674,0
                84.8679442864741,27.199775316249,0
                84.8676867001091,27.1995851415187,0
                84.8671294052026,27.1992252267206,0
                84.8666584738485,27.198939432098,0
                84.8665511145949,27.198845313482,0
                84.8661651100647,27.1985228358193,0
                84.8654544714871,27.1976675882965,0
                84.8649816058673,27.197210183176,0
                84.8646806516787,27.19686908377,0
                84.8646585940928,27.1967925282282,0
                84.8645946034506,27.1967545301769,0
                84.8644651865982,27.1965838561126,0
                84.8642920277535,27.1962983781009,0
                84.8641394305839,27.1958977239584,0
                84.8641103280761,27.1949796174603,0
                84.8639154249647,27.1945792128827,0
                84.8639123073441,27.1942543043856,0
                84.8638043872978,27.1940835052366,0
                84.8635902924129,27.1939697614819,0
                84.8632922684192,27.1940099409787,0
                84.863188464295,27.1942971007096,0
                84.863212891128,27.1946782551028,0
                84.8633873585375,27.1951374667995,0
                84.8634325958651,27.1954418157451,0
                84.863411722723,27.1955186205818,0
                84.863200372159,27.1956733540863,0
                84.8628377958392,27.1956169149123,0
                84.8626034511207,27.195656720021,0
                84.8624550318812,27.1957140878495,0
                84.8622023706419,27.196078864112,0
                84.8618001055349,27.1963475832678,0
                84.8615679432591,27.196597120039,0
                84.8612927881795,27.1968290319494,0
                84.8606981108273,27.1970989363624,0
                84.8604433906976,27.1972742285977,0
                84.8600403742633,27.1976218790848,0
                84.8599338258194,27.1976225643211,0
                84.8599120793342,27.1975843176042,0
                84.8597411658223,27.1975086968382,0
                84.8594846389105,27.1974538224211,0
                84.8592282997485,27.197340328383,0
                84.8587780526353,27.1970362223465,0
                84.8584767240709,27.1967334944062,0
                84.8578555013413,27.1963357074898,0
                84.8571709097615,27.1960713451031,0
                84.8567437184345,27.195979283175,0
                84.8562301029714,27.1957906043228,0
                84.855888149222,27.1956979198478,0
                84.8550344524241,27.1955880402293,0
                84.8544372803027,27.1956119660003,0
                84.8543522291662,27.1956328377644,0
                84.8541188807751,27.1958056933228,0
                84.8538842248149,27.1958071273064,0
                84.8536908791882,27.1955984548847,0
                84.8536891963907,27.1953683502091,0
                84.8537734375182,27.1952527995917,0
                84.8540918990223,27.1950793827757,0
                84.8541549568822,27.1949052120627,0
                84.8540680361703,27.1946778558896,0
                84.8538521959875,27.1943340072405,0
                84.8538507633663,27.1941422116851,0
                84.853998933896,27.1939698547122,0
                84.8543605771228,27.1938322476289,0
                84.8544024472713,27.1937755665945,0
                84.8544011387519,27.1936018945094,0
                84.8542286051098,27.1933163544894,0
                84.8543115373683,27.1930293182339,0
                84.8543107272234,27.1929142665821,0
                84.8542024334011,27.1926847852691,0
                84.8541990696988,27.1921680812833,0
                84.8541965764547,27.1918432349568,0
                84.8542385714732,27.1918046142553,0
                84.8542817532893,27.1918426735676,0
                84.854624702601,27.1920707210656,0
                84.8547742453701,27.1920698491356,0
                84.8548591100686,27.1920309786133,0
                84.8551753902993,27.1915687746915,0
                84.8551740812465,27.1913972902697,0
                84.8550440432584,27.191052881071,0
                84.8550416106975,27.1908227140986,0
                84.8551036076632,27.1905944853737,0
                84.8552299076605,27.1903635711228,0
                84.8552290351017,27.190250767985,0
                84.854926833773,27.1898306753317,0
                84.8549634066214,27.1890858670926,0
                84.8546797728831,27.1882843720844,0
                84.8544410016408,27.1878277829164,0
                84.8540963061724,27.1873718809397,0
                84.8540093848195,27.1871422744318,0
                84.8539200939182,27.1866848143468,0
                84.8536811992923,27.1861131731292,0
                84.8536141530743,27.18576832812,0
                84.8535706596045,27.1856918965233,0
                84.8535065440965,27.1856359005591,0
                84.8534212441683,27.185616088844,0
                84.8529101845579,27.1856756368487,0
                84.85269702758,27.1856024525036,0
                84.8525897303215,27.1855060848925,0
                84.8525879220236,27.185352660728,0
                84.8524801884608,27.185202172031,0
                84.8519685706498,27.1851082351592,0
                84.8514118377472,27.1848047524924,0
                84.8511540014259,27.1845784559576,0
                84.8510456458645,27.1843489747731,0
                84.8510439002377,27.1841188077168,0
                84.8509570422252,27.1838914513487,0
                84.8508923014178,27.1838332052584,0
                84.8506768980063,27.1835479779448,0
                84.8508026987972,27.1833373733848,0
                84.8510786018788,27.1832025777007,0
                84.8511839044366,27.1830304693328,0
                84.851183032269,27.1829154169203,0
                84.851072742304,27.182514451082,0
                84.851133865674,27.1821711072927,0
                84.8511089413204,27.1817132731174,0
                84.8510651368216,27.1815984694981,0
                84.8510614584364,27.1811968177148,0
                84.8511440165187,27.1808534123815,0
                84.851142708258,27.180679677589,0
                84.851012480721,27.1803938884852,0
                84.8509864945685,27.1798796210559,0
                84.8509215069125,27.1797085731199,0
                84.8507488471431,27.1794794653566,0
                84.8507475384716,27.1793079804837,0
                84.8511223833392,27.1783310110475,0
                84.8511206380058,27.1781008437982,0
                84.8509262964851,27.1777591212834,0
                84.8507956330002,27.1774168993845,0
                84.8507501461505,27.1770719919605,0
                84.8508326402577,27.1768052672751,0
                84.8509798756151,27.1765945378778,0
                84.8511706025801,27.1764579909188,0
                84.8515099983046,27.176304759862,0
                84.8515728051506,27.1761893342749,0
                84.8515292523034,27.1760180986084,0
                84.851442328725,27.1758651105939,0
                84.8514632032735,27.1757883677107,0
                84.8515479431334,27.1757314371514,0
                84.8516754900446,27.1756720065804,0
                84.8520577534006,27.1755952077049,0
                84.8529524481034,27.1755717239687,0
                84.8533990781084,27.1754923008071,0
                84.8537825276121,27.175489932027,0
                84.8545501743142,27.1755823116009,0
                84.8549963054415,27.1754464558883,0
                84.8554415642655,27.1751955481419,0
                84.8558240168295,27.1750601287284,0
                84.8561426638674,27.1750017644182,0
                84.8564624340786,27.1749998943424,0
                84.8567182742671,27.1750546441885,0
                84.8571657137597,27.1750925226833,0
                84.8579523026038,27.1748575565353,0
                84.8578655043461,27.1747250047313,0
                84.8578423250138,27.1744949624591,0
                84.8576033051187,27.1739233212983,0
                84.8575796890919,27.1736369711354,0
                84.8575543883312,27.1732174456326,0
                84.8576377578085,27.1729867807005,0
                84.8575508988244,27.1727594245412,0
                84.8572715655954,27.1725128786567,0
                84.8570158503034,27.1724761277594,0
                84.8568020667175,27.1724007562479,0
                84.8567376401932,27.1723041386342,0
                84.8567785754641,27.1721324048073,0
                84.856712962795,27.1719612937691,0
                84.8565633598553,27.171865237766,0
                84.8563078310447,27.171848734997,0
                84.8559645690103,27.1715823152107,0
                84.8557700380989,27.1712969622704,0
                84.8557264850286,27.1711257269667,0
                84.8556397488956,27.1709931750472,0
                84.8555112693816,27.1708584977289,0
                84.8552109375651,27.1706686342936,0
                84.8550607735565,27.1704980215928,0
                84.8547789472576,27.1699266935857,0
                84.8546651667804,27.1690677678193,0
                84.8546597429686,27.1684382613913,0
                84.8545718233228,27.1681522226729,0
                84.8546337576123,27.1679217440469,0
                84.8545682710941,27.1676919513866,0
                84.8545650283655,27.167349043812,0
                84.8547118270966,27.1670796326529,0
                84.8549454855941,27.1669450862834,0
                84.8549841072146,27.166892966287,0
                84.8549864218998,27.1667733519288,0
                84.854769462382,27.1662015865906,0
                84.8547677170137,27.1659714822982,0
                84.8549550793027,27.1653972233931,0
                84.8549528977059,27.1651106866259,0
                84.8547158745097,27.1647105309227,0
                84.8546931309572,27.1645391710012,0
                84.8547136925788,27.1644239941156,0
                84.8547544434798,27.1641372074751,0
                84.8544344864083,27.164118829063,0
                84.8540948406777,27.1642360001934,0
                84.8535855896285,27.1645255918044,0
                84.8533738021276,27.1646983850012,0
                84.8528887272217,27.165351131575,0
                84.852635068677,27.1655805447611,0
                84.8523171056704,27.1658126441737,0
                84.852232116506,27.1658312035449,0
                84.8519570239634,27.1660630534628,0
                84.8517016807596,27.1661593525319,0
                84.8515315777546,27.1661784110262,0
                84.8511907480098,27.1661421585653,0
                84.8506984443273,27.165840489959,0
                84.8501203429273,27.1653657100712,0
                84.8496919675478,27.1650997898138,0
                84.8491794772984,27.1648727387521,0
                84.8479843288921,27.164534749148,0
                84.8475576370965,27.164478684743,0
                84.8468763504287,27.1645392303765,0
                84.8458554189369,27.1647168229677,0
                84.8455157736535,27.1648339319792,0
                84.8448351734303,27.1649892196311,0
                84.8446213281355,27.1648957249972,0
                84.8444730333552,27.164973340542,0
                84.8432421838909,27.1655718925788,0
                84.8427324346694,27.1658028632967,0
                84.8424776535273,27.1658811019359,0
                84.8420747635896,27.1661497593119,0
                84.8419475909326,27.1662656222279,0
                84.8418636613382,27.1664195445635,0
                84.8416104392489,27.1667075774516,0
                84.8415165722535,27.1668931842552,0
                84.8413792096279,27.167167032717,0
                84.8410424336376,27.167588676842,0
                84.8407463415814,27.1678770211642,0
                84.840661165079,27.1678775198712,0
                84.8403213333836,27.1679743182361,0
                84.8395536239695,27.1678638782383,0
                84.8392132315619,27.1678839336455,0
                84.839106931748,27.167922928238,0
                84.8388733354503,27.1680574752629,0
                84.8387469739507,27.1681913356826,0
                84.838641547572,27.1683453828664,0
                84.8386015460274,27.1686502301763,0
                84.8384973059491,27.1688810210234,0
                84.8383286355986,27.1690918117131,0
                84.8381795918876,27.1691491167859,0
                84.8380519219636,27.1691115551058,0
                84.837859200072,27.1689795635173,0
                84.8377084740943,27.1688089513112,0
                84.8375352528212,27.1685031635011,0
                84.837449702567,27.1684472922392,0
                84.8373647138151,27.1684658516925,0
                84.8370684991154,27.1686593924531,0
                84.8368971476096,27.1686017692858,0
                84.8367898507066,27.1685076505537,0
                84.8366165694434,27.1681070588807,0
                84.8366142623156,27.1678768912585,0
                84.8366757603534,27.1675899809619,0
                84.8366530163305,27.1674186204364,0
                84.8365659711485,27.1671529549364,0
                84.8363934975481,27.166941845905,0
                84.8362833881258,27.1668929117429,0
                84.8359663706817,27.166752606049,0
                84.8352829657347,27.1665288020122,0
                84.8350066882354,27.1666049160286,0
                84.8348586420885,27.1667208409212,0
                84.8347496533208,27.1668930109628,0
                84.8346268536354,27.1670854298236,0
                84.8343986188858,27.1677728021667,0
                84.8344465990852,27.168460679397,0
                84.8345346437516,27.1687669661648,0
                84.834751231017,27.1692237416622,0
                84.8349040764081,27.1696808284615,0
                84.8349057585763,27.169910995319,0
                84.8349932422341,27.1701406018361,0
                84.8349308725411,27.1703124601908,0
                84.8348675665136,27.1703692045275,0
                84.8346970884128,27.1704266335124,0
                84.8337610196187,27.1706623473666,0
                84.8323998768492,27.1711510318087,0
                84.8319740545846,27.1713070110851,0
                84.8313789403299,27.1715971002063,0
                84.8310467945426,27.1717140850957,0
                84.8303995625584,27.1719480535384,0
                84.8304047492454,27.1719638647092,0
                84.8306173328881,27.1725785637391,0
                84.8306653755672,27.1732664408819,0
                84.8307527949715,27.1735727895868,0
                84.8307759746449,27.1738027696199,0
                84.8309513770388,27.1744132179469,0
                84.831046984821,27.1746315126182,0
                84.8316237562839,27.1759412180617,0
                84.8319259559398,27.176474175663,0
                84.8321411091586,27.1767414050251,0
                84.8323137060513,27.1770472561334,0
                84.8325940354435,27.1774269142237,0
                84.8326385239895,27.1777334503962,0
                84.8325759663152,27.1778872485276,0
                84.8323641762598,27.178154783831,0
                84.8319194143596,27.1785613020737,0
                84.8315797052213,27.1787731534118,0
                84.8313885408316,27.1788509554594,0
                84.8311765037022,27.179005688649,0
                84.8310470177915,27.1791440490133,0
                84.830690114613,27.1797553633139,0
                84.8305451835536,27.1803676823495,0
                84.8305254317993,27.1805979732892,0
                84.8303793796887,27.1810591174734,0
                84.8302946994988,27.1812107901995,0
                84.8301035964343,27.1813856467117,0
                84.8298478775203,27.1815203181671,0
                84.8294214950682,27.1815994912234,0
                84.8291646537431,27.1815807386261,0
                84.8289933023405,27.1815253037915,0
                84.8286514726756,27.1815273601178,0
                84.8283100164315,27.1815857249737,0
                84.8280110566157,27.1815875319443,0
                84.827821571758,27.1820669866608,0
                84.8276343317194,27.182758547038,0
                84.8275728322397,27.1831401993894,0
                84.8275544510134,27.1835621617204,0
                84.8275334526355,27.1836187813084,0
                84.8274713314879,27.1838311984334,0
                84.8271319307039,27.1842529056924,0
                84.8269632589327,27.1845607503636,0
                84.8269655024456,27.1848675987348,0
                84.8270101166582,27.1850952036413,0
                84.826990364692,27.1853254326956,0
                84.8268859335707,27.1857096473918,0
                84.8267588848219,27.185843445346,0
                84.826674267803,27.1859974305048,0
                84.8266539548207,27.1861509787784,0
                84.8267210632765,27.1865341963961,0
                84.8272822868428,27.1872754515501,0
                84.8274553803542,27.1876579206201,0
                84.8274565028811,27.1878114065431,0
                84.8269921112015,27.1885609576411,0
                84.8268436275452,27.1886949434634,0
                84.826546722641,27.1890599689424,0
                84.8262313750219,27.1897500268466,0
                84.8259780240117,27.1902117940876,0
                84.8256816790972,27.1906535002656,0
                84.8254905132448,27.1908261064599,0
                84.8251714888178,27.1910197715421,0
                84.8251099887077,27.1914036743647,0
                84.8249621916391,27.1916324642969,0
                84.8248155156009,27.1920168645179,0
                84.8248165731356,27.1922470320844,0
                84.8248606266155,27.1924002067532,0
                84.8249689823477,27.1926477490572,0
                84.825120707726,27.1928566701218,0
                84.8255068396114,27.1931229024295,0
                84.8257642409657,27.1932183987909,0
                84.8265363803462,27.1936538724594,0
                84.8267735315141,27.1939006042262,0
                84.8268390197442,27.1940536544823,0
                84.8268401412781,27.1942070780183,0
                84.8267141502269,27.1945711065202,0
                84.826374500824,27.1948799476295,0
                84.8262063911218,27.1952622859631,0
                84.8259731655749,27.1955501941177,0
                84.8259099828479,27.1957039919888,0
                84.8258269867887,27.1960880188075,0
                84.8258095402385,27.1966229090935,0
                84.8259195800975,27.1970058140042,0
                84.8258563359751,27.1971596121964,0
                84.8255815501698,27.1976192539509,0
                84.82558323295,27.1978493580563,0
                84.8256724615014,27.1983091941069,0
                84.825611460652,27.1987675268887,0
                84.8252977310679,27.1997643706353,0
                84.8252988527939,27.1999177949965,0
                84.8254297027188,27.2003006380352,0
                84.8255167502138,27.2004715615191,0
                84.8256459181615,27.200606176914,0
                84.8263121323469,27.2011370157807,0
                84.8264197400647,27.2012717548105,0
                84.8266369521065,27.2017284680001,0
                84.8267880522888,27.2019397017635,0
                84.827003020857,27.202089566682,0
                84.8274333302041,27.2025292848307,0
                84.8277773420916,27.2028138277351,0
                84.8278855750685,27.2029462550357,0
                84.8283583792272,27.2033270413887,0
                84.829456522886,27.2045073920559,0
                84.8298030274443,27.2051167807022,0
                84.8300659737509,27.2060358279411,0
                84.8300688408483,27.2064171071124,0
                84.8297958013948,27.2070324224443,0
                84.8297754887258,27.2071836584727,0
                84.8296066905786,27.2075682471606,0
                84.8296976647493,27.2082558751057,0
                84.8296998458542,27.2085559727657,0
                84.8297004687807,27.2086394027173,0
                84.8296419016861,27.209251223066,0
                84.8297566194689,27.2100921498901,0
                84.8297166183736,27.2103969971467,0
                84.8297397350213,27.2106269773522,0
                84.8296385504211,27.2111826131002,0
                84.8295961793381,27.2112573563655,0
                84.829468818568,27.2113550951015,0
                84.829042809065,27.2115088246697,0
                84.8285321831604,27.2118186634735,0
                84.8284471944563,27.2118372233957,0
                84.8282762785714,27.211838220178,0
                84.8280188770965,27.2117630350407,0
                84.8276961740233,27.2115551110018,0
                84.8275246981248,27.211479427326,0
                84.8273319748115,27.2114421778099,0
                84.8272473589765,27.2115194197509,0
                84.8272693549413,27.2115959754541,0
                84.827464697693,27.2119017015077,0
                84.8277882102179,27.212224678017,0
                84.827853698651,27.2123754781456,0
                84.8278768160359,27.2126054577446,0
                84.828028666454,27.2128346902466,0
                84.82828719033,27.2130610493333,0
                84.8284810370942,27.2131749799646,0
                84.8287394985588,27.2134035885083,0
                84.8289973985988,27.2135555170689,0
                84.8293205378316,27.2138198738958,0
                84.8296418688814,27.2139329932601,0
                84.8300481275052,27.2139306252589,0
                84.8302610396923,27.2137962037543,0
                84.8306439922824,27.2136224751013,0
                84.8310461273998,27.2135749859526,0
                84.831156425437,27.2135608013227,0
                84.8315408123387,27.2135788065848,0
                84.8320949915735,27.2134401402183,0
                84.8323286513749,27.2133033433582,0
                84.8324558866171,27.2131875435499,0
                84.8327079876102,27.2127280257574,0
                84.8324913351844,27.2124427349984,0
                84.8326379465459,27.2121350155083,0
                84.8327438721478,27.2120396503719,0
                84.8330006510271,27.2120380917334,0
                84.8332358688718,27.2121111523021,0
                84.8333860964634,27.2122050208356,0
                84.8337093607305,27.2124896885813,0
                84.8340344942162,27.2130224591422,0
                84.8340576752821,27.213175757969,0
                84.8341439737778,27.2133264338304,0
                84.8342951382668,27.213460924091,0
                84.8343170093559,27.2135171692183,0
                84.8343187546534,27.2137472738383,0
                84.8340677149628,27.2142654738441,0
                84.8337935556602,27.2146484352505,0
                84.8337750512568,27.2149553448909,0
                84.8340827404559,27.2159463874013,0
                84.8341279803991,27.2161739298292,0
                84.8341325934097,27.2167108826249,0
                84.8341778332677,27.2169384881818,0
                84.8345878315331,27.2174324508657,0
                84.8347182463118,27.2176618069145,0
                84.8347622999485,27.2178126698156,0
                84.8347872262059,27.2181961360164,0
                84.8347461036291,27.218349808667,0
                84.8347489722592,27.2186544691047,0
                84.8349435657749,27.2189397600303,0
                84.8350090544508,27.2190928100132,0
                84.8352898852064,27.2194340961999,0
                84.8356129620017,27.219698390304,0
                84.8362571182696,27.2201142393452,0
                84.8367319831011,27.220587454593,0
                84.8370140610603,27.2211024762909,0
                84.8370801719154,27.221329956853,0
                84.8370824801901,27.2215601236099,0
                84.8372158262881,27.2220940158543,0
                84.8372651169211,27.2228586368098,0
                84.8373525380913,27.2230859925081,0
                84.8373984625793,27.2233925287455,0
                84.8373619533297,27.2240809671138,0
                84.8370530946478,27.2253056649627,0
                84.8369481659369,27.2255364551754,0
                84.836699556707,27.2263795010709,0
                84.8365326962149,27.2267618392402,0
                84.8363848363671,27.2269928790757,0
                84.8362400329405,27.2274517731843,0
                84.836161777939,27.2282170786869,0
                84.8361664533203,27.2287540308707,0
                84.8361954328731,27.2295932694816,0
                84.8362847259181,27.2299762366701,0
                84.8365902342358,27.2306603061381,0
                84.8367217711496,27.2310408365635,0
                84.8369821024098,27.2314973005383,0
                84.8372440550709,27.2321071878854,0
                84.837377962889,27.2327178230907,0
                84.837469561801,27.2334054513347,0
                84.8376893324958,27.2340155879831,0
                84.8377577516693,27.2344732357726,0
                84.8377664176467,27.2354681472895,0
                84.8376441715157,27.2360803409759,0
                84.8376500330071,27.2366917863974,0
                84.8377689279974,27.2379906733096,0
                84.837710423553,27.2386024927655,0
                84.8374420639457,27.2395968368614,0
                84.8374061148962,27.2403618932699,0
                84.8374317898241,27.2408401009777,0
                84.8374532866561,27.2408399769321,0
                84.8380298982396,27.2408162381135,0
                84.8387973627845,27.2406582024913,0
                84.8392458667586,27.240635211547,0
                84.8394380298796,27.2405934063276,0
                84.8407832272008,27.2405650557925,0
              </coordinates>
            </LinearRing>
          </outerBoundaryIs>
        </Polygon>
      </Placemark>
      <Placemark id="MA_PARSA_SakhuwaPrasauni.5">
        <ExtendedData>
          <SchemaData schemaUrl="#MA_PARSA_SakhuwaPrasauni.schema">
            <SimpleData name="ogc_fid">4928</SimpleData>
            <SimpleData name="objectid_1">4929</SimpleData>
            <SimpleData name="dcode">34</SimpleData>
            <SimpleData name="district">PARSA</SimpleData>
            <SimpleData name="das">0</SimpleData>
            <SimpleData name="gapa_napa">SakhuwaPrasauni</SimpleData>
            <SimpleData name="type_gn">Gaunpalika</SimpleData>
            <SimpleData name="gn_code">13.000000000000000</SimpleData>
            <SimpleData name="new_ward_n">5</SimpleData>
            <SimpleData name="ddgnww">341304.999999999941792</SimpleData>
            <SimpleData name="state_code">2</SimpleData>
            <SimpleData name="ddgn">34013</SimpleData>
            <SimpleData name="area_sqkm">8.969282962590000</SimpleData>
            <SimpleData name="shape_leng">15516.505913999999393</SimpleData>
            <SimpleData name="shape_area">8969282.962589999660850</SimpleData>
            <SimpleData name="Province">MA</SimpleData>
            <SimpleData name="Address">SakhuwaPrasauni-5, PARSA, MA</SimpleData>
          </SchemaData>
        </ExtendedData>
        <Polygon>
          <outerBoundaryIs>
            <LinearRing>
              <coordinates>
                84.7825241237548,27.1355401997473,0
                84.7829484483158,27.135269292515,0
                84.7833733953242,27.1350931901582,0
                84.7837979066409,27.1348426575254,0
                84.7839676981977,27.1347852898762,0
                84.7847339128024,27.134625316339,0
                84.7854142621164,27.1345448352616,0
                84.7858397708329,27.1344454128302,0
                84.7872020925449,27.1343407570512,0
                84.7877983874393,27.1344141355119,0
                84.789331934165,27.1344415948056,0
                84.789386677311,27.1344322220613,0
                84.789757567395,27.134362483858,0
                84.7898001878845,27.1343239255411,0
                84.790077588744,27.1343223675641,0
                84.7904387320878,27.1341285164064,0
                84.7907795025181,27.1339934712886,0
                84.7909281101836,27.1338776090283,0
                84.7910130993211,27.1338590490328,0
                84.7913528709858,27.133665322277,0
                84.7917562627041,27.1332997983389,0
                84.7924148714675,27.1329147808325,0
                84.7928606944104,27.1325670693583,0
                84.7930517355848,27.1323764012395,0
                84.7938373299944,27.1318553359756,0
                84.7946033603212,27.1315080042524,0
                84.7949428200161,27.1312759052235,0
                84.7958788315928,27.1308125862538,0
                84.7963885209535,27.1304848113295,0
                84.7967286657651,27.1303497663706,0
                84.797090310295,27.1301378540354,0
                84.7971323693437,27.1300225521994,0
                84.797281226802,27.1299449986762,0
                84.7974715172571,27.1297521439105,0
                84.79755563663,27.129523728621,0
                84.7982961216763,27.1285064559092,0
                84.7985509656392,27.1283515991184,0
                84.7989760413784,27.1280242600245,0
                84.7993574362624,27.1276587983116,0
                84.799612342617,27.1275242524357,0
                84.8000366710727,27.1270818603898,0
                84.800185590085,27.1270065571077,0
                84.8003760058373,27.1268317013676,0
                84.8006085453977,27.1264671126076,0
                84.8006712289015,27.1262388835761,0
                84.8006664972122,27.1253973958156,0
                84.8006230680745,27.1252305974872,0
                84.8006120077344,27.1251877887265,0
                84.8007579308581,27.1249590616054,0
                84.8009708462505,27.124671278121,0
                84.8011622629244,27.1244581124067,0
                84.8015248453214,27.1242078279919,0
                84.8020585286256,27.1239949807513,0
                84.8024006072482,27.1240516683949,0
                84.8024859705647,27.1240895416371,0
                84.8026369465229,27.1243007752839,0
                84.8028312180965,27.1250284638707,0
                84.8029170181352,27.1251227070254,0
                84.8031522972815,27.1252297009274,0
                84.803174419338,27.1252408253027,0
                84.8032065396201,27.1252293898069,0
                84.8035159385746,27.1251215288745,0
                84.8038783336061,27.1248509967689,0
                84.8043033540168,27.1241603772002,0
                84.8043672218928,27.1241013210432,0
                84.8049437142101,27.1237934200048,0
                84.8054560866256,27.1236776892283,0
                84.8056061277943,27.1237715577809,0
                84.8056491196559,27.1238683624969,0
                84.8056717954669,27.1243081362202,0
                84.8057151011434,27.1243666322927,0
                84.8057798980341,27.1247092276062,0
                84.8058663208895,27.1248824634429,0
                84.8058665060067,27.124997515475,0
                84.8059739892144,27.1251323181607,0
                84.8060300446547,27.1251251950129,0
                84.8061447169805,27.1251110106619,0
                84.8066570911557,27.1249185354764,0
                84.8077678250699,27.1246458908097,0
                84.8081092197386,27.1245107826052,0
                84.8083438795649,27.1243560506311,0
                84.8084504312829,27.1241839429981,0
                84.808513678149,27.1239534014754,0
                84.8085127467022,27.1236465535286,0
                84.8084693804686,27.1234933792225,0
                84.8080621910352,27.1231505281819,0
                84.80773936941,27.1226153831984,0
                84.807739495956,27.1225386397896,0
                84.8078879205288,27.1222309823334,0
                84.8080585270711,27.1220178783906,0
                84.8083993632835,27.121729347885,0
                84.8085692827248,27.1215185568535,0
                84.8091025962776,27.1210754798327,0
                84.8092943220105,27.1209976767721,0
                84.8096357186047,27.1207858890949,0
                84.8099340612162,27.1204592353146,0
                84.8101039828655,27.1201536402306,0
                84.8101243598872,27.1199234110814,0
                84.8100602455028,27.1197703613813,0
                84.8099710269045,27.1188503164984,0
                84.8098844208285,27.1184672242356,0
                84.8099696627809,27.1183133014638,0
                84.8101397684548,27.1181205092766,0
                84.8105451582729,27.1178699749572,0
                84.8106729564982,27.1177541752851,0
                84.8108858088647,27.1174663919152,0
                84.8109915510799,27.1171792311914,0
                84.8111409720771,27.1170068740068,0
                84.8113970638962,27.1169467587195,0
                84.8117387693884,27.1169470146065,0
                84.8121662142827,27.1168678408273,0
                84.812422368854,27.1168099751229,0
                84.8127636393622,27.1166748674828,0
                84.8137040188701,27.1164798999649,0
                84.8139807359564,27.1163045451537,0
                84.814108162471,27.1160556319299,0
                84.8141075405695,27.1158841474882,0
                84.8140209954337,27.1155957965123,0
                84.8140212460912,27.115539425995,0
                84.8138700247121,27.115118336114,0
                84.8138661109995,27.1139676885233,0
                84.813844181871,27.1137195856624,0
                84.8138860538625,27.1135839731656,0
                84.8140550458124,27.1128947870195,0
                84.8141610978501,27.1127407402532,0
                84.8143744466414,27.1126063800969,0
                84.8145028679767,27.1125853846945,0
                84.8146954042318,27.1126225714682,0
                84.8151021569653,27.1129090528719,0
                84.8153586222947,27.1129843000464,0
                84.8156150259155,27.1129647439593,0
                84.8158282512641,27.1128100736951,0
                84.8159134930377,27.1126561510088,0
                84.8160185511604,27.112197506089,0
                84.8162523435158,27.111659119554,0
                84.8165710603351,27.1111992281271,0
                84.8167409190346,27.1108913836338,0
                84.8168042298599,27.1105841620578,0
                84.8168032350005,27.1103540570419,0
                84.8167604294609,27.1102775009194,0
                84.8163099339786,27.109876341561,0
                84.8159889791024,27.1097630969414,0
                84.8156679625703,27.1095732337511,0
                84.8154102518156,27.1093242515278,0
                84.8151104832099,27.1090958295962,0
                84.8150675533553,27.1089989622762,0
                84.8150454979114,27.1088277265845,0
                84.8152143625978,27.1082130341162,0
                84.8152139282852,27.108059548424,0
                84.815041086678,27.107523592869,0
                84.8149977214459,27.107370418467,0
                84.8149754159165,27.107160686884,0
                84.8149963538687,27.1070071376617,0
                84.8149311185181,27.1067006641085,0
                84.8149734903573,27.1065469905602,0
                84.8151010416433,27.1063160764916,0
                84.8152285271545,27.1061619045612,0
                84.815420317326,27.1060096707124,0
                84.8157619007933,27.1058361915534,0
                84.8159105101127,27.1056435236345,0
                84.8159522619194,27.1053161160474,0
                84.8157799794882,27.1049335225612,0
                84.8157152431728,27.1047037918929,0
                84.8156291947115,27.104571176782,0
                84.8156292587136,27.1044944336243,0
                84.8155637104068,27.1042263321199,0
                84.8151742271634,27.1028476983371,0
                84.8151737925657,27.1026942739021,0
                84.8152585378027,27.1023869274272,0
                84.8155340151782,27.1016971805684,0
                84.8157677422791,27.1013324672244,0
                84.8162158739017,27.1011584271756,0
                84.8165572078449,27.1009443898977,0
                84.8166427596677,27.1009258304611,0
                84.8167490606125,27.1008101548469,0
                84.8167483142516,27.100618359459,0
                84.8166836397539,27.1003885655541,0
                84.8165974049104,27.1002356406213,0
                84.8164679296972,27.0998528602293,0
                84.8162085452576,27.098933749941,0
                84.8160775139405,27.0982441213445,0
                84.8160557071103,27.0981110709596,0
                84.8160335262488,27.0979194622153,0
                84.8159672327245,27.0973828213398,0
                84.8160086745504,27.0969223004467,0
                84.8158791349698,27.0966162002072,0
                84.815685292236,27.0963104748565,0
                84.8156420525029,27.0960805567524,0
                84.8157899152359,27.0956960933561,0
                84.8158317274957,27.0954657393349,0
                84.8157874305268,27.0950057169607,0
                84.8156997026407,27.0944692010082,0
                84.8155483588366,27.0939330586144,0
                84.8154196896167,27.0938368149496,0
                84.815376446667,27.0937806938938,0
                84.8151843462789,27.0937998145606,0
                84.8146074201693,27.0939362933702,0
                84.8144152563497,27.094032156272,0
                84.8142452115328,27.0942249487024,0
                84.8134781738479,27.094917562183,0
                84.8134358659804,27.0949945544829,0
                84.8121775768825,27.095823085767,0
                84.8116651418889,27.0959974995475,0
                84.8112805034844,27.0960561754081,0
                84.8109604192495,27.0961527864775,0
                84.8105757179498,27.0962114003156,0
                84.8100630331886,27.0963475046217,0
                84.8098708693866,27.0964433686274,0
                84.8092306371282,27.0966365903722,0
                84.8089531701994,27.0967915725803,0
                84.808376493294,27.0969664227885,0
                84.8081201497368,27.0970806581359,0
                84.8072246320445,27.0976206579437,0
                84.806712879961,27.0979687444001,0
                84.8061363273364,27.0981615920894,0
                84.8058159291037,27.0983168234852,0
                84.805624140561,27.0983743780826,0
                84.8053040538324,27.0985679802812,0
                84.8047922371805,27.099008620025,0
                84.8043449777103,27.0992977752652,0
                84.8040886947065,27.0995113146436,0
                84.8038331630725,27.0996459230778,0
                84.8030643837802,27.099934635083,0
                84.8026168731652,27.1002823469713,0
                84.8021046224034,27.1005718131391,0
                84.8017847249241,27.1007067961176,0
                84.8012727855795,27.1010346330776,0
                84.8008883346733,27.1011315560224,0
                84.7997336740341,27.1011336618663,0
                84.7991566250583,27.1011752742798,0
                84.7988999714083,27.1011564592146,0
                84.7985794505309,27.1011966999642,0
                84.7975533361845,27.1011979336746,0
                84.7969114834131,27.101163238357,0
                84.7960775334369,27.101068670696,0
                84.795949486208,27.1011460993685,0
                84.7958216257747,27.1012438383094,0
                84.7955875272664,27.1014730644861,0
                84.7954599141317,27.1017039167783,0
                84.7952046287646,27.1020505695201,0
                84.7948000476626,27.102510897039,0
                84.7947364289106,27.1026082626089,0
                84.7946081935401,27.1027421236502,0
                84.7944595824151,27.103029532606,0
                84.7940775579021,27.1036454097705,0
                84.7940783015222,27.1039318839505,0
                84.7940810989602,27.1046810673106,0
                84.7939564048782,27.1057738430457,0
                84.7937671000136,27.10663682586,0
                84.7937266580462,27.1071537173883,0
                84.793620664784,27.1074995599002,0
                84.7936006612957,27.1077884706377,0
                84.7934323551608,27.1085926472596,0
                84.793288032732,27.1100307665618,0
                84.7930984765882,27.1109524320314,0
                84.7930947250985,27.1110381736349,0
                84.7930787824422,27.1113744566822,0
                84.7932095657642,27.1119490951095,0
                84.7932120500954,27.1127545855843,0
                84.7933435775451,27.1136180116467,0
                84.7933233234328,27.1139611050578,0
                84.7932388307419,27.1141352765785,0
                84.7931534657446,27.1141922072552,0
                84.7922772013121,27.114445295159,0
                84.7907388367188,27.1146796250943,0
                84.7899700587124,27.1148937803779,0
                84.7893870087312,27.1149940744776,0
                84.7890728618064,27.1150477520399,0
                84.7877938342088,27.1154926295798,0
                84.7871534772443,27.1156857893475,0
                84.7868978229422,27.1157255322811,0
                84.7866419170359,27.115821769092,0
                84.7864497542687,27.1158408893482,0
                84.7854899995817,27.1161508459999,0
                84.7851702286595,27.1162090238027,0
                84.7846581057058,27.1163630636635,0
                84.7845944889299,27.1163634379637,0
                84.7842101615842,27.1164987325098,0
                84.7836991006677,27.1166910816856,0
                84.7835707421625,27.1167302013073,0
                84.7832935885042,27.1168468115003,0
                84.7831234214557,27.1169424871239,0
                84.7831019848865,27.1170374164859,0
                84.783146159478,27.1174026965627,0
                84.7831900840294,27.1177476665661,0
                84.7832550088064,27.1179187779654,0
                84.783255693223,27.1180925120079,0
                84.78317082444,27.1183231158447,0
                84.7826805103949,27.1185154026036,0
                84.7824889090482,27.118611204139,0
                84.7820417116009,27.1189386053844,0
                84.7818498603118,27.1189983468799,0
                84.7814024773437,27.1192106953773,0
                84.780635136155,27.1194631605487,0
                84.7797408070118,27.1199441657441,0
                84.7788460418886,27.1203710511539,0
                84.7785263944357,27.1204472892221,0
                84.7781421319975,27.1204877788489,0
                84.7768630453747,27.1207611093518,0
                84.77673481113,27.1208182266994,0
                84.7764791562755,27.1208579689328,0
                84.7755197772718,27.121147615211,0
                84.7750722697798,27.1213418406318,0
                84.7748807933413,27.1214580148827,0
                84.7745615787619,27.1217846684976,0
                84.7744552790988,27.121823600486,0
                84.7744977727959,27.1218617227995,0
                84.7751193033599,27.1224923639071,0
                84.7755049947858,27.1228376519874,0
                84.7765960239895,27.1235446698169,0
                84.7771741260013,27.1240017630161,0
                84.777943641386,27.1244216761435,0
                84.7791627818651,27.1249564605502,0
                84.7794193071759,27.1251265122442,0
                84.7794906080691,27.1252298793953,0
                84.7797797491771,27.1256457219537,0
                84.7798995436543,27.1257420280768,0
                84.780049645066,27.1259329511637,0
                84.7801142570706,27.1261605566536,0
                84.7801585552825,27.1265438357491,0
                84.7800754341417,27.126927925542,0
                84.780012376272,27.1270997220005,0
                84.7799911904075,27.12713821791,0
                84.7794636805614,27.1279827595638,0
                84.7793586257866,27.1282901672547,0
                84.7791690187094,27.1286725676437,0
                84.7790859589383,27.1290565951018,0
                84.7790874520426,27.1293634429849,0
                84.7793460287172,27.1301088803814,0
                84.7801398350889,27.1313860303444,0
                84.7803344216808,27.131996416534,0
                84.7805060785824,27.1323790098794,0
                84.7806374214118,27.1331431948693,0
                84.7806196615347,27.1337570144713,0
                84.780663897506,27.1341381064467,0
                84.7808372387505,27.1346718740846,0
                84.7811806208321,27.1351866467167,0
                84.78135246845,27.1354135669919,0
                84.7817574766933,27.1354496951963,0
                84.7818425902537,27.1354491968918,0
                84.7822690309597,27.1355799416803,0
                84.7825241237548,27.1355401997473,0
              </coordinates>
            </LinearRing>
          </outerBoundaryIs>
        </Polygon>
      </Placemark>
      <Placemark id="MA_PARSA_SakhuwaPrasauni.6">
        <ExtendedData>
          <SchemaData schemaUrl="#MA_PARSA_SakhuwaPrasauni.schema">
            <SimpleData name="ogc_fid">4945</SimpleData>
            <SimpleData name="objectid_1">4946</SimpleData>
            <SimpleData name="dcode">34</SimpleData>
            <SimpleData name="district">PARSA</SimpleData>
            <SimpleData name="das">0</SimpleData>
            <SimpleData name="gapa_napa">SakhuwaPrasauni</SimpleData>
            <SimpleData name="type_gn">Gaunpalika</SimpleData>
            <SimpleData name="gn_code">13.000000000000000</SimpleData>
            <SimpleData name="new_ward_n">2</SimpleData>
            <SimpleData name="ddgnww">341302.000000000000000</SimpleData>
            <SimpleData name="state_code">2</SimpleData>
            <SimpleData name="ddgn">34013</SimpleData>
            <SimpleData name="area_sqkm">18.334234270500001</SimpleData>
            <SimpleData name="shape_leng">25748.781594899999618</SimpleData>
            <SimpleData name="shape_area">18334234.270500000566244</SimpleData>
            <SimpleData name="Province">MA</SimpleData>
            <SimpleData name="Address">SakhuwaPrasauni-2, PARSA, MA</SimpleData>
          </SchemaData>
        </ExtendedData>
        <Polygon>
          <outerBoundaryIs>
            <LinearRing>
              <coordinates>
                84.815885495792,27.1895218165692,0
                84.8159489884424,27.189483070293,0
                84.8161417115119,27.1895383189014,0
                84.81627206435,27.1897677378538,0
                84.8165760731144,27.1904563691244,0
                84.8166651124857,27.190990573299,0
                84.8166679167123,27.1913741642093,0
                84.8166487878809,27.191699197652,0
                84.8166880944596,27.1917260080776,0
                84.8167559603665,27.1917752547341,0
                84.8168408884242,27.1916597045152,0
                84.8169253177243,27.1915441535419,0
                84.8170302473551,27.1912366821567,0
                84.817178045148,27.1910078921909,0
                84.8174337639432,27.1908710340585,0
                84.817625864239,27.1908316030467,0
                84.8180731215679,27.1906575007595,0
                84.818265470571,27.1906563792305,0
                84.818715284132,27.1907507530622,0
                84.8190997969334,27.1907101376921,0
                84.819548550059,27.1907458921177,0
                84.8198049542897,27.1907060244872,0
                84.8199540605153,27.1906465323731,0
                84.8199311928344,27.1904548616542,0
                84.8199306319161,27.1903803685763,0
                84.8197582830348,27.1901896323584,0
                84.8195433767193,27.1900374546657,0
                84.818984399667,27.1895037436866,0
                84.8188127363726,27.1894099360621,0
                84.8182533828963,27.1889145964909,0
                84.8181451518197,27.1886850521314,0
                84.8181657762744,27.1885721253834,0
                84.818271515226,27.1884564501679,0
                84.8183135746056,27.1883411483331,0
                84.8182681493168,27.1879961783993,0
                84.8183732668527,27.1877090178089,0
                84.8184762634599,27.1872097520042,0
                84.8185184472365,27.1871147605036,0
                84.8187095502313,27.1869421540945,0
                84.8189658305518,27.1868820390801,0
                84.8196714236232,27.1869365455321,0
                84.8201852276088,27.1870666667624,0
                84.8206353513822,27.1872941539952,0
                84.8207637727346,27.1872550977658,0
                84.8208270151329,27.1871982905329,0
                84.8210163114863,27.1867752695802,0
                84.8215275005412,27.1864654300484,0
                84.8216332384155,27.1863520041366,0
                84.8216534276663,27.1861781451792,0
                84.821544760341,27.1858922312176,0
                84.821522016721,27.1857208710585,0
                84.8216483793032,27.1854899565903,0
                84.8216478801712,27.1854313365781,0
                84.8214955336586,27.1850306193778,0
                84.8213443710836,27.1848013252986,0
                84.8211705273806,27.1844007326854,0
                84.8206099916408,27.1836571644696,0
                84.8204162706505,27.1834688037669,0
                84.8204155233449,27.1833717497014,0
                84.8203487260677,27.1830292166512,0
                84.820347232407,27.1827404299881,0
                84.8203882300041,27.1825686957419,0
                84.8206199599879,27.1820889916373,0
                84.8206625792901,27.1820504340144,0
                84.8207905010079,27.1820316251067,0
                84.8211125184402,27.1821628684499,0
                84.8214351566414,27.1824677840814,0
                84.8218212250094,27.1827317672309,0
                84.8221429308421,27.1828269508266,0
                84.8222709760402,27.1828261405255,0
                84.8224625161922,27.1827099672169,0
                84.822654491412,27.1826524754216,0
                84.8228469656129,27.1826693513959,0
                84.8229323918093,27.1827072251186,0
                84.8231046151763,27.182879962296,0
                84.8232993332323,27.1832036863099,0
                84.8234928664132,27.1833559885453,0
                84.8240067335811,27.1835064212258,0
                84.8241998309243,27.1836000407144,0
                84.8243494355163,27.1836172297234,0
                84.8244564209897,27.1836752264096,0
                84.8246488329969,27.1836740417977,0
                84.8250990197917,27.1838249107667,0
                84.8252913699214,27.183823788809,0
                84.825887859245,27.1835336994345,0
                84.8261847009118,27.1832454174724,0
                84.8263324364776,27.1830144406764,0
                84.8266477234895,27.1822273278227,0
                84.8271353560032,27.1817280679338,0
                84.8275184359831,27.1814957196961,0
                84.8277103489744,27.1814359154845,0
                84.8278391438158,27.1814554158444,0
                84.8280110566157,27.1815875319443,0
                84.8283100164315,27.1815857249737,0
                84.8286514726756,27.1815273601178,0
                84.8289933023405,27.1815253037915,0
                84.8291646537431,27.1815807386261,0
                84.8294214950682,27.1815994912234,0
                84.8298478775203,27.1815203181671,0
                84.8301035964343,27.1813856467117,0
                84.8302946994988,27.1812107901995,0
                84.8303793796887,27.1810591174734,0
                84.8305254317993,27.1805979732892,0
                84.8305451835536,27.1803676823495,0
                84.830690114613,27.1797553633139,0
                84.8310470177915,27.1791440490133,0
                84.8311765037022,27.179005688649,0
                84.8313885408316,27.1788509554594,0
                84.8315797052213,27.1787731534118,0
                84.8319194143596,27.1785613020737,0
                84.8323641762598,27.178154783831,0
                84.8325759663152,27.1778872485276,0
                84.8326385239895,27.1777334503962,0
                84.8325940354435,27.1774269142237,0
                84.8323137060513,27.1770472561334,0
                84.8321411091586,27.1767414050251,0
                84.8319259559398,27.176474175663,0
                84.8316237562839,27.1759412180617,0
                84.831046984821,27.1746315126182,0
                84.8309513770388,27.1744132179469,0
                84.8307759746449,27.1738027696199,0
                84.8307527949715,27.1735727895868,0
                84.8306653755672,27.1732664408819,0
                84.8306173328881,27.1725785637391,0
                84.8304047492454,27.1719638647092,0
                84.8303995625584,27.1719480535384,0
                84.8310467945426,27.1717140850957,0
                84.8313789403299,27.1715971002063,0
                84.8319740545846,27.1713070110851,0
                84.8323998768492,27.1711510318087,0
                84.8337610196187,27.1706623473666,0
                84.8346970884128,27.1704266335124,0
                84.8348675665136,27.1703692045275,0
                84.8349308725411,27.1703124601908,0
                84.8349932422341,27.1701406018361,0
                84.8349057585763,27.169910995319,0
                84.8349040764081,27.1696808284615,0
                84.834751231017,27.1692237416622,0
                84.8345346437516,27.1687669661648,0
                84.8344465990852,27.168460679397,0
                84.8343986188858,27.1677728021667,0
                84.8346268536354,27.1670854298236,0
                84.8347496533208,27.1668930109628,0
                84.8348586420885,27.1667208409212,0
                84.8350066882354,27.1666049160286,0
                84.8352829657347,27.1665288020122,0
                84.8359663706817,27.166752606049,0
                84.8362833881258,27.1668929117429,0
                84.8363934975481,27.166941845905,0
                84.8365659711485,27.1671529549364,0
                84.8366530163305,27.1674186204364,0
                84.8366757603534,27.1675899809619,0
                84.8366142623156,27.1678768912585,0
                84.8366165694434,27.1681070588807,0
                84.8367898507066,27.1685076505537,0
                84.8368971476096,27.1686017692858,0
                84.8370684991154,27.1686593924531,0
                84.8373647138151,27.1684658516925,0
                84.837449702567,27.1684472922392,0
                84.8375352528212,27.1685031635011,0
                84.8377084740943,27.1688089513112,0
                84.837859200072,27.1689795635173,0
                84.8380519219636,27.1691115551058,0
                84.8381795918876,27.1691491167859,0
                84.8383286355986,27.1690918117131,0
                84.8384973059491,27.1688810210234,0
                84.8386015460274,27.1686502301763,0
                84.838641547572,27.1683453828664,0
                84.8387469739507,27.1681913356826,0
                84.8388733354503,27.1680574752629,0
                84.839106931748,27.167922928238,0
                84.8392132315619,27.1678839336455,0
                84.8395536239695,27.1678638782383,0
                84.8403213333836,27.1679743182361,0
                84.840661165079,27.1678775198712,0
                84.8407463415814,27.1678770211642,0
                84.8410424336376,27.167588676842,0
                84.8413792096279,27.167167032717,0
                84.8415165722535,27.1668931842552,0
                84.8416104392489,27.1667075774516,0
                84.8418636613382,27.1664195445635,0
                84.8419475909326,27.1662656222279,0
                84.8420747635896,27.1661497593119,0
                84.8424776535273,27.1658811019359,0
                84.8427324346694,27.1658028632967,0
                84.8432421838909,27.1655718925788,0
                84.8444730333552,27.164973340542,0
                84.8446213281355,27.1648957249972,0
                84.844641516348,27.164724177828,0
                84.8445969659502,27.1644176421338,0
                84.8444423136544,27.1637303253425,0
                84.8442469129014,27.1631584352738,0
                84.8440523220137,27.1627759663602,0
                84.8439447762735,27.1626435391137,0
                84.8438586021155,27.1625109245785,0
                84.8436437601953,27.1622820659306,0
                84.8423152718671,27.1611415838257,0
                84.8419085808224,27.1608958488913,0
                84.8412014984825,27.1602863911,0
                84.8404953514751,27.1597942358104,0
                84.8401736501332,27.1595276916377,0
                84.8392750301384,27.158939667145,0
                84.8387612313878,27.1585410695366,0
                84.8382675565453,27.1580476675502,0
                84.838008600164,27.1575708304034,0
                84.8374475700905,27.1565792226602,0
                84.8368654178224,27.1555493046097,0
                84.8368637347875,27.1553214496341,0
                84.8369877293329,27.1547859366762,0
                84.8371748421378,27.1541733691376,0
                84.8373220166585,27.1538656494005,0
                84.8373840755119,27.1536373581063,0
                84.8373805858459,27.1531770865815,0
                84.8373589027233,27.1530621584362,0
                84.8375047671207,27.1526619463211,0
                84.8376716291735,27.1522006156382,0
                84.8377753754627,27.1517419701724,0
                84.8377290150524,27.1512842603998,0
                84.8377464613435,27.150749370824,0
                84.8378727624327,27.1505185180007,0
                84.8383825742098,27.1503056073227,0
                84.8385519296442,27.1501895587748,0
                84.8388055876753,27.1499601453954,0
                84.8390375016992,27.1495954937355,0
                84.8391412461878,27.1492135297127,0
                84.8394336606696,27.1484469148377,0
                84.8394285503461,27.1477587885993,0
                84.8394011810192,27.1476393613567,0
                84.8393626895559,27.1474726256137,0
                84.8392968916682,27.1471864622039,0
                84.839058498771,27.1465764500433,0
                84.8387776091887,27.1460411184549,0
                84.8386896277958,27.1456603380844,0
                84.838707073906,27.1451255112387,0
                84.8387887608473,27.1446669902381,0
                84.8387639620287,27.1441301007899,0
                84.8388873312653,27.1435947121569,0
                84.8388868345226,27.1434434763849,0
                84.8390530117487,27.1429054644407,0
                84.8390519523431,27.1427542897829,0
                84.8388337459193,27.1419907295446,0
                84.8382044874903,27.1403879864042,0
                84.8379022881724,27.1398550917605,0
                84.8375160964742,27.1394738063762,0
                84.8372809440012,27.1393036923641,0
                84.8367477049405,27.1391534477449,0
                84.8363631953991,27.139002329538,0
                84.8356582960774,27.1386612861601,0
                84.8352094214515,27.1384924811896,0
                84.8350167613352,27.1383583024336,0
                84.834397224201,27.1380551317175,0
                84.8341411976938,27.137961823506,0
                84.8335630949283,27.1375433513079,0
                84.8331782125119,27.1373357385242,0
                84.8327287783113,27.137013572429,0
                84.8324927525853,27.1367284064631,0
                84.8324278274182,27.1365549830555,0
                84.8323827143387,27.1362507598301,0
                84.8324001605859,27.1357158694086,0
                84.8327107696753,27.1344911088425,0
                84.8327496503408,27.1339560938615,0
                84.83293520571,27.1331314832393,0
                84.8328264773154,27.1327508273945,0
                84.8325028432953,27.1322179945708,0
                84.8322668179483,27.13193057877,0
                84.8319855550627,27.1313208161292,0
                84.8317189337232,27.1297948848436,0
                84.8316961294801,27.1295265332009,0
                84.8316504560883,27.1291454412787,0
                84.8315833491884,27.128685543478,0
                84.8315811055502,27.128381007935,0
                84.8317874736264,27.127384725353,0
                84.8319119646872,27.1270026984913,0
                84.8320596998766,27.1267716593259,0
                84.832292237176,27.126504061682,0
                84.8326105736731,27.1263307071868,0
                84.8331211971047,27.1261561689565,0
                84.833248993574,27.1261373594041,0
                84.8335463956198,27.125946069369,0
                84.8338011799338,27.1256964084348,0
                84.8340133481375,27.1252303280554,0
                84.8340542825235,27.1251398363535,0
                84.834249383036,27.1250980306342,0
                84.8345901598527,27.1246357024863,0
                84.834887194207,27.1240608832915,0
                84.8349294421429,27.123889211592,0
                84.8349077600488,27.123774159712,0
                84.8348640825991,27.1235826758183,0
                84.8346076173491,27.1235074902682,0
                84.8337532934258,27.1234944780898,0
                84.8333257895388,27.1233999797541,0
                84.8330695132378,27.1232684241094,0
                84.8325125942493,27.1228858863439,0
                84.8322564431922,27.1227723301442,0
                84.8319567349967,27.1226590224663,0
                84.8314224967601,27.1224500950535,0
                84.8312513955435,27.1224127831112,0
                84.8310477969397,27.1224139672264,0
                84.8306531619138,27.122414086097,0
                84.8304819964468,27.1224533923727,0
                84.83005442811,27.1224356366907,0
                84.8293710169524,27.1225140563899,0
                84.8291142384187,27.1224953036291,0
                84.8288579608289,27.1224403670934,0
                84.8285153206766,27.1223070608532,0
                84.8280438897565,27.1219827070812,0
                84.8276155755476,27.1217731557979,0
                84.8272737464808,27.1217548394095,0
                84.8268456797631,27.1216625906706,0
                84.826417365377,27.1214531024532,0
                84.8260748500667,27.1213399815678,0
                84.8254767410921,27.1213593455397,0
                84.8252205868263,27.1214194607027,0
                84.8247935133956,27.1216318097232,0
                84.824451933122,27.1216518657172,0
                84.8241094810636,27.1215388073359,0
                84.8238951371722,27.1213663190785,0
                84.8235519374269,27.1211562071667,0
                84.8233810847898,27.1211572043611,0
                84.8230820606414,27.1212153819382,0
                84.8229753876982,27.1211979439119,0
                84.8228897129508,27.1211216997604,0
                84.8228031671283,27.1208334739832,0
                84.8225450861668,27.1203746973907,0
                84.822265443494,27.1199724163536,0
                84.8222645739371,27.1196858798924,0
                84.8226056610347,27.1193386662187,0
                84.8225821112415,27.1188807684958,0
                84.8224088980831,27.1182093876033,0
                84.8222586097828,27.1180004666047,0
                84.8217015664184,27.117599805984,0
                84.8213586146181,27.1174281281295,0
                84.8208454347226,27.1173340650401,0
                84.8205458510187,27.1172207579336,0
                84.8203746261232,27.1170863919544,0
                84.820288703144,27.1169718380637,0
                84.8202235920678,27.1166855501693,0
                84.8201593523143,27.1166093063066,0
                84.8191318696778,27.116267819662,0
                84.8187897300982,27.1161140782511,0
                84.8185321444046,27.115885468905,0
                84.8183390501001,27.1156000538729,0
                84.8182743098846,27.1155416829263,0
                84.8180175960053,27.1154281891371,0
                84.8169911718329,27.1153168694859,0
                84.8162220237652,27.1153009833965,0
                84.8156235367321,27.1154375867262,0
                84.8149401261927,27.1155160061244,0
                84.8145126195801,27.1154981878258,0
                84.8142563404087,27.1155379930497,0
                84.8140212460912,27.115539425995,0
                84.8140209954337,27.1155957965123,0
                84.8141075405695,27.1158841474882,0
                84.814108162471,27.1160556319299,0
                84.8139807359564,27.1163045451537,0
                84.8137040188701,27.1164798999649,0
                84.8127636393622,27.1166748674828,0
                84.812422368854,27.1168099751229,0
                84.8121662142827,27.1168678408273,0
                84.8117387693884,27.1169470146065,0
                84.8113970638962,27.1169467587195,0
                84.8111409720771,27.1170068740068,0
                84.8109915510799,27.1171792311914,0
                84.8108858088647,27.1174663919152,0
                84.8106729564982,27.1177541752851,0
                84.8105451582729,27.1178699749572,0
                84.8101397684548,27.1181205092766,0
                84.8099696627809,27.1183133014638,0
                84.8098844208285,27.1184672242356,0
                84.8099710269045,27.1188503164984,0
                84.8100602455028,27.1197703613813,0
                84.8101243598872,27.1199234110814,0
                84.8101039828655,27.1201536402306,0
                84.8099340612162,27.1204592353146,0
                84.8096357186047,27.1207858890949,0
                84.8092943220105,27.1209976767721,0
                84.8091025962776,27.1210754798327,0
                84.8085692827248,27.1215185568535,0
                84.8083993632835,27.121729347885,0
                84.8080585270711,27.1220178783906,0
                84.8078879205288,27.1222309823334,0
                84.807739495956,27.1225386397896,0
                84.80773936941,27.1226153831984,0
                84.8080621910352,27.1231505281819,0
                84.8084693804686,27.1234933792225,0
                84.8085127467022,27.1236465535286,0
                84.808513678149,27.1239534014754,0
                84.8084504312829,27.1241839429981,0
                84.8083438795649,27.1243560506311,0
                84.8081092197386,27.1245107826052,0
                84.8077678250699,27.1246458908097,0
                84.8066570911557,27.1249185354764,0
                84.8061447169805,27.1251110106619,0
                84.8060300446547,27.1251251950129,0
                84.8060812854394,27.1252308736872,0
                84.8061243396409,27.1253480514812,0
                84.8061257728246,27.1255397839507,0
                84.8061052109739,27.1256730218171,0
                84.805977724691,27.1258271937387,0
                84.8059356655716,27.1259425576874,0
                84.8059579723298,27.126057485454,0
                84.8062379883954,27.1265138873588,0
                84.8063028515796,27.12668499753,0
                84.8065606850754,27.1270287212081,0
                84.8065612445573,27.1272002059619,0
                84.8065198730466,27.1273155074486,0
                84.8065427391809,27.127601920734,0
                84.8066498459847,27.1277727817539,0
                84.8067360209929,27.1278287162191,0
                84.8068649996092,27.1280581354122,0
                84.8069521699643,27.128344173675,0
                84.8069523552871,27.1284592256307,0
                84.8068894861127,27.1285746516435,0
                84.8065925824602,27.1288425607867,0
                84.8064008561205,27.1289204262089,0
                84.8064015412225,27.1290174798436,0
                84.8067016842,27.1292819611507,0
                84.8065153754733,27.1302961176326,0
                84.8065604857099,27.1306975200928,0
                84.8065184896237,27.1308128224237,0
                84.8063068241858,27.1311006050503,0
                84.8062437036121,27.1312724021172,0
                84.8061814558767,27.1315593130113,0
                84.8062270031694,27.132017085619,0
                84.8061021345969,27.1325345368498,0
                84.8061459989706,27.1327643927552,0
                84.8063807152358,27.132878135843,0
                84.8066168669272,27.1331046822653,0
                84.8066392976005,27.1333346620098,0
                84.8065351773621,27.1337549359188,0
                84.8065365486456,27.1339467307756,0
                84.8066650898494,27.1341174684071,0
                84.8070299090644,27.1345170007994,0
                84.8078227281187,27.1351825794147,0
                84.8079735168372,27.1353712526839,0
                84.8081239924567,27.1356004852136,0
                84.8081468588855,27.1358868978106,0
                84.8082121578331,27.136116690865,0
                84.8083192670332,27.1361928104593,0
                84.8086393489832,27.1362473732384,0
                84.8087682665428,27.1363797385248,0
                84.8088762463913,27.1366655902189,0
                84.8088776778298,27.1369544392817,0
                84.8091147019088,27.137296037993,0
                84.8093747780303,27.138039163455,0
                84.8094197001426,27.1384991861488,0
                84.8093363917175,27.1388425911373,0
                84.8091886562344,27.1390735682259,0
                84.8090614839509,27.1391894316069,0
                84.8088498185473,27.1394771519976,0
                84.8084460542665,27.1397073748799,0
                84.8084036211927,27.1397663067368,0
                84.8084054264786,27.140109213808,0
                84.8086018231727,27.1408527133868,0
                84.8086031934716,27.1410443834318,0
                84.8086686180041,27.141292300699,0
                84.8087350370258,27.1417521977873,0
                84.8088656980422,27.1422094719565,0
                84.8089955488671,27.1425516933559,0
                84.8090612839438,27.1428378566,0
                84.8091903251373,27.1430673383414,0
                84.8092555637849,27.1432000149254,0
                84.8093411746413,27.1433529403535,0
                84.8097061822774,27.1436960414176,0
                84.8100281307754,27.1440958229154,0
                84.8103064030502,27.144304058818,0
                84.810563241235,27.1444176160223,0
                84.8107124100649,27.1443784343582,0
                84.8107756531649,27.144319378026,0
                84.8110916248035,27.1436293817179,0
                84.8111558042235,27.1436109468729,0
                84.8113048465753,27.1436484463707,0
                84.811433827409,27.143780811224,0
                84.8114987525416,27.1439519224448,0
                84.8114566934104,27.1440672236948,0
                84.8114359442769,27.1441644027373,0
                84.8112663379775,27.1443368840466,0
                84.8110959841404,27.144414562171,0
                84.8109473763451,27.1445282370314,0
                84.8108633839623,27.1446821592353,0
                84.810864005329,27.1448536448882,0
                84.8109076849498,27.1449684470529,0
                84.811079595388,27.1451976169498,0
                84.811186829148,27.1452917359849,0
                84.8114862249223,27.1453667343044,0
                84.8117429392274,27.145462229612,0
                84.8120434578546,27.1456884017689,0
                84.8121942460949,27.1458793252873,0
                84.8122816675117,27.1461089310291,0
                84.812242101472,27.1465672018054,0
                84.8122000422049,27.1466825032404,0
                84.8122029705709,27.147084155635,0
                84.8121200982757,27.1474839931164,0
                84.8120204033824,27.1485179622889,0
                84.8119587805627,27.1488048731591,0
                84.8117697957238,27.1492639547426,0
                84.8117710421813,27.1494354393509,0
                84.8118590222418,27.1498365301753,0
                84.8118392704635,27.1500668840889,0
                84.8115262914955,27.151081726212,0
                84.8115264159507,27.1510997876616,0
                84.8114002380389,27.151445692087,0
                84.8113617331944,27.1519603331505,0
                84.8114707735701,27.152304929002,0
                84.8116004399942,27.1525343483945,0
                84.8115373814462,27.1527062075023,0
                84.8112203514247,27.1531660358357,0
                84.811269638065,27.1541405129957,0
                84.8112068313589,27.1542559394264,0
                84.8110796580972,27.1543717387585,0
                84.8109515486339,27.1544491672721,0
                84.8107385763327,27.1544684753153,0
                84.8106109676389,27.154525592993,0
                84.8104831689235,27.1546413927002,0
                84.8103354958259,27.1548904307838,0
                84.8099801462392,27.1559823283774,0
                84.8098968388403,27.1562309917574,0
                84.809813157064,27.1565180279417,0
                84.8097510335708,27.1568252491094,0
                84.8097734037968,27.1569582383058,0
                84.8097767060882,27.1574162596315,0
                84.809842256223,27.1575873080322,0
                84.8103802975226,27.1582160108458,0
                84.8105738938253,27.1583863743689,0
                84.8108748459092,27.1587681573505,0
                84.8110919952184,27.1592249325802,0
                84.8112430961076,27.1594542271594,0
                84.8114384967381,27.1599675603178,0
                84.8114204277659,27.1604279557752,0
                84.8112944383089,27.1607151786543,0
                84.8112948743816,27.1607716107483,0
                84.8112103203881,27.1609435947833,0
                84.8111481987122,27.1611560119731,0
                84.8111729364917,27.1616139089811,0
                84.8113038480074,27.1620146879654,0
                84.8113493950544,27.1624725232097,0
                84.8116949640796,27.1629872327046,0
                84.8116953378377,27.1630436651366,0
                84.8115046711898,27.1632748917811,0
                84.8114837969463,27.1633516969553,0
                84.8115072263599,27.1636178617797,0
                84.8115498445512,27.1636762321554,0
                84.8115952068975,27.164018951806,0
                84.8119184054675,27.1644186717066,0
                84.8119619586963,27.1645899074962,0
                84.8119640153485,27.1648764448057,0
                84.8119022036252,27.1652220380874,0
                84.8118199564963,27.1656241254909,0
                84.8117358378114,27.1658524786489,0
                84.8116734053488,27.1660265875863,0
                84.8116314703733,27.1661599500776,0
                84.8115482246725,27.1665034180897,0
                84.8116380170627,27.1668931969564,0
                84.8116803834752,27.1670779936739,0
                84.811470649628,27.1676523142538,0
                84.8110254474691,27.1681716363455,0
                84.8107702897022,27.1683828631375,0
                84.8105583121799,27.1686322746949,0
                84.8103252138196,27.168845752277,0
                84.8103474572671,27.1690374227702,0
                84.8104993675124,27.1693794575313,0
                84.8105432946726,27.1696093128431,0
                84.8105037275552,27.1700698959411,0
                84.8104414800479,27.1703568073408,0
                84.8105491506716,27.1705096081515,0
                84.8106345755934,27.1705474806327,0
                84.8107626216568,27.1705467334085,0
                84.811532454496,27.1706956696036,0
                84.8121318710294,27.1709020363253,0
                84.8129878144504,27.1711835874599,0
                84.8132022830139,27.1713561379014,0
                84.8132459619605,27.171470941417,0
                84.8132767065732,27.1715385604006,0
                84.8133324469231,27.1716599888404,0
                84.8134422960642,27.1721963804316,0
                84.8134917697998,27.1731911052041,0
                84.813557691746,27.1734975783471,0
                84.8135598711028,27.1738788572974,0
                84.8135203048284,27.1743393785156,0
                84.8133323160943,27.175028626505,0
                84.8132724359165,27.1756426953452,0
                84.8135339471582,27.1764828123998,0
                84.8136690304493,27.1776304625518,0
                84.8137381311345,27.1783768972187,0
                84.8138044903691,27.1787397414099,0
                84.8139147762592,27.1793325656683,0
                84.8139202579208,27.1801741155469,0
                84.8139867416856,27.1805572076999,0
                84.8140564016081,27.1814751900559,0
                84.8140372105085,27.181779911988,0
                84.8138915920722,27.1823945431504,0
                84.8138925889059,27.1825479039782,0
                84.8139799462591,27.1828520038355,0
                84.8145415394471,27.1838256756364,0
                84.8145002899916,27.1840561546094,0
                84.8145025332043,27.1843629396859,0
                84.814358038736,27.1850519392305,0
                84.8143195940297,27.1856636340926,0
                84.8141536641745,27.1863550068996,0
                84.8141130378166,27.1866598540012,0
                84.8138217406732,27.1878099977693,0
                84.8133375328936,27.1888845189853,0
                84.8130417505686,27.1893262249002,0
                84.8123416392345,27.1901154553388,0
                84.8121935923069,27.1903261219892,0
                84.8119593705549,27.1904628560949,0
                84.8117682047034,27.1906354628735,0
                84.8117258957211,27.190712455146,0
                84.8113010709748,27.1910194836467,0
                84.8111103413844,27.1912507100019,0
                84.8112617528192,27.1915183760477,0
                84.8117146805702,27.1921272041891,0
                84.8125754881465,27.1929660806636,0
                84.8130257984087,27.1932116286197,0
                84.8131547178499,27.1932492523304,0
                84.8133471300257,27.1932481307937,0
                84.8136026608153,27.1931699541081,0
                84.813985926804,27.1929578546946,0
                84.8146253484585,27.1926676406869,0
                84.8149013156832,27.1924539140519,0
                84.8151130439537,27.192166130767,0
                84.815299598206,27.1913618301022,0
                84.8152952376895,27.1906736416603,0
                84.8154199182154,27.1902126847072,0
                84.8155462207607,27.1898870279683,0
                84.815885495792,27.1895218165692,0
              </coordinates>
            </LinearRing>
          </outerBoundaryIs>
        </Polygon>
      </Placemark>
    </Document>
  </Document>
</kml>
