<?xml version="1.0" encoding="UTF-8"?>
<kml xmlns="http://www.opengis.net/kml/2.2">
  <Document id="root_doc">
    <Schema id="BA_MAKAWANPUR_Raksirang.schema">
      <SimpleField name="ogc_fid" type="int"/>
      <SimpleField name="objectid_1" type="float"/>
      <SimpleField name="dcode" type="int"/>
      <SimpleField name="district" type="string"/>
      <SimpleField name="dan" type="string"/>
      <SimpleField name="das" type="int"/>
      <SimpleField name="gapa_napa" type="string"/>
      <SimpleField name="type_gn" type="string"/>
      <SimpleField name="gn_code" type="float"/>
      <SimpleField name="new_ward_n" type="float"/>
      <SimpleField name="ddgnww" type="float"/>
      <SimpleField name="center" type="string"/>
      <SimpleField name="state_code" type="int"/>
      <SimpleField name="ddgn" type="float"/>
      <SimpleField name="area_sqkm" type="float"/>
      <SimpleField name="shape_leng" type="float"/>
      <SimpleField name="shape_area" type="float"/>
      <SimpleField name="Province" type="string"/>
      <SimpleField name="Address" type="string"/>
    </Schema>
    <Document id="BA_MAKAWANPUR_Raksirang">
      <name>BA_MAKAWANPUR_Raksirang</name>
      <Placemark id="BA_MAKAWANPUR_Raksirang.1">
        <ExtendedData>
          <SchemaData schemaUrl="#BA_MAKAWANPUR_Raksirang.schema">
            <SimpleData name="ogc_fid">2344</SimpleData>
            <SimpleData name="objectid_1">2345</SimpleData>
            <SimpleData name="dcode">31</SimpleData>
            <SimpleData name="district">MAKAWANPUR</SimpleData>
            <SimpleData name="das">0</SimpleData>
            <SimpleData name="gapa_napa">Raksirang</SimpleData>
            <SimpleData name="type_gn">Gaunpalika</SimpleData>
            <SimpleData name="gn_code">9.000000000000000</SimpleData>
            <SimpleData name="new_ward_n">6</SimpleData>
            <SimpleData name="ddgnww">310906.000000000000000</SimpleData>
            <SimpleData name="center">Chainpur</SimpleData>
            <SimpleData name="state_code">3</SimpleData>
            <SimpleData name="ddgn">31009</SimpleData>
            <SimpleData name="area_sqkm">10.334497057000000</SimpleData>
            <SimpleData name="shape_leng">15922.361257299999124</SimpleData>
            <SimpleData name="shape_area">10334497.057000000029802</SimpleData>
            <SimpleData name="Province">BA</SimpleData>
            <SimpleData name="Address">Raksirang-6, MAKAWANPUR, BA</SimpleData>
          </SchemaData>
        </ExtendedData>
        <Polygon>
          <outerBoundaryIs>
            <LinearRing>
              <coordinates>
                84.8331919564784,27.6289533889761,0
                84.8332894502336,27.6286121713004,0
                84.8332251590708,27.6279876005042,0
                84.833439761066,27.6277178163166,0
                84.8339043946754,27.6273652932189,0
                84.8341007492126,27.6271181927259,0
                84.8346799433493,27.6260972319726,0
                84.8348700462467,27.6259381243454,0
                84.8351011431795,27.6258442610991,0
                84.8360703896883,27.6258090928929,0
                84.8367834935983,27.6253174611302,0
                84.8368983555999,27.6251859126601,0
                84.8371965731272,27.6248434478176,0
                84.8374569242237,27.6243499968205,0
                84.837642535105,27.6238616055017,0
                84.8391304746318,27.6232614344325,0
                84.8397145295761,27.6229488463538,0
                84.8404355023579,27.6226579473132,0
                84.8411882864739,27.6222314351341,0
                84.8414219445669,27.6221420718173,0
                84.8416466010171,27.6222106324329,0
                84.8423110796847,27.6219877878498,0
                84.8431909590737,27.6221899721211,0
                84.8433423124145,27.6222792789746,0
                84.8437565716212,27.6222091046334,0
                84.844506291759,27.6218773974061,0
                84.8448519975298,27.6217827861331,0
                84.8456922714712,27.6212880940548,0
                84.8461790905441,27.6208587035923,0
                84.8466678545129,27.6201044039819,0
                84.8467764107779,27.6197247525289,0
                84.8466748671648,27.6194478375948,0
                84.844984369888,27.6180796821874,0
                84.8441356267029,27.617137252838,0
                84.8423737147684,27.6151129046258,0
                84.8419548532701,27.614161108147,0
                84.8419120539639,27.6137800156741,0
                84.8415026355857,27.6124874998466,0
                84.8410162734928,27.6119760374863,0
                84.839945176556,27.6114275690662,0
                84.8393299501806,27.611210141104,0
                84.8374808239894,27.6110160024853,0
                84.8357466768553,27.6111122154235,0
                84.8353637276546,27.6111325821737,0
                84.8344722848373,27.6110544490832,0
                84.8327962015053,27.6107125771451,0
                84.8324389420187,27.6104439075343,0
                84.8320759990669,27.6100061913758,0
                84.8318091080877,27.6094617979543,0
                84.8318437656496,27.6076815198554,0
                84.831869769566,27.6073496751663,0
                84.8316829921918,27.6068454044976,0
                84.8311750013403,27.606647664546,0
                84.8310382069772,27.6066462248757,0
                84.8308033007691,27.6066454085303,0
                84.8305069668399,27.6065569116313,0
                84.8297744400172,27.6064801556241,0
                84.8289303057277,27.6062910967226,0
                84.82733884235,27.6056598142433,0
                84.8263997349583,27.6047945638216,0
                84.82467518813,27.603031442662,0
                84.8241428935174,27.6025517893822,0
                84.8234206974454,27.601563366288,0
                84.8225161572957,27.6002330953588,0
                84.8224533630304,27.5997935706409,0
                84.8222982672809,27.5993702937422,0
                84.8219502538498,27.5992301753887,0
                84.8212234412512,27.5978650353258,0
                84.8205764765059,27.5972845139951,0
                84.8203198239127,27.5972453884273,0
                84.8199561863781,27.597134767618,0
                84.819709593675,27.5971700726907,0
                84.8188929378102,27.5978584975896,0
                84.8183906226768,27.5981660244884,0
                84.8173866838755,27.5986164052147,0
                84.8163290002896,27.5991731497658,0
                84.8155333535578,27.599270315699,0
                84.814270261574,27.5996951315936,0
                84.813235205883,27.5999719028568,0
                84.8116915291567,27.6002877862683,0
                84.8107967110136,27.6002592737249,0
                84.8100859253947,27.600466368293,0
                84.8081552977498,27.6008611763031,0
                84.80763286409,27.6010131545258,0
                84.8073187779034,27.6011796969489,0
                84.8069348274527,27.6012360603582,0
                84.806670178154,27.6010548223413,0
                84.8065265049957,27.6013219206251,0
                84.8063440874054,27.6014876533192,0
                84.8060581203089,27.6017668106714,0
                84.8058505791499,27.6020500316866,0
                84.8056182877801,27.6024936134341,0
                84.8057007661299,27.6030323793567,0
                84.8059927163903,27.6035653985414,0
                84.8063632182284,27.6041001699142,0
                84.8067344056378,27.604727494823,0
                84.8071315299751,27.6052643906208,0
                84.8075001621767,27.6055396847578,0
                84.8076339498803,27.6059112785511,0
                84.8076897453263,27.6063554266968,0
                84.8077389165829,27.6068446968559,0
                84.8075226849537,27.6073175253738,0
                84.8071048559842,27.6077598541329,0
                84.8068028817799,27.6084542875652,0
                84.8059684027709,27.6097586563029,0
                84.8058604662234,27.6104045974739,0
                84.8058587786435,27.6104384063664,0
                84.8058260211205,27.6109778577892,0
                84.8059666127226,27.6116786720062,0
                84.8059957142827,27.6126193389047,0
                84.805933901,27.6130912326431,0
                84.8057068532356,27.6138167270062,0
                84.8057052239062,27.6140265827797,0
                84.8058757562401,27.6143978651223,0
                84.80668881767,27.6152663004132,0
                84.8068069796084,27.6157506965696,0
                84.8071878474437,27.6166576844164,0
                84.8078311802098,27.6176082969461,0
                84.8078909220885,27.6176327957131,0
                84.8086644372188,27.6179486558309,0
                84.8089481449128,27.6182042003171,0
                84.8089983244983,27.6182309482354,0
                84.8093130300768,27.6183960640094,0
                84.8100474345422,27.6182902105522,0
                84.8115307472279,27.6178213398259,0
                84.8116592934373,27.6178205915107,0
                84.8118660130466,27.6179457710452,0
                84.812306578735,27.6180130854225,0
                84.8126054708992,27.6182708166208,0
                84.8127768081046,27.6190098159181,0
                84.8126030746198,27.6193154109861,0
                84.8119446488179,27.6199329699512,0
                84.8116843670079,27.6200992004433,0
                84.8115574415718,27.6203233032779,0
                84.8112560392271,27.6205890245117,0
                84.8111684834204,27.6208173775057,0
                84.8111674165856,27.6210249843602,0
                84.8113641290334,27.6215878747585,0
                84.8114221694112,27.6222530659216,0
                84.8115847010449,27.6227304633956,0
                84.8116909329082,27.6228832640353,0
                84.8118622849948,27.6229318877542,0
                84.8120985676653,27.6228627723296,0
                84.812995643402,27.6224830091116,0
                84.8132006936825,27.621782387649,0
                84.8133913562106,27.6217812654206,0
                84.8134970254211,27.6219543769727,0
                84.8137299169431,27.6227020643538,0
                84.8137072910687,27.6228962335522,0
                84.813441626797,27.6234550544019,0
                84.8131549735979,27.6236507822258,0
                84.8129561794398,27.6240016223402,0
                84.8129072301321,27.6249179149259,0
                84.8129940879522,27.6251858918295,0
                84.8130102718433,27.6252377002494,0
                84.813210239887,27.6254779320767,0
                84.813470012683,27.6257538490914,0
                84.8134852571425,27.6259275836789,0
                84.8133167097535,27.6262534264727,0
                84.8129528185991,27.6263774098424,0
                84.8123968844928,27.6267326185761,0
                84.8112227706811,27.6276803266306,0
                84.8107961958347,27.6279625448943,0
                84.8107280149694,27.6280757835701,0
                84.8107931049206,27.6293501080952,0
                84.8107288485234,27.6300814790627,0
                84.8099533303826,27.6328655916939,0
                84.8096921090563,27.6331694350032,0
                84.8087575131347,27.6347451536853,0
                84.8080425272571,27.635613439197,0
                84.8080341480137,27.6358504173645,0
                84.8082568579849,27.6363409399374,0
                84.8088488268904,27.6370842585497,0
                84.809465358042,27.637644718042,0
                84.8106231258716,27.6384208549759,0
                84.8112622212878,27.6387780837202,0
                84.8120443604773,27.6391164416428,0
                84.8132307585793,27.639479491524,0
                84.8141470068435,27.6397064237564,0
                84.8149688901702,27.6401032139695,0
                84.8172574978149,27.6413397040114,0
                84.8174154135273,27.6413703286043,0
                84.8177099459118,27.6409467467291,0
                84.8183565015796,27.6401713266767,0
                84.8190821703244,27.6394699009998,0
                84.8195083688705,27.6392033072959,0
                84.819832024221,27.6386982951077,0
                84.8199033954953,27.6384181966306,0
                84.8199639649173,27.6377116355021,0
                84.8203016219439,27.6370440760448,0
                84.8205559673742,27.6368395361387,0
                84.8212898773862,27.6364809559273,0
                84.8215649701845,27.6362514177623,0
                84.8218358825832,27.635730906835,0
                84.8221732956496,27.6347813719193,0
                84.822395459326,27.6345024637287,0
                84.8233027915375,27.6338046029955,0
                84.8235088307849,27.633573190437,0
                84.8240530257542,27.6327577098221,0
                84.8245353575938,27.6317892418013,0
                84.8250639836679,27.6313438526711,0
                84.825710406201,27.630983521054,0
                84.8273493205078,27.6306421408179,0
                84.8279411870471,27.6302708715955,0
                84.8286336086104,27.62962594042,0
                84.8288028375021,27.6295640115679,0
                84.8293577676537,27.6294163463575,0
                84.8303321349629,27.6295481004701,0
                84.8307863892341,27.6294934881905,0
                84.8310371699197,27.6294062505453,0
                84.8324178715499,27.6289196919878,0
                84.832738642685,27.6288816998661,0
                84.8331919564784,27.6289533889761,0
              </coordinates>
            </LinearRing>
          </outerBoundaryIs>
        </Polygon>
      </Placemark>
      <Placemark id="BA_MAKAWANPUR_Raksirang.2">
        <ExtendedData>
          <SchemaData schemaUrl="#BA_MAKAWANPUR_Raksirang.schema">
            <SimpleData name="ogc_fid">2345</SimpleData>
            <SimpleData name="objectid_1">2346</SimpleData>
            <SimpleData name="dcode">31</SimpleData>
            <SimpleData name="district">MAKAWANPUR</SimpleData>
            <SimpleData name="das">0</SimpleData>
            <SimpleData name="gapa_napa">Raksirang</SimpleData>
            <SimpleData name="type_gn">Gaunpalika</SimpleData>
            <SimpleData name="gn_code">9.000000000000000</SimpleData>
            <SimpleData name="new_ward_n">8</SimpleData>
            <SimpleData name="ddgnww">310908.000000000000000</SimpleData>
            <SimpleData name="center">Chainpur</SimpleData>
            <SimpleData name="state_code">3</SimpleData>
            <SimpleData name="ddgn">31009</SimpleData>
            <SimpleData name="area_sqkm">37.316999533500002</SimpleData>
            <SimpleData name="shape_leng">41310.023470599997381</SimpleData>
            <SimpleData name="shape_area">37316999.533500000834465</SimpleData>
            <SimpleData name="Province">BA</SimpleData>
            <SimpleData name="Address">Raksirang-8, MAKAWANPUR, BA</SimpleData>
          </SchemaData>
        </ExtendedData>
        <Polygon>
          <outerBoundaryIs>
            <LinearRing>
              <coordinates>
                84.7432584910377,27.6478094025006,0
                84.7430147180714,27.6474496806902,0
                84.7428134420783,27.6469950303337,0
                84.7426533454817,27.6466439347002,0
                84.7428083324001,27.6462550344647,0
                84.7430824939857,27.6457594582007,0
                84.7434332737653,27.6450897745027,0
                84.7434309063049,27.644737805913,0
                84.7433096194601,27.6443142792407,0
                84.7429498663639,27.6437544482282,0
                84.7425879949195,27.642874209025,0
                84.7426252482749,27.642488244201,0
                84.7427018084962,27.6420997169963,0
                84.7430154618571,27.6417461292676,0
                84.7434078559491,27.6413221115861,0
                84.7438424869372,27.6412498125168,0
                84.7443154287065,27.6410374645507,0
                84.7447476303072,27.6406110094015,0
                84.7451399620079,27.6401869917502,0
                84.7454930484752,27.6397631605233,0
                84.7455327318908,27.6397268511769,0
                84.7458485037874,27.6396890472599,0
                84.7463675451069,27.6403901804735,0
                84.746844535748,27.6407756545366,0
                84.7472797259706,27.6408794023352,0
                84.7477151673643,27.6409289045899,0
                84.7481506091287,27.6409784072739,0
                84.7485068101573,27.6410149103184,0
                84.7488240770023,27.6411891496968,0
                84.7494596095313,27.6416076224968,0
                84.7499762837218,27.6419567876599,0
                84.7506908055065,27.6423387648271,0
                84.7511262451516,27.6424785101745,0
                84.7519962559684,27.6424377150492,0
                84.7523905787433,27.6423994755724,0
                84.7530228094706,27.642326116974,0
                84.7532182274181,27.6420091489591,0
                84.7532939172153,27.6414108914779,0
                84.7532924846553,27.6411987852648,0
                84.7533701025057,27.6410562368097,0
                84.7536846278373,27.640844697849,0
                84.7539625267823,27.6409131346725,0
                84.7542013013808,27.6411938634102,0
                84.7546005511946,27.6416835131496,0
                84.7547993333883,27.641858438437,0
                84.7549571891285,27.6417876352401,0
                84.7553512635814,27.6417155227809,0
                84.7555480540778,27.6415024197934,0
                84.7557009236931,27.6407999226582,0
                84.7556977458789,27.6403396513146,0
                84.7555352194592,27.6396366498681,0
                84.7553350643594,27.6393556715073,0
                84.7551356602356,27.6390048874411,0
                84.7548962604796,27.6387240959091,0
                84.7544204531959,27.638514606301,0
                84.7541798067587,27.6380601431639,0
                84.7541383816434,27.6377422956956,0
                84.7542543740177,27.6373897044969,0
                84.753934490423,27.6368273747561,0
                84.7534579973982,27.6365140826683,0
                84.7532178497028,27.6361273631365,0
                84.7532502436359,27.6350352113885,0
                84.7532082548828,27.634719551386,0
                84.7534959159117,27.6341922906121,0
                84.7534941088843,27.6339283141824,0
                84.7534806750586,27.6338178863066,0
                84.7533104547519,27.6334691028744,0
                84.7531501073368,27.6331743766605,0
                84.7530913711778,27.6329175238321,0
                84.7530685630762,27.6328274062947,0
                84.753082815842,27.6325903651936,0
                84.753127506178,27.6321840272879,0
                84.7531740657406,27.6320484150958,0
                84.7532232509256,27.6318338100415,0
                84.7533114900662,27.631767942507,0
                84.7534436007199,27.6316386439932,0
                84.7535754611983,27.631473160454,0
                84.7537198212175,27.6312806178546,0
                84.7538703056166,27.6310609524368,0
                84.754004917622,27.6308390998244,0
                84.7540865962937,27.6307439219143,0
                84.7541999581737,27.6306530569518,0
                84.7544206817372,27.6305187606213,0
                84.7545877249487,27.6303982740549,0
                84.7549256203405,27.6302677913214,0
                84.755039231169,27.6302152972696,0
                84.755165403733,27.6301356814526,0
                84.7552661421541,27.6300538783544,0
                84.7556155388624,27.6297496612948,0
                84.7560213682873,27.6293706397738,0
                84.7561437310394,27.6291985318498,0
                84.7563627723505,27.6288205689621,0
                84.7565850623767,27.6284651045888,0
                84.7567358586539,27.6282815611113,0
                84.7568171012062,27.6281367004245,0
                84.7568387870153,27.6280508331986,0
                84.7568410401986,27.6279199702508,0
                84.756818108096,27.6277960439066,0
                84.7566992529019,27.6275664997687,0
                84.7566161422901,27.6274474464732,0
                84.7565645271116,27.6273078327877,0
                84.7564269905002,27.6269273026443,0
                84.7561954764903,27.6260441901171,0
                84.7565774849828,27.6262428035152,0
                84.7567339616982,27.626350296743,0
                84.756851943366,27.6264692256251,0
                84.7571020297822,27.6267295812332,0
                84.7573373065531,27.6269719380736,0
                84.7579851516793,27.6272459247905,0
                84.758679617031,27.6274835393914,0
                84.7593082165289,27.6277215290689,0
                84.7596080510237,27.6277627177105,0
                84.7598455191833,27.627765908706,0
                84.7602295318714,27.6277119199768,0
                84.7604914968134,27.6277578572655,0
                84.7605015570621,27.6277623568652,0
                84.7606397281138,27.6276939277386,0
                84.7607403416749,27.6275828146769,0
                84.7614349246096,27.6251851656004,0
                84.7614534860359,27.6251219216485,0
                84.7614862326311,27.6250923629587,0
                84.7623928725425,27.6246068588381,0
                84.7626840896286,27.6243187019902,0
                84.7629218167824,27.6239000557779,0
                84.7630318762607,27.6233353574885,0
                84.7630109001898,27.6223156984393,0
                84.7632248193546,27.6218474313454,0
                84.7631179112654,27.6211261198055,0
                84.7627450372081,27.6204129894148,0
                84.7625701337667,27.6199356543426,0
                84.762527646904,27.6195680615657,0
                84.7626367002149,27.6193102739875,0
                84.7627101896336,27.6193188992126,0
                84.76297115167,27.6195092614952,0
                84.7630729495527,27.6195763822723,0
                84.763225613894,27.6196725642158,0
                84.7635210100675,27.6198130560207,0
                84.7641339227882,27.6200736680951,0
                84.7646508612014,27.6197572051047,0
                84.7646951057664,27.6197321451807,0
                84.7647614719937,27.6197114612089,0
                84.7648467735726,27.6196884644818,0
                84.7650079409244,27.6196446581396,0
                84.7651944795047,27.619605289907,0
                84.7653082771668,27.6195821068542,0
                84.7656276740337,27.6195194298872,0
                84.7656845412077,27.6195055573824,0
                84.7657604066147,27.6194848728561,0
                84.765814087424,27.6194665001297,0
                84.7658835167509,27.6194390663063,0
                84.7659845661771,27.6194001337114,0
                84.7662528466291,27.6192745873115,0
                84.7663222754553,27.619238091592,0
                84.7663883924246,27.6191880969655,0
                84.7664419483253,27.6191471638898,0
                84.7664890681083,27.6190972940125,0
                84.7665392511073,27.6190293009788,0
                84.7665831840609,27.6189681822653,0
                84.7666048077651,27.6188913141964,0
                84.7666876792644,27.618516349168,0
                84.7671248797481,27.6181010814003,0
                84.7672254314927,27.6179944673662,0
                84.767297673384,27.6179083514529,0
                84.7673917883233,27.6177882385822,0
                84.7674419079328,27.6177134960178,0
                84.7674794676886,27.6176456284223,0
                84.7675262758958,27.6175528250001,0
                84.7675760837865,27.6174284619007,0
                84.7676885109412,27.6172066711235,0
                84.7679134285368,27.6167655265113,0
                84.7679414878578,27.6167089073904,0
                84.7680812898271,27.6163224439227,0
                84.7680903528803,27.6162636990238,0
                84.7681049165328,27.6160831536326,0
                84.7681172909728,27.6160356577157,0
                84.7681422267895,27.6159792255078,0
                84.7682984622231,27.6156849418958,0
                84.7683923281381,27.6155220211479,0
                84.7685176276517,27.6153340397759,0
                84.7685553110249,27.6152887320087,0
                84.7693409650324,27.614905341486,0
                84.7699109423266,27.6153714346512,0
                84.7703698095318,27.6157930920014,0
                84.770714007891,27.6161137560195,0
                84.770863672933,27.6162393098345,0
                84.771162753964,27.6164474834349,0
                84.7715411982151,27.6166867807,0
                84.7718209082455,27.6168408971398,0
                84.7720558754251,27.6169388288637,0
                84.772335148194,27.6170320129625,0
                84.7725285601325,27.617073825099,0
                84.7727092222205,27.6171044505882,0
                84.772820269358,27.6171331370424,0
                84.772915568567,27.6171777593646,0
                84.7730268025766,27.6172402555557,0
                84.773122288956,27.6173119380802,0
                84.7732943244837,27.6174644277286,0
                84.7734574854352,27.6177049084641,0
                84.7736239586041,27.617967950254,0
                84.7737883032883,27.6183731666573,0
                84.7738332323469,27.6184631591971,0
                84.7739066590041,27.6185439662895,0
                84.7740468250954,27.6186717697226,0
                84.7742250485237,27.6187948862118,0
                84.7746701091994,27.6190563699819,0
                84.7752881428997,27.6195019032861,0
                84.7757938797822,27.6199209362611,0
                84.7763033041623,27.6203219713446,0
                84.7763797925893,27.6203937163102,0
                84.7764595919205,27.6204902713652,0
                84.776504522721,27.6205690155156,0
                84.7766466204633,27.620969794321,0
                84.7767077959473,27.6211161568166,0
                84.7768970765726,27.6214602543618,0
                84.7769993721932,27.6216040553659,0
                84.7771334142647,27.621749982458,0
                84.7776687705692,27.6222343225321,0
                84.7783916626021,27.6228259069872,0
                84.7788410322542,27.6232340024863,0
                84.7789270194293,27.6233079352634,0
                84.779060562597,27.6233794305025,0
                84.7795144982654,27.6235596091913,0
                84.7798192679307,27.6236639180503,0
                84.7800984171028,27.6237413531823,0
                84.780393439074,27.6238118514488,0
                84.780849815028,27.623874728429,0
                84.7809574250893,27.6238718556935,0
                84.7811409635864,27.6238550472548,0
                84.7812738221919,27.6238362389546,0
                84.7817381385479,27.6236801978123,0
                84.7842120483505,27.6242663736992,0
                84.7842536665863,27.6243315563271,0
                84.7842855361802,27.6243652411639,0
                84.7843270927469,27.6244169250417,0
                84.7844228275881,27.6245224170859,0
                84.7844867544222,27.6246032855843,0
                84.7845929877321,27.6247650852042,0
                84.7846826605565,27.6249021994243,0
                84.784740213236,27.6249943801514,0
                84.7847789560847,27.6250911841009,0
                84.7847944526043,27.6251339933057,0
                84.7848144487529,27.6251857385302,0
                84.7848689350665,27.6255373961384,0
                84.7849782282187,27.6257736892245,0
                84.7851383892201,27.6260254820347,0
                84.78527861694,27.6261600345612,0
                84.7854887731456,27.6263235229023,0
                84.7856678078112,27.6265594421194,0
                84.7858276570307,27.6267728639329,0
                84.7860320620835,27.6270199070918,0
                84.7862294077036,27.6271653976925,0
                84.7866240993726,27.6274565034588,0
                84.7872858778246,27.6278971622761,0
                84.7876870054684,27.6281995164004,0
                84.7880193280413,27.6286216715734,0
                84.7882751614793,27.6289700193753,0
                84.789282029906,27.6288785443794,0
                84.7893765811594,27.6288126146979,0
                84.7896090535084,27.6286488209539,0
                84.789969520797,27.6279563880834,0
                84.7902829843888,27.6276928546047,0
                84.7909214713964,27.6272763400816,0
                84.7914945256665,27.627000123975,0
                84.7926667509262,27.6267384799558,0
                84.7935807613789,27.6264197110761,0
                84.7941166981835,27.6260036946925,0
                84.7942618723044,27.6257637178704,0
                84.7942298253717,27.6251863317167,0
                84.7942254525985,27.625100589292,0
                84.7945799098268,27.6249023006666,0
                84.7955624055002,27.6248605702141,0
                84.7957760034336,27.6247983917928,0
                84.7963194408811,27.6243756268398,0
                84.7968092037644,27.6236215144817,0
                84.7970584214233,27.6235862720288,0
                84.7975733602665,27.6232448110152,0
                84.7984225160323,27.6223668407515,0
                84.7985784999255,27.6221448637147,0
                84.7986888009281,27.6219795047586,0
                84.798853532435,27.6218138972844,0
                84.7992971691949,27.6214255018113,0
                84.7994762745477,27.6212394593394,0
                84.7995515169371,27.6211375319521,0
                84.799673380612,27.6209111793614,0
                84.7999169827813,27.6204495374831,0
                84.8000860902981,27.620193625379,0
                84.8002930683676,27.6199262779064,0
                84.8003824981083,27.6197654808439,0
                84.8005234829792,27.6195661263133,0
                84.8006555935522,27.6194458272428,0
                84.80071214977,27.6193823338042,0
                84.8007823924458,27.6192894051041,0
                84.8014235187689,27.6181147708831,0
                84.8016076805573,27.6181837057159,0
                84.8020708038603,27.6183050151308,0
                84.8023116465704,27.6183397654122,0
                84.8025144942991,27.6183610798656,0
                84.8027680224945,27.6184002051217,0
                84.8030563584457,27.6184324574377,0
                84.8033479437063,27.6184691458005,0
                84.8034969238944,27.6184908338704,0
                84.8036616517218,27.6185011488675,0
                84.8039909829557,27.6185127778234,0
                84.804804437814,27.6184809814621,0
                84.8049246728286,27.6184689851336,0
                84.8051268347327,27.6184091809119,0
                84.8053762411415,27.6183061945466,0
                84.8056922628713,27.6182298939194,0
                84.8064135444124,27.6181444755823,0
                84.8072078155991,27.6180857442941,0
                84.8073847300623,27.6180373139436,0
                84.8074447229484,27.6180143797819,0
                84.8077748729349,27.617701163341,0
                84.8078909220885,27.6176327957131,0
                84.8078311802098,27.6176082969461,0
                84.8071878474437,27.6166576844164,0
                84.8068069796084,27.6157506965696,0
                84.80668881767,27.6152663004132,0
                84.8058757562401,27.6143978651223,0
                84.8057052239062,27.6140265827797,0
                84.8057068532356,27.6138167270062,0
                84.805933901,27.6130912326431,0
                84.8059957142827,27.6126193389047,0
                84.8059666127226,27.6116786720062,0
                84.8058260211205,27.6109778577892,0
                84.8058587786435,27.6104384063664,0
                84.8058604662234,27.6104045974739,0
                84.8059684027709,27.6097586563029,0
                84.8068028817799,27.6084542875652,0
                84.8071048559842,27.6077598541329,0
                84.8075226849537,27.6073175253738,0
                84.8077389165829,27.6068446968559,0
                84.8076897453263,27.6063554266968,0
                84.8076339498803,27.6059112785511,0
                84.8075001621767,27.6055396847578,0
                84.8071315299751,27.6052643906208,0
                84.8067344056378,27.604727494823,0
                84.8063632182284,27.6041001699142,0
                84.8059927163903,27.6035653985414,0
                84.8057007661299,27.6030323793567,0
                84.8056182877801,27.6024936134341,0
                84.8058505791499,27.6020500316866,0
                84.8060581203089,27.6017668106714,0
                84.8063440874054,27.6014876533192,0
                84.8065265049957,27.6013219206251,0
                84.806670178154,27.6010548223413,0
                84.8069348274527,27.6012360603582,0
                84.8073187779034,27.6011796969489,0
                84.80763286409,27.6010131545258,0
                84.8081552977498,27.6008611763031,0
                84.8100859253947,27.600466368293,0
                84.8107967110136,27.6002592737249,0
                84.8116915291567,27.6002877862683,0
                84.813235205883,27.5999719028568,0
                84.814270261574,27.5996951315936,0
                84.8155333535578,27.599270315699,0
                84.8163290002896,27.5991731497658,0
                84.8173866838755,27.5986164052147,0
                84.8183906226768,27.5981660244884,0
                84.8188929378102,27.5978584975896,0
                84.819709593675,27.5971700726907,0
                84.8199561863781,27.597134767618,0
                84.8203198239127,27.5972453884273,0
                84.8205764765059,27.5972845139951,0
                84.8207982689813,27.5967958739469,0
                84.8220171709507,27.5967412740045,0
                84.8228306302972,27.5965627412052,0
                84.8237788190869,27.5964465793999,0
                84.8249346825111,27.5956658564629,0
                84.8260172883796,27.5956706861905,0
                84.8272023384826,27.5947317893416,0
                84.8279137608627,27.5939491835766,0
                84.8288306676385,27.5925494496306,0
                84.8286363272129,27.5921264211143,0
                84.8284292360076,27.5918591920922,0
                84.8265805696746,27.5905729016371,0
                84.8262443731839,27.590155246102,0
                84.8257635194288,27.5891767003243,0
                84.8256742953735,27.5885071339231,0
                84.8256437551631,27.5876364606682,0
                84.8258759213031,27.5871996290027,0
                84.8262357581907,27.5867236148686,0
                84.8266878938477,27.5863239078327,0
                84.8276373526801,27.585296203379,0
                84.8278753274694,27.5849541133589,0
                84.828275798179,27.5838326571682,0
                84.8283053007936,27.5835414335823,0
                84.828303238462,27.5835211855488,0
                84.8282220816485,27.582571831638,0
                84.8278930773068,27.5818427661349,0
                84.8275895013893,27.581449734507,0
                84.8271565656464,27.5811251937239,0
                84.8264818560124,27.5804591167833,0
                84.8258089731488,27.5791049143886,0
                84.8255692242656,27.5776059822338,0
                84.8254774910161,27.5773561283948,0
                84.8245697597248,27.5762537119122,0
                84.8242656235805,27.5757027557211,0
                84.8240194118051,27.5754380252184,0
                84.822408242892,27.5727875485494,0
                84.8219469519713,27.5716960133519,0
                84.8216888693248,27.5712936699846,0
                84.8211496425376,27.5706245332183,0
                84.8208785000905,27.5701636329904,0
                84.8201576741207,27.5694165631144,0
                84.819656699746,27.5683478377609,0
                84.8194931724267,27.56771932846,0
                84.8194992560199,27.5666611731494,0
                84.8193282859252,27.5663124517417,0
                84.8191711180453,27.5663743186725,0
                84.8190509446868,27.5664629962405,0
                84.8188575922495,27.5665972934675,0
                84.8185201249299,27.56717454889,0
                84.8179951878976,27.5674845125926,0
                84.8173947581879,27.5679437734898,0
                84.8159783140805,27.5682905319102,0
                84.8148322735843,27.5684890579591,0
                84.8145653663274,27.5687704029998,0
                84.8141855985824,27.5690320611255,0
                84.81369602431,27.5696801821198,0
                84.8124606735645,27.570375537217,0
                84.8123615592851,27.5705070244756,0
                84.8119241758707,27.5706765014185,0
                84.8111943963225,27.5707664816536,0
                84.8108191899072,27.5710372009797,0
                84.8105718423287,27.5713184216173,0
                84.8091838806293,27.5722921241716,0
                84.8090448332898,27.5724801675276,0
                84.8088799146584,27.5726029667226,0
                84.8089867113989,27.572670024488,0
                84.8090783138949,27.5731704188043,0
                84.8090394947153,27.5737369304309,0
                84.8088941933565,27.5741190814073,0
                84.8083980019519,27.5744694170461,0
                84.8079937405041,27.5745868368363,0
                84.8069628056217,27.5750417796769,0
                84.80646593022,27.5752116304942,0
                84.8061796564807,27.5751997527082,0
                84.8060509220976,27.5752569321525,0
                84.8050399790874,27.5759373548534,0
                84.8042968139787,27.5766230316936,0
                84.8041680797339,27.5766711495366,0
                84.8039329863421,27.5766432110114,0
                84.8033824306141,27.5768313722302,0
                84.8032106996167,27.5769835434862,0
                84.8029275322968,27.577819964551,0
                84.8027463643261,27.5780578774134,0
                84.8024885826027,27.5782105469561,0
                84.8021678119353,27.5782394768606,0
                84.8015132156349,27.5780492326397,0
                84.8011064542795,27.5781689032368,0
                84.800644381198,27.5786069811875,0
                84.8000281259688,27.5797814906225,0
                84.7998643317368,27.5799742213941,0
                84.7996164842879,27.5801922601818,0
                84.7990617413146,27.5804210424837,0
                84.7979113792117,27.5810955263321,0
                84.7977561428175,27.581423493726,0
                84.7977543250105,27.5817033435614,0
                84.7983917228319,27.5825660270889,0
                84.7983171622928,27.5829319312344,0
                84.7979077730382,27.5832320844263,0
                84.7974881413132,27.5832300151351,0
                84.7972401723006,27.5833397514967,0
                84.7970243217683,27.5835214816321,0
                84.7968865249735,27.5836373444694,0
                84.7958806369075,27.5846809218605,0
                84.7952750201049,27.5851491821132,0
                84.7945601074551,27.5854781410361,0
                84.792194661103,27.5859451850744,0
                84.7910457490078,27.5860374705938,0
                84.7893773411871,27.5862522366003,0
                84.788337538939,27.5863845826396,0
                84.787450214988,27.5865835501878,0
                84.7856440027386,27.5872728956647,0
                84.7852728590981,27.5875164302217,0
                84.7845087580436,27.5882314165808,0
                84.7830604626819,27.5906491766622,0
                84.7825716478153,27.5908279648842,0
                84.7823224946613,27.5907707157151,0
                84.7819454872899,27.5905426673322,0
                84.7813747528132,27.5904037956835,0
                84.780782454515,27.5905266500307,0
                84.7803513826077,27.590716375791,0
                84.7793230136868,27.5909477126637,0
                84.7781996523646,27.5914414000065,0
                84.7769628088865,27.5918296579036,0
                84.775530495677,27.5919639344192,0
                84.7743442795484,27.5918983579078,0
                84.7741735515075,27.5919219160155,0
                84.7734751370771,27.592268748529,0
                84.7731727935806,27.5926697695772,0
                84.7728116469117,27.5929853609513,0
                84.7721835359535,27.593329569314,0
                84.7714778055108,27.5938907576866,0
                84.7707646417077,27.5943098338368,0
                84.7698908730438,27.5947365936522,0
                84.7689873073831,27.5946310255088,0
                84.7685713607727,27.5947213234329,0
                84.7684095710623,27.5946703251599,0
                84.7678751348288,27.5950162230572,0
                84.7673084492237,27.5955518530929,0
                84.7669257385555,27.5960570512626,0
                84.7663448666444,27.5966468643552,0
                84.7651934482633,27.5970390602205,0
                84.7646046403391,27.5975837511578,0
                84.7641096320211,27.5981460684309,0
                84.763823159226,27.5986484560014,0
                84.7637751520943,27.5993007716773,0
                84.7635962257666,27.5998860915455,0
                84.7631493337603,27.6005383381842,0
                84.7623268020217,27.6013460652046,0
                84.7617283639199,27.602152545172,0
                84.7606327372587,27.6032121197264,0
                84.7600768012855,27.6036642572928,0
                84.7597983368043,27.603771743757,0
                84.7595934272193,27.6037097456136,0
                84.7591676197714,27.6032044092138,0
                84.7587776160269,27.602850059451,0
                84.7584653457604,27.6028179316603,0
                84.7582078788195,27.6028531747009,0
                84.7578554894857,27.6027987362977,0
                84.7571800100403,27.603086699484,0
                84.7567724366231,27.603203994619,0
                84.7559419819146,27.6033235328235,0
                84.7555725905954,27.6034767631886,0
                84.7548528008548,27.6039477086428,0
                84.7546361950194,27.6044023522197,0
                84.7543567255054,27.6047310055932,0
                84.7537542403631,27.6048696703529,0
                84.7534015991619,27.6048670401912,0
                84.7527759992017,27.604678671243,0
                84.7525476532174,27.6047092281413,0
                84.7522659367239,27.6048957692522,0
                84.7517324966777,27.6054108392488,0
                84.7514932765401,27.6055158882888,0
                84.7502519398094,27.6055609889316,0
                84.7499237931391,27.6057229691889,0
                84.749530087181,27.6061041160574,0
                84.749079578196,27.6064178929694,0
                84.748192875527,27.6067633473693,0
                84.7480353336826,27.6067822803186,0
                84.747715316645,27.6066485997189,0
                84.7476150183611,27.6066062888718,0
                84.7472740646369,27.606560725474,0
                84.7466068987621,27.606776382614,0
                84.7465181564274,27.6069461159019,0
                84.7464927185585,27.6071154752544,0
                84.7463599817913,27.607341764737,0
                84.7459482808323,27.6075989229319,0
                84.7455830145737,27.6077069695145,0
                84.7450700829169,27.607696150113,0
                84.7445420964211,27.6074192281225,0
                84.7430961081758,27.6070682361948,0
                84.7428187074719,27.6070607316785,0
                84.7426247936707,27.6071339726404,0
                84.7424495634639,27.6073402009967,0
                84.7423500627619,27.6079837042405,0
                84.7422618212945,27.6081353764416,0
                84.7421309607454,27.6082669248451,0
                84.7417871302205,27.6083545367395,0
                84.7412765749145,27.6082309140834,0
                84.7411258436624,27.6083039051754,0
                84.7410807851832,27.6083966465135,0
                84.741100468046,27.6084935752452,0
                84.7413071215581,27.6088196123712,0
                84.7413468005955,27.6089727864235,0
                84.7413424224879,27.6091645815755,0
                84.7411671290254,27.6093685606127,0
                84.741059704328,27.6094052431156,0
                84.7409078476484,27.6095166058977,0
                84.7403949152085,27.6095058478493,0
                84.7402250019615,27.609463848915,0
                84.7399679727198,27.6094788433765,0
                84.7392870656409,27.6093515317107,0
                84.7389456743978,27.6093262775613,0
                84.738603781965,27.6093371467044,0
                84.7382594497359,27.6094450058931,0
                84.7380889735512,27.6094210676078,0
                84.7376673471244,27.6091480849917,0
                84.7374123823277,27.6090840242701,0
                84.736986440052,27.6090185861005,0
                84.7365574964605,27.6090682621356,0
                84.736044689419,27.6090777523335,0
                84.7358535902654,27.609015505095,0
                84.7356206232044,27.6089152597914,0
                84.7353231022309,27.6088333875564,0
                84.7353207248041,27.6089484392986,0
                84.7352457243715,27.6094790783881,0
                84.7353230186354,27.6098621702364,0
                84.7353496243156,27.6106224150202,0
                84.7354498549049,27.6109309519293,0
                84.7354239787186,27.6111386830736,0
                84.7353351747249,27.6113083537738,0
                84.7351597566523,27.6114943343295,0
                84.7349010381206,27.6116242556277,0
                84.7342767415304,27.6118193530196,0
                84.734103888022,27.6119127791302,0
                84.7338631015518,27.6121757517866,0
                84.7338166667012,27.6123271750804,0
                84.7338118499717,27.6125572796736,0
                84.7339106416466,27.6129403090367,0
                84.7340738003164,27.6132869683908,0
                84.7341134173994,27.6134401430577,0
                84.7341100397169,27.613593629104,0
                84.7340176705521,27.6138964126729,0
                84.7340275951917,27.6144310525977,0
                84.7343349791473,27.6150476270688,0
                84.7345851902958,27.6153396052899,0
                84.7348114013611,27.6157445101365,0
                84.7348726409439,27.6158976855138,0
                84.7348247042978,27.6161257260825,0
                84.7347357754287,27.6162773990074,0
                84.7343880035243,27.6165386819187,0
                84.7342336451063,27.6167448491471,0
                84.7339718003406,27.6169898848485,0
                84.7336273431614,27.6170796208709,0
                84.7332849512668,27.6171107999498,0
                84.732519806765,27.6168892451124,0
                84.7320957412901,27.6167290021152,0
                84.7320102530085,27.6167272511151,0
                84.7318596475297,27.6167438099646,0
                84.7317087909373,27.6168168006772,0
                84.7314895027474,27.6170616506616,0
                84.731443567868,27.6172130109323,0
                84.7313492598597,27.6175948504961,0
                84.731378618417,27.6182061081457,0
                84.731304431181,27.6186622540262,0
                84.731102261516,27.6191167720904,0
                84.7310099543196,27.6194219312893,0
                84.7308091611858,27.6197997062556,0
                84.7307633513834,27.6199511296882,0
                84.7307321583062,27.6204092751383,0
                84.7308915015256,27.6209476673802,0
                84.7311788275201,27.6214876239649,0
                84.7313004921919,27.6217938484246,0
                84.7315282673026,27.622142321138,0
                84.7317158626474,27.6223556797239,0
                84.7318600258959,27.6226053470811,0
                84.7318996429855,27.6227585844444,0
                84.7318942006246,27.6229887506547,0
                84.7318678877502,27.6232167301703,0
                84.7317527691062,27.6236166928531,0
                84.7315485355522,27.6241457041174,0
                84.7310219054574,27.6247486418298,0
                84.7309872218179,27.6247713890886,0
                84.7303845429459,27.6251852169263,0
                84.7299071001966,27.6254764954863,0
                84.7297791802594,27.6254749312642,0
                84.7295218999633,27.6255507329886,0
                84.7292004403616,27.6256810280356,0
                84.7282360615386,27.625979360283,0
                84.7277857421323,27.6261644614515,0
                84.7272722455459,27.6262755052703,0
                84.7266938815545,27.6264432310507,0
                84.7263084946629,27.6264768467327,0
                84.7260525288193,27.6264555941974,0
                84.7258611196799,27.6263415388408,0
                84.7252850744271,27.6261821059626,0
                84.7247073990274,27.626255090111,0
                84.724322825139,27.6262322734714,0
                84.7239385661229,27.6261530243399,0
                84.7236181083048,27.6261502065305,0
                84.7229325715198,27.6262981827175,0
                84.7228682034951,27.6263346152378,0
                84.7227392808347,27.6264684142854,0
                84.7226518509481,27.6266583329955,0
                84.722628159767,27.6270014265462,0
                84.72273326466,27.6272874030711,0
                84.7227740666276,27.6275173208802,0
                84.7229419735405,27.6279202868284,0
                84.7230040223494,27.6282065127465,0
                84.7232342286398,27.6288370222891,0
                84.7232544094195,27.6290106943482,0
                84.7231833997595,27.6299631705613,0
                84.7231617128026,27.6300399756799,0
                84.7231603350466,27.6302114606187,0
                84.7230720270348,27.6305548656629,0
                84.7229627838624,27.630896083874,0
                84.7226584986439,27.6315248972823,0
                84.7225072643867,27.6317332509154,0
                84.7222493562981,27.6319985977671,0
                84.721433016385,27.6324879157257,0
                84.7198255313654,27.6330467771671,0
                84.7195036321138,27.6332153812247,0
                84.7193100935282,27.6333472416889,0
                84.7189871918889,27.6336512710687,0
                84.7185771101896,27.6341813422824,0
                84.7184474979908,27.6344098815452,0
                84.7181414578571,27.6352665503615,0
                84.7180322152534,27.6356077674413,0
                84.7179872784138,27.6358945537758,0
                84.7178564130499,27.6362358961786,0
                84.7175102614514,27.6367498445858,0
                84.7172489701774,27.6373761586083,0
                84.7172002128034,27.6380645966934,0
                84.7172407642975,27.6383508837361,0
                84.7175335205461,27.6391548168271,0
                84.7177026798314,27.639442731358,0
                84.7177864135422,27.6396724624198,0
                84.7183366384523,27.640420904259,0
                84.7189941617022,27.6411146653657,0
                84.7193747884711,27.6415955032611,0
                84.7195232640638,27.6418248602539,0
                84.7196905458407,27.6422278270116,0
                84.7199452554194,27.6425356163296,0
                84.7202852670792,27.6428045980596,0
                84.7206682119342,27.6430553316582,0
                84.7208801157565,27.6433046250989,0
                84.7210262743294,27.643764148486,0
                84.7210655733503,27.6441655515011,0
                84.7211486189832,27.6444539019533,0
                84.7211007999606,27.6450835946693,0
                84.721139909515,27.6455414291106,0
                84.7211818397264,27.6456562317326,0
                84.7216487667475,27.6461569446665,0
                84.7218190556264,27.6462350658917,0
                84.7223932196039,27.6466787855559,0
                84.722883463012,27.6468725257466,0
                84.7233107799603,27.6469334646613,0
                84.7242543469571,27.646711938302,0
                84.7250247469867,27.6466424567546,0
                84.725282526896,27.6465485946221,0
                84.7263963840835,27.6463081342687,0
                84.7270811675216,27.646313582377,0
                84.7273373825886,27.6463731444249,0
                84.7278505646324,27.6463975255407,0
                84.729134773533,27.6461583807374,0
                84.7297330056194,27.646202636634,0
                84.7299034191963,27.6462986927848,0
                84.729988405718,27.6464134337934,0
                84.7300933233578,27.6466632262397,0
                84.7301131909162,27.6468932683202,0
                84.7300903161712,27.647064877699,0
                84.7298290252427,27.6476911921966,0
                84.729591987791,27.6479564145424,0
                84.7290329291102,27.6483722428687,0
                84.7286031062499,27.6485978407589,0
                84.7282813963443,27.6487100753181,0
                84.7275069882806,27.6492195794896,0
                84.7274422454658,27.6492942591657,0
                84.7273336301225,27.6495431099115,0
                84.7273311243532,27.6498296469648,0
                84.7274140453717,27.6501157475526,0
                84.7276683798652,27.6504437850721,0
                84.7277957980799,27.6505582143833,0
                84.7282644175051,27.6508287602076,0
                84.728966438365,27.6513304142376,0
                84.7298787991822,27.6522348479692,0
                84.7300705198022,27.6523895250478,0
                84.7302408086278,27.6524675832969,0
                84.7305811957199,27.6527004433316,0
                84.7308150979418,27.6529113030964,0
                84.7310905542772,27.6532753375842,0
                84.7311320456611,27.6534105133129,0
                84.7313851900493,27.6538694140184,0
                84.7314258036716,27.6541580137858,0
                84.7315090382738,27.6543876822039,0
                84.7315278404803,27.6547305892867,0
                84.7314159053108,27.655340283295,0
                84.7314130222502,27.655759932381,0
                84.7314763868826,27.6558566123901,0
                84.731775220683,27.6559362978713,0
                84.7325456825748,27.6558645046457,0
                84.7331445393105,27.6559087606473,0
                84.7334863678737,27.6559678228706,0
                84.7350845752506,27.656821210369,0
                84.7355974436274,27.6568816515671,0
                84.7359401497307,27.6567896029859,0
                84.7365210183773,27.6564120212195,0
                84.7369505277969,27.6562247318668,0
                84.7372299936994,27.6560540026458,0
                84.7375725757094,27.6559416425228,0
                84.7380003314568,27.6559642107818,0
                84.7385124475178,27.6561035812908,0
                84.7390238130407,27.6563174452836,0
                84.7392800900731,27.6563770069831,0
                84.7397073455927,27.6564175732072,0
                84.7403923828554,27.6562717847562,0
                84.740735401973,27.656139114441,0
                84.74124933529,27.6560686921783,0
                84.7415066151745,27.6559928906885,0
                84.7423618140581,27.6560018414232,0
                84.7427042700897,27.6559661627478,0
                84.7431310238944,27.656027039235,0
                84.7433875530582,27.6560279181348,0
                84.7435589681798,27.655990862228,0
                84.744243627768,27.6559781868497,0
                84.7449279137373,27.6559068299595,0
                84.7453781684307,27.6557960974839,0
                84.7457429991102,27.6556091198557,0
                84.7458721091257,27.6554956323341,0
                84.746088212778,27.6551334803437,0
                84.7461137206074,27.6546009035007,0
                84.7462680268469,27.6539142177067,0
                84.746228854518,27.6534563828268,0
                84.7460602594166,27.653073789977,0
                84.7458909739664,27.6528603687945,0
                84.7456783801558,27.6527080661328,0
                84.7453581760288,27.6525698859567,0
                84.7448263164677,27.6522230333396,0
                84.7446993355518,27.6520883554632,0
                84.7444458791034,27.6516091442802,0
                84.7442762173779,27.6514363448504,0
                84.7438086632998,27.6510508710987,0
                84.7431279499085,27.6506054621892,0
                84.7429367292347,27.6504327874304,0
                84.7427251380505,27.650145121797,0
                84.7426424699539,27.6497236586277,0
                84.7427751527235,27.6491137780944,0
                84.742927013669,27.6488106199141,0
                84.7431898097533,27.6479541383387,0
                84.7432584910377,27.6478094025006,0
              </coordinates>
            </LinearRing>
          </outerBoundaryIs>
        </Polygon>
      </Placemark>
      <Placemark id="BA_MAKAWANPUR_Raksirang.3">
        <ExtendedData>
          <SchemaData schemaUrl="#BA_MAKAWANPUR_Raksirang.schema">
            <SimpleData name="ogc_fid">2346</SimpleData>
            <SimpleData name="objectid_1">2347</SimpleData>
            <SimpleData name="dcode">31</SimpleData>
            <SimpleData name="district">MAKAWANPUR</SimpleData>
            <SimpleData name="das">0</SimpleData>
            <SimpleData name="gapa_napa">Raksirang</SimpleData>
            <SimpleData name="type_gn">Gaunpalika</SimpleData>
            <SimpleData name="gn_code">9.000000000000000</SimpleData>
            <SimpleData name="new_ward_n">7</SimpleData>
            <SimpleData name="ddgnww">310907.000000000058208</SimpleData>
            <SimpleData name="center">Chainpur</SimpleData>
            <SimpleData name="state_code">3</SimpleData>
            <SimpleData name="ddgn">31009</SimpleData>
            <SimpleData name="area_sqkm">29.548649389700000</SimpleData>
            <SimpleData name="shape_leng">30492.854466799999500</SimpleData>
            <SimpleData name="shape_area">29548649.389699999243021</SimpleData>
            <SimpleData name="Province">BA</SimpleData>
            <SimpleData name="Address">Raksirang-7, MAKAWANPUR, BA</SimpleData>
          </SchemaData>
        </ExtendedData>
        <Polygon>
          <outerBoundaryIs>
            <LinearRing>
              <coordinates>
                84.8000043473742,27.6713681043347,0
                84.8002280685049,27.6712991138032,0
                84.8004779828764,27.6708171614936,0
                84.8006907862716,27.6699404934082,0
                84.8005964960576,27.6694356620549,0
                84.8006368770651,27.6688917739441,0
                84.8009456593658,27.6684093849557,0
                84.801231064722,27.6681031674236,0
                84.8017114468149,27.6676988361758,0
                84.8020055511434,27.6668487918641,0
                84.8020855451272,27.6666158765863,0
                84.8024167016478,27.6659800643144,0
                84.8025522578606,27.6654580505202,0
                84.8027691956881,27.6640264328423,0
                84.8027467108669,27.6634579830281,0
                84.8025113932575,27.6622049661407,0
                84.8025598396463,27.6614690955936,0
                84.8028071275513,27.661059386877,0
                84.8032801519936,27.6599127470503,0
                84.8034006586396,27.6588065353217,0
                84.8037230717384,27.6579428680282,0
                84.8037491942988,27.657872749854,0
                84.8042295815277,27.6572179417573,0
                84.8045995363114,27.6570465883805,0
                84.8053632482079,27.6570127909149,0
                84.8058448770246,27.6567798820705,0
                84.8062635182451,27.6563397409441,0
                84.8064471924039,27.655824290166,0
                84.8065193222786,27.6551222298245,0
                84.8067268775515,27.6541373215282,0
                84.806949292414,27.6538043545312,0
                84.8074820449789,27.6532959089338,0
                84.8086205329919,27.6526394864397,0
                84.8091418421422,27.6524626988903,0
                84.809578473286,27.6524104603806,0
                84.8106586400661,27.6525215932541,0
                84.8109128588681,27.6523801730764,0
                84.8110472195626,27.65221244042,0
                84.811348693895,27.6515225690518,0
                84.8114865546943,27.651320964279,0
                84.8131907902027,27.6501715958682,0
                84.813523002513,27.6498718780591,0
                84.8138229078214,27.6494955417932,0
                84.8142194365404,27.6486313758624,0
                84.8142681264842,27.6481889159931,0
                84.8142048312387,27.6477718898581,0
                84.8142716517653,27.6469525271758,0
                84.8145299463841,27.6461703508505,0
                84.8148371694317,27.6454939795265,0
                84.8152360633054,27.6450471513108,0
                84.8159828500636,27.6445396459702,0
                84.8161728284273,27.6443625402866,0
                84.8167170237847,27.6435268115675,0
                84.8168134540191,27.643291646716,0
                84.8169349573366,27.6423433582715,0
                84.8174154135273,27.6413703286043,0
                84.8172574978149,27.6413397040114,0
                84.8149688901702,27.6401032139695,0
                84.8141470068435,27.6397064237564,0
                84.8132307585793,27.639479491524,0
                84.8120443604773,27.6391164416428,0
                84.8112622212878,27.6387780837202,0
                84.8106231258716,27.6384208549759,0
                84.809465358042,27.637644718042,0
                84.8088488268904,27.6370842585497,0
                84.8082568579849,27.6363409399374,0
                84.8080341480137,27.6358504173645,0
                84.8080425272571,27.635613439197,0
                84.8087575131347,27.6347451536853,0
                84.8096921090563,27.6331694350032,0
                84.8099533303826,27.6328655916939,0
                84.8107288485234,27.6300814790627,0
                84.8107931049206,27.6293501080952,0
                84.8107280149694,27.6280757835701,0
                84.8107961958347,27.6279625448943,0
                84.8112227706811,27.6276803266306,0
                84.8123968844928,27.6267326185761,0
                84.8129528185991,27.6263774098424,0
                84.8133167097535,27.6262534264727,0
                84.8134852571425,27.6259275836789,0
                84.813470012683,27.6257538490914,0
                84.813210239887,27.6254779320767,0
                84.8130102718433,27.6252377002494,0
                84.8129940879522,27.6251858918295,0
                84.8129072301321,27.6249179149259,0
                84.8129561794398,27.6240016223402,0
                84.8131549735979,27.6236507822258,0
                84.813441626797,27.6234550544019,0
                84.8137072910687,27.6228962335522,0
                84.8137299169431,27.6227020643538,0
                84.8134970254211,27.6219543769727,0
                84.8133913562106,27.6217812654206,0
                84.8132006936825,27.621782387649,0
                84.812995643402,27.6224830091116,0
                84.8120985676653,27.6228627723296,0
                84.8118622849948,27.6229318877542,0
                84.8116909329082,27.6228832640353,0
                84.8115847010449,27.6227304633956,0
                84.8114221694112,27.6222530659216,0
                84.8113641290334,27.6215878747585,0
                84.8111674165856,27.6210249843602,0
                84.8111684834204,27.6208173775057,0
                84.8112560392271,27.6205890245117,0
                84.8115574415718,27.6203233032779,0
                84.8116843670079,27.6200992004433,0
                84.8119446488179,27.6199329699512,0
                84.8126030746198,27.6193154109861,0
                84.8127768081046,27.6190098159181,0
                84.8126054708992,27.6182708166208,0
                84.812306578735,27.6180130854225,0
                84.8118660130466,27.6179457710452,0
                84.8116592934373,27.6178205915107,0
                84.8115307472279,27.6178213398259,0
                84.8100474345422,27.6182902105522,0
                84.8093130300768,27.6183960640094,0
                84.8089983244983,27.6182309482354,0
                84.8089481449128,27.6182042003171,0
                84.8086644372188,27.6179486558309,0
                84.8078909220885,27.6176327957131,0
                84.8077748729349,27.617701163341,0
                84.8074447229484,27.6180143797819,0
                84.8073847300623,27.6180373139436,0
                84.8072078155991,27.6180857442941,0
                84.8064135444124,27.6181444755823,0
                84.8056922628713,27.6182298939194,0
                84.8053762411415,27.6183061945466,0
                84.8051268347327,27.6184091809119,0
                84.8049246728286,27.6184689851336,0
                84.804804437814,27.6184809814621,0
                84.8039909829557,27.6185127778234,0
                84.8036616517218,27.6185011488675,0
                84.8034969238944,27.6184908338704,0
                84.8033479437063,27.6184691458005,0
                84.8030563584457,27.6184324574377,0
                84.8027680224945,27.6184002051217,0
                84.8025144942991,27.6183610798656,0
                84.8023116465704,27.6183397654122,0
                84.8020708038603,27.6183050151308,0
                84.8016076805573,27.6181837057159,0
                84.8014235187689,27.6181147708831,0
                84.8007823924458,27.6192894051041,0
                84.80071214977,27.6193823338042,0
                84.8006555935522,27.6194458272428,0
                84.8005234829792,27.6195661263133,0
                84.8003824981083,27.6197654808439,0
                84.8002930683676,27.6199262779064,0
                84.8000860902981,27.620193625379,0
                84.7999169827813,27.6204495374831,0
                84.799673380612,27.6209111793614,0
                84.7995515169371,27.6211375319521,0
                84.7994762745477,27.6212394593394,0
                84.7992971691949,27.6214255018113,0
                84.798853532435,27.6218138972844,0
                84.7986888009281,27.6219795047586,0
                84.7985784999255,27.6221448637147,0
                84.7984225160323,27.6223668407515,0
                84.7975733602665,27.6232448110152,0
                84.7970584214233,27.6235862720288,0
                84.7968092037644,27.6236215144817,0
                84.7963194408811,27.6243756268398,0
                84.7957760034336,27.6247983917928,0
                84.7955624055002,27.6248605702141,0
                84.7945799098268,27.6249023006666,0
                84.7942254525985,27.625100589292,0
                84.7942298253717,27.6251863317167,0
                84.7942618723044,27.6257637178704,0
                84.7941166981835,27.6260036946925,0
                84.7935807613789,27.6264197110761,0
                84.7926667509262,27.6267384799558,0
                84.7914945256665,27.627000123975,0
                84.7909214713964,27.6272763400816,0
                84.7902829843888,27.6276928546047,0
                84.789969520797,27.6279563880834,0
                84.7896090535084,27.6286488209539,0
                84.7893765811594,27.6288126146979,0
                84.789282029906,27.6288785443794,0
                84.7882751614793,27.6289700193753,0
                84.7880193280413,27.6286216715734,0
                84.7876870054684,27.6281995164004,0
                84.7872858778246,27.6278971622761,0
                84.7866240993726,27.6274565034588,0
                84.7862294077036,27.6271653976925,0
                84.7860320620835,27.6270199070918,0
                84.7858276570307,27.6267728639329,0
                84.7856678078112,27.6265594421194,0
                84.7854887731456,27.6263235229023,0
                84.78527861694,27.6261600345612,0
                84.7851383892201,27.6260254820347,0
                84.7849782282187,27.6257736892245,0
                84.7848689350665,27.6255373961384,0
                84.7848144487529,27.6251857385302,0
                84.7847944526043,27.6251339933057,0
                84.7847789560847,27.6250911841009,0
                84.784740213236,27.6249943801514,0
                84.7846826605565,27.6249021994243,0
                84.7845929877321,27.6247650852042,0
                84.7844867544222,27.6246032855843,0
                84.7844228275881,27.6245224170859,0
                84.7843270927469,27.6244169250417,0
                84.7842855361802,27.6243652411639,0
                84.7842536665863,27.6243315563271,0
                84.7842120483505,27.6242663736992,0
                84.7817381385479,27.6236801978123,0
                84.7812738221919,27.6238362389546,0
                84.7811409635864,27.6238550472548,0
                84.7809574250893,27.6238718556935,0
                84.780849815028,27.623874728429,0
                84.780393439074,27.6238118514488,0
                84.7800984171028,27.6237413531823,0
                84.7798192679307,27.6236639180503,0
                84.7795144982654,27.6235596091913,0
                84.779060562597,27.6233794305025,0
                84.7789270194293,27.6233079352634,0
                84.7788410322542,27.6232340024863,0
                84.7783916626021,27.6228259069872,0
                84.7776687705692,27.6222343225321,0
                84.7771334142647,27.621749982458,0
                84.7769993721932,27.6216040553659,0
                84.7768970765726,27.6214602543618,0
                84.7767077959473,27.6211161568166,0
                84.7766466204633,27.620969794321,0
                84.776504522721,27.6205690155156,0
                84.7764595919205,27.6204902713652,0
                84.7763797925893,27.6203937163102,0
                84.7763033041623,27.6203219713446,0
                84.7757938797822,27.6199209362611,0
                84.7752881428997,27.6195019032861,0
                84.7746701091994,27.6190563699819,0
                84.7742250485237,27.6187948862118,0
                84.7740468250954,27.6186717697226,0
                84.7739066590041,27.6185439662895,0
                84.7738332323469,27.6184631591971,0
                84.7737883032883,27.6183731666573,0
                84.7736239586041,27.617967950254,0
                84.7734574854352,27.6177049084641,0
                84.7732943244837,27.6174644277286,0
                84.773122288956,27.6173119380802,0
                84.7730268025766,27.6172402555557,0
                84.772915568567,27.6171777593646,0
                84.772820269358,27.6171331370424,0
                84.7727092222205,27.6171044505882,0
                84.7725285601325,27.617073825099,0
                84.772335148194,27.6170320129625,0
                84.7720558754251,27.6169388288637,0
                84.7718209082455,27.6168408971398,0
                84.7715411982151,27.6166867807,0
                84.771162753964,27.6164474834349,0
                84.770863672933,27.6162393098345,0
                84.770714007891,27.6161137560195,0
                84.7703698095318,27.6157930920014,0
                84.7699109423266,27.6153714346512,0
                84.7693409650324,27.614905341486,0
                84.7685553110249,27.6152887320087,0
                84.7685176276517,27.6153340397759,0
                84.7683923281381,27.6155220211479,0
                84.7682984622231,27.6156849418958,0
                84.7681422267895,27.6159792255078,0
                84.7681172909728,27.6160356577157,0
                84.7681049165328,27.6160831536326,0
                84.7680903528803,27.6162636990238,0
                84.7680812898271,27.6163224439227,0
                84.7679414878578,27.6167089073904,0
                84.7679134285368,27.6167655265113,0
                84.7676885109412,27.6172066711235,0
                84.7675760837865,27.6174284619007,0
                84.7675262758958,27.6175528250001,0
                84.7674794676886,27.6176456284223,0
                84.7674419079328,27.6177134960178,0
                84.7673917883233,27.6177882385822,0
                84.767297673384,27.6179083514529,0
                84.7672254314927,27.6179944673662,0
                84.7671248797481,27.6181010814003,0
                84.7666876792644,27.618516349168,0
                84.7666048077651,27.6188913141964,0
                84.7665831840609,27.6189681822653,0
                84.7665392511073,27.6190293009788,0
                84.7664890681083,27.6190972940125,0
                84.7664419483253,27.6191471638898,0
                84.7663883924246,27.6191880969655,0
                84.7663222754553,27.619238091592,0
                84.7662528466291,27.6192745873115,0
                84.7659845661771,27.6194001337114,0
                84.7658835167509,27.6194390663063,0
                84.765814087424,27.6194665001297,0
                84.7657604066147,27.6194848728561,0
                84.7656845412077,27.6195055573824,0
                84.7656276740337,27.6195194298872,0
                84.7653082771668,27.6195821068542,0
                84.7651944795047,27.619605289907,0
                84.7650079409244,27.6196446581396,0
                84.7648467735726,27.6196884644818,0
                84.7647614719937,27.6197114612089,0
                84.7646951057664,27.6197321451807,0
                84.7646508612014,27.6197572051047,0
                84.7641339227882,27.6200736680951,0
                84.7635210100675,27.6198130560207,0
                84.763225613894,27.6196725642158,0
                84.7630729495527,27.6195763822723,0
                84.76297115167,27.6195092614952,0
                84.7627101896336,27.6193188992126,0
                84.7626367002149,27.6193102739875,0
                84.762527646904,27.6195680615657,0
                84.7625701337667,27.6199356543426,0
                84.7627450372081,27.6204129894148,0
                84.7631179112654,27.6211261198055,0
                84.7632248193546,27.6218474313454,0
                84.7630109001898,27.6223156984393,0
                84.7630318762607,27.6233353574885,0
                84.7629218167824,27.6239000557779,0
                84.7626840896286,27.6243187019902,0
                84.7623928725425,27.6246068588381,0
                84.7614862326311,27.6250923629587,0
                84.7614534860359,27.6251219216485,0
                84.7614349246096,27.6251851656004,0
                84.7607403416749,27.6275828146769,0
                84.7606397281138,27.6276939277386,0
                84.7605015570621,27.6277623568652,0
                84.7604914968134,27.6277578572655,0
                84.7602295318714,27.6277119199768,0
                84.7598455191833,27.627765908706,0
                84.7596080510237,27.6277627177105,0
                84.7593082165289,27.6277215290689,0
                84.758679617031,27.6274835393914,0
                84.7579851516793,27.6272459247905,0
                84.7573373065531,27.6269719380736,0
                84.7571020297822,27.6267295812332,0
                84.756851943366,27.6264692256251,0
                84.7567339616982,27.626350296743,0
                84.7565774849828,27.6262428035152,0
                84.7561954764903,27.6260441901171,0
                84.7564269905002,27.6269273026443,0
                84.7565645271116,27.6273078327877,0
                84.7566161422901,27.6274474464732,0
                84.7566992529019,27.6275664997687,0
                84.756818108096,27.6277960439066,0
                84.7568410401986,27.6279199702508,0
                84.7568387870153,27.6280508331986,0
                84.7568171012062,27.6281367004245,0
                84.7567358586539,27.6282815611113,0
                84.7565850623767,27.6284651045888,0
                84.7563627723505,27.6288205689621,0
                84.7561437310394,27.6291985318498,0
                84.7560213682873,27.6293706397738,0
                84.7556155388624,27.6297496612948,0
                84.7552661421541,27.6300538783544,0
                84.755165403733,27.6301356814526,0
                84.755039231169,27.6302152972696,0
                84.7549256203405,27.6302677913214,0
                84.7545877249487,27.6303982740549,0
                84.7544206817372,27.6305187606213,0
                84.7541999581737,27.6306530569518,0
                84.7540865962937,27.6307439219143,0
                84.754004917622,27.6308390998244,0
                84.7538703056166,27.6310609524368,0
                84.7537198212175,27.6312806178546,0
                84.7535754611983,27.631473160454,0
                84.7534436007199,27.6316386439932,0
                84.7533114900662,27.631767942507,0
                84.7532232509256,27.6318338100415,0
                84.7531740657406,27.6320484150958,0
                84.753127506178,27.6321840272879,0
                84.753082815842,27.6325903651936,0
                84.7530685630762,27.6328274062947,0
                84.7530913711778,27.6329175238321,0
                84.7531501073368,27.6331743766605,0
                84.7533104547519,27.6334691028744,0
                84.7534806750586,27.6338178863066,0
                84.7534941088843,27.6339283141824,0
                84.7534959159117,27.6341922906121,0
                84.7532082548828,27.634719551386,0
                84.7532502436359,27.6350352113885,0
                84.7532178497028,27.6361273631365,0
                84.7534579973982,27.6365140826683,0
                84.753934490423,27.6368273747561,0
                84.7542543740177,27.6373897044969,0
                84.7541383816434,27.6377422956956,0
                84.7541798067587,27.6380601431639,0
                84.7544204531959,27.638514606301,0
                84.7548962604796,27.6387240959091,0
                84.7551356602356,27.6390048874411,0
                84.7553350643594,27.6393556715073,0
                84.7555352194592,27.6396366498681,0
                84.7556977458789,27.6403396513146,0
                84.7557009236931,27.6407999226582,0
                84.7555480540778,27.6415024197934,0
                84.7553512635814,27.6417155227809,0
                84.7549571891285,27.6417876352401,0
                84.7547993333883,27.641858438437,0
                84.7546005511946,27.6416835131496,0
                84.7542013013808,27.6411938634102,0
                84.7539625267823,27.6409131346725,0
                84.7536846278373,27.640844697849,0
                84.7533701025057,27.6410562368097,0
                84.7532924846553,27.6411987852648,0
                84.7532939172153,27.6414108914779,0
                84.7532182274181,27.6420091489591,0
                84.7530228094706,27.642326116974,0
                84.7523905787433,27.6423994755724,0
                84.7519962559684,27.6424377150492,0
                84.7511262451516,27.6424785101745,0
                84.7506908055065,27.6423387648271,0
                84.7499762837218,27.6419567876599,0
                84.7494596095313,27.6416076224968,0
                84.7488240770023,27.6411891496968,0
                84.7485068101573,27.6410149103184,0
                84.7481506091287,27.6409784072739,0
                84.7477151673643,27.6409289045899,0
                84.7472797259706,27.6408794023352,0
                84.746844535748,27.6407756545366,0
                84.7463675451069,27.6403901804735,0
                84.7458485037874,27.6396890472599,0
                84.7455327318908,27.6397268511769,0
                84.7454930484752,27.6397631605233,0
                84.7451399620079,27.6401869917502,0
                84.7447476303072,27.6406110094015,0
                84.7443154287065,27.6410374645507,0
                84.7438424869372,27.6412498125168,0
                84.7434078559491,27.6413221115861,0
                84.7430154618571,27.6417461292676,0
                84.7427018084962,27.6420997169963,0
                84.7426252482749,27.642488244201,0
                84.7425879949195,27.642874209025,0
                84.7429498663639,27.6437544482282,0
                84.7433096194601,27.6443142792407,0
                84.7434309063049,27.644737805913,0
                84.7434332737653,27.6450897745027,0
                84.7430824939857,27.6457594582007,0
                84.7428083324001,27.6462550344647,0
                84.7426533454817,27.6466439347002,0
                84.7428134420783,27.6469950303337,0
                84.7430147180714,27.6474496806902,0
                84.7432584910377,27.6478094025006,0
                84.7434071646761,27.6474972452219,0
                84.743600580339,27.6473471998754,0
                84.7439006679521,27.647235152522,0
                84.7442423717359,27.647276154359,0
                84.7446684363295,27.647431834521,0
                84.744902965337,27.647565888798,0
                84.7452006075033,27.6478169963652,0
                84.7456911020449,27.6479541793052,0
                84.7459040722385,27.6480704229973,0
                84.7459887453704,27.6482234102623,0
                84.7460499794713,27.6485682553643,0
                84.7462197655312,27.6487614288431,0
                84.7467094448409,27.6490520354042,0
                84.7473917232769,27.6493416462859,0
                84.7475753859094,27.6493428364427,0
                84.7477148676754,27.6493579622701,0
                84.7477738598568,27.6493643999712,0
                84.7486508121699,27.649043818557,0
                84.7489595227712,27.648992515589,0
                84.7496720475443,27.6492639403525,0
                84.7500535544297,27.6494761774635,0
                84.7504986176448,27.6496226722632,0
                84.7515577287127,27.6495380098717,0
                84.7522478196133,27.6497711248683,0
                84.7523183085122,27.6498879907505,0
                84.7523088033556,27.6501679032951,0
                84.7520043282347,27.6509411408277,0
                84.7519958859735,27.6511826196643,0
                84.7521670455234,27.6514794705291,0
                84.7524048211903,27.6517060790136,0
                84.753194959779,27.6520244388586,0
                84.7533203167839,27.6521049336045,0
                84.7535145356603,27.6523430404586,0
                84.7531828723933,27.653306011676,0
                84.7531589861163,27.6539829506789,0
                84.7533304582656,27.6542302438208,0
                84.7537520847539,27.6544738538447,0
                84.7545404169194,27.6545236742899,0
                84.7550510386406,27.6544441899304,0
                84.7558103191116,27.6541309806449,0
                84.7564605461943,27.6540845579055,0
                84.7570400362932,27.6538851481598,0
                84.7578121210989,27.6538786617972,0
                84.758425418486,27.6537128741351,0
                84.7594375947863,27.6538020700114,0
                84.7598655350109,27.6539441265192,0
                84.7601342450155,27.6541434264194,0
                84.7604925619523,27.6546716968606,0
                84.7609613703421,27.6548563755911,0
                84.7618163822785,27.6548426412986,0
                84.762060160786,27.6549225132257,0
                84.7627684889093,27.6556653955595,0
                84.7632249250307,27.6558163273724,0
                84.7638860876711,27.6557946525175,0
                84.7644709518211,27.6556334890753,0
                84.7647854733701,27.6555956222613,0
                84.7654730644619,27.6558197388208,0
                84.766134529157,27.6562943947102,0
                84.7666887038371,27.6563747715957,0
                84.7671045834991,27.6565123913908,0
                84.7674314114908,27.6566955674619,0
                84.7674952769522,27.6567673748216,0
                84.7677813564614,27.657095287963,0
                84.7678895777172,27.6578097884444,0
                84.7683046941251,27.6585611024226,0
                84.7689151647932,27.6590788787131,0
                84.7692056806293,27.6594946584864,0
                84.7692957231139,27.6598663767373,0
                84.769160544832,27.6602935864942,0
                84.7691464128107,27.6607133613977,0
                84.7692449574642,27.6609451543659,0
                84.7694108698679,27.6611021436173,0
                84.7697584476389,27.661165643139,0
                84.7700735879168,27.6613985029938,0
                84.7702495615653,27.6615667404464,0
                84.7704197822119,27.6618952138173,0
                84.7704536472593,27.662118382236,0
                84.7700968030394,27.6629123047675,0
                84.7699938605532,27.6638514064942,0
                84.7700718963762,27.6645977781696,0
                84.7704601372985,27.6655770096087,0
                84.7707253966388,27.6664554356111,0
                84.7706388371743,27.6668485238185,0
                84.7706363997294,27.6668575231814,0
                84.7703968629267,27.6671251199259,0
                84.7698584275347,27.6674890786382,0
                84.7697587483758,27.6677310552278,0
                84.7698767258709,27.66802140577,0
                84.7699805235443,27.6681020876139,0
                84.7705834403985,27.6682498968317,0
                84.7712255413651,27.6682982164083,0
                84.7716198652744,27.6682554142045,0
                84.7719999435504,27.6680705616395,0
                84.7727344763051,27.667836344712,0
                84.7737887088971,27.6679364779448,0
                84.7742233969562,27.6681325933046,0
                84.7752186365231,27.6683075315636,0
                84.7754855359445,27.6684233373916,0
                84.7760608842018,27.6690699143316,0
                84.7764983048078,27.670100766705,0
                84.7784415326195,27.6707576773853,0
                84.7787524256296,27.670907107037,0
                84.7793670228114,27.671363888175,0
                84.7797752767857,27.6715826877152,0
                84.7803814312384,27.6722764479536,0
                84.7808867816328,27.6732234341419,0
                84.7811535464197,27.6738513823415,0
                84.7813147586179,27.6746130667705,0
                84.781540592311,27.6751848321016,0
                84.781800974705,27.6761670605663,0
                84.7819714223728,27.6775851862661,0
                84.7822496199991,27.6783056269484,0
                84.7827335447579,27.678826275496,0
                84.7829731230409,27.679546901979,0
                84.783313566453,27.6801090455266,0
                84.7836865102301,27.6804340846742,0
                84.7839349774767,27.680441650257,0
                84.7843971615991,27.6806647010207,0
                84.7845845076814,27.6808147531257,0
                84.7854447402954,27.6822087044591,0
                84.7855957159954,27.6824108769896,0
                84.7860437741341,27.6827761012873,0
                84.7864762761511,27.682918033414,0
                84.7872515448631,27.6830602836593,0
                84.7883113329745,27.6834693890517,0
                84.7886390977173,27.6836796261746,0
                84.7893745505638,27.6842710227914,0
                84.789607203759,27.6844570098973,0
                84.7917664996688,27.6864819262353,0
                84.7920122737955,27.6867332206788,0
                84.7920792624306,27.6868885203681,0
                84.7933331606327,27.6867911124803,0
                84.7952472993265,27.6859182846396,0
                84.7956516299331,27.6854918292325,0
                84.7957615001931,27.6849970628309,0
                84.7959303577234,27.6847862725826,0
                84.7965897193461,27.6842320203948,0
                84.7970413635153,27.6834307245345,0
                84.7971255693358,27.6820201649007,0
                84.7968257910499,27.6792987163032,0
                84.7969319939957,27.6778766575953,0
                84.7972512954328,27.6763903584619,0
                84.7974749870326,27.6747398227702,0
                84.7978320269705,27.6735623096633,0
                84.7980866308702,27.6729426818685,0
                84.798603954453,27.6721139519486,0
                84.7994552302832,27.6714840851659,0
                84.8000043473742,27.6713681043347,0
              </coordinates>
            </LinearRing>
          </outerBoundaryIs>
        </Polygon>
      </Placemark>
      <Placemark id="BA_MAKAWANPUR_Raksirang.4">
        <ExtendedData>
          <SchemaData schemaUrl="#BA_MAKAWANPUR_Raksirang.schema">
            <SimpleData name="ogc_fid">2347</SimpleData>
            <SimpleData name="objectid_1">2348</SimpleData>
            <SimpleData name="dcode">31</SimpleData>
            <SimpleData name="district">MAKAWANPUR</SimpleData>
            <SimpleData name="das">0</SimpleData>
            <SimpleData name="gapa_napa">Raksirang</SimpleData>
            <SimpleData name="type_gn">Gaunpalika</SimpleData>
            <SimpleData name="gn_code">9.000000000000000</SimpleData>
            <SimpleData name="new_ward_n">9</SimpleData>
            <SimpleData name="ddgnww">310908.999999999941792</SimpleData>
            <SimpleData name="center">Chainpur</SimpleData>
            <SimpleData name="state_code">3</SimpleData>
            <SimpleData name="ddgn">31009</SimpleData>
            <SimpleData name="area_sqkm">42.151698652000000</SimpleData>
            <SimpleData name="shape_leng">27840.552822000001470</SimpleData>
            <SimpleData name="shape_area">42151698.652000002563000</SimpleData>
            <SimpleData name="Province">BA</SimpleData>
            <SimpleData name="Address">Raksirang-9, MAKAWANPUR, BA</SimpleData>
          </SchemaData>
        </ExtendedData>
        <Polygon>
          <outerBoundaryIs>
            <LinearRing>
              <coordinates>
                84.8565146533731,27.683845110425,0
                84.8589127306163,27.6828623641056,0
                84.8597135717219,27.6823813577621,0
                84.862184150955,27.6808747210686,0
                84.8633714450647,27.6802221118113,0
                84.8648181349732,27.6798566062686,0
                84.8656282797682,27.6797567535378,0
                84.8662670764153,27.679454978288,0
                84.8675104919642,27.6786101995298,0
                84.8689068198036,27.6779674681691,0
                84.8698237740919,27.6773457886323,0
                84.8714229029459,27.6759888120941,0
                84.8726344522891,27.674905054579,0
                84.8726976341082,27.6748098762156,0
                84.8733718780555,27.6737881041469,0
                84.8745106280906,27.6725491091789,0
                84.8746784964426,27.6718283632303,0
                84.8757683743919,27.6707475407884,0
                84.8761631392242,27.6705149437755,0
                84.8771340215855,27.669998880997,0
                84.877474798759,27.6695206789927,0
                84.8785379204012,27.6688980652251,0
                84.8797394530945,27.6687076645219,0
                84.8806852548336,27.6691845129321,0
                84.8821017378943,27.6699673407886,0
                84.8821952267579,27.6699352204708,0
                84.8829398957326,27.6691024324412,0
                84.8834710164324,27.6688937723404,0
                84.8851924830498,27.6685330832452,0
                84.8854307687703,27.6683036706747,0
                84.8861563908787,27.6668483752869,0
                84.8867461500985,27.6656669283519,0
                84.8873745985365,27.6641760719746,0
                84.8878166799475,27.6634603313812,0
                84.888334247284,27.6629110762612,0
                84.8887560712826,27.6626714174162,0
                84.8894963541356,27.6624049534155,0
                84.8898433753051,27.6621591068059,0
                84.8906520357579,27.6613439425378,0
                84.8915479275064,27.6608170044603,0
                84.8925429363952,27.6600954605741,0
                84.8931025042706,27.6592661068765,0
                84.8934214739946,27.6586819769501,0
                84.8938196802342,27.658264270812,0
                84.8946196580659,27.657243813513,0
                84.8948971981546,27.6565584413658,0
                84.8948241554845,27.6560693591378,0
                84.8941944101569,27.6538759821966,0
                84.8934459168013,27.6523376075032,0
                84.8927352093961,27.6517895200979,0
                84.8913010382036,27.6511511788579,0
                84.8890476071522,27.6501616666781,0
                84.8875294582286,27.648995933209,0
                84.8872113170751,27.6488197566402,0
                84.8847691595803,27.6478967983179,0
                84.8840359521554,27.6475360060491,0
                84.8822575886906,27.6462929002207,0
                84.8816832385107,27.6457550640792,0
                84.8809661562245,27.6452723452439,0
                84.8797228529368,27.6437686470406,0
                84.8794552130665,27.6431701955283,0
                84.8782094740372,27.6415920043072,0
                84.8778095966049,27.641242591286,0
                84.87741041032,27.6407442538379,0
                84.8771705767343,27.6402922904297,0
                84.8768542589614,27.6395430401233,0
                84.8766544872328,27.6388719715954,0
                84.8765075262887,27.637918554641,0
                84.8764711195345,27.6366891016321,0
                84.876596742478,27.6359980404625,0
                84.8760982494673,27.6358342341584,0
                84.8751058822385,27.6357547251153,0
                84.8747844244457,27.6357950911028,0
                84.8742691761289,27.6359856278331,0
                84.8734251541247,27.6364061388986,0
                84.8727332450275,27.6364510609239,0
                84.8726986866194,27.6364851194473,0
                84.8726107585473,27.6365736726401,0
                84.8710493312037,27.637018919078,0
                84.8707675558988,27.6370319133056,0
                84.8699824147978,27.6368067335865,0
                84.8691955282793,27.6363671971237,0
                84.8686974159294,27.6359258529522,0
                84.8680935154717,27.6349978634874,0
                84.8679851619575,27.6346737037155,0
                84.8678480743181,27.6337562831195,0
                84.8670992728935,27.6319538073967,0
                84.8670502259668,27.6315186576406,0
                84.8673116394021,27.6310207062823,0
                84.867316829244,27.6308695327124,0
                84.866817903552,27.6304823088464,0
                84.8661264473851,27.6297759856507,0
                84.8652532203116,27.6282539824502,0
                84.8635039321759,27.6262140732329,0
                84.8629413291095,27.6257731035224,0
                84.8622851743765,27.6253530678452,0
                84.8619859661082,27.6252353232279,0
                84.8619070402032,27.6251862020728,0
                84.8618203680593,27.6250332762729,0
                84.8613689950024,27.6248059771332,0
                84.8599373194697,27.6243410568266,0
                84.8595947383751,27.6244176696047,0
                84.8587359648038,27.6249779803848,0
                84.8584466265133,27.6250632176359,0
                84.8583265780028,27.6251858298745,0
                84.8582330255763,27.6252811322272,0
                84.857174906833,27.6257005768421,0
                84.856190969525,27.6259615997341,0
                84.8551237889344,27.62643291557,0
                84.8543677466746,27.627258828807,0
                84.8539637948289,27.6275116746235,0
                84.8535342808283,27.6279001947593,0
                84.8533897951288,27.6281379838112,0
                84.8529986942874,27.6294669831604,0
                84.8521700883503,27.6308325346192,0
                84.8516439568345,27.6315058412317,0
                84.8507680536379,27.6323956214164,0
                84.8503052331111,27.6327391456139,0
                84.8486227576843,27.6332570716342,0
                84.8479351614475,27.6332770583309,0
                84.8471598837817,27.6335118996807,0
                84.8455255947677,27.6337926598874,0
                84.844098652191,27.6341126702889,0
                84.8424986674469,27.6345804144086,0
                84.8410549791391,27.6347764356771,0
                84.8403401365958,27.6347987963236,0
                84.8392565263517,27.6349633265883,0
                84.8389724995175,27.6350936225836,0
                84.8385085584261,27.6352159786064,0
                84.8372768359967,27.6357242882814,0
                84.8368195196285,27.6358015236982,0
                84.8365884272639,27.6357239637284,0
                84.8365378106563,27.6356475322205,0
                84.8364457118921,27.6349487186155,0
                84.8362124447884,27.6342484647397,0
                84.8355686136765,27.6332799155858,0
                84.8348505331981,27.6327089555406,0
                84.8345620835056,27.632090255382,0
                84.8344377278537,27.6319736389424,0
                84.8339363616278,27.6317533384178,0
                84.833619224653,27.6313491188906,0
                84.8335335559699,27.6309931492751,0
                84.8336970576411,27.6298415676824,0
                84.8336645080245,27.6294739754871,0
                84.8334601675937,27.629078131737,0
                84.8331919564784,27.6289533889761,0
                84.832738642685,27.6288816998661,0
                84.8324178715499,27.6289196919878,0
                84.8310371699197,27.6294062505453,0
                84.8307863892341,27.6294934881905,0
                84.8303321349629,27.6295481004701,0
                84.8293577676537,27.6294163463575,0
                84.8288028375021,27.6295640115679,0
                84.8286336086104,27.62962594042,0
                84.8279411870471,27.6302708715955,0
                84.8273493205078,27.6306421408179,0
                84.825710406201,27.630983521054,0
                84.8250639836679,27.6313438526711,0
                84.8245353575938,27.6317892418013,0
                84.8240530257542,27.6327577098221,0
                84.8235088307849,27.633573190437,0
                84.8233027915375,27.6338046029955,0
                84.822395459326,27.6345024637287,0
                84.8221732956496,27.6347813719193,0
                84.8218358825832,27.635730906835,0
                84.8215649701845,27.6362514177623,0
                84.8212898773862,27.6364809559273,0
                84.8205559673742,27.6368395361387,0
                84.8203016219439,27.6370440760448,0
                84.8199639649173,27.6377116355021,0
                84.8199033954953,27.6384181966306,0
                84.819832024221,27.6386982951077,0
                84.8195083688705,27.6392033072959,0
                84.8190821703244,27.6394699009998,0
                84.8183565015796,27.6401713266767,0
                84.8177099459118,27.6409467467291,0
                84.8174154135273,27.6413703286043,0
                84.8169349573366,27.6423433582715,0
                84.8168134540191,27.643291646716,0
                84.8167170237847,27.6435268115675,0
                84.8161728284273,27.6443625402866,0
                84.8159828500636,27.6445396459702,0
                84.8152360633054,27.6450471513108,0
                84.8148371694317,27.6454939795265,0
                84.8145299463841,27.6461703508505,0
                84.8142716517653,27.6469525271758,0
                84.8142048312387,27.6477718898581,0
                84.8142681264842,27.6481889159931,0
                84.8142194365404,27.6486313758624,0
                84.8138229078214,27.6494955417932,0
                84.813523002513,27.6498718780591,0
                84.8131907902027,27.6501715958682,0
                84.8114865546943,27.651320964279,0
                84.811348693895,27.6515225690518,0
                84.8110472195626,27.65221244042,0
                84.8109128588681,27.6523801730764,0
                84.8106586400661,27.6525215932541,0
                84.809578473286,27.6524104603806,0
                84.8091418421422,27.6524626988903,0
                84.8086205329919,27.6526394864397,0
                84.8074820449789,27.6532959089338,0
                84.806949292414,27.6538043545312,0
                84.8067268775515,27.6541373215282,0
                84.8065193222786,27.6551222298245,0
                84.8064471924039,27.655824290166,0
                84.8062635182451,27.6563397409441,0
                84.8058448770246,27.6567798820705,0
                84.8053632482079,27.6570127909149,0
                84.8045995363114,27.6570465883805,0
                84.8042295815277,27.6572179417573,0
                84.8037491942988,27.657872749854,0
                84.8037230717384,27.6579428680282,0
                84.8034006586396,27.6588065353217,0
                84.8032801519936,27.6599127470503,0
                84.8028071275513,27.661059386877,0
                84.8025598396463,27.6614690955936,0
                84.8025113932575,27.6622049661407,0
                84.8027467108669,27.6634579830281,0
                84.8027691956881,27.6640264328423,0
                84.8025522578606,27.6654580505202,0
                84.8024167016478,27.6659800643144,0
                84.8020855451272,27.6666158765863,0
                84.8020055511434,27.6668487918641,0
                84.8017114468149,27.6676988361758,0
                84.801231064722,27.6681031674236,0
                84.8009456593658,27.6684093849557,0
                84.8006368770651,27.6688917739441,0
                84.8005964960576,27.6694356620549,0
                84.8006907862716,27.6699404934082,0
                84.8004779828764,27.6708171614936,0
                84.8002280685049,27.6712991138032,0
                84.8000043473742,27.6713681043347,0
                84.8004931345221,27.6724617642298,0
                84.8009145652234,27.6730887773593,0
                84.8015703477277,27.673358014569,0
                84.802038216963,27.6736689316578,0
                84.8023606140693,27.6735700086297,0
                84.8028354230315,27.6736913804362,0
                84.8034125251471,27.6741211640267,0
                84.8035309385569,27.6745423784638,0
                84.8038801979887,27.6748246714534,0
                84.8048803094486,27.6751392219954,0
                84.8057260062588,27.6752967217197,0
                84.8064887119264,27.6755450252419,0
                84.806926395015,27.6759621197717,0
                84.8072945820645,27.6766593131691,0
                84.8079948293801,27.6783225511155,0
                84.8085204350204,27.6788857592151,0
                84.8093486322385,27.6791606854723,0
                84.8106737665426,27.6792950708914,0
                84.8112259381227,27.6795084360514,0
                84.8123709038575,27.679862735913,0
                84.8132158432639,27.6804263241841,0
                84.8135210440786,27.6808283553795,0
                84.8141510098494,27.6814540595918,0
                84.8143473477854,27.6819605802554,0
                84.8147149807998,27.6822336870145,0
                84.8157459656954,27.6824193750963,0
                84.8165485471382,27.6824011397244,0
                84.8173144420319,27.6825545137587,0
                84.817754504658,27.6827685642591,0
                84.8180697697995,27.6829945489061,0
                84.8185258267582,27.6833957082666,0
                84.8187487279392,27.6837169955193,0
                84.8191434007184,27.6848991464989,0
                84.8194595375174,27.6853191761855,0
                84.8200072695893,27.685697213986,0
                84.8204809553551,27.6857462802538,0
                84.8215293728113,27.6860514576031,0
                84.822263516995,27.6864553711121,0
                84.8227476328463,27.6868022861261,0
                84.82285742845,27.686905403316,0
                84.8229787187877,27.6871933799393,0
                84.8230737523729,27.6879577500301,0
                84.8233203337887,27.6884728959936,0
                84.8237722664683,27.688826683795,0
                84.8245084143372,27.6890682371592,0
                84.8251708197556,27.6893553475793,0
                84.8260196952679,27.6899323717316,0
                84.8278191007941,27.6920085282098,0
                84.8282752225979,27.692244952503,0
                84.8287351584495,27.6923978838481,0
                84.8292694003325,27.6924127034856,0
                84.8295872339206,27.6923747128602,0
                84.8310363055483,27.6916982346007,0
                84.8314467550598,27.691506258364,0
                84.8321792877753,27.69126722987,0
                84.8329316264031,27.6912108093193,0
                84.8338020792361,27.6909325363314,0
                84.8362292590199,27.6908954547169,0
                84.8368097470487,27.6907384167066,0
                84.8378186855974,27.6902698504354,0
                84.8392812497464,27.6898729097283,0
                84.840329935842,27.6892912295934,0
                84.841658648211,27.6886334351745,0
                84.8423886187776,27.6883920937304,0
                84.8444397321403,27.6879080464222,0
                84.8460805912353,27.6872211981188,0
                84.847564150769,27.6869233743185,0
                84.8486249544312,27.6866145444546,0
                84.8493262380698,27.6865132528489,0
                84.8499854611383,27.6866288152648,0
                84.8505130804219,27.6865262711466,0
                84.8510454569111,27.6860536349749,0
                84.8514737808342,27.6858119756526,0
                84.8531395069492,27.6853166107528,0
                84.8553978558249,27.6842107470446,0
                84.8555523361987,27.6841917512843,0
                84.8565146533731,27.683845110425,0
              </coordinates>
            </LinearRing>
          </outerBoundaryIs>
        </Polygon>
      </Placemark>
      <Placemark id="BA_MAKAWANPUR_Raksirang.5">
        <ExtendedData>
          <SchemaData schemaUrl="#BA_MAKAWANPUR_Raksirang.schema">
            <SimpleData name="ogc_fid">2375</SimpleData>
            <SimpleData name="objectid_1">2376</SimpleData>
            <SimpleData name="dcode">31</SimpleData>
            <SimpleData name="district">MAKAWANPUR</SimpleData>
            <SimpleData name="das">0</SimpleData>
            <SimpleData name="gapa_napa">Raksirang</SimpleData>
            <SimpleData name="type_gn">Gaunpalika</SimpleData>
            <SimpleData name="gn_code">9.000000000000000</SimpleData>
            <SimpleData name="new_ward_n">4</SimpleData>
            <SimpleData name="ddgnww">310904.000000000000000</SimpleData>
            <SimpleData name="center">Chainpur</SimpleData>
            <SimpleData name="state_code">3</SimpleData>
            <SimpleData name="ddgn">31009</SimpleData>
            <SimpleData name="area_sqkm">30.716303049299999</SimpleData>
            <SimpleData name="shape_leng">32751.214713900000788</SimpleData>
            <SimpleData name="shape_area">30716303.049299996346235</SimpleData>
            <SimpleData name="Province">BA</SimpleData>
            <SimpleData name="Address">Raksirang-4, MAKAWANPUR, BA</SimpleData>
          </SchemaData>
        </ExtendedData>
        <Polygon>
          <outerBoundaryIs>
            <LinearRing>
              <coordinates>
                84.876596742478,27.6359980404625,0
                84.8769805025782,27.6360767897861,0
                84.8776540435527,27.635790513778,0
                84.8792264035425,27.6355301259383,0
                84.8796487305971,27.6351326055784,0
                84.8800408773757,27.6345954731259,0
                84.8803284169508,27.6338829163956,0
                84.8803797356122,27.6332509116498,0
                84.8807000784878,27.6327637732001,0
                84.8812130226247,27.6322055192079,0
                84.8812598946062,27.6320540959707,0
                84.8812354655463,27.6317676831215,0
                84.8811642278929,27.6316508179187,0
                84.8809590063126,27.631566384138,0
                84.8804404506757,27.6315809989679,0
                84.8801071851604,27.6314071341885,0
                84.8798313576466,27.6308831770924,0
                84.8794860626486,27.6292857518747,0
                84.8792189855377,27.6286693023096,0
                84.8787796767953,27.6282953286172,0
                84.8775996630264,27.6274725069711,0
                84.8766833634037,27.6266818757209,0
                84.8764659563271,27.6265795062889,0
                84.8758318771331,27.6254396601337,0
                84.8757303956774,27.6251852431984,0
                84.8756806552366,27.6250593166341,0
                84.8760436167568,27.6245967386636,0
                84.8764511312476,27.6243189578951,0
                84.8767298472855,27.6241750377722,0
                84.8770011873203,27.6241282342918,0
                84.8776191731712,27.623885140828,0
                84.8778732667937,27.623745908133,0
                84.8783343410797,27.6232782073922,0
                84.8783035496036,27.6224391570793,0
                84.8785966446869,27.6220243864624,0
                84.8790677107378,27.6218635335409,0
                84.8811312595889,27.621365362495,0
                84.8817911161115,27.62105433877,0
                84.8819560379648,27.6207734912579,0
                84.8819300445071,27.6206180050414,0
                84.8816031540176,27.6204373287285,0
                84.8811351542033,27.6204267587344,0
                84.8808230095109,27.6203543850415,0
                84.8805714219165,27.6201686472876,0
                84.8802810927999,27.6198117375036,0
                84.8796265581346,27.6196083697683,0
                84.8786747460258,27.6196752851358,0
                84.8783811609735,27.6196229726063,0
                84.8776169457832,27.619797069447,0
                84.8773984755515,27.6197893788798,0
                84.8771243895907,27.6196444497017,0
                84.8768504953018,27.6192829776932,0
                84.8768165144526,27.6185996008591,0
                84.8771709784104,27.618098713956,0
                84.8772422389748,27.6171123659302,0
                84.8773002336669,27.6169991897918,0
                84.877730680692,27.6168226502889,0
                84.8792497930719,27.6167498692764,0
                84.879629558785,27.6165760781148,0
                84.8796768049762,27.6164629646497,0
                84.8796134439757,27.6162174856084,0
                84.8794320339041,27.6160200623205,0
                84.8777494008442,27.6151237397677,0
                84.8771259882454,27.6149201229614,0
                84.8767772261639,27.6146966991665,0
                84.8765654488832,27.6143461025463,0
                84.8764922213516,27.6137374056653,0
                84.876605277038,27.6133870012009,0
                84.8768573119324,27.6130718464385,0
                84.8771290937702,27.6128467459804,0
                84.8779335571471,27.612485166502,0
                84.8783648142211,27.6124124926113,0
                84.8793089366865,27.612499000289,0
                84.8799779135465,27.6123842089005,0
                84.8807453084355,27.6125372706634,0
                84.8812117463304,27.6125140934748,0
                84.8814526570094,27.6123139278374,0
                84.8816310186349,27.6118119751921,0
                84.8815953524341,27.6109954853641,0
                84.88151905447,27.6107928772702,0
                84.8813410885273,27.6103179793152,0
                84.880745997616,27.6094599207827,0
                84.8804252466638,27.6085436851441,0
                84.8805023060933,27.6082047793736,0
                84.8809361400994,27.6074259187861,0
                84.8811266785829,27.6073457416845,0
                84.8814760683336,27.6074089915161,0
                84.8830895253342,27.6082289451661,0
                84.8835349011009,27.608329880873,0
                84.8845569576543,27.6081090426886,0
                84.8848943540241,27.6079490001927,0
                84.8849682855143,27.6077725168318,0
                84.8849416729335,27.6073711152175,0
                84.8845976039599,27.6068656548169,0
                84.8846155481856,27.606418820167,0
                84.8847814739741,27.6059508019119,0
                84.8851316883107,27.6054092936795,0
                84.8854484663781,27.6050463310049,0
                84.8857964337849,27.6043853965321,0
                84.8865007940242,27.6036362878776,0
                84.8870985350185,27.6032466451,0
                84.8877293298664,27.6031162918285,0
                84.8895661501835,27.6030526402768,0
                84.89034279431,27.6031807669566,0
                84.890759426936,27.6031916476552,0
                84.8909827099284,27.603165404221,0
                84.8922786112746,27.6026787814735,0
                84.8924985887627,27.6023253795109,0
                84.8923461843318,27.6017239931992,0
                84.8925256663866,27.6014475835593,0
                84.8928442538837,27.601224420772,0
                84.8928951942114,27.6007841486583,0
                84.8928139596422,27.60053873177,0
                84.8924979462244,27.6002091312085,0
                84.8917012515102,27.5996321695908,0
                84.8913154306984,27.5994451168685,0
                84.8909942862134,27.5994359250462,0
                84.8905401566875,27.5995584064153,0
                84.889713509127,27.5998998627211,0
                84.8894532902495,27.6000549693377,0
                84.8890074105342,27.6001074571795,0
                84.8888444971627,27.6000047137214,0
                84.8887835137346,27.5995876874064,0
                84.8888796430055,27.5987884482588,0
                84.8886586161922,27.5984694730799,0
                84.8882771101207,27.5981853665959,0
                84.8878342355834,27.5979874398071,0
                84.8874553619347,27.5973265554166,0
                84.8872291637396,27.5962743957975,0
                84.8873429087758,27.5957750045001,0
                84.8873316637856,27.5956442663902,0
                84.8871370143847,27.5950543778345,0
                84.886745387616,27.5946146605462,0
                84.8865394873177,27.5941263257821,0
                84.8865495534203,27.593882660759,0
                84.8863075318492,27.5934600690967,0
                84.8853873593944,27.5926334404616,0
                84.8850659681923,27.5924279537641,0
                84.8842107136356,27.5921107799518,0
                84.8830576201583,27.5919217780436,0
                84.8824731452194,27.5914245625084,0
                84.8819126067421,27.5908326067623,0
                84.881724017101,27.5903645198888,0
                84.8816505951546,27.590055859519,0
                84.8816669771481,27.5896474587635,0
                84.8817661584638,27.5893061153493,0
                84.8819487044528,27.5889349639287,0
                84.8820685740044,27.5884108252772,0
                84.881951038744,27.5878880584342,0
                84.8819821752166,27.5871050035209,0
                84.8822044683135,27.5866456105741,0
                84.8823362185095,27.5857874400078,0
                84.8822659256633,27.5853095437029,0
                84.882410537139,27.5850288837783,0
                84.8824745369673,27.5846426693254,0
                84.8824071223077,27.5839662916972,0
                84.8823213236758,27.5838426758946,0
                84.8813480815109,27.5836503645805,0
                84.8811590468778,27.5835229351625,0
                84.8810305036935,27.5834358162161,0
                84.880902716286,27.5830485358054,0
                84.8808892855188,27.5827959337271,0
                84.880501974392,27.5821756698117,0
                84.8800310406642,27.5820184886199,0
                84.8793047623931,27.5819960408784,0
                84.8789627469664,27.5818831084047,0
                84.8783735863973,27.5813498961579,0
                84.8781015123506,27.5806567030854,0
                84.8780587111823,27.5803682285147,0
                84.878206703606,27.5797941575408,0
                84.8784224924613,27.5795469332773,0
                84.8792400198128,27.5790341169246,0
                84.8797565875667,27.5784871124688,0
                84.8798665165632,27.5782224505456,0
                84.8798768335674,27.5779291014958,0
                84.8801831159207,27.5774352756568,0
                84.8803208616883,27.5767733995001,0
                84.8801529526741,27.5764473016683,0
                84.8797668253229,27.5760391438278,0
                84.8796115392124,27.5757716025669,0
                84.8792842827187,27.5751352166677,0
                84.8792283586641,27.5748716140724,0
                84.8792802345053,27.5744674009437,0
                84.8794677817595,27.5740149451569,0
                84.8795943938212,27.5738562735117,0
                84.8799940338965,27.5735762431118,0
                84.8803112481038,27.5732719001526,0
                84.8803759317005,27.5730458591558,0
                84.8806032875245,27.5725119733369,0
                84.8810473218704,27.5710426739343,0
                84.8810425898876,27.5702169356132,0
                84.8809859828401,27.5697051678761,0
                84.8807975232407,27.5690114763959,0
                84.8804832589483,27.568650191726,0
                84.8801468691447,27.5685372581041,0
                84.8798393451321,27.5686204330445,0
                84.8793765891575,27.5688490305937,0
                84.8784389593409,27.5690602456988,0
                84.8779446477797,27.5691423549614,0
                84.8775072060865,27.5691270373413,0
                84.8772205576779,27.5690611633383,0
                84.8769162262109,27.5689141708364,0
                84.8768323650805,27.5687928680947,0
                84.8765288631509,27.567806576022,0
                84.8758527821825,27.5669873885205,0
                84.8750906392769,27.5667327107659,0
                84.8746311996418,27.566742389789,0
                84.8743543673684,27.5664643479694,0
                84.8727964411783,27.5668307270532,0
                84.8726998283175,27.5668582851198,0
                84.87222551294,27.5669876410751,0
                84.8714121145142,27.567295036925,0
                84.870871433237,27.5674293286395,0
                84.8679222964024,27.5687608482492,0
                84.8672056312422,27.5692142960385,0
                84.8660142715655,27.5700790742353,0
                84.8645996935497,27.5708144220157,0
                84.8627320487753,27.5716449418865,0
                84.8618532249721,27.5717722290432,0
                84.8604983448755,27.5716430299402,0
                84.8601082706079,27.5716973311739,0
                84.8598612369473,27.571843251877,0
                84.8591205071693,27.5726284822842,0
                84.8589190268285,27.5729252648339,0
                84.8588277156407,27.5734740886996,0
                84.8586329835662,27.5738294918488,0
                84.8585044991901,27.5739137944932,0
                84.8573791425714,27.5741665656596,0
                84.8568865161294,27.5743840379879,0
                84.8566392930735,27.5746653208626,0
                84.8566076031716,27.5749836044421,0
                84.856340249296,27.5756869128903,0
                84.8562020687854,27.576231548736,0
                84.8560923924646,27.5763765970921,0
                84.8555867042144,27.5766144418317,0
                84.8547463133699,27.5767346045732,0
                84.8543934824871,27.5768653376422,0
                84.8540478965722,27.5771968646298,0
                84.8538847839505,27.5776265732251,0
                84.8534485783482,27.5782700089407,0
                84.8527959655322,27.5788470714591,0
                84.8513578988978,27.57918526727,0
                84.8504727010316,27.5793125532321,0
                84.8500246368513,27.5792430525264,0
                84.8497689858389,27.5790889991385,0
                84.8495680170963,27.5788826397455,0
                84.849506532224,27.5785401071386,0
                84.849572597086,27.5780004689306,0
                84.8495411663312,27.5778675425338,0
                84.8493921891216,27.5777511128443,0
                84.8487219670118,27.5776830457551,0
                84.848527304116,27.5777202886243,0
                84.8480609243988,27.5779036398179,0
                84.8478006381728,27.5782977877297,0
                84.8478788620887,27.5790892186177,0
                84.847827800451,27.5793625677609,0
                84.8482376636508,27.5803076155439,0
                84.8482650205903,27.5809843052768,0
                84.8483688082051,27.5815612553561,0
                84.8482368829242,27.5817696095546,0
                84.8482355031055,27.5820065260916,0
                84.8481871962376,27.5820609571657,0
                84.8478918548847,27.5823448019368,0
                84.8474313490062,27.5825484018214,0
                84.8458573669237,27.5826730513925,0
                84.8441370271399,27.5829452493205,0
                84.8436155975495,27.5828897453401,0
                84.8419310188519,27.5823743259095,0
                84.8407293039793,27.5823386845652,0
                84.8401331361186,27.5822024369882,0
                84.8395691466133,27.5822825456203,0
                84.8388015563166,27.5824812022163,0
                84.8365928940992,27.5833022797135,0
                84.8356122105306,27.5833690701242,0
                84.8343536869917,27.5835210355249,0
                84.8313236427028,27.5838866402057,0
                84.8310387431669,27.5838815734435,0
                84.828275798179,27.5838326571682,0
                84.8278753274694,27.5849541133589,0
                84.8276373526801,27.585296203379,0
                84.8266878938477,27.5863239078327,0
                84.8262357581907,27.5867236148686,0
                84.8258759213031,27.5871996290027,0
                84.8256437551631,27.5876364606682,0
                84.8256742953735,27.5885071339231,0
                84.8257635194288,27.5891767003243,0
                84.8262443731839,27.590155246102,0
                84.8265805696746,27.5905729016371,0
                84.8284292360076,27.5918591920922,0
                84.8286363272129,27.5921264211143,0
                84.8288306676385,27.5925494496306,0
                84.8279137608627,27.5939491835766,0
                84.8272023384826,27.5947317893416,0
                84.8260172883796,27.5956706861905,0
                84.8249346825111,27.5956658564629,0
                84.8237788190869,27.5964465793999,0
                84.8228306302972,27.5965627412052,0
                84.8220171709507,27.5967412740045,0
                84.8207982689813,27.5967958739469,0
                84.8205764765059,27.5972845139951,0
                84.8212234412512,27.5978650353258,0
                84.8219502538498,27.5992301753887,0
                84.8222982672809,27.5993702937422,0
                84.8224533630304,27.5997935706409,0
                84.8225161572957,27.6002330953588,0
                84.8234206974454,27.601563366288,0
                84.8241428935174,27.6025517893822,0
                84.82467518813,27.603031442662,0
                84.8263997349583,27.6047945638216,0
                84.82733884235,27.6056598142433,0
                84.8289303057277,27.6062910967226,0
                84.8297744400172,27.6064801556241,0
                84.8305069668399,27.6065569116313,0
                84.8308033007691,27.6066454085303,0
                84.8310382069772,27.6066462248757,0
                84.8311750013403,27.606647664546,0
                84.8316829921918,27.6068454044976,0
                84.831869769566,27.6073496751663,0
                84.8318437656496,27.6076815198554,0
                84.8318091080877,27.6094617979543,0
                84.8320759990669,27.6100061913758,0
                84.8324389420187,27.6104439075343,0
                84.8327962015053,27.6107125771451,0
                84.8344722848373,27.6110544490832,0
                84.8353637276546,27.6111325821737,0
                84.8357466768553,27.6111122154235,0
                84.8374808239894,27.6110160024853,0
                84.8393299501806,27.611210141104,0
                84.839945176556,27.6114275690662,0
                84.8410162734928,27.6119760374863,0
                84.8415026355857,27.6124874998466,0
                84.8419120539639,27.6137800156741,0
                84.8419548532701,27.614161108147,0
                84.8423737147684,27.6151129046258,0
                84.8441356267029,27.617137252838,0
                84.844984369888,27.6180796821874,0
                84.8466748671648,27.6194478375948,0
                84.8467764107779,27.6197247525289,0
                84.8466678545129,27.6201044039819,0
                84.8461790905441,27.6208587035923,0
                84.8456922714712,27.6212880940548,0
                84.8448519975298,27.6217827861331,0
                84.844506291759,27.6218773974061,0
                84.8437565716212,27.6222091046334,0
                84.8433423124145,27.6222792789746,0
                84.8431909590737,27.6221899721211,0
                84.8423110796847,27.6219877878498,0
                84.8416466010171,27.6222106324329,0
                84.8414219445669,27.6221420718173,0
                84.8411882864739,27.6222314351341,0
                84.8404355023579,27.6226579473132,0
                84.8397145295761,27.6229488463538,0
                84.8391304746318,27.6232614344325,0
                84.837642535105,27.6238616055017,0
                84.8374569242237,27.6243499968205,0
                84.8371965731272,27.6248434478176,0
                84.8368983555999,27.6251859126601,0
                84.8367834935983,27.6253174611302,0
                84.8360703896883,27.6258090928929,0
                84.8351011431795,27.6258442610991,0
                84.8348700462467,27.6259381243454,0
                84.8346799433493,27.6260972319726,0
                84.8341007492126,27.6271181927259,0
                84.8339043946754,27.6273652932189,0
                84.833439761066,27.6277178163166,0
                84.8332251590708,27.6279876005042,0
                84.8332894502336,27.6286121713004,0
                84.8331919564784,27.6289533889761,0
                84.8334601675937,27.629078131737,0
                84.8336645080245,27.6294739754871,0
                84.8336970576411,27.6298415676824,0
                84.8335335559699,27.6309931492751,0
                84.833619224653,27.6313491188906,0
                84.8339363616278,27.6317533384178,0
                84.8344377278537,27.6319736389424,0
                84.8345620835056,27.632090255382,0
                84.8348505331981,27.6327089555406,0
                84.8355686136765,27.6332799155858,0
                84.8362124447884,27.6342484647397,0
                84.8364457118921,27.6349487186155,0
                84.8365378106563,27.6356475322205,0
                84.8365884272639,27.6357239637284,0
                84.8368195196285,27.6358015236982,0
                84.8372768359967,27.6357242882814,0
                84.8385085584261,27.6352159786064,0
                84.8389724995175,27.6350936225836,0
                84.8392565263517,27.6349633265883,0
                84.8403401365958,27.6347987963236,0
                84.8410549791391,27.6347764356771,0
                84.8424986674469,27.6345804144086,0
                84.844098652191,27.6341126702889,0
                84.8455255947677,27.6337926598874,0
                84.8471598837817,27.6335118996807,0
                84.8479351614475,27.6332770583309,0
                84.8486227576843,27.6332570716342,0
                84.8503052331111,27.6327391456139,0
                84.8507680536379,27.6323956214164,0
                84.8516439568345,27.6315058412317,0
                84.8521700883503,27.6308325346192,0
                84.8529986942874,27.6294669831604,0
                84.8533897951288,27.6281379838112,0
                84.8535342808283,27.6279001947593,0
                84.8539637948289,27.6275116746235,0
                84.8543677466746,27.627258828807,0
                84.8551237889344,27.62643291557,0
                84.856190969525,27.6259615997341,0
                84.857174906833,27.6257005768421,0
                84.8582330255763,27.6252811322272,0
                84.8583265780028,27.6251858298745,0
                84.8584466265133,27.6250632176359,0
                84.8587359648038,27.6249779803848,0
                84.8595947383751,27.6244176696047,0
                84.8599373194697,27.6243410568266,0
                84.8613689950024,27.6248059771332,0
                84.8618203680593,27.6250332762729,0
                84.8619070402032,27.6251862020728,0
                84.8619859661082,27.6252353232279,0
                84.8622851743765,27.6253530678452,0
                84.8629413291095,27.6257731035224,0
                84.8635039321759,27.6262140732329,0
                84.8652532203116,27.6282539824502,0
                84.8661264473851,27.6297759856507,0
                84.866817903552,27.6304823088464,0
                84.867316829244,27.6308695327124,0
                84.8673116394021,27.6310207062823,0
                84.8670502259668,27.6315186576406,0
                84.8670992728935,27.6319538073967,0
                84.8678480743181,27.6337562831195,0
                84.8679851619575,27.6346737037155,0
                84.8680935154717,27.6349978634874,0
                84.8686974159294,27.6359258529522,0
                84.8691955282793,27.6363671971237,0
                84.8699824147978,27.6368067335865,0
                84.8707675558988,27.6370319133056,0
                84.8710493312037,27.637018919078,0
                84.8726107585473,27.6365736726401,0
                84.8726986866194,27.6364851194473,0
                84.8727332450275,27.6364510609239,0
                84.8734251541247,27.6364061388986,0
                84.8742691761289,27.6359856278331,0
                84.8747844244457,27.6357950911028,0
                84.8751058822385,27.6357547251153,0
                84.8760982494673,27.6358342341584,0
                84.876596742478,27.6359980404625,0
              </coordinates>
            </LinearRing>
          </outerBoundaryIs>
        </Polygon>
      </Placemark>
      <Placemark id="BA_MAKAWANPUR_Raksirang.6">
        <ExtendedData>
          <SchemaData schemaUrl="#BA_MAKAWANPUR_Raksirang.schema">
            <SimpleData name="ogc_fid">2376</SimpleData>
            <SimpleData name="objectid_1">2377</SimpleData>
            <SimpleData name="dcode">31</SimpleData>
            <SimpleData name="district">MAKAWANPUR</SimpleData>
            <SimpleData name="das">0</SimpleData>
            <SimpleData name="gapa_napa">Raksirang</SimpleData>
            <SimpleData name="type_gn">Gaunpalika</SimpleData>
            <SimpleData name="gn_code">9.000000000000000</SimpleData>
            <SimpleData name="new_ward_n">5</SimpleData>
            <SimpleData name="ddgnww">310904.999999999941792</SimpleData>
            <SimpleData name="center">Chainpur</SimpleData>
            <SimpleData name="state_code">3</SimpleData>
            <SimpleData name="ddgn">31009</SimpleData>
            <SimpleData name="area_sqkm">18.142250254699999</SimpleData>
            <SimpleData name="shape_leng">22382.328598600000987</SimpleData>
            <SimpleData name="shape_area">18142250.254700001329184</SimpleData>
            <SimpleData name="Province">BA</SimpleData>
            <SimpleData name="Address">Raksirang-5, MAKAWANPUR, BA</SimpleData>
          </SchemaData>
        </ExtendedData>
        <Polygon>
          <outerBoundaryIs>
            <LinearRing>
              <coordinates>
                84.8743543673684,27.5664643479694,0
                84.8739217475446,27.5659436374922,0
                84.8737963906454,27.565863204551,0
                84.8726995416227,27.5656219586077,0
                84.8722531650359,27.5655232098695,0
                84.87224997793,27.5655142106833,0
                84.8711670642698,27.5652772762439,0
                84.870059468619,27.5648736687379,0
                84.8676854307585,27.5638259110772,0
                84.8668874261777,27.5631043367448,0
                84.8667521511441,27.5621666686816,0
                84.8665865609273,27.561551783659,0
                84.86611445581,27.5605891115087,0
                84.8656746511011,27.5600322795353,0
                84.8652520274289,27.5596491191228,0
                84.864377656217,27.5590318475352,0
                84.8643457876255,27.5589282932141,0
                84.8635937773613,27.5581770976599,0
                84.8629924390335,27.5572716064383,0
                84.8621417607775,27.5562030005824,0
                84.8608606443096,27.5549632779042,0
                84.8603974617393,27.5546479855779,0
                84.8596976241866,27.5543320649511,0
                84.8582980700858,27.5538081514102,0
                84.857221343896,27.5535327828529,0
                84.8562174805467,27.5533427208779,0
                84.8535461537512,27.5530003948107,0
                84.8531160266489,27.5528698989653,0
                84.8523190797477,27.5523535575973,0
                84.8512531208195,27.5511712081492,0
                84.8504669886079,27.5504991302903,0
                84.8500649902576,27.5499759204161,0
                84.8487324439503,27.5486845131253,0
                84.8473798355804,27.5474925356191,0
                84.8470703851664,27.5470724428962,0
                84.8460877208923,27.5461850058631,0
                84.845860320985,27.5458253462175,0
                84.845451885311,27.545374380241,0
                84.8446020714165,27.5447997295648,0
                84.844255187301,27.5444566296028,0
                84.8438004402578,27.5442360167251,0
                84.8431975833196,27.5441833242351,0
                84.8422163952398,27.5444690327417,0
                84.8415352288947,27.5447686825274,0
                84.8403559448559,27.5448795905784,0
                84.837186111979,27.5450273375422,0
                84.8359655203585,27.5452129253534,0
                84.8354445269299,27.545173170796,0
                84.8344091698276,27.5449131763654,0
                84.8333327605331,27.5444075163831,0
                84.8329324393959,27.5443512653555,0
                84.8322232885224,27.5441343973916,0
                84.8317287921724,27.5440944557003,0
                84.8310390033442,27.5443445469598,0
                84.8310093813924,27.5443559823719,0
                84.8300653659743,27.5451264607159,0
                84.8295803540342,27.5457678328139,0
                84.8294157446504,27.5460937385171,0
                84.8293743702509,27.5463083435639,0
                84.8297780595025,27.5466443203473,0
                84.830512455177,27.5470234860137,0
                84.8310388767135,27.5474354579788,0
                84.8314781231974,27.5477803093787,0
                84.8322026980111,27.5486197466668,0
                84.8325593258877,27.5491726397955,0
                84.8328176566892,27.549694535497,0
                84.8329153196561,27.5502354258901,0
                84.8328477619554,27.5504140962645,0
                84.8328445012513,27.5509871706066,0
                84.8329607866911,27.5515482466568,0
                84.8329957641324,27.5524099203247,0
                84.8328555244124,27.5527807601933,0
                84.8326575459064,27.5530436704751,0
                84.832293213123,27.5533255766522,0
                84.8315112480947,27.5536191000508,0
                84.8310388724367,27.5536557142212,0
                84.8308915162904,27.5536678978929,0
                84.829871157372,27.5533896562152,0
                84.8297084322193,27.5532124815182,0
                84.8292013285467,27.5524281062878,0
                84.8286930580341,27.5506419449526,0
                84.8282560030433,27.5500782384617,0
                84.8278749404817,27.5494758483225,0
                84.8275442495736,27.5487559073733,0
                84.8266989537736,27.547339519667,0
                84.8264678018967,27.5470611658048,0
                84.8262542081338,27.5469315487783,0
                84.8253135251744,27.5467183024647,0
                84.8245635603725,27.5467926582414,0
                84.8236852994603,27.5468881355214,0
                84.8233417805321,27.5469871837665,0
                84.8225369387146,27.5475063735454,0
                84.8224630074462,27.5477008547879,0
                84.8221112327408,27.5481270609336,0
                84.8216567852308,27.5484613989414,0
                84.8200912321887,27.5489737648364,0
                84.8196472920958,27.5489267614225,0
                84.8191896669963,27.5488347001905,0
                84.8187329197995,27.5485937138028,0
                84.8183767865618,27.5482731744941,0
                84.8162321834956,27.54587622832,0
                84.815897793862,27.5456751157855,0
                84.8152513838035,27.5454600613475,0
                84.8149566636689,27.5459062668045,0
                84.8146511873791,27.5467090027362,0
                84.8148520589951,27.5486300842146,0
                84.8148489214158,27.5492325299641,0
                84.8143800178696,27.5506115240116,0
                84.8140621581345,27.5518723438767,0
                84.813907109113,27.5522093736523,0
                84.8136621365179,27.5524590345655,0
                84.8133130466133,27.5530115418814,0
                84.8118202266206,27.5538776270975,0
                84.8110313284276,27.5540062899743,0
                84.810459033421,27.5538043610119,0
                84.8102255014718,27.5538034828936,0
                84.8099376541353,27.5543353680026,0
                84.8097289281718,27.5545193483165,0
                84.8087393705938,27.5545498910655,0
                84.8085849521597,27.5546410683803,0
                84.8080515831517,27.5547434256294,0
                84.8076034514716,27.5549084656872,0
                84.8063964826055,27.5550688690889,0
                84.8049525432226,27.5553593192835,0
                84.8044668517162,27.555664408456,0
                84.8041962608902,27.5557043379003,0
                84.8039985939871,27.5560168695994,0
                84.8036887259797,27.5576227834212,0
                84.8035828583846,27.5579415033165,0
                84.8028311997461,27.5613639966524,0
                84.8027429392635,27.5624519605673,0
                84.8025770039592,27.5633959984695,0
                84.8036319794721,27.5668598940297,0
                84.8037073339117,27.5673851604529,0
                84.8037301174341,27.5686056138604,0
                84.8046429709498,27.5698412060953,0
                84.805942525444,27.5709866255663,0
                84.8072670784022,27.5719919320921,0
                84.8083973580757,27.5724004138674,0
                84.8088799146584,27.5726029667226,0
                84.8090448332898,27.5724801675276,0
                84.8091838806293,27.5722921241716,0
                84.8105718423287,27.5713184216173,0
                84.8108191899072,27.5710372009797,0
                84.8111943963225,27.5707664816536,0
                84.8119241758707,27.5706765014185,0
                84.8123615592851,27.5705070244756,0
                84.8124606735645,27.570375537217,0
                84.81369602431,27.5696801821198,0
                84.8141855985824,27.5690320611255,0
                84.8145653663274,27.5687704029998,0
                84.8148322735843,27.5684890579591,0
                84.8159783140805,27.5682905319102,0
                84.8173947581879,27.5679437734898,0
                84.8179951878976,27.5674845125926,0
                84.8185201249299,27.56717454889,0
                84.8188575922495,27.5665972934675,0
                84.8190509446868,27.5664629962405,0
                84.8191711180453,27.5663743186725,0
                84.8193282859252,27.5663124517417,0
                84.8194992560199,27.5666611731494,0
                84.8194931724267,27.56771932846,0
                84.819656699746,27.5683478377609,0
                84.8201576741207,27.5694165631144,0
                84.8208785000905,27.5701636329904,0
                84.8211496425376,27.5706245332183,0
                84.8216888693248,27.5712936699846,0
                84.8219469519713,27.5716960133519,0
                84.822408242892,27.5727875485494,0
                84.8240194118051,27.5754380252184,0
                84.8242656235805,27.5757027557211,0
                84.8245697597248,27.5762537119122,0
                84.8254774910161,27.5773561283948,0
                84.8255692242656,27.5776059822338,0
                84.8258089731488,27.5791049143886,0
                84.8264818560124,27.5804591167833,0
                84.8271565656464,27.5811251937239,0
                84.8275895013893,27.581449734507,0
                84.8278930773068,27.5818427661349,0
                84.8282220816485,27.582571831638,0
                84.828303238462,27.5835211855488,0
                84.8283053007936,27.5835414335823,0
                84.828275798179,27.5838326571682,0
                84.8310387431669,27.5838815734435,0
                84.8313236427028,27.5838866402057,0
                84.8343536869917,27.5835210355249,0
                84.8356122105306,27.5833690701242,0
                84.8365928940992,27.5833022797135,0
                84.8388015563166,27.5824812022163,0
                84.8395691466133,27.5822825456203,0
                84.8401331361186,27.5822024369882,0
                84.8407293039793,27.5823386845652,0
                84.8419310188519,27.5823743259095,0
                84.8436155975495,27.5828897453401,0
                84.8441370271399,27.5829452493205,0
                84.8458573669237,27.5826730513925,0
                84.8474313490062,27.5825484018214,0
                84.8478918548847,27.5823448019368,0
                84.8481871962376,27.5820609571657,0
                84.8482355031055,27.5820065260916,0
                84.8482368829242,27.5817696095546,0
                84.8483688082051,27.5815612553561,0
                84.8482650205903,27.5809843052768,0
                84.8482376636508,27.5803076155439,0
                84.847827800451,27.5793625677609,0
                84.8478788620887,27.5790892186177,0
                84.8478006381728,27.5782977877297,0
                84.8480609243988,27.5779036398179,0
                84.848527304116,27.5777202886243,0
                84.8487219670118,27.5776830457551,0
                84.8493921891216,27.5777511128443,0
                84.8495411663312,27.5778675425338,0
                84.849572597086,27.5780004689306,0
                84.849506532224,27.5785401071386,0
                84.8495680170963,27.5788826397455,0
                84.8497689858389,27.5790889991385,0
                84.8500246368513,27.5792430525264,0
                84.8504727010316,27.5793125532321,0
                84.8513578988978,27.57918526727,0
                84.8527959655322,27.5788470714591,0
                84.8534485783482,27.5782700089407,0
                84.8538847839505,27.5776265732251,0
                84.8540478965722,27.5771968646298,0
                84.8543934824871,27.5768653376422,0
                84.8547463133699,27.5767346045732,0
                84.8555867042144,27.5766144418317,0
                84.8560923924646,27.5763765970921,0
                84.8562020687854,27.576231548736,0
                84.856340249296,27.5756869128903,0
                84.8566076031716,27.5749836044421,0
                84.8566392930735,27.5746653208626,0
                84.8568865161294,27.5743840379879,0
                84.8573791425714,27.5741665656596,0
                84.8585044991901,27.5739137944932,0
                84.8586329835662,27.5738294918488,0
                84.8588277156407,27.5734740886996,0
                84.8589190268285,27.5729252648339,0
                84.8591205071693,27.5726284822842,0
                84.8598612369473,27.571843251877,0
                84.8601082706079,27.5716973311739,0
                84.8604983448755,27.5716430299402,0
                84.8618532249721,27.5717722290432,0
                84.8627320487753,27.5716449418865,0
                84.8645996935497,27.5708144220157,0
                84.8660142715655,27.5700790742353,0
                84.8672056312422,27.5692142960385,0
                84.8679222964024,27.5687608482492,0
                84.870871433237,27.5674293286395,0
                84.8714121145142,27.567295036925,0
                84.87222551294,27.5669876410751,0
                84.8726998283175,27.5668582851198,0
                84.8727964411783,27.5668307270532,0
                84.8743543673684,27.5664643479694,0
              </coordinates>
            </LinearRing>
          </outerBoundaryIs>
        </Polygon>
      </Placemark>
      <Placemark id="BA_MAKAWANPUR_Raksirang.7">
        <ExtendedData>
          <SchemaData schemaUrl="#BA_MAKAWANPUR_Raksirang.schema">
            <SimpleData name="ogc_fid">2377</SimpleData>
            <SimpleData name="objectid_1">2378</SimpleData>
            <SimpleData name="dcode">31</SimpleData>
            <SimpleData name="district">MAKAWANPUR</SimpleData>
            <SimpleData name="das">0</SimpleData>
            <SimpleData name="gapa_napa">Raksirang</SimpleData>
            <SimpleData name="type_gn">Gaunpalika</SimpleData>
            <SimpleData name="gn_code">9.000000000000000</SimpleData>
            <SimpleData name="new_ward_n">3</SimpleData>
            <SimpleData name="ddgnww">310903.000000000058208</SimpleData>
            <SimpleData name="center">Chainpur</SimpleData>
            <SimpleData name="state_code">3</SimpleData>
            <SimpleData name="ddgn">31009</SimpleData>
            <SimpleData name="area_sqkm">20.512136833800000</SimpleData>
            <SimpleData name="shape_leng">31869.531100200001674</SimpleData>
            <SimpleData name="shape_area">20512136.833799999207258</SimpleData>
            <SimpleData name="Province">BA</SimpleData>
            <SimpleData name="Address">Raksirang-3, MAKAWANPUR, BA</SimpleData>
          </SchemaData>
        </ExtendedData>
        <Polygon>
          <outerBoundaryIs>
            <LinearRing>
              <coordinates>
                84.8878262003852,27.5638114326983,0
                84.888090942877,27.5625011800228,0
                84.8883044253989,27.5619808550443,0
                84.8885120411105,27.5611109355038,0
                84.889020064292,27.5597585024228,0
                84.889116135412,27.5587223468164,0
                84.8894398176559,27.5569446359164,0
                84.8895221880183,27.5566441020777,0
                84.889691355983,27.5565031169696,0
                84.8909201390868,27.5560936121606,0
                84.8944665464506,27.5559964288091,0
                84.8949745430074,27.5558983842454,0
                84.8962631981199,27.5552967086887,0
                84.8964653020986,27.5550088633663,0
                84.8971654727212,27.5543433094666,0
                84.8976956584422,27.5540871535263,0
                84.8979983104066,27.5538754268303,0
                84.9001193566259,27.55314646552,0
                84.9008202728643,27.5527268268643,0
                84.901697364076,27.5517870503073,0
                84.9032700734058,27.5497147619194,0
                84.9034973602669,27.549496660055,0
                84.9042662848406,27.5482710943111,0
                84.9044345872433,27.5476495902412,0
                84.904618821525,27.5472715649507,0
                84.9053923015383,27.5462896652619,0
                84.9052207075578,27.5458959472226,0
                84.9049601219583,27.545683274943,0
                84.9040569361737,27.545343977415,0
                84.9036787990201,27.5452990375417,0
                84.9017624385984,27.5448016134074,0
                84.9011155856396,27.5448644089741,0
                84.9007853767685,27.5449523336458,0
                84.8995747072072,27.5457927381487,0
                84.898981093795,27.5460198953807,0
                84.897997270369,27.5468204328373,0
                84.8968819035777,27.5474796054894,0
                84.8960273795796,27.5480740384258,0
                84.8953560882778,27.5483175049595,0
                84.8946531124245,27.5486401519697,0
                84.8943162807949,27.5487032657263,0
                84.8934408972106,27.5486772539767,0
                84.8931773681568,27.5487286201921,0
                84.8923223589029,27.5486325514188,0
                84.8910306497882,27.5488529479334,0
                84.8899041029265,27.5493046388425,0
                84.888712182565,27.5500477409358,0
                84.8874016537787,27.5507645924094,0
                84.8864607715538,27.5510931720425,0
                84.8854449665623,27.551162836488,0
                84.8837829325928,27.5513719775839,0
                84.8833429914829,27.5513589717275,0
                84.8828518720896,27.5511951661141,0
                84.8821290293092,27.5512448992865,0
                84.8801058647483,27.5510162615005,0
                84.8796962368048,27.550754903005,0
                84.8789455437935,27.5497804778193,0
                84.87911096074,27.5497320468544,0
                84.8794317344967,27.5495630672675,0
                84.8795207251713,27.5494519542895,0
                84.8795289785643,27.5492195378834,0
                84.8797040247618,27.5488754464816,0
                84.880062045723,27.5486092258412,0
                84.8824316273515,27.5476194784219,0
                84.883241158266,27.5470074845902,0
                84.8837646569903,27.5467176440413,0
                84.884428895776,27.546056838874,0
                84.8846557480922,27.5457011869349,0
                84.8853678074881,27.5443046359448,0
                84.8854038865089,27.5432801034867,0
                84.8850975732356,27.5422465032441,0
                84.8850242792129,27.5418611609419,0
                84.8848082686799,27.5407254468789,0
                84.8843843441392,27.5397872731182,0
                84.8841311968445,27.5394617361534,0
                84.8835472809451,27.5391608783622,0
                84.8831267751167,27.5391161873982,0
                84.8822736317579,27.5394126464304,0
                84.8803335593723,27.5402032938534,0
                84.8798664964559,27.540190537306,0
                84.8794753597992,27.540265149133,0
                84.8788459427407,27.5402827002958,0
                84.8764790831635,27.539604971665,0
                84.8758106087133,27.5395843373933,0
                84.8755366474646,27.5394935904073,0
                84.8744835844033,27.5401951353976,0
                84.8732330584302,27.5404173446662,0
                84.8728794210647,27.540263852765,0
                84.872786431045,27.5403524684422,0
                84.8727000685825,27.5403146577356,0
                84.8722416958529,27.5401167300573,0
                84.871424620543,27.5399368584387,0
                84.8701639785848,27.5397529781945,0
                84.8696691061516,27.5397492831675,0
                84.8693480232029,27.5397941487235,0
                84.8686221225946,27.539615965385,0
                84.8672144370378,27.5394848290241,0
                84.866870235941,27.5393290869069,0
                84.8650324428334,27.5380838555796,0
                84.8650745076211,27.5377158264152,0
                84.8651416289654,27.5374807856727,0
                84.8658301825757,27.5365288828126,0
                84.8665031058485,27.5359268228393,0
                84.8668858704514,27.5357597185442,0
                84.8683019569224,27.5346318427808,0
                84.8685008724598,27.534418490174,0
                84.86895712951,27.5341855185647,0
                84.8693854498043,27.5340970966282,0
                84.8704188759084,27.5340387431685,0
                84.8716127129607,27.5342681797899,0
                84.8727004412029,27.5344305584178,0
                84.8737406126239,27.5345841873749,0
                84.8741165626222,27.5345953800402,0
                84.8750108283961,27.5341498092503,0
                84.8762733695996,27.5331423578151,0
                84.8763601097683,27.5330651160229,0
                84.8773981780044,27.5321583395721,0
                84.8776546507177,27.5318656822668,0
                84.8787063421491,27.5310062140336,0
                84.8795353054065,27.5304685256832,0
                84.880628117612,27.5295275657934,0
                84.8810780109087,27.5288162611042,0
                84.8812586881457,27.5281518235355,0
                84.8813570707924,27.5271539773334,0
                84.881563116632,27.5266563371971,0
                84.8830176069991,27.523871984898,0
                84.8834809935757,27.5233546646507,0
                84.8844249431272,27.5228026668775,0
                84.8832794246163,27.5219593478548,0
                84.8787819774842,27.5180125016523,0
                84.8786843656584,27.5179815645426,0
                84.8770206265939,27.5190321312728,0
                84.87504530809,27.5198861471478,0
                84.8741200513056,27.5200859888054,0
                84.8736265511594,27.5202401545223,0
                84.8727264838459,27.5201827069171,0
                84.8727005501099,27.5201851438721,0
                84.8711572492401,27.5203933497552,0
                84.8699215996148,27.5204620108449,0
                84.8696566327142,27.5205584351797,0
                84.8691502609644,27.5206044227949,0
                84.8689384120386,27.5206982865096,0
                84.8686571361739,27.5207384030388,0
                84.867258813205,27.5211148458567,0
                84.8664982890807,27.5211083344975,0
                84.8663146252081,27.5211613886527,0
                84.8660566553008,27.5213434934303,0
                84.865943178225,27.5209899607306,0
                84.865445570764,27.520300388911,0
                84.8643546141102,27.5191384746651,0
                84.8628281602051,27.5176182725739,0
                84.861640708032,27.5168856313412,0
                84.8608388839843,27.5165205876938,0
                84.8600106224282,27.5163429651317,0
                84.8597366621005,27.5161776632197,0
                84.859562753031,27.5159418687933,0
                84.8595101382259,27.5157661961916,0
                84.8593703509165,27.5154444722912,0
                84.8586398675746,27.5162860104628,0
                84.85833384385,27.5163825593333,0
                84.8574184493601,27.5171259777493,0
                84.8565874862952,27.5176523543437,0
                84.8559768768469,27.5178005186796,0
                84.855208531744,27.518249715164,0
                84.8541371078621,27.5183691250642,0
                84.8533793925893,27.5185587826565,0
                84.851871900462,27.5187349297736,0
                84.8491811684472,27.5199652124979,0
                84.8483600768254,27.5206313272175,0
                84.8478953166621,27.5210718424166,0
                84.8455574428273,27.523863429599,0
                84.8443517065085,27.5248792562918,0
                84.8436609693421,27.5256460513184,0
                84.8433909389411,27.5258304052575,0
                84.8432031458834,27.526088754435,0
                84.8412171917663,27.5275131568904,0
                84.8395734389488,27.5290979256833,0
                84.8390501186954,27.5298344138826,0
                84.8387838979748,27.5301134467088,0
                84.8363806302898,27.5312469936399,0
                84.8347463360271,27.5317486715218,0
                84.8342537097933,27.5319546444631,0
                84.8337430261984,27.5320253804437,0
                84.8332253997379,27.5323534045373,0
                84.8328491299723,27.5327166156956,0
                84.8323098822541,27.53303345349,0
                84.8319288612417,27.5334418484816,0
                84.8311129618991,27.5338144896218,0
                84.8310397210434,27.5338397354539,0
                84.8288004397508,27.5345931315678,0
                84.8281599591603,27.5347413580954,0
                84.8279256749499,27.5348780916692,0
                84.8277270082881,27.5351410652404,0
                84.8276072047059,27.5354553474579,0
                84.8280961908612,27.5360254920737,0
                84.8288928213454,27.5367088812398,0
                84.8299669052184,27.5378418599916,0
                84.8309948046163,27.5391330121001,0
                84.8309484947322,27.5392934972276,0
                84.8292022067784,27.5402266970909,0
                84.8281512139694,27.5405758984736,0
                84.8272497541764,27.5413731874937,0
                84.8271148244315,27.5418590790546,0
                84.8268750880422,27.5427223734899,0
                84.8253582141853,27.5463480235209,0
                84.8253015295214,27.5465536296185,0
                84.8253135251744,27.5467183024647,0
                84.8262542081338,27.5469315487783,0
                84.8264678018967,27.5470611658048,0
                84.8266989537736,27.547339519667,0
                84.8275442495736,27.5487559073733,0
                84.8278749404817,27.5494758483225,0
                84.8282560030433,27.5500782384617,0
                84.8286930580341,27.5506419449526,0
                84.8292013285467,27.5524281062878,0
                84.8297084322193,27.5532124815182,0
                84.829871157372,27.5533896562152,0
                84.8308915162904,27.5536678978929,0
                84.8310388724367,27.5536557142212,0
                84.8315112480947,27.5536191000508,0
                84.832293213123,27.5533255766522,0
                84.8326575459064,27.5530436704751,0
                84.8328555244124,27.5527807601933,0
                84.8329957641324,27.5524099203247,0
                84.8329607866911,27.5515482466568,0
                84.8328445012513,27.5509871706066,0
                84.8328477619554,27.5504140962645,0
                84.8329153196561,27.5502354258901,0
                84.8328176566892,27.549694535497,0
                84.8325593258877,27.5491726397955,0
                84.8322026980111,27.5486197466668,0
                84.8314781231974,27.5477803093787,0
                84.8310388767135,27.5474354579788,0
                84.830512455177,27.5470234860137,0
                84.8297780595025,27.5466443203473,0
                84.8293743702509,27.5463083435639,0
                84.8294157446504,27.5460937385171,0
                84.8295803540342,27.5457678328139,0
                84.8300653659743,27.5451264607159,0
                84.8310093813924,27.5443559823719,0
                84.8310390033442,27.5443445469598,0
                84.8317287921724,27.5440944557003,0
                84.8322232885224,27.5441343973916,0
                84.8329324393959,27.5443512653555,0
                84.8333327605331,27.5444075163831,0
                84.8344091698276,27.5449131763654,0
                84.8354445269299,27.545173170796,0
                84.8359655203585,27.5452129253534,0
                84.837186111979,27.5450273375422,0
                84.8403559448559,27.5448795905784,0
                84.8415352288947,27.5447686825274,0
                84.8422163952398,27.5444690327417,0
                84.8431975833196,27.5441833242351,0
                84.8438004402578,27.5442360167251,0
                84.844255187301,27.5444566296028,0
                84.8446020714165,27.5447997295648,0
                84.845451885311,27.545374380241,0
                84.845860320985,27.5458253462175,0
                84.8460877208923,27.5461850058631,0
                84.8470703851664,27.5470724428962,0
                84.8473798355804,27.5474925356191,0
                84.8487324439503,27.5486845131253,0
                84.8500649902576,27.5499759204161,0
                84.8504669886079,27.5504991302903,0
                84.8512531208195,27.5511712081492,0
                84.8523190797477,27.5523535575973,0
                84.8531160266489,27.5528698989653,0
                84.8535461537512,27.5530003948107,0
                84.8562174805467,27.5533427208779,0
                84.857221343896,27.5535327828529,0
                84.8582980700858,27.5538081514102,0
                84.8596976241866,27.5543320649511,0
                84.8603974617393,27.5546479855779,0
                84.8608606443096,27.5549632779042,0
                84.8621417607775,27.5562030005824,0
                84.8629924390335,27.5572716064383,0
                84.8635937773613,27.5581770976599,0
                84.8643457876255,27.5589282932141,0
                84.864377656217,27.5590318475352,0
                84.8652520274289,27.5596491191228,0
                84.8656746511011,27.5600322795353,0
                84.86611445581,27.5605891115087,0
                84.8665865609273,27.561551783659,0
                84.8667521511441,27.5621666686816,0
                84.8668874261777,27.5631043367448,0
                84.8676854307585,27.5638259110772,0
                84.870059468619,27.5648736687379,0
                84.8711670642698,27.5652772762439,0
                84.87224997793,27.5655142106833,0
                84.8722531650359,27.5655232098695,0
                84.8726995416227,27.5656219586077,0
                84.8737963906454,27.565863204551,0
                84.8739217475446,27.5659436374922,0
                84.8743543673684,27.5664643479694,0
                84.8746311996418,27.566742389789,0
                84.8750906392769,27.5667327107659,0
                84.8758527821825,27.5669873885205,0
                84.8765288631509,27.567806576022,0
                84.8768323650805,27.5687928680947,0
                84.8769162262109,27.5689141708364,0
                84.8772205576779,27.5690611633383,0
                84.8775072060865,27.5691270373413,0
                84.8779446477797,27.5691423549614,0
                84.8784389593409,27.5690602456988,0
                84.8793765891575,27.5688490305937,0
                84.8798393451321,27.5686204330445,0
                84.8801468691447,27.5685372581041,0
                84.8804832589483,27.568650191726,0
                84.8807975232407,27.5690114763959,0
                84.8809859828401,27.5697051678761,0
                84.8810425898876,27.5702169356132,0
                84.8810473218704,27.5710426739343,0
                84.8806032875245,27.5725119733369,0
                84.8808940559979,27.5727740799091,0
                84.8810503388525,27.5732446650169,0
                84.8812882990348,27.5736401957848,0
                84.8815820667677,27.5738843038831,0
                84.8819670143652,27.5739743647402,0
                84.8825739293854,27.5742028547143,0
                84.8832978255066,27.5745682717339,0
                84.8836916467242,27.5746605193266,0
                84.8838840579928,27.5746660850705,0
                84.8840682857356,27.5745904696498,0
                84.8842352043561,27.5744088639574,0
                84.8846391688813,27.5735580086522,0
                84.8849896462413,27.572425428667,0
                84.8850164705393,27.571669434241,0
                84.8848753758401,27.5711266054132,0
                84.8850175630658,27.5702368119449,0
                84.8852200470516,27.5697459215367,0
                84.885394215869,27.5695282565632,0
                84.8857447514458,27.5685671610649,0
                84.8856660209453,27.5681434477777,0
                84.8853455802794,27.5673287649698,0
                84.8846146209965,27.5670108439176,0
                84.8843630383389,27.566588252868,0
                84.884616076143,27.5661782933466,0
                84.8849205400555,27.5659439438668,0
                84.8851943867918,27.5656015415333,0
                84.8851744616593,27.5650962740706,0
                84.8849831227901,27.5645966280669,0
                84.885258219108,27.564249726102,0
                84.8859707547049,27.5639992609499,0
                84.8869177588285,27.5637833578021,0
                84.8878262003852,27.5638114326983,0
              </coordinates>
            </LinearRing>
          </outerBoundaryIs>
        </Polygon>
      </Placemark>
      <Placemark id="BA_MAKAWANPUR_Raksirang.8">
        <ExtendedData>
          <SchemaData schemaUrl="#BA_MAKAWANPUR_Raksirang.schema">
            <SimpleData name="ogc_fid">2378</SimpleData>
            <SimpleData name="objectid_1">2379</SimpleData>
            <SimpleData name="dcode">31</SimpleData>
            <SimpleData name="district">MAKAWANPUR</SimpleData>
            <SimpleData name="das">0</SimpleData>
            <SimpleData name="gapa_napa">Raksirang</SimpleData>
            <SimpleData name="type_gn">Gaunpalika</SimpleData>
            <SimpleData name="gn_code">9.000000000000000</SimpleData>
            <SimpleData name="new_ward_n">2</SimpleData>
            <SimpleData name="ddgnww">310902.000000000000000</SimpleData>
            <SimpleData name="center">Chainpur</SimpleData>
            <SimpleData name="state_code">3</SimpleData>
            <SimpleData name="ddgn">31009</SimpleData>
            <SimpleData name="area_sqkm">15.347382098500001</SimpleData>
            <SimpleData name="shape_leng">26586.639011899998877</SimpleData>
            <SimpleData name="shape_area">15347382.098500000312924</SimpleData>
            <SimpleData name="Province">BA</SimpleData>
            <SimpleData name="Address">Raksirang-2, MAKAWANPUR, BA</SimpleData>
          </SchemaData>
        </ExtendedData>
        <Polygon>
          <outerBoundaryIs>
            <LinearRing>
              <coordinates>
                84.9053923015383,27.5462896652619,0
                84.9064611810264,27.5452967094739,0
                84.9080095571733,27.5443683805595,0
                84.9090972361394,27.5438965026346,0
                84.9096910972259,27.5437820858337,0
                84.9109959838017,27.5439404680784,0
                84.9111907077405,27.5439234103806,0
                84.9123353083324,27.543830187476,0
                84.9138189920721,27.5435789845694,0
                84.9140149064036,27.5434694348115,0
                84.9141044595637,27.5433560097508,0
                84.9143614283895,27.5432144638194,0
                84.914411171735,27.5431870294481,0
                84.9153785608506,27.5424023659067,0
                84.9145759656543,27.5430664182602,0
                84.9153917451224,27.5424654231654,0
                84.9157632661584,27.542097524698,0
                84.9160612313921,27.5418608626677,0
                84.9168557638715,27.5412306819508,0
                84.9180321146516,27.5409206043383,0
                84.9182795816793,27.5409302324191,0
                84.92017219329,27.5415336474268,0
                84.922753909526,27.5417714822754,0
                84.9228863899879,27.5418631009717,0
                84.9243227413947,27.5428439742966,0
                84.9243912949984,27.5428660987677,0
                84.9244541747442,27.5422159704218,0
                84.9245391706487,27.5418633783904,0
                84.924650478546,27.541402358872,0
                84.9252961037894,27.540294843495,0
                84.9255319663931,27.5393682423357,0
                84.925610911627,27.5385194450401,0
                84.9258801388962,27.5378746316339,0
                84.9265958775496,27.5369109795546,0
                84.9270206410507,27.5365584555218,0
                84.9275440149536,27.5362683657987,0
                84.9276823805114,27.5358636543893,0
                84.9276647728373,27.5351260321549,0
                84.9281472260179,27.5343331737606,0
                84.9279212172348,27.5331840223268,0
                84.9273635109887,27.531644525781,0
                84.9274402295333,27.5296270191671,0
                84.9272563353231,27.5287484700873,0
                84.9270090089629,27.5280009698181,0
                84.926524649703,27.5272845264916,0
                84.926120963186,27.5268382472515,0
                84.9240181282305,27.5262453270798,0
                84.9230785689619,27.5260913881316,0
                84.9207767522727,27.5259283648358,0
                84.9166627313211,27.5260435357964,0
                84.916100803657,27.5261826395656,0
                84.9152035458145,27.526242681105,0
                84.9143620897981,27.5264715846981,0
                84.9143185331746,27.5264831455413,0
                84.9124061590088,27.5265949785249,0
                84.9119343423141,27.5267672678148,0
                84.910605827698,27.526936168221,0
                84.9086572739131,27.5268767038327,0
                84.9077659526782,27.5269637433976,0
                84.9064438784762,27.5269227877187,0
                84.905328400518,27.5269887012847,0
                84.9037994242139,27.526556401799,0
                84.9035156517587,27.5264296586907,0
                84.9028931173098,27.5260546818698,0
                84.9026744031473,27.5256905857966,0
                84.9025666204582,27.5249648359789,0
                84.9017863880932,27.523090490435,0
                84.9015837421278,27.5223653644877,0
                84.9000153356284,27.5188671511101,0
                84.8996569555161,27.5183618775463,0
                84.899380685848,27.5180725865279,0
                84.897919091936,27.516879481295,0
                84.8975510869742,27.5164374527343,0
                84.8973412471913,27.5160687946981,0
                84.8972057131423,27.5155845856225,0
                84.8973502666919,27.5150805077301,0
                84.8958788398062,27.5149298091135,0
                84.8949520858886,27.5150102248937,0
                84.894258922225,27.5152696275964,0
                84.8939138976131,27.5156305895338,0
                84.893808157373,27.5158523800981,0
                84.8935894213265,27.5165690003869,0
                84.8937478898789,27.5170868937745,0
                84.8932904486359,27.5171552557703,0
                84.8929068744855,27.5171441872599,0
                84.8927077779139,27.5170777524874,0
                84.8925221198775,27.5168082109636,0
                84.8913765212956,27.5138397076528,0
                84.8910542012516,27.5132506292715,0
                84.8906547011252,27.512817724022,0
                84.8897730190809,27.5121307713469,0
                84.8894577521313,27.5119432202172,0
                84.8891538575714,27.5118324126305,0
                84.8888362755633,27.511755414264,0
                84.8885167559438,27.5117462216702,0
                84.8882149814414,27.511824835056,0
                84.8878356519414,27.5120889925324,0
                84.8862091416152,27.5138952418734,0
                84.8857881918117,27.5141753971631,0
                84.8854685408679,27.5144685534605,0
                84.8851656283392,27.5151991080181,0
                84.8849050933369,27.5155257617873,0
                84.8843809688476,27.5158043537388,0
                84.8836418731575,27.5160933153606,0
                84.8828981567264,27.5162086057187,0
                84.8822984914599,27.5159754910713,0
                84.8796309373874,27.5144988291942,0
                84.8778410091021,27.513427145304,0
                84.8761238319606,27.5118789431852,0
                84.8754311176915,27.5115561473291,0
                84.874591545029,27.511385461782,0
                84.8744888109181,27.5112755950741,0
                84.8737740160669,27.5089584770385,0
                84.8735338171422,27.5080214320876,0
                84.8730569009148,27.5040197195438,0
                84.8730120991556,27.5037943635928,0
                84.872701323422,27.5040129013406,0
                84.8725749003456,27.5041017039602,0
                84.8706159518371,27.5050795838324,0
                84.8702525581947,27.5052916841751,0
                84.8695301516833,27.5054293477928,0
                84.8691454521688,27.5054249668792,0
                84.8684385418141,27.5056301861784,0
                84.8681375814505,27.5056456177954,0
                84.8669905390523,27.5059347607999,0
                84.8661312125988,27.5060709840617,0
                84.8658168175777,27.5060684169518,0
                84.8645198510923,27.5066879021424,0
                84.8640415396395,27.5066841448273,0
                84.862938367474,27.5069323539627,0
                84.8620687948114,27.5069581499345,0
                84.86182382617,27.5070295143662,0
                84.8614634951522,27.5072144926865,0
                84.8610934745744,27.5075394571508,0
                84.8608924334092,27.5078046802108,0
                84.8606902015274,27.5082300762289,0
                84.8605598704305,27.5099455456705,0
                84.8606634569156,27.5111385032178,0
                84.8606528633612,27.5127043011663,0
                84.8593703509165,27.5154444722912,0
                84.8595101382259,27.5157661961916,0
                84.859562753031,27.5159418687933,0
                84.8597366621005,27.5161776632197,0
                84.8600106224282,27.5163429651317,0
                84.8608388839843,27.5165205876938,0
                84.861640708032,27.5168856313412,0
                84.8628281602051,27.5176182725739,0
                84.8643546141102,27.5191384746651,0
                84.865445570764,27.520300388911,0
                84.865943178225,27.5209899607306,0
                84.8660566553008,27.5213434934303,0
                84.8663146252081,27.5211613886527,0
                84.8664982890807,27.5211083344975,0
                84.867258813205,27.5211148458567,0
                84.8686571361739,27.5207384030388,0
                84.8689384120386,27.5206982865096,0
                84.8691502609644,27.5206044227949,0
                84.8696566327142,27.5205584351797,0
                84.8699215996148,27.5204620108449,0
                84.8711572492401,27.5203933497552,0
                84.8727005501099,27.5201851438721,0
                84.8727264838459,27.5201827069171,0
                84.8736265511594,27.5202401545223,0
                84.8741200513056,27.5200859888054,0
                84.87504530809,27.5198861471478,0
                84.8770206265939,27.5190321312728,0
                84.8786843656584,27.5179815645426,0
                84.8787819774842,27.5180125016523,0
                84.8832794246163,27.5219593478548,0
                84.8844249431272,27.5228026668775,0
                84.8834809935757,27.5233546646507,0
                84.8830176069991,27.523871984898,0
                84.881563116632,27.5266563371971,0
                84.8813570707924,27.5271539773334,0
                84.8812586881457,27.5281518235355,0
                84.8810780109087,27.5288162611042,0
                84.880628117612,27.5295275657934,0
                84.8795353054065,27.5304685256832,0
                84.8787063421491,27.5310062140336,0
                84.8776546507177,27.5318656822668,0
                84.8773981780044,27.5321583395721,0
                84.8763601097683,27.5330651160229,0
                84.8762733695996,27.5331423578151,0
                84.8750108283961,27.5341498092503,0
                84.8741165626222,27.5345953800402,0
                84.8737406126239,27.5345841873749,0
                84.8727004412029,27.5344305584178,0
                84.8716127129607,27.5342681797899,0
                84.8704188759084,27.5340387431685,0
                84.8693854498043,27.5340970966282,0
                84.86895712951,27.5341855185647,0
                84.8685008724598,27.534418490174,0
                84.8683019569224,27.5346318427808,0
                84.8668858704514,27.5357597185442,0
                84.8665031058485,27.5359268228393,0
                84.8658301825757,27.5365288828126,0
                84.8651416289654,27.5374807856727,0
                84.8650745076211,27.5377158264152,0
                84.8650324428334,27.5380838555796,0
                84.866870235941,27.5393290869069,0
                84.8672144370378,27.5394848290241,0
                84.8686221225946,27.539615965385,0
                84.8693480232029,27.5397941487235,0
                84.8696691061516,27.5397492831675,0
                84.8701639785848,27.5397529781945,0
                84.871424620543,27.5399368584387,0
                84.8722416958529,27.5401167300573,0
                84.8727000685825,27.5403146577356,0
                84.872786431045,27.5403524684422,0
                84.8728794210647,27.540263852765,0
                84.8732330584302,27.5404173446662,0
                84.8744835844033,27.5401951353976,0
                84.8755366474646,27.5394935904073,0
                84.8758106087133,27.5395843373933,0
                84.8764790831635,27.539604971665,0
                84.8788459427407,27.5402827002958,0
                84.8794753597992,27.540265149133,0
                84.8798664964559,27.540190537306,0
                84.8803335593723,27.5402032938534,0
                84.8822736317579,27.5394126464304,0
                84.8831267751167,27.5391161873982,0
                84.8835472809451,27.5391608783622,0
                84.8841311968445,27.5394617361534,0
                84.8843843441392,27.5397872731182,0
                84.8848082686799,27.5407254468789,0
                84.8850242792129,27.5418611609419,0
                84.8850975732356,27.5422465032441,0
                84.8854038865089,27.5432801034867,0
                84.8853678074881,27.5443046359448,0
                84.8846557480922,27.5457011869349,0
                84.884428895776,27.546056838874,0
                84.8837646569903,27.5467176440413,0
                84.883241158266,27.5470074845902,0
                84.8824316273515,27.5476194784219,0
                84.880062045723,27.5486092258412,0
                84.8797040247618,27.5488754464816,0
                84.8795289785643,27.5492195378834,0
                84.8795207251713,27.5494519542895,0
                84.8794317344967,27.5495630672675,0
                84.87911096074,27.5497320468544,0
                84.8789455437935,27.5497804778193,0
                84.8796962368048,27.550754903005,0
                84.8801058647483,27.5510162615005,0
                84.8821290293092,27.5512448992865,0
                84.8828518720896,27.5511951661141,0
                84.8833429914829,27.5513589717275,0
                84.8837829325928,27.5513719775839,0
                84.8854449665623,27.551162836488,0
                84.8864607715538,27.5510931720425,0
                84.8874016537787,27.5507645924094,0
                84.888712182565,27.5500477409358,0
                84.8899041029265,27.5493046388425,0
                84.8910306497882,27.5488529479334,0
                84.8923223589029,27.5486325514188,0
                84.8931773681568,27.5487286201921,0
                84.8934408972106,27.5486772539767,0
                84.8943162807949,27.5487032657263,0
                84.8946531124245,27.5486401519697,0
                84.8953560882778,27.5483175049595,0
                84.8960273795796,27.5480740384258,0
                84.8968819035777,27.5474796054894,0
                84.897997270369,27.5468204328373,0
                84.898981093795,27.5460198953807,0
                84.8995747072072,27.5457927381487,0
                84.9007853767685,27.5449523336458,0
                84.9011155856396,27.5448644089741,0
                84.9017624385984,27.5448016134074,0
                84.9036787990201,27.5452990375417,0
                84.9040569361737,27.545343977415,0
                84.9049601219583,27.545683274943,0
                84.9052207075578,27.5458959472226,0
                84.9053923015383,27.5462896652619,0
              </coordinates>
            </LinearRing>
          </outerBoundaryIs>
        </Polygon>
      </Placemark>
      <Placemark id="BA_MAKAWANPUR_Raksirang.9">
        <ExtendedData>
          <SchemaData schemaUrl="#BA_MAKAWANPUR_Raksirang.schema">
            <SimpleData name="ogc_fid">2379</SimpleData>
            <SimpleData name="objectid_1">2380</SimpleData>
            <SimpleData name="dcode">31</SimpleData>
            <SimpleData name="district">MAKAWANPUR</SimpleData>
            <SimpleData name="das">0</SimpleData>
            <SimpleData name="gapa_napa">Raksirang</SimpleData>
            <SimpleData name="type_gn">Gaunpalika</SimpleData>
            <SimpleData name="gn_code">9.000000000000000</SimpleData>
            <SimpleData name="new_ward_n">1</SimpleData>
            <SimpleData name="ddgnww">310900.999999999941792</SimpleData>
            <SimpleData name="center">Chainpur</SimpleData>
            <SimpleData name="state_code">3</SimpleData>
            <SimpleData name="ddgn">31009</SimpleData>
            <SimpleData name="area_sqkm">22.630667728399999</SimpleData>
            <SimpleData name="shape_leng">27830.905663699999423</SimpleData>
            <SimpleData name="shape_area">22630667.728399999439716</SimpleData>
            <SimpleData name="Province">BA</SimpleData>
            <SimpleData name="Address">Raksirang-1, MAKAWANPUR, BA</SimpleData>
          </SchemaData>
        </ExtendedData>
        <Polygon>
          <outerBoundaryIs>
            <LinearRing>
              <coordinates>
                84.9648222905213,27.5261802603189,0
                84.9647914839145,27.5261285776244,0
                84.9639516101755,27.5253650685679,0
                84.9618676104962,27.5236265020265,0
                84.9609716260773,27.522588080281,0
                84.9601236936525,27.521696020766,0
                84.9593066979174,27.5207202192726,0
                84.9585000667388,27.5201370081014,0
                84.9568441753379,27.5194511661806,0
                84.9560232922865,27.5190416894583,0
                84.9553948824153,27.518727894194,0
                84.954966442691,27.5185616525471,0
                84.9538281056145,27.5179512506817,0
                84.9531822653808,27.5173758534632,0
                84.9523355930826,27.5160302096689,0
                84.9518706051008,27.5154355679538,0
                84.9515693376399,27.5151939590315,0
                84.9512474430702,27.515137521085,0
                84.9501074018703,27.5153573580324,0
                84.9495649122154,27.5153136647841,0
                84.9484003398199,27.5142183058192,0
                84.9474870289133,27.5139425656975,0
                84.9470996476702,27.5136947685371,0
                84.9467577619442,27.5133677298978,0
                84.9457839806491,27.5120905774907,0
                84.9443902127286,27.5097716990419,0
                84.944215124895,27.5091253785312,0
                84.9442065890646,27.5079003009237,0
                84.9437401776866,27.506613032587,0
                84.9428790573968,27.505849523811,0
                84.9415905882104,27.5035569574939,0
                84.9407372228883,27.5025068493004,0
                84.9404706998096,27.5023348609162,0
                84.9398046675526,27.5021137446944,0
                84.939426589967,27.502213417067,0
                84.9391354996527,27.502416143363,0
                84.9376128612121,27.5037507489183,0
                84.9372214091103,27.503909166327,0
                84.9361186773295,27.5040382609526,0
                84.9333339248361,27.5038608557715,0
                84.9329240429343,27.5037845439042,0
                84.9326090256774,27.5036332394342,0
                84.9321544073911,27.5031985828263,0
                84.9317161582314,27.5029172883815,0
                84.9311017432868,27.5027454190136,0
                84.9308454656292,27.5027358530871,0
                84.9305107567325,27.5028733970643,0
                84.9300411242899,27.503217234197,0
                84.9288976283043,27.504294305857,0
                84.9283714397079,27.5046813882898,0
                84.9278091948516,27.504989725858,0
                84.9268280723207,27.5051406339348,0
                84.9261489131657,27.5050865022044,0
                84.9253361431181,27.5051844181414,0
                84.9246472924929,27.5054033245566,0
                84.9241382287508,27.5057202879682,0
                84.9237878292395,27.5061106843465,0
                84.9231500283744,27.5066135667648,0
                84.9223881205386,27.5070337662933,0
                84.9219535512816,27.5071155644857,0
                84.9213676478353,27.5061876373095,0
                84.9210866896912,27.5059480287647,0
                84.9202346228328,27.5055679236537,0
                84.9199900362599,27.5052853198805,0
                84.9198508179277,27.5046725598779,0
                84.9196087939969,27.5043221499528,0
                84.9191278031464,27.5039846723452,0
                84.918834286492,27.5036098258363,0
                84.9186954390292,27.5031888604852,0
                84.9188453168986,27.5021184589404,0
                84.9189811806938,27.501794989901,0
                84.919005627369,27.5011630468006,0
                84.9189278984466,27.5006378422323,0
                84.9187164363441,27.5002006281653,0
                84.9187328093157,27.500190504524,0
                84.9187014479412,27.4997233576414,0
                84.9185823538027,27.4990157321241,0
                84.9184609412035,27.4985562710976,0
                84.9184896992701,27.4979830099485,0
                84.9183900377405,27.4974106216495,0
                84.9182869302739,27.4971811405852,0
                84.9179935416485,27.4967386131896,0
                84.9179089916811,27.4966804918679,0
                84.9174053832131,27.4960634134967,0
                84.9172424150274,27.4955478318752,0
                84.9172463584612,27.4952612321446,0
                84.9173356647055,27.4949741346927,0
                84.9172758672132,27.494629351816,0
                84.9173467431579,27.4941731440018,0
                84.9173300020321,27.4938280492955,0
                84.917081672326,27.4932521587156,0
                84.9167042315475,27.4928101296077,0
                84.9164334636844,27.4923494785546,0
                84.9163528567554,27.4920047581067,0
                84.9162490632255,27.4917730271591,0
                84.9162530686133,27.4914864900262,0
                84.916388561319,27.4909734133012,0
                84.9166965971227,27.4902877922725,0
                84.9167437227481,27.4899445110822,0
                84.9166829857048,27.4897147808927,0
                84.9165785033219,27.4895417942397,0
                84.9162843613012,27.4892323798736,0
                84.9161353821057,27.4891927560136,0
                84.9158386108662,27.4890953848228,0
                84.9153268663901,27.4890897519461,0
                84.914963162883,27.4891621142241,0
                84.9144251642619,27.4894995123778,0
                84.9143628591795,27.4895315088951,0
                84.9139319743413,27.4897441702628,0
                84.9135461471537,27.4898933999273,0
                84.9130330255589,27.4900230679775,0
                84.9126901923013,27.4901742360116,0
                84.912238871212,27.4904366428622,0
                84.9120228335719,27.4906253094225,0
                84.9117396114364,27.4911009502684,0
                84.9112653537636,27.4914989065443,0
                84.9110082597977,27.4916111425931,0
                84.9098964026569,27.4918485405008,0
                84.9092999192394,27.4918434062901,0
                84.9088523528756,27.4918779576671,0
                84.9084870842439,27.4920675599462,0
                84.9083792209558,27.4921811101106,0
                84.9082068664672,27.492292785205,0
                84.9080362640103,27.4923119053423,0
                84.9076962475921,27.4922690290584,0
                84.9073151766003,27.4920752277442,0
                84.9071029557355,27.4920359776521,0
                84.9068682993443,27.4920330361326,0
                84.9066114569597,27.4921069004995,0
                84.9061169528379,27.4924282384201,0
                84.9048351171432,27.4926847566429,0
                84.9044092364533,27.4926626891274,0
                84.9037249492885,27.4928273510496,0
                84.9029544839334,27.4930511930145,0
                84.9022671907275,27.4934640202576,0
                84.9021163335082,27.4935777568859,0
                84.9018348019506,27.493881913177,0
                84.9015988301363,27.4940323951179,0
                84.9008275518279,27.4943126078201,0
                84.9003770446716,27.4945185818639,0
                84.900118261163,27.4947458698293,0
                84.9000309576107,27.4948976048202,0
                84.8999011592517,27.4950292783917,0
                84.8996436274799,27.4951798856726,0
                84.8993439150073,27.4952720596638,0
                84.8989364027502,27.4954800344975,0
                84.8985065164908,27.4957422545806,0
                84.8979887015351,27.496158458286,0
                84.8976024983835,27.4963459357424,0
                84.897239858407,27.4964001743905,0
                84.8971539316517,27.4964187966848,0
                84.8970043876279,27.4964558530866,0
                84.8965778805638,27.4965105287751,0
                84.8961923040566,27.4966212625027,0
                84.8954627682489,27.4969779056884,0
                84.8950548179248,27.4972220024109,0
                84.8949254578741,27.4973356147832,0
                84.8945352486789,27.4978096292538,0
                84.8941490464281,27.4979971685709,0
                84.8938290254769,27.498014973556,0
                84.8934473909486,27.4978956031957,0
                84.8930015782987,27.4977586078536,0
                84.8928316016765,27.4976987983131,0
                84.8923213582788,27.4976388579682,0
                84.8917248119195,27.4976336610747,0
                84.8914892799751,27.4976870891835,0
                84.8910356429225,27.4981434790782,0
                84.8909245260965,27.498484883636,0
                84.8908155368925,27.498618744956,0
                84.8906442451957,27.4987122965051,0
                84.890431086547,27.4987091059693,0
                84.8900076458694,27.4985155536741,0
                84.8895392090596,27.4984734248166,0
                84.8892404355228,27.4985272272654,0
                84.8888121759298,27.4986765819224,0
                84.888726436344,27.4987155142104,0
                84.8878201023659,27.4995086784808,0
                84.887516635874,27.4998490803391,0
                84.8873856484637,27.5000777454764,0
                84.8872432893424,27.5001980452317,0
                84.8872721614113,27.5001980452278,0
                84.8866900818894,27.5016818410945,0
                84.8861383955958,27.5021433525463,0
                84.8854627274814,27.5025244324999,0
                84.8844434781597,27.5029708763965,0
                84.8830008489445,27.5033184459087,0
                84.8821668332538,27.5033575537932,0
                84.8811902747776,27.5033750357674,0
                84.8802504646181,27.5032320957452,0
                84.8790980562692,27.5031807062067,0
                84.8776279355885,27.5033186071332,0
                84.8766639379642,27.50332240317,0
                84.8749187316736,27.5033311235507,0
                84.874103341428,27.5032391809533,0
                84.8737430760662,27.5032798592717,0
                84.8730120991556,27.5037943635928,0
                84.8730569009148,27.5040197195438,0
                84.8735338171422,27.5080214320876,0
                84.8737740160669,27.5089584770385,0
                84.8744888109181,27.5112755950741,0
                84.874591545029,27.511385461782,0
                84.8754311176915,27.5115561473291,0
                84.8761238319606,27.5118789431852,0
                84.8778410091021,27.513427145304,0
                84.8796309373874,27.5144988291942,0
                84.8822984914599,27.5159754910713,0
                84.8828981567264,27.5162086057187,0
                84.8836418731575,27.5160933153606,0
                84.8843809688476,27.5158043537388,0
                84.8849050933369,27.5155257617873,0
                84.8851656283392,27.5151991080181,0
                84.8854685408679,27.5144685534605,0
                84.8857881918117,27.5141753971631,0
                84.8862091416152,27.5138952418734,0
                84.8878356519414,27.5120889925324,0
                84.8882149814414,27.511824835056,0
                84.8885167559438,27.5117462216702,0
                84.8888362755633,27.511755414264,0
                84.8891538575714,27.5118324126305,0
                84.8894577521313,27.5119432202172,0
                84.8897730190809,27.5121307713469,0
                84.8906547011252,27.512817724022,0
                84.8910542012516,27.5132506292715,0
                84.8913765212956,27.5138397076528,0
                84.8925221198775,27.5168082109636,0
                84.8927077779139,27.5170777524874,0
                84.8929068744855,27.5171441872599,0
                84.8932904486359,27.5171552557703,0
                84.8937478898789,27.5170868937745,0
                84.8935894213265,27.5165690003869,0
                84.893808157373,27.5158523800981,0
                84.8939138976131,27.5156305895338,0
                84.894258922225,27.5152696275964,0
                84.8949520858886,27.5150102248937,0
                84.8958788398062,27.5149298091135,0
                84.8973502666919,27.5150805077301,0
                84.8972057131423,27.5155845856225,0
                84.8973412471913,27.5160687946981,0
                84.8975510869742,27.5164374527343,0
                84.897919091936,27.516879481295,0
                84.899380685848,27.5180725865279,0
                84.8996569555161,27.5183618775463,0
                84.9000153356284,27.5188671511101,0
                84.9015837421278,27.5223653644877,0
                84.9017863880932,27.523090490435,0
                84.9025666204582,27.5249648359789,0
                84.9026744031473,27.5256905857966,0
                84.9028931173098,27.5260546818698,0
                84.9035156517587,27.5264296586907,0
                84.9037994242139,27.526556401799,0
                84.905328400518,27.5269887012847,0
                84.9064438784762,27.5269227877187,0
                84.9077659526782,27.5269637433976,0
                84.9086572739131,27.5268767038327,0
                84.910605827698,27.526936168221,0
                84.9119343423141,27.5267672678148,0
                84.9124061590088,27.5265949785249,0
                84.9143185331746,27.5264831455413,0
                84.9143620897981,27.5264715846981,0
                84.9152035458145,27.526242681105,0
                84.916100803657,27.5261826395656,0
                84.9166627313211,27.5260435357964,0
                84.9207767522727,27.5259283648358,0
                84.9230785689619,27.5260913881316,0
                84.9240181282305,27.5262453270798,0
                84.926120963186,27.5268382472515,0
                84.926524649703,27.5272845264916,0
                84.9270090089629,27.5280009698181,0
                84.9272563353231,27.5287484700873,0
                84.9274402295333,27.5296270191671,0
                84.9273635109887,27.531644525781,0
                84.9279212172348,27.5331840223268,0
                84.9281472260179,27.5343331737606,0
                84.9276647728373,27.5351260321549,0
                84.9276823805114,27.5358636543893,0
                84.9275440149536,27.5362683657987,0
                84.9270206410507,27.5365584555218,0
                84.9265958775496,27.5369109795546,0
                84.9258801388962,27.5378746316339,0
                84.925610911627,27.5385194450401,0
                84.9255319663931,27.5393682423357,0
                84.9252961037894,27.540294843495,0
                84.924650478546,27.541402358872,0
                84.9245391706487,27.5418633783904,0
                84.9244541747442,27.5422159704218,0
                84.9243912949984,27.5428660987677,0
                84.9247948005573,27.5429987813613,0
                84.9257823582661,27.5429696747052,0
                84.9267305491871,27.5427782703784,0
                84.9282527222007,27.5428222913198,0
                84.9289041960105,27.5429397923033,0
                84.9295542297454,27.5431813441991,0
                84.9310334649075,27.543460280919,0
                84.9313742334351,27.5434196029376,0
                84.932114952962,27.5431688249188,0
                84.9329525926595,27.543147340836,0
                84.9347047906898,27.5435258364183,0
                84.9351104859334,27.5435366543607,0
                84.9358567650347,27.5434098029015,0
                84.9361178551345,27.5434576779314,0
                84.9363786917681,27.5436229797867,0
                84.9368015041243,27.5439358969115,0
                84.9369691724888,27.5437791014256,0
                84.9372810083728,27.5436958014957,0
                84.9377920770044,27.5431463583718,0
                84.9379817495437,27.5426825281139,0
                84.9380006930495,27.542231193687,0
                84.9380842522783,27.5418628533043,0
                84.9381483126639,27.5415781919256,0
                84.9385053417186,27.5409237564099,0
                84.9399224337532,27.5394792838348,0
                84.9404369466938,27.5385935596236,0
                84.9411240258857,27.5364321391373,0
                84.941273574166,27.5361602908762,0
                84.9415809798123,27.5357770175691,0
                84.9435701190061,27.5344188597168,0
                84.9442344841737,27.5336811234296,0
                84.9447774201564,27.5333209146971,0
                84.9466169383294,27.5327511840274,0
                84.9474490827944,27.5325469034974,0
                84.9486747360852,27.532405498613,0
                84.9498547688512,27.5323365242139,0
                84.9511382853784,27.532375104732,0
                84.9524340593474,27.5320052850066,0
                84.9529726231134,27.5315096507445,0
                84.9531664851214,27.5308789595452,0
                84.953380776525,27.5305616170032,0
                84.9538367198351,27.53038476477,0
                84.9546784866081,27.5302007330033,0
                84.9547993479807,27.5301277419777,0
                84.9550160989871,27.5287071222024,0
                84.9552830090584,27.5283307847665,0
                84.955528605165,27.528126057737,0
                84.956022917397,27.5279940151197,0
                84.9562526385725,27.5279337741572,0
                84.9565737219514,27.5278909705402,0
                84.9573846104727,27.5280907167759,0
                84.9589058434612,27.5282539771604,0
                84.95975210856,27.5281556874969,0
                84.9604518281944,27.5281485122813,0
                84.9622046673301,27.5277460772308,0
                84.9630807452656,27.5274354323636,0
                84.9648222905213,27.5261802603189,0
              </coordinates>
            </LinearRing>
          </outerBoundaryIs>
        </Polygon>
      </Placemark>
    </Document>
  </Document>
</kml>
