<?xml version="1.0" encoding="utf-8" ?>
<kml xmlns="http://www.opengis.net/kml/2.2">
<Document id="root_doc">
<Schema name="Chharka" id="Chharka">
	<SimpleField name="id" type="string"></SimpleField>
	<SimpleField name="timestamp" type="string"></SimpleField>
	<SimpleField name="begin" type="string"></SimpleField>
	<SimpleField name="end" type="string"></SimpleField>
	<SimpleField name="altitudeMode" type="string"></SimpleField>
	<SimpleField name="tessellate" type="int"></SimpleField>
	<SimpleField name="extrude" type="int"></SimpleField>
	<SimpleField name="visibility" type="int"></SimpleField>
	<SimpleField name="drawOrder" type="int"></SimpleField>
	<SimpleField name="icon" type="string"></SimpleField>
	<SimpleField name="OBJECTID_1" type="int"></SimpleField>
	<SimpleField name="OBJECTID" type="int"></SimpleField>
	<SimpleField name="District_2" type="string"></SimpleField>
	<SimpleField name="Local_leve" type="string"></SimpleField>
	<SimpleField name="स्थ" type="string"></SimpleField>
	<SimpleField name="PROVINCE_2" type="int"></SimpleField>
	<SimpleField name="DISTRICT_3" type="string"></SimpleField>
	<SimpleField name="GAPA_NAP_2" type="string"></SimpleField>
	<SimpleField name="GN_TYPE_12" type="string"></SimpleField>
	<SimpleField name="GAPANAPA_1" type="string"></SimpleField>
	<SimpleField name="GN_TYPE_13" type="string"></SimpleField>
	<SimpleField name="Changed_Na" type="string"></SimpleField>
	<SimpleField name="Old_LL_Na" type="string"></SimpleField>
	<SimpleField name="Code" type="int"></SimpleField>
	<SimpleField name="Shape_Leng" type="float"></SimpleField>
	<SimpleField name="Shape_Area" type="float"></SimpleField>
</Schema>
<Folder><name>Chharka</name>
  <Placemark id="Chharka.1">
	<name>Chharka Tangsong Rural Municipality</name>
	<Style><LineStyle><color>ff0000ff</color></LineStyle><PolyStyle><fill>0</fill></PolyStyle></Style>
	<ExtendedData><SchemaData schemaUrl="#Chharka">
		<SimpleData name="id">0</SimpleData>
		<SimpleData name="tessellate">-1</SimpleData>
		<SimpleData name="extrude">0</SimpleData>
		<SimpleData name="visibility">-1</SimpleData>
		<SimpleData name="OBJECTID_1">620</SimpleData>
		<SimpleData name="OBJECTID">633</SimpleData>
		<SimpleData name="District_2">Dolpa</SimpleData>
		<SimpleData name="Local_leve">Chharka Tangsong RM</SimpleData>
		<SimpleData name="स्थ">छार्का ताङसोङ गाउँपालिका</SimpleData>
		<SimpleData name="PROVINCE_2">6</SimpleData>
		<SimpleData name="DISTRICT_3">DOLPA</SimpleData>
		<SimpleData name="GAPA_NAP_2">Chharka Tangsong</SimpleData>
		<SimpleData name="GN_TYPE_12">Gaunpalika</SimpleData>
		<SimpleData name="GAPANAPA_1">Chharka Tangsong Gaunpalika</SimpleData>
		<SimpleData name="GN_TYPE_13">Rural Municipality</SimpleData>
		<SimpleData name="Changed_Na">Chharka Tangsong Rural Municipality</SimpleData>
		<SimpleData name="Old_LL_Na">Chharka Tangsong Rural Municipality</SimpleData>
		<SimpleData name="Code">60108</SimpleData>
		<SimpleData name="Shape_Leng">2.46722245474</SimpleData>
		<SimpleData name="Shape_Area">0.181979995436</SimpleData>
	</SchemaData></ExtendedData>
      <MultiGeometry><Polygon><outerBoundaryIs><LinearRing><coordinates>83.5222163433487,29.2170820074641 83.5217839058702,29.2168052577661 83.5213121552395,29.2166366322766 83.5207555936373,29.2164541949331 83.5204632181439,29.2162861944754 83.5197461555665,29.2160421955452 83.5192844054448,29.2157270077396 83.5190022813726,29.2155026950632 83.5187957807538,29.215177069676 83.5187699053361,29.2146468826176 83.5187615928626,29.2143738822112 83.5188012810338,29.2139927575962 83.5187844681277,29.2135279452683 83.5187524673981,29.2132955071783 83.5185274055828,29.2128976326101 83.5183394059058,29.2126713827847 83.5181424057706,29.2123909449493 83.5178321552667,29.2120581941994 83.5175589057469,29.2118496943782 83.5173997177882,29.2115986950916 83.5171454674368,29.2113835078797 83.5169390927237,29.2110420705366 83.5163705305107,29.2103361946796 83.5161540932351,29.2101526952316 83.515910155459,29.2098043825386 83.5158077806439,29.2095040075373 83.5157232808392,29.209348069744 83.5156774682556,29.2090410694056 83.5155657809161,29.2086661951087 83.5155334681203,29.2084923823049 83.515383405626,29.2082842575028 83.5149975307693,29.2079693197099 83.514809343133,29.2077926947126 83.5145457182038,29.2075277576662 83.5143858431597,29.2074279450318 83.5139901557531,29.2071513203402 83.5135095935229,29.2068765698446 83.5132267805666,29.206717632798 83.5129627806183,29.2065520074612 83.512081905746,29.2060502571021 83.5117707801976,29.2059092571195 83.5110727806408,29.205599944613 83.5104977810498,29.2053248820512 83.5101206557391,29.2051406955179 83.5097902810095,29.2050651323192 83.5093849060594,29.2048808828331 83.5089885306682,29.2047553818408 83.5083897798682,29.2044711947139 83.5080225309595,29.2042375074596 83.5070145309116,29.2035796322473 83.5068077182266,29.2033374445603 83.5064213433444,29.2031375081246 83.5061338430992,29.2029627573233 83.5055777806231,29.2026945701115 83.5053701549471,29.2026351318343 83.5052191553548,29.2025601325133 83.5048607809985,29.202425694915 83.5044360930151,29.2023090693745 83.5040214055407,29.2021248828412 83.5036344676802,29.2019745073814 83.5032478436846,29.2018399447768 83.5030684055944,29.2018483202031 83.5029742182464,29.201805132753 83.5027092803006,29.2018041327022 83.5025390306278,29.20186219501 83.5021937171881,29.2019443817473 83.5018910309182,29.2019928203639 83.5015502806604,29.2021405077372 83.5010488423676,29.2022807567824 83.5002355311861,29.2024514453264 83.4993857810995,29.2023061951275 83.4989890306892,29.2022483198795 83.4985924682381,29.2021791329047 83.4982857179123,29.2021373825782 83.4980023428771,29.202118257504 83.4973035303293,29.2020006319126 83.496890592944,29.2019156320825 83.4967011552441,29.201863008001 83.4965125934881,29.2018533204576 83.4963792179943,29.2018595698764 83.4962639675238,29.2018884445476 83.4959922180803,29.2019956946109 83.4956917801262,29.2021028817213 83.4955392804575,29.2022015701978 83.4954114052437,29.2023319455389 83.4951572178452,29.2026513206079 83.4950327187024,29.2027952577904 83.4948376557162,29.2029275693812 83.4941335308477,29.2033039446537 83.4940470929948,29.2033645070888 83.4939221549808,29.2034791325275 83.4937352183075,29.203708507512 83.4934665931238,29.2040865078672 83.4934555934632,29.2042376324659 83.4934636559239,29.2043594453208 83.4934900304678,29.2045535703096 83.4936218429324,29.2048789447848 83.49365203062,29.2050166316492 83.4936514676417,29.2051316941605 83.4935497808113,29.2056794450624 83.4935086555165,29.2059410078363 83.4934928435606,29.2062861324174 83.493491342585,29.2083660692209 83.4935017801666,29.2084563822711 83.4935254675234,29.2085421950922 83.4937702173911,29.2091770070802 83.4939957801312,29.2097846944861 83.4940796558033,29.210051195461 83.4941445925618,29.2103740698089 83.4941939682764,29.2107351952045 83.4941868438131,29.2108749451235 83.4941515299653,29.2110057575371 83.4940279058671,29.2112353204809 83.4938461556088,29.2114648195724 83.4937167182652,29.2115747568228 83.4935784054697,29.2116623206323 83.4933586550758,29.2117607572974 83.4929465297822,29.2119644457227 83.4927175927697,29.2121125072158 83.4924146555876,29.2123414451276 83.4918579680798,29.2127905696066 83.4915836555561,29.2130715074674 83.4914972186026,29.2131930082561 83.4914605305841,29.2132740699361 83.491366343236,29.213598570266 83.4913347804784,29.2137428195147 83.4913004055273,29.2138013206939 83.4912522798762,29.2138508825691 83.4911187802754,29.2139337581903 83.4908917804118,29.2140750072863 83.4905761555337,29.2143310068274 83.4904160925304,29.2145311950745 83.4903638425687,29.2146256944888 83.4903342799129,29.2146932572803 83.4902535302992,29.2147178196816 83.4901740928026,29.2147084451037 83.4899491559937,29.214628632588 83.4898652812209,29.2146238193934 83.4897237803135,29.2146390701696 83.4895485933389,29.2147038198683 83.4893577805691,29.2148790697956 83.4888934053138,29.2151141941735 83.488759905713,29.2151993819627 83.4886214679111,29.2153048828363 83.4882620305511,29.2156328824451 83.4881056556852,29.2157925074764 83.4880239689734,29.2159951949514 83.4879596554481,29.2162701945603 83.4878957178411,29.2167120075161 83.4877219679901,29.2175935074202 83.4876026561618,29.2179291944706 83.4875657810834,29.2180350694639 83.4874847185041,29.218174632323 83.4873680929636,29.2183546324922 83.4873034682713,29.2184220702773 83.4871912179535,29.2185051329584 83.4870410934057,29.2186285699967 83.4869659052261,29.2186892574382 83.4868068431731,29.218869132601 83.4865069681973,29.2192560066093 83.4863246558601,29.2195846321492 83.4862765931619,29.2196905071425 83.4862156557077,29.2199090074727 83.4861508430563,29.2200193826951 83.4860690924923,29.2201747575101 83.4860088430227,29.2203256329954 83.4858882802314,29.2208463204695 83.4858076547248,29.2210851329847 83.4857585937743,29.2211954452543 83.4856962182972,29.2213283198233 83.4855992808092,29.2214881328138 83.4855460307967,29.2215961949688 83.4855039684039,29.2217111324738 83.4854880934951,29.2220043200589 83.4855011562104,29.2222863200241 83.4854868434315,29.2225096317503 83.4854527184931,29.2227192575281 83.4852777176792,29.2231878821004 83.4852522181798,29.2233388816927 83.4852420306109,29.2235735078438 83.4852282808103,29.2240110696839 83.485190405681,29.2242681322287 83.4851678433816,29.2246628204837 83.485165342355,29.2251455698756 83.4851387807512,29.225330445293 83.485089780955,29.2254859451143 83.4849074686178,29.2258168198694 83.4848433430516,29.2259090700686 83.4847216561024,29.2260168822109 83.4846120300188,29.2260638828046 83.4844914051741,29.2260881951932 83.4841870308685,29.226136694964 83.484026404887,29.2261856327067 83.4837425298263,29.2263154450695 83.4833225920846,29.2265236328244 83.4832272176258,29.2265593828456 83.4831290309735,29.2265860694557 83.4829687809103,29.2266170080808 83.4827412180684,29.2266748194766 83.4824504056043,29.2267729449748 83.4821170298226,29.2269070066546 83.4819771557966,29.2269718822589 83.4818203438581,29.2270795702942 83.4814328430192,29.2273668196273 83.4811780296896,29.2275305078151 83.4810567807123,29.227597757641 83.4809327806957,29.2276535698344 83.4806750931191,29.2277451320488 83.4804527805444,29.2278390702835 83.480139717847,29.2280250698587 83.4800525938081,29.2280878833077 83.4798892806394,29.2282090693322 83.4798084680728,29.2283035066929 83.4797569051965,29.2283777568751 83.4796874052561,29.2284677569597 83.4795924678698,29.2285485704256 83.4794669057233,29.228640570612 83.4791339679136,29.2288784442305 83.4787220305792,29.2291498195542 83.4784852181658,29.2292481330116 83.4783217179372,29.2292858822351 83.4779249684262,29.2293610074619 83.4777982182696,29.2293763823452 83.4776927182954,29.2293871949459 83.4775126551734,29.2293910080896 83.477371030159,29.2294175076399 83.4772567185852,29.2294621951663 83.4769289060362,29.2295647579407 83.4766960938265,29.2296314447882 83.4764094686258,29.2296754452293 83.4759983433831,29.2297167575839 83.4757417188102,29.2297360076644 83.4755309059216,29.2297825693869 83.4752992799233,29.2298719444397 83.4749260927627,29.2299900071037 83.4746868431749,29.2300567569041 83.4744774062556,29.2300830082403 83.4740613428119,29.2301558195003 83.4738446555235,29.2302158828093 83.4734606548629,29.2303700705135 83.4730877806679,29.2304858821637 83.4729010301552,29.2305393201355 83.4725869683062,29.2306013205935 83.4724568429778,29.2306412569788 83.4723375923037,29.2307040074749 83.472180843318,29.230802695052 83.4715127184833,29.2313189452499 83.4709850927064,29.2316349451471 83.4703752801923,29.2320002578062 83.4700613433497,29.2322200693543 83.469955905429,29.2322783205207 83.4698438430704,29.2323140075889 83.4696902803979,29.2323539448735 83.4694409052948,29.2323845696337 83.4691124056605,29.2323742570585 83.4688364060007,29.2323370699139 83.468627968233,29.2322956325529 83.4680213429315,29.2320405701099 83.4676929674043,29.231998694777 83.4675216556271,29.2319934454091 83.4673398433153,29.2320175698385 83.4670884681103,29.2320797582556 83.4664214683329,29.2323590701344 83.4657050307872,29.232701382522 83.4653224681494,29.232814944957 83.4646310930306,29.2330287579983 83.4640970928285,29.2333333823165 83.4639824053363,29.2333758197284 83.4638330308267,29.2334158199659 83.4636512185149,29.2334444455236 83.4634125301068,29.2335359456845 83.4630255301928,29.2337013821628 83.4623549681836,29.2338768830022 83.4621077802421,29.2339232576648 83.4618908429411,29.2339743196163 83.4617214674134,29.2340210072445 83.4612360308343,29.2341972581221 83.4607085930167,29.2344703826356 83.4602441557079,29.234565507981 83.4600135927133,29.2346322568822 83.4596759055611,29.2347752578659 83.4590008424236,29.2350680695325 83.4585481557129,29.235174570457 83.4583671554928,29.2352505077754 83.4581564676106,29.2353286322555 83.4580077181328,29.2353663823784 83.4574313425724,29.2354069446949 83.4571895299045,29.2354240076137 83.4570310928833,29.2354549453395 83.4568430932062,29.2355060693446 83.4566440300164,29.2355773832262 83.4563149674039,29.235661820078 83.4561053425254,29.2357309449993 83.4558051554834,29.2357748195347 83.4555602806093,29.2358685698101 83.4554520934479,29.2359020067639 83.4553324677546,29.2359082579813 83.4551749687308,29.2358895070269 83.4550019680186,29.2359046948503 83.454731780705,29.2359870704461 83.4543697182114,29.2360443206623 83.4540735304737,29.2361287575141 83.4538427183657,29.2362383817989 83.4536678425581,29.2362895076027 83.4533655924614,29.2363560073904 83.4531624679138,29.2364701319043 83.4529220923693,29.2366316320311 83.4528079058019,29.2366943204737 83.4526842799051,29.2367277574275 83.4524214679668,29.2367514447842 83.4517349680961,29.2368253199473 83.4514199673505,29.2369345692131 83.4510777799692,29.2370121325136 83.4505108437382,29.2370301325305 83.450279967778,29.2369705071934 83.4501989672522,29.2369611946691 83.450056155127,29.2369763824925 83.4496377183611,29.2371236327932 83.4490890312604,29.2372205693819 83.4487312801373,29.2371988191742 83.4484257798752,29.2370870068283 83.4482582803423,29.2370276953561 83.448107842829,29.236957132412 83.448033780606,29.236918445191 83.4478957178232,29.2368908205835 83.4473716551774,29.2368864453607 83.4470432805495,29.236891819735 83.4463639060415,29.2370198199552 83.4458191552922,29.2371033826618 83.4453296555567,29.2372434455463 83.4446728433481,29.2373603202003 83.4444224681941,29.2374088829239 83.4441159058275,29.2374346944895 83.4437102799654,29.2374104450538 83.4436019677977,29.2374010075231 83.4434716554094,29.2374140072854 83.44312459278,29.2375095697035 83.4424524056882,29.2376579450615 83.4421614061642,29.2376702577386 83.4415430932173,29.2375481319181 83.4409352799057,29.2375140699326 83.4405932804837,29.2374990700684 83.4403510927966,29.2375183201489 83.4401984681216,29.2375628206154 83.4400460305065,29.237625382253 83.4399597176599,29.2376475695334 83.4397964053906,29.2376446323335 83.4391785933686,29.2375450697119 83.4384555313851,29.2374968829067 83.4380081551965,29.2374634441543 83.4375537804502,29.2373555070056 83.4371690927042,29.2373245701791 83.4370054054158,29.237326132309 83.4368560929597,29.2373503196913 83.4365647175173,29.2374821951087 83.4361765304924,29.2375663198942 83.4357506553983,29.2377156944038 83.4353572181062,29.2377568826514 83.4351639681619,29.2377561326132 83.4349284058121,29.2377393197071 83.4345910307262,29.2376837575265 83.4340095928578,29.2376158826687 83.4334582176706,29.2375412574675 83.4324707807197,29.2373792573153 83.4318075302338,29.2372523830516 83.4315190928906,29.2371383826447 83.4312853426834,29.2370178198534 83.4307482182216,29.236652382188 83.4303094683713,29.2363933195413 83.4299744684063,29.2362136943913 83.4296995929044,29.2361065072808 83.4294092804657,29.2360330700896 83.428540780324,29.2359301331955 83.4282410933075,29.2358860077481 83.4279377811064,29.2357313200184 83.4274766560165,29.2355081953521 83.4270747803454,29.2353350705329 83.4268974053098,29.2352598823533 83.4266912176566,29.2352229452214 83.4261243434791,29.2352272574913 83.4259191558769,29.2351677571605 83.4257663432427,29.2350858824896 83.4253700308043,29.2348270078021 83.4251577178393,29.2347335695929 83.4248369056467,29.234664569678 83.4245555927668,29.234606945342 83.4242342805489,29.2345717573999 83.4240028434091,29.2344490074469 83.4237915934478,29.2342810699421 83.4236284682383,29.2341833824159 83.4232187801191,29.234023695331 83.4229137807818,29.2338915699008 83.42263871822,29.233694132693 83.4221739049928,29.2334507578953 83.421922717747,29.2333526323971 83.4216750927329,29.2333041946798 83.42105628066,29.2332835074758 83.4208284678054,29.2332644453544 83.4205867180903,29.2331957575057 83.4202674059742,29.2329845695981 83.4196766555814,29.2326030070111 83.4191705929524,29.2323775072239 83.4189477812517,29.2323201329007 83.4187537803698,29.2322313199269 83.4185732181217,29.2321018825832 83.4180035299521,29.2316934445276 83.4175026555369,29.2312400698323 83.4169607808333,29.230804632201 83.4164631556842,29.2304573204582 83.4158352802003,29.2300485082828 83.4155225934213,29.2299230702434 83.4151954679578,29.2297772570662 83.4146824679253,29.2294681954717 83.413927093146,29.2291626322567 83.4137559054758,29.2290806955322 83.4135186550904,29.2289126950746 83.4134098428973,29.2288175076756 83.4133132174755,29.2287403823471 83.4131722174928,29.2286630699586 83.4128866552959,29.2285557569425 83.4126551561026,29.2283946318348 83.4122399677035,29.2281942574271 83.4115220300815,29.2278572573603 83.4110981550891,29.2276794452521 83.4106144056462,29.227481070047 83.4104291552099,29.2273764451172 83.4102077176798,29.2271927577101 83.409954717392,29.2269186951992 83.4096309679996,29.2265225068679 83.4094027180724,29.2261335077514 83.4093494680598,29.2259956320285 83.4092737807541,29.2258531949224 83.409155467178,29.2256811951604 83.4089420300552,29.2255088203794 83.4086875305904,29.225379133023 83.4083000927044,29.2252736321494 83.40784634299,29.2250686325063 83.4076159059011,29.2249480697151 83.4074152805814,29.224843319779 83.4067872180377,29.224499945287 83.4061109057359,29.2240863828698 83.4056359058391,29.2236646950391 83.4055254685632,29.2235852575425 83.4054280301503,29.2235329455273 83.405145531059,29.2234595074368 83.4050125296849,29.2233935076746 83.4047476555914,29.2231645077092 83.4044729680487,29.2229670075486 83.4040490930563,29.2227215067433 83.4037962798285,29.2226300695353 83.403445967933,29.2225564452842 83.4031816559184,29.22245369545 83.40292196824,29.2222788825952 83.4025063436675,29.2219498820362 83.4023524680295,29.22181157014 83.402232155251,29.2216553832333 83.4020973426337,29.2214517577609 83.4017909682263,29.2211819454664 83.4014949675485,29.2207813198588 83.4012057181135,29.2205499447726 83.4007003425699,29.2202205700938 83.4000724050325,29.2198523202349 83.3995510304731,29.2195138821451 83.3993880302699,29.2194612571644 83.3990672810303,29.2193898821286 83.3988802175519,29.2192762576401 83.3986229058937,29.2190811326003 83.3982178430099,29.2188040699368 83.3978096558664,29.2184616325428 83.3976767183445,29.2183911316522 83.3975418427743,29.218356632594 83.3973015931356,29.2183239447791 83.3971172806966,29.2182893198153 83.3969265308796,29.2181981326199 83.3967081555557,29.2181115077072 83.3961980927232,29.217978382226 83.3960657181795,29.2179124454167 83.395908655329,29.2177808200119 83.3954119052244,29.2172551952362 83.3951864054372,29.217001570816 83.3949205933463,29.2168311331839 83.3947552180222,29.2166950696036 83.394659280585,29.2165502573766 83.3945082180399,29.2163262576657 83.3943341552233,29.2160840699787 83.3941636555378,29.2158825066616 83.3937854681226,29.2155333827763 83.3931500302035,29.2151312570923 83.3929813435599,29.2150109443138 83.3927936550497,29.2148950067579 83.3922358424846,29.2146375700933 83.39179721854,29.2143919442816 83.3915969682394,29.2142286329116 83.3913855923725,29.214096820447 83.3912330306503,29.2139698193783 83.3911249684953,29.2138700696968 83.3910017796711,29.2137747572915 83.3908639678004,29.2136951947885 83.3906280933843,29.2135226320483 83.3903347798936,29.2132821944504 83.3901902176793,29.2131620075775 83.3900642175609,29.2130981949769 83.3897104054873,29.2129770701067 83.3892794051322,29.2126998824367 83.389005592634,29.2124685703033 83.388745467883,29.2122124448565 83.3883744049312,29.2118475692701 83.3883077180836,29.2117638195036 83.3882414053558,29.2116710081248 83.3881894674604,29.2115399447991 83.3881320931372,29.2114065702046 83.3880370307446,29.2112888196068 83.3879457185429,29.2111846326491 83.3878638420732,29.2111120705024 83.3877142805037,29.2110031324035 83.387527405884,29.2108714449453 83.3873339679804,29.2107510080597 83.3872170933265,29.2106827572836 83.3870560932252,29.2106143824004 83.3868502176383,29.2105366949929 83.3862965932359,29.2102273824865 83.3855831549437,29.2098248206292 83.385011030499,29.2094951329849 83.3847966553787,29.2091670074705 83.3843795927834,29.2084386952197 83.3842609050876,29.2083524444267 83.3838227182156,29.208088757444 83.3833369057181,29.2076353206951 83.3826687799841,29.2071224447697 83.3821488425482,29.2068380696836 83.3817472177891,29.2066467568883 83.3811559682701,29.2064026329516 83.3808291557721,29.2061846326468 83.3802347181413,29.2058298825758 83.379841530862,29.2055190079394 83.3794915301334,29.2054136320721 83.3789230938261,29.2051177573 83.3783429680748,29.2048466328883 83.3781137801502,29.2045251947646 83.377728780338,29.2040835077146 83.3774435311066,29.2038092572444 83.377109593246,29.2035256951493 83.3769102800435,29.2032111953285 83.3766728434976,29.2029867576456 83.3760378435503,29.2025913193525 83.3757258429574,29.2024206946606 83.3754139053172,29.2021755697737 83.3749157171899,29.2019725072796 83.3745149683745,29.2016954455154 83.3739985302175,29.2013658828774 83.3738139057122,29.2010695071804 83.3736584049915,29.2009063828703 83.3731825300502,29.2007214445001 83.3724682796663,29.2004811957607 83.3715043430122,29.2002150077514 83.3711917803403,29.2000827573148 83.3708119678425,29.2000290702296 83.3705068434988,29.1999351328943 83.3700490926814,29.1998427576889 83.3696029674558,29.1996308826959 83.3692457811096,29.1994915698495 83.3686886547304,29.1991483203638 83.3683835303868,29.1990633825872 83.3677467803505,29.1989611948319 83.3671138425586,29.1988273822655 83.3664657187419,29.1987521329317 83.366044655943,29.1986982578873 83.3655675929915,29.1987163199578 83.3651123432008,29.1987976325498 83.3647234061378,29.1989604447938 83.3645818431769,29.1989868822905 83.3641718429914,29.1989646329565 83.363970030561,29.1990223202453 83.3635484056831,29.1991173205845 83.3626975925928,29.1992260698248 83.3620262175926,29.1992748205076 83.3615637803856,29.1993176949921 83.3610825301707,29.1993808825608 83.360626842408,29.1995365694421 83.3604330933375,29.1995356952969 83.3600092803987,29.1993576952295 83.3597497177266,29.1991331325404 83.359550280417,29.1987915701909 83.3594029671634,29.1985043199584 83.3591697799345,29.1982663824877 83.3587917175258,29.1979193828112 83.3582202172136,29.1974700074201 83.3578637800063,29.1972652577898 83.3574985932529,29.1972184451552 83.3571989682899,29.1968763198274 83.3567828436919,29.1966532572146 83.356366592289,29.1964550070158 83.3556594061136,29.1962688824342 83.3550980304174,29.195991007679 83.3546890302829,29.1958785073484 83.3542193427068,29.1958423832076 83.3535711559373,29.1957873822066 83.3527554678363,29.1956841944004 83.3524052800478,29.1956757578199 83.3519512173678,29.1955495076887 83.351668342358,29.1954578825215 83.3512438423338,29.1954039454236 83.3504218427604,29.1950728827092 83.3495597179433,29.1946943193758 83.3491732810075,29.1944645073187 83.348559405337,29.1942720703654 83.3476746552675,29.1939068197599 83.3471163426769,29.1937597574183 83.3467705301111,29.1936091328451 83.3462347798199,29.1934621946106 83.34573596756,29.1933672572243 83.3454529054904,29.193354632481 83.3449535302522,29.1932980072966 83.3444356558709,29.1932639453111 83.3441306556342,29.1931631955786 83.3437435927674,29.1930778198302 83.3429617175385,29.1929228829871 83.342678468409,29.1928876320921 83.3421387170149,29.1928195072217 83.3418251551914,29.1928451326267 83.3411767175098,29.1928351321177 83.3406263423736,29.1926565070185 83.3404513433582,29.1925902572436 83.3400642804914,29.192502569327 83.3397363429362,29.1924626329418 83.3389782800704,29.1921115701088 83.3385469055956,29.1919650698462 83.3376896551272,29.1916991327489 83.3370642806699,29.1915403818628 83.3365354686816,29.1914655705009 83.3359619053147,29.1914040691691 83.3354435929615,29.1914398830424 83.3346749684071,29.1915804450531 83.3339284052274,29.1917210700166 83.3334915925261,29.191836256635 83.3325204675565,29.1921246948775 83.3321999683295,29.1921434449326 83.3317746553143,29.1921661951913 83.3313454680012,29.1922835698707 83.3306890308117,29.1923186328065 83.3303077173382,29.1924926947237 83.3297925310435,29.1925961325427 83.3287232176229,29.1925570073497 83.3282986555451,29.1924578827 83.3278901554361,29.192266319892 83.3274143425482,29.1920608831763 83.3270538430838,29.1918876945049 83.326614780268,29.1917501326469 83.3261392803458,29.1915311322913 83.3255069055321,29.1913249446381 83.3250820304889,29.1912776949309 83.324824592925,29.1913283198099 83.3246227795952,29.191424257247 83.3245035307196,29.1914304446123 83.3240794057145,29.1912658822793 83.3235143427803,29.1910396945074 83.3231580296801,29.1908213821364 83.3228009053874,29.1906886955266 83.3222113430047,29.1902278204494 83.3215146555652,29.1896310067984 83.3211661558122,29.1893133827178 83.3209043430256,29.1889015074368 83.3205345301375,29.188448445707 83.3203949672784,29.1881206322589 83.3202512180551,29.1878897571981 83.3202083426713,29.1876211320143 83.3200244052514,29.1872480078066 83.3197513436907,29.1868405698019 83.3194662185664,29.186511944262 83.3192074059325,29.1861768201898 83.3186894676991,29.1856395698224 83.3181516552526,29.1852307567478 83.3180852175185,29.1851198823992 83.3180271552106,29.1848579446062 83.3178669060468,29.1842931316847 83.3177827803619,29.1840513199162 83.3176297177149,29.1835339455604 83.3175576555938,29.1831545701351 83.3175822170957,29.1828343820751 83.3175350303414,29.1826311325211 83.3174699676772,29.182321757961 83.3170866550012,29.1816723822821 83.3168416560201,29.1815470080948 83.3164990297675,29.1814618203056 83.3158581554206,29.1814382579552 83.315656968022,29.1814372570049 83.315425342923,29.181526257938 83.3152495920708,29.1816178822059 83.3147577181137,29.1816085705809 83.314295967992,29.1815611320152 83.314013342995,29.1814356328216 83.3137317801024,29.1811973194325 83.3134494680709,29.1810334450841 83.3130700305921,29.1809322573797 83.3122767177307,29.180817631941 83.3114500929219,29.1807480069943 83.3109725919985,29.1807906944188 83.3107337183291,29.1808548829378 83.3098867804361,29.1809881325259 83.3091696558051,29.1812146323641 83.3085712170714,29.1815115071871 83.3080949050575,29.181960256647 83.3071663425061,29.1825645697806 83.3066205926052,29.1828233824145 83.3062802803194,29.1833472571011 83.3056229671861,29.1839484450755 83.3051544055667,29.1842438198223 83.3047647184655,29.1849478826373 83.3041067182469,29.1856393198097 83.3035739051556,29.1859749448065 83.3035032172051,29.1860670699993 83.3034307180113,29.1864343827602 83.3028550924891,29.1870675696655 83.3025147802033,29.1873523197707 83.3021030928816,29.187839694398 83.3012752180092,29.1886452569837 83.3007705925037,29.1890915701685 83.3004521554321,29.1896019450674 83.3001231557724,29.1899793203908 83.2994586552229,29.1907653199303 83.2993204674338,29.1909586328274 83.2991665935944,29.1911405701456 83.2989904677232,29.1913358822452 83.2987533432435,29.1915602569751 83.2980027178067,29.1921586318567 83.2973046552971,29.1927392576334 83.2970919052595,29.1929231321005 83.2968896557565,29.1930867573355 83.2967414054048,29.1931920081963 83.2963667181679,29.1934201322178 83.2958982177026,29.1936929446651 83.2956172807411,29.1938448202012 83.2955050304233,29.1938600700782 83.2954238428377,29.193843819251 83.2953208420913,29.1937688819835 83.2953070302372,29.1936311951191 83.2953121554981,29.1934371951367 83.2953551549889,29.1929343817738 83.2955912182635,29.1925250075195 83.2957354684116,29.1919211953108 83.2959599681479,29.1914734450025 83.2962893428266,29.1910961946854 83.2965827804244,29.1908112575203 83.2967900922355,29.190331819448 83.29685065557,29.1900230699198 83.296783030725,29.1896663197469 83.2965656545527,29.1890696320015 83.2964271546973,29.188834257611 83.2958872800955,29.1884524450113 83.2956782181953,29.1883385696108 83.2952237795969,29.1882459452919 83.2940802177928,29.1883211325722 83.2937880302587,29.1883805069972 83.2931584685379,29.1883366945154 83.2931233426493,29.1883454449608 83.2926205931386,29.1885075071665 83.2920420304165,29.1886691322997 83.2914932183095,29.188747444739 83.2909452173948,29.1887129447815 83.2903972803323,29.1886694452652 83.2900714058317,29.1885752579172 83.2895826561343,29.1883786948546 83.2890234675998,29.1882945071162 83.2885432183351,29.1880821329971 83.2883011556545,29.1879906328362 83.2878274678748,29.1876700706564 83.2874187798066,29.187381382401 83.2868889057138,29.1870920691139 83.2865365307636,29.1867450703367 83.2859289674647,29.1862094450519 83.2838569681157,29.1878700070921 83.2827912807789,29.1884801946253 83.2821239671366,29.1888330696009 83.2815876547665,29.1887805696265 83.281224843134,29.1889613827867 83.2809552178993,29.1891448822347 83.2807323423464,29.1893173829214 83.2805627177054,29.1893976945632 83.2801872174774,29.1896935702346 83.2797185929051,29.1899775073489 83.2793194053204,29.1903543205933 83.2788497177444,29.1907916953735 83.2784287178983,29.1909338195141 83.2778895303819,29.1913391944641 83.2774372798445,29.1917676317391 83.2770635926584,29.1918468821758 83.2761388423515,29.1922817577281 83.2757522804094,29.1925052574135 83.2733032178031,29.1932184447937 83.2728693432011,29.193543194237 83.2719775298224,29.1942760696697 83.2712045309446,29.1947433200713 83.2707084049725,29.1947700075808 83.2695732806482,29.1952758822505 83.2684732183604,29.1957706952062 83.2671066550976,29.1968190075578 83.2667644056628,29.1957320700387 83.2663746547095,29.1947666953618 83.2653770301897,29.1931437575389 83.2644517807566,29.192013007538 83.2642963429887,29.1917256322992 83.2636491553708,29.1908626324374 83.2631967177735,29.1904924454296 83.262897154864,29.1900103201701 83.2625326551959,29.1895661950462 83.2621618431562,29.1892483200536 83.2617430925254,29.1890610074618 83.2609567809196,29.1881160079228 83.2581795307454,29.1849785073975 83.2558692180072,29.1826309445619 83.2552400924597,29.1817273823837 83.2548126552357,29.1811610702852 83.2545234678542,29.1808030070959 83.2545450310022,29.1802594443568 83.2546472178581,29.1798088818549 83.2546510930553,29.1792674442239 83.2545868424828,29.1784685078748 83.2543574045455,29.1779348826919 83.2542446560009,29.1773928200291 83.2539260930235,29.1771045706451 83.2538349678817,29.1768153203108 83.253569467857,29.1764258202695 83.2536532805763,29.1761195079157 83.2536567798552,29.1756390068396 83.2537124049886,29.1753663823516 83.2537230305294,29.1751859442105 83.2537888432318,29.1751051325433 83.2539396548649,29.1749096954373 83.2539597179365,29.1747045069357 83.2539431559424,29.1744336945902 83.2536745928122,29.1741366956602 83.2533974060416,29.1737764453091 83.2532254053803,29.1736514452416 83.2528258427765,29.1734529450301 83.2525284049751,29.1732640703085 83.2523899051198,29.17308956952 83.2523160929095,29.1729425701313 83.2523000300415,29.1725815076886 83.2523029051879,29.1721890065952 83.2523212811232,29.1716003192571 83.2522684681832,29.1711736941247 83.2524687805374,29.1705611953228 83.2526709670876,29.1703413199226 83.2527287802821,29.1700708825963 83.2528433427679,29.1697353826057 83.2528727804174,29.1695302579563 83.252913530693,29.1690476947249 83.2532006559191,29.1687132577381 83.2534550933304,29.1683626949305 83.2537460299015,29.1681116947446 83.2543552803367,29.1677044446992 83.2545859674383,29.1674372575383 83.2547867807172,29.1667661325509 83.2549024682603,29.1662253820052 83.2550789682514,29.1650487573671 83.2552159680303,29.1648035704268 83.2552076546575,29.164663757555 83.254663280726,29.163832819577 83.2537646549503,29.1629435072249 83.2535982804747,29.1627147572722 83.2534604047518,29.1624094449693 83.2531088436919,29.1620149455728 83.252718655666,29.1617759450985 83.2524222179156,29.1614878198214 83.2522877803173,29.1613877571743 83.2519550295674,29.1609618191273 83.2516397176549,29.1606735697432 83.2513532804134,29.1602952573218 83.2508806547382,29.1598572575097 83.2507188425451,29.1596758822706 83.2506558420363,29.1593574451989 83.2499756554365,29.1585663194992 83.2492613420998,29.1580141951731 83.2502813427585,29.1569031952783 83.2507567806273,29.156244882094 83.2510184054547,29.1558741330072 83.2521317804705,29.1548583825648 83.2524112173556,29.1544674445006 83.2528853431072,29.1539850701277 83.2532312177265,29.1533350073635 83.2532339678665,29.1529537577422 83.2532175929323,29.1524618828857 83.2532194059742,29.1522070075025 83.2533069050322,29.1518352574655 83.2535934052265,29.1512661322741 83.2536905927273,29.1508357578502 83.2538528428923,29.1505231322254 83.2541541558909,29.149857069546 83.2543549682704,29.1495378194834 83.2544969674046,29.1493130076808 83.2553427172876,29.1482010697885 83.2563562805683,29.147297506711 83.2575272178666,29.1468009454649 83.258271842998,29.1466651948503 83.2589459051853,29.1465110080453 83.2595027176996,29.1463155079865 83.2598982180462,29.1463019452458 83.2605101547692,29.1463052574648 83.2610267799861,29.1464321946812 83.2621025928383,29.1467358819014 83.2629105305448,29.1469636318032 83.2633796551425,29.1471715074919 83.2640283428368,29.1472991326931 83.2644274054151,29.1474163823661 83.2649527181246,29.1476673816527 83.2654420928539,29.1476948821532 83.2657299060646,29.1476986952969 83.2659042179946,29.1476658204221 83.2660169683379,29.1476235700701 83.2660787799373,29.147563007635 83.2661286547781,29.1474978199645 83.2661935924359,29.1473583200582 83.2662641553801,29.1472865070504 83.2664148429061,29.1471880703853 83.2667835927905,29.1470096323461 83.2672610928146,29.1467211950028 83.2673649677061,29.1466563823513 83.2693145300678,29.1447833202864 83.270389342869,29.1437356320672 83.2714855299596,29.1426181318415 83.2721517805981,29.1420149446646 83.2729636555555,29.1415793820269 83.273244030438,29.1414523207034 83.2734937796609,29.1412528824945 83.2738464675767,29.1407382573794 83.2744204680162,29.1401458198504 83.2753454674366,29.1393273195559 83.2770440934645,29.1382558819264 83.2807984680144,29.1363855700015 83.2837590305767,29.1349328197979 83.286829030364,29.1335775071078 83.2888746551692,29.1328303827484 83.2892412178919,29.1325841948578 83.2895222178063,29.1322201943159 83.2893621557023,29.1316260075971 83.2891642805226,29.1307835078796 83.2891327798185,29.1300389448017 83.2892305302975,29.1298815078314 83.2892946549644,29.1297081321001 83.2893065305688,29.1295706322956 83.2892962800471,29.1294713196867 83.2892643431697,29.1293560701155 83.2892485932673,29.1292612568363 83.2892504683628,29.1291777570825 83.28933815538,29.1285217569657 83.2893419055709,29.1279736328433 83.2893219054521,29.127793006743 83.2893030924442,29.1277275070063 83.2892684674804,29.1276709447747 83.2892194056306,29.127616506752 83.2891844677012,29.1275599445205 83.2891749051641,29.1274516323528 83.289240217841,29.1269240704281 83.2892295302467,29.1266533821897 83.2892027797843,29.1262876954109 83.2892390307302,29.12578256988 83.289311405817,29.1255303816839 83.2893266556939,29.12536344423 83.2892712176203,29.1252097574506 83.2891409052321,29.1250060699247 83.2889350305445,29.1247342575283 83.2888825305701,29.1246550070917 83.2888354679228,29.1245419446821 83.2887184682625,29.1241781329988 83.2886441551275,29.1240130697409 83.2885334678388,29.1237146948415 83.2884917175124,29.1236220066705 83.2884123429686,29.1235313195006 83.2882989046406,29.1234946323814 83.2881772176914,29.1234895080198 83.2880384678233,29.1234910071969 83.2878855310821,29.1235082571756 83.2877301544684,29.1235435071713 83.2876117185839,29.1235790071796 83.2872722174905,29.123723820306 83.2865556558378,29.1239095698685 83.28635290541,29.1239287569962 83.2860754056738,29.1239318201018 83.2851209047518,29.1238455072553 83.2843959676729,29.1238980701825 83.2837665309584,29.1237051952573 83.2829360930059,29.123369194342 83.2820167809254,29.1229266331466 83.2811814677247,29.1225995697366 83.2804149053257,29.1225548822103 83.2800189679063,29.1226361948023 83.2793016553162,29.1229301324255 83.2788112805361,29.1230764447289 83.2784994049495,29.123264257346 83.2781792177887,29.1233031325262 83.2772341552968,29.1231988196627 83.2765770921763,29.1229651953613 83.2760229677484,29.1227952568553 83.2756670305666,29.1225384443232 83.2754144682508,29.1223295074294 83.2750630924522,29.1221043206077 83.2745666553132,29.1217564440879 83.274050842188,29.1214965072961 83.2736297802884,29.1211874448023 83.2727258421918,29.1205711949102 83.2724454052558,29.1203215697942 83.2723337179163,29.1201156330531 83.2724825932998,29.1196788194525 83.2729086554538,29.1193247573661 83.27354284241,29.1187844447924 83.2737992178695,29.1184451955103 83.2739612180218,29.1181978816631 83.2742424679488,29.1176557569468 83.2745083429926,29.1173436322468 83.2746799047826,29.1170038820399 83.2746715932085,29.1168640080139 83.2745139673796,29.1165337573913 83.2743239676007,29.1161018819917 83.2743714052671,29.1160276947624 83.2747790932845,29.1155922571311 83.2749335301021,29.1150403819185 83.2750445303563,29.1146439444737 83.2755034053316,29.1136380074804 83.275811154809,29.111318319265 83.2759309055085,29.1103670073543 83.2759609672905,29.1100941949071 83.2760715925256,29.1097563818492 83.2760922176761,29.1094677574461 83.2760838431492,29.1093346328643 83.2758510929929,29.1090040081219 83.2758449056276,29.10850769509 83.2758176551398,29.1077134442311 83.2756417181271,29.1072996318013 83.2753169048316,29.1059940068921 83.2746984677778,29.1049326327245 83.2738852177505,29.1041838203296 83.2734031545445,29.1037841956723 83.2732733430811,29.1035195077393 83.2729831556487,29.1033284449567 83.2721597810054,29.1026450072922 83.2719780307471,29.1024229456296 83.2714612184703,29.1023118824226 83.2711424054802,29.1021702574082 83.2707307802121,29.1017958192846 83.2703274683167,29.1016199452248 83.2700089053393,29.1014445073382 83.2697472175591,29.1011701318618 83.2694484046877,29.1008798203224 83.2692009046799,29.1005963823343 83.2690333430936,29.1003563827083 83.2690244055883,29.1002660696582 83.2691775932416,29.0998946946402 83.2692928428128,29.0995726953368 83.2694639675302,29.0993006949813 83.2704027176505,29.0982658194647 83.2708199052521,29.0978371951299 83.2712437802445,29.0971040705838 83.27152128088,29.0964039450195 83.2716271558733,29.0960909443757 83.271544343205,29.0958175698495 83.2713067178005,29.0955026941101 83.2712335926756,29.0951706942978 83.2710480922265,29.0947906947401 83.2697124055353,29.0924237577169 83.2694553429905,29.0921742576073 83.2692695304752,29.0918415698103 83.2690953435515,29.0915518824034 83.2690504060124,29.0912313193242 83.2690956556177,29.0906427569925 83.2689223428394,29.0902199450038 83.2687611556782,29.0897227569273 83.268669467558,29.0893816325498 83.2686134053519,29.0889978198483 83.2685296546861,29.0886793198239 83.2683840933203,29.0880106949637 83.2680586558923,29.0874450069977 83.2678941547135,29.0872794455131 83.2678625928552,29.0872476947962 83.268236530054,29.0869022572495 83.268815654855,29.0861768201451 83.2692264050786,29.0852879448657 83.2694076553114,29.0849008828981 83.2694854677253,29.0845606947193 83.2694715929183,29.0838432571228 83.2695178434739,29.0832885067639 83.2696237805208,29.0829258821912 83.2695064049421,29.0812648830785 83.2694059052223,29.0809417578186 83.2685010309271,29.0800209447624 83.2674663424703,29.0787497568578 83.2671758429718,29.0782451331511 83.2669589047714,29.0778649447348 83.2667458426676,29.0774013195177 83.2667017181195,29.0769634456113 83.2666022805042,29.0764101953287 83.2664823427448,29.0760756944898 83.2662967802421,29.0757158821107 83.2660524683463,29.0751280077636 83.2659382799801,29.074795819992 83.2658587174772,29.0743329448131 83.2658755924369,29.0740826317125 83.2658027802775,29.0737055073011 83.2657723434765,29.073247382364 83.2657058427895,29.0730688193184 83.2656326547117,29.0727525703077 83.2656203429339,29.0723555069318 83.2656119054541,29.071965131846 83.2656517177324,29.0716473198061 83.2657747806509,29.0713050703714 83.2659454053428,29.0693726950356 83.2660645930641,29.0691793200849 83.268264092608,29.0677971319261 83.270216968088,29.0659736326357 83.2726349050092,29.0638165075509 83.274875717807,29.061775819148 83.276616280322,29.0597976321279 83.2767895310469,29.0570869446942 83.2771515305876,29.0546885699198 83.2765959681371,29.0532124444257 83.276335967493,29.0525658827388 83.2762221550453,29.0519967566482 83.2763600928217,29.0514109444564 83.2762938430467,29.0507811947764 83.2763096559019,29.0502128196233 83.2761959684606,29.0496753201424 83.2760044056526,29.0493020070761 83.27577134343,29.0490322568351 83.2749748424567,29.0486151951391 83.273649405388,29.0481952573975 83.27332121782,29.0480490701005 83.2731579055507,29.0478520070125 83.2730309053813,29.0475196321811 83.2729853428104,29.047334382644 83.2729103434894,29.0471377575279 83.2727027798669,29.0465275070419 83.272563967046,29.0462357574796 83.2723772183319,29.0460497570051 83.272319718103,29.0458643824616 83.2722039055535,29.0455953822588 83.2720129048244,29.0451905693878 83.2718848425506,29.0450048818788 83.2718505926059,29.0448580704493 83.27186577953,29.0443843826696 83.2718435310954,29.044167694482 83.2718469053679,29.0436871952046 83.2716715924876,29.0432395699026 83.2715524677192,29.0427945076807 83.2715169686101,29.0424536953694 83.2714247175117,29.0421982570079 83.271322280643,29.0420736319595 83.2711882180639,29.041741257128 83.2709007178187,29.0389830070216 83.2705334050578,29.0385681945409 83.2704301560974,29.038226945157 83.2702696551222,29.0376373198215 83.2701290301587,29.0372350070777 83.2700374679443,29.0368870703031 83.2699652178639,29.0364332576358 83.2698548435408,29.0361100703223 83.2697054051791,29.0359603819478 83.2694307185357,29.0355956322671 83.2685741551527,29.0343840696996 83.2691262174252,29.0327583196832 83.2694045301523,29.0319183200929 83.2694572180859,29.0311335697176 83.2694514057397,29.030637257585 83.2693779685486,29.0303548196478 83.2692578437292,29.0300496323513 83.2691280295677,29.0295278198199 83.269048092945,29.0291168195836 83.268891905139,29.0288858824693 83.2688992175616,29.0283963818344 83.2689457172305,29.0281710079529 83.269061405673,29.0277768817768 83.2692601549979,29.0272071945065 83.2685323427727,29.0236095698416 83.2673297177105,29.0212071948635 83.2665186548448,29.0194680065192 83.2662929679977,29.0189004443571 83.2660889675062,29.01830156945 83.2659879048082,29.0180303191327 83.2655510930062,29.0174594447515 83.2651732176574,29.0169024451774 83.26491159283,29.0165130071897 83.264490968003,29.0157481939803 83.2643565304048,29.0155692568149 83.2637399675471,29.0147378826636 83.2635757802331,29.0145430696902 83.2634213425162,29.0142940705054 83.263204468168,29.0139770067051 83.2629835927169,29.0136803198412 83.2625583426545,29.013341819698 83.2619504681886,29.012876070272 83.2614734681901,29.0125508199039 83.2612749679786,29.0124053817458 83.2610515924002,29.0122823197265 83.260461967964,29.012008382222 83.2598089059463,29.011668694968 83.2595337804317,29.0115633820536 83.2591545300129,29.0114395070434 83.2580754669953,29.0111425701668 83.2576120306367,29.0110339441342 83.2574428430683,29.0110104447366 83.2573071554064,29.0110097576513 83.2570094046395,29.0110125698448 83.256050030268,29.0110750073754 83.2549210303562,29.0112244448378 83.2547365308573,29.0112301942312 83.2545515304336,29.0112110700563 83.2543179672864,29.0111195069425 83.2541283425266,29.0110373202053 83.2539654682292,29.0110206323056 83.2536751557905,29.0110213202902 83.253498155774,29.0110113197812 83.2532614054141,29.0109625699976 83.2530310924323,29.0108710698367 83.2528961548086,29.0107620067315 83.2527204678086,29.0106595698628 83.2521901557439,29.0104806326974 83.251912155083,29.0104136949378 83.2516462179857,29.0103715695922 83.2514422174942,29.0103636941913 83.2511162800408,29.0103641321632 83.2508919682637,29.0103786949548 83.2507458430202,29.0103959440343 83.2506289045141,29.0104178201477 83.2503103433354,29.0105063192566 83.2496974677157,29.0107510700238 83.2494143435925,29.0109051327216 83.2492030306785,29.0110235074519 83.2488989675399,29.011148131601 83.248787717273,29.0111836325087 83.2486483423731,29.0112099440998 83.2484389675073,29.0112313201878 83.2482455305032,29.0112776318976 83.2480244679921,29.0113688820457 83.2477495304367,29.0115455699959 83.2473164679264,29.0123913828318 83.2466702183058,29.0128976325206 83.2464877809622,29.01310413224 83.2463293430417,29.0132273201649 83.2460679673277,29.0134333819124 83.2458614676083,29.0136894444064 83.2457179674983,29.013923256667 83.2455112798197,29.0141589449225 83.2452505300369,29.0142748195255 83.2448952169875,29.0142096327543 83.2447399060246,29.0141320694538 83.244354279382,29.0140825705315 83.2441893420299,29.0140049442781 83.2435609053664,29.0137735700912 83.2430902177394,29.0135633831337 83.2428620298657,29.0135260071306 83.2425710294424,29.0134431324087 83.241996717836,29.0132706946748 83.2415317805017,29.013139507242 83.2410776557682,29.0130399446204 83.2409362169143,29.0129895077006 83.2402674049943,29.0129316315533 83.2398972800399,29.0129227570009 83.2394877807792,29.0129407570178 83.2393690310299,29.012994319996 83.238278842446,29.0134865698714 83.2379805934523,29.0133338201901 83.237792967895,29.0131522569917 83.237247030035,29.0123956951016 83.2370832177401,29.0122007571218 83.2369673422378,29.0119023201688 83.2364607175299,29.0111730690213 83.2361945304199,29.0109414448217 83.2360073428345,29.010699007122 83.2353425302188,29.0100996951423 83.2350755301178,29.0099808824401 83.2347697807423,29.0098053825 83.2342589049187,29.009651382755 83.2337087177416,29.0095286948556 83.2329927172686,29.0094366317163 83.2327962801117,29.0093723199896 83.2325927796457,29.0091975691884 83.2324539056706,29.0088018817818 83.2322344682423,29.0086765696481 83.2320864679034,29.0084275704633 83.2318830303902,29.0082595070528 83.2316477180531,29.008147631754 83.2312789052159,29.0079650064513 83.2295204056368,29.007208256602 83.2292715296597,29.0068120700693 83.228781279886,29.0064731328535 83.2285034680836,29.0063023822558 83.2281186544319,29.0061535068723 83.2279771553232,29.0061121324642 83.2276077174542,29.0060130069152 83.2271277802557,29.0059763818495 83.2267343429637,29.0058974443784 83.2265293433206,29.0059503823247 83.22596278031,29.0059133192871 83.2256012178418,29.0058277573781 83.225184655272,29.0057216323721 83.225082217504,29.0056939448117 83.2240375932898,29.0053698195008 83.2236913427521,29.0052980073924 83.2233695934614,29.005172007274 83.2224958421532,29.0051173201379 83.2220235932957,29.0050807571258 83.2218582809245,29.0050798200277 83.2214409683165,29.0050841952504 83.2207624679537,29.005260757295 83.220407842889,29.0052857567689 83.2201631559741,29.0053542575577 83.2192101560277,29.0053893825469 83.2182767182283,29.0059389446922 83.2180720306514,29.0069686949479 83.217976905306,29.0070786951512 83.2174988423036,29.0077256327564 83.2171590929961,29.0079401949366 83.2170952183421,29.0080774447283 83.2163583427058,29.0086755066443 83.2162233430286,29.0088348816629 83.2160724684426,29.0089783826722 83.2160473421637,29.0091586949075 83.2159670925754,29.009379320346 83.2158244684094,29.0094958190815 83.2156042170908,29.0094741327258 83.2153617173375,29.0092584445891 83.2152372172955,29.009043444437 83.2150815924677,29.0087988825284 83.2147998434146,29.0085491324062 83.2146045924692,29.0083675071543 83.2140555933022,29.0080530073334 83.2136252800325,29.0076760070291 83.2133668424176,29.0074872573138 83.2131633428509,29.007334944705 83.212283717143,29.0070049440951 83.211938218442,29.0068630699673 83.2117025922401,29.0068007574431 83.2110264678975,29.0066636947112 83.2106803432655,29.0066210693402 83.2102871550868,29.006515007287 83.2100265932632,29.0066172570958 83.2096327800527,29.0066420074563 83.2091042180771,29.0067494454788 83.2088605923673,29.0066871329546 83.2085202800814,29.0068926946767 83.208259468245,29.007022007014 83.2081098428234,29.0070346317573 83.2078252806774,29.0071660701022 83.2075413426639,29.0072117576795 83.2072649050321,29.0073274452226 83.2070508428774,29.0074998820571 83.2061815926976,29.0079166316869 83.2058257805221,29.008128881699 83.2056833434159,29.0082182567517 83.2052477807783,29.00854056992 83.204812343147,29.0088086950783 83.2044882178362,29.0090008199653 83.2043767805094,29.0091310073472 83.2038935922461,29.0095161330651 83.2035460304906,29.0096584451648 83.2033470923072,29.0099212571031 83.2030157804794,29.0099891949136 83.202802154498,29.0101120069201 83.2024007176981,29.0100893196142 83.202070405022,29.0100310072936 83.2017637806019,29.0099818195382 83.2014808426393,29.0098898823046 83.2010877174135,29.0098243825678 83.2005531551325,29.0096768822544 83.200113280225,29.0095569444949 83.2000192178833,29.0094796950593 83.1997990304168,29.0094580698579 83.1994142176645,29.0093091324209 83.1990449048018,29.0091896326333 83.1986680304032,29.0090565701051 83.1984244685455,29.0089851950692 83.1979135927219,29.0088377577086 83.1973717800718,29.0086270068735 83.196962905843,29.0085681945275 83.1967582803197,29.0085601950196 83.1961279685608,29.0085970071451 83.1956787181761,29.0086575066274 83.1953232801203,29.0087795065422 83.195126342938,29.0087715070343 83.1948658431678,29.0088601950017 83.1943530301953,29.0090015070506 83.1940919053933,29.0091736947718 83.1937917804048,29.0092756325143 83.1935940302315,29.0093782573422 83.1930555927532,29.0097630700945 83.1928409055667,29.01002563202 83.1926506557751,29.0101892572549 83.1924674054405,29.0104453197489 83.1920632805542,29.0107677570242 83.1918577799863,29.0108770701421 83.1913904045783,29.0112419448293 83.1911760303574,29.0114550069331 83.1909937800737,29.0115847572424 83.190716780363,29.011770319745 83.1901236548493,29.012091631963 83.1897534057879,29.0120961321921 83.1895710925513,29.0122755073294 83.189317655191,29.0124476950506 83.1891194679451,29.0125908821949 83.1888483426341,29.0130540073865 83.1887517172123,29.0133083197914 83.1886952808865,29.0134681318826 83.188477967667,29.0140623824535 83.188420092419,29.0144433200086 83.1884250297207,29.0148020073305 83.1883692175274,29.0148851950179 83.1882247803194,29.015182069841 83.1879769673461,29.0157332570689 83.1878093428068,29.0160030073099 83.1876433433503,29.0160990076999 83.1876584673216,29.0161757571101 83.1873476547387,29.0166160699895 83.1868143425213,29.0173685696224 83.1859425931135,29.0170520067469 83.1854620929368,29.0170423201028 83.1851859053178,29.0171151322621 83.1848632800832,29.0170996323725 83.1844375299954,29.0171466950198 83.1839254050076,29.0171503202042 83.1836497803668,29.0171554445658 83.183342655022,29.0171671322111 83.1821294053183,29.0171936317613 83.1818067809831,29.017178132771 83.1808384673077,29.0171451319905 83.1805781554968,29.0171638820456 83.1802634677167,29.0171484451088 83.1792249058613,29.0170045079264 83.1789812810509,29.0169465697255 83.1786347805004,29.0169377572266 83.1781155931027,29.0168646321017 83.1777622801551,29.0167181318391 83.1773927802326,29.0166594453987 83.1772284049594,29.0165140692941 83.1761767803888,29.0160632576788 83.1758474677636,29.0158762571534 83.175635155698,29.0158320705517 83.1750304684448,29.0156208196912 83.1745185934696,29.0155973823472 83.1741871557362,29.0156856323427 83.173958092818,29.0157676949729 83.1737756545751,29.0159109441707 83.173546655509,29.0160268196731 83.1733010296974,29.0162125692356 83.173143030648,29.0162747567535 83.1728894053286,29.0164672566595 83.1727230929065,29.0165902575246 83.1725248427076,29.0167560078677 83.1723429683424,29.0168293200525 83.1718435922049,29.0172571322957 83.1716527803343,29.017483820093 83.1714939673946,29.0176475064821 83.1714210302289,29.0179042569607 83.1712135304586,29.018221069849 83.170983780455,29.0183865692801 83.1707222176811,29.0185925069206 83.1705804056068,29.0186390074888 83.1704614669989,29.0187081944637 83.1700515927192,29.0187688819052 83.1695949058049,29.0187435074122 83.1693827178463,29.0186812569415 83.1673945923707,29.0178726951025 83.166093967716,29.0172623205094 83.1657715924942,29.0172219443535 83.1653194049096,29.0170409450328 83.1646707801682,29.016829382106 83.163297530414,29.0164870067655 83.162601280047,29.0172226314388 83.1622093428313,29.0176781321417 83.1619545924546,29.0180397575627 83.1617160920056,29.0182096951694 83.1616735925403,29.0185117573068 83.1611747173275,29.0194267571174 83.1611156549687,29.0197038827339 83.1609249681045,29.0199192570057 83.160438780588,29.0208524447925 83.1603037800114,29.0211606331411 83.1604282800535,29.0213554443159 83.1607654680795,29.0217185077597 83.1609145305229,29.0220126944963 83.1609755929835,29.0222341320265 83.1610043426483,29.0225726951225 83.1610029675783,29.0227441328055 83.1610200304972,29.0229765699962 83.1610654051089,29.023590506821 83.1611754053122,29.0240355699422 83.1611364680785,29.0241684445112 83.1611862799664,29.0242409455036 83.1612367177854,29.0250263191121 83.1612782180992,29.0253311322888 83.1612705927111,29.0255250702177 83.1612560299195,29.0257415695469 83.1613054676877,29.0258524447947 83.16132671787,29.0263623826209 83.1615253430879,29.027514194845 83.1620689678806,29.0296560700529 83.1623922802004,29.0301905073275 83.1626109684898,29.0304061325114 83.1628169672844,29.0306916947083 83.16287146826,29.0309243819118 83.1632521558023,29.0313914452535 83.1635953423352,29.0318086319558 83.1641704048791,29.0324055076604 83.1643322809243,29.0326658824242 83.1645127181661,29.0329332566449 83.1646045924468,29.0332767570427 83.164678404657,29.0334711949971 83.1647708428153,29.0337605703378 83.1648514044699,29.0339099448473 83.1648747186062,29.0341650072904 83.1649552802607,29.0343211321436 83.1649894672526,29.0347748198045 83.1650688426957,29.0350843193709 83.165002467015,29.0363201943269 83.1649999677871,29.0366292577201 83.1649542802098,29.036807132781 83.1648905926156,29.037664007331 83.1648181554753,29.0380583196676 83.1647922800576,29.0381574443173 83.164733405658,29.0384165078633 83.1646269676864,29.0391128823373 83.1645925927353,29.0394894446697 83.1646105306986,29.0395685071472 83.1646227183694,29.0404100077132 83.1646518430532,29.0407418195663 83.16471321758,29.0409316952381 83.1647034050303,29.0413466947787 83.1647340927433,29.0414890077779 83.1647389050387,29.0416514450027 83.1647760301297,29.0417441943279 83.1647619682629,29.0419336320278 83.1648102809738,29.0421933197063 83.1648397797775,29.0424325701934 83.1648130293151,29.0434070064826 83.1648554676263,29.0436396325319 83.1646640918782,29.0438933819584 83.1644635304106,29.044566632054 83.1643014043527,29.0451363202236 83.163680030099,29.04638906924 83.1635701549021,29.0467222570625 83.1635547170659,29.0470875697215 83.1635089674351,29.047270070018 83.1635649046349,29.0473741328687 83.1636211556995,29.0482001946992 83.1636116552159,29.0486219445834 83.1636232808076,29.0487370700476 83.1636520934253,29.0490598823419 83.1635862807229,29.0494248820354 83.1634954676473,29.0497446950764 83.1633037177794,29.0500818822032 83.1632897800196,29.0502148826779 83.1630845924173,29.0506715695922 83.1630238429223,29.0511584450935 83.1629403422693,29.0513700071209 83.162906967369,29.0516021322454 83.1625152801661,29.052502069239 83.1623104055294,29.0528775074134 83.1621647803114,29.0529871325976 83.1617948433162,29.0535285072757 83.1615787181068,29.0537482576696 83.1613747805682,29.0540018820898 83.1612350927028,29.0541341325264 83.1606707798067,29.0545840690971 83.1604239057301,29.055462319735 83.1594372799715,29.0566585065199 83.1592700934042,29.0570951321613 83.1590970306385,29.0574640079514 83.1588998425442,29.0576748199406 83.1587971547634,29.0579110693758 83.1586559677209,29.0581876320138 83.1583379677218,29.0585736948298 83.1581647808491,29.058915507192 83.1579815296152,29.0589910694913 83.1578981548679,29.0591845064955 83.1577901556657,29.0592786317901 83.1575472179406,29.059669632807 83.1572035304829,29.0601005693099 83.1569099678788,29.0605634453882 83.1567938423637,29.0608673196682 83.1567220932081,29.0611668825778 83.1566262178245,29.061319695212 83.1564652177231,29.0617743820245 83.1563115929972,29.0620373198684 83.1562290923951,29.0621157573141 83.1560757806347,29.0623854446023 83.155916967695,29.0625333828877 83.155193716853,29.0630996320333 83.1550335926956,29.0634099445907 83.1549383432431,29.0634815075858 83.1543015932068,29.0642625698237 83.1540976556681,29.0645431947189 83.1539836552612,29.0646418193432 83.1536959050033,29.0651340692187 83.153623092844,29.0655599452122 83.1535693428059,29.0659746947402 83.1535747180795,29.0660626956223 83.1535542179354,29.066256569699 83.1533552806512,29.0667155696807 83.1531450927945,29.0669849440033 83.1530687184034,29.0670633823483 83.1530617801006,29.0671287570787 83.1526432803819,29.0674374445534 83.1526107175733,29.0674236947528 83.1523857807644,29.0673297574175 83.1522229055676,29.0671843822122 83.1518915919412,29.0668394446909 83.151535529753,29.0664604451841 83.1512286553202,29.0662261319987 83.1512174677004,29.0660591315919 83.1511882180102,29.0657544452202 83.1512045299915,29.065328132154 83.1511764053586,29.0648790067757 83.1510537174591,29.0644925077864 83.1507556555253,29.0639311950431 83.1505809056233,29.0637135068046 83.1504754677026,29.0634963194908 83.150306467194,29.0633621319053 83.150170718378,29.0630070077144 83.1499529051331,29.0626786330866 83.1497905929146,29.062467820198 83.1497166547987,29.0622507569913 83.1494664055503,29.0620393829231 83.1492972800354,29.0619210072934 83.1487950926036,29.0616651948122 83.1484625307123,29.0614803823477 83.1481491550493,29.0612550696204 83.1479929051898,29.0610938824592 83.1471853434017,29.0603916947396 83.1468475923973,29.0600895075958 83.1467477177094,29.0599851317795 83.1458137798844,29.0593475696515 83.145513467836,29.0590681948199 83.145325030187,29.0589902573996 83.1453194049007,29.0588999443495 83.1450322805739,29.0585665694672 83.1449267805997,29.0583606318267 83.1448085929293,29.0581771323787 83.1445902176054,29.057916319643 83.1444847176312,29.0577103829019 83.1439903426475,29.0572583194243 83.1436078429626,29.057019007783 83.1432694057721,29.0568003194935 83.1430122173216,29.0566610704994 83.1425409055622,29.0564753191382 83.1423587182313,29.0563906943272 83.1421070921143,29.0563507570426 83.1416295300367,29.056158195083 83.1405980926448,29.0558809453595 83.140277467512,29.0557999448337 83.1400639683357,29.0556947569258 83.1396554052737,29.0555748821191 83.1392157183255,29.0553848202868 83.13907190525,29.055239507135 83.1386952179112,29.0550656952304 83.1385325297744,29.0549090073989 83.1382124046671,29.0547693195334 83.1378412185076,29.0546766952146 83.1374770929594,29.0545029444642 83.1371515925785,29.054230132017 83.13712728019,29.0541150074522 83.1370598424049,29.0538866325186 83.1369829050356,29.0532928828725 83.1367009680232,29.0530857572219 83.1366575926139,29.0530133191823 83.1360492801762,29.0526439451654 83.1355855299527,29.0523319445725 83.1353670925753,29.0520485695373 83.1352926553332,29.0519307568859 83.1351745926692,29.0517315695891 83.1345175304479,29.0511723199004 83.1341339677593,29.0510593195444 83.133982530195,29.0510583194935 83.1334974056822,29.0510439446611 83.1333714676173,29.0510160700408 83.1331770926157,29.0509313202235 83.1328573425276,29.0507081946579 83.1327885305718,29.0506468821846 83.1321814672984,29.0501331321139 83.1319452799168,29.0497503824162 83.1317837177365,29.049456069774 83.1317787795355,29.0493161318958 83.1316935926455,29.0489501330507 83.1313940306353,29.0485826952834 83.1313257178057,29.0484605074095 83.1309510926223,29.0480542574149 83.1308456556009,29.0478438204447 83.1307965928518,29.0476833194695 83.1307860293645,29.0474102570095 83.1308462176799,29.0470068821614 83.1306547169253,29.04652963215 83.1302004680848,29.0458680076462 83.130163468,29.0457617576338 83.1299460297742,29.0454016322891 83.1299533430961,29.0452573191882 83.1298727175894,29.0451123819548 83.1298363425365,29.0449294454851 83.1298553426043,29.0441603200059 83.1299429055145,29.0435134444542 83.1298386556038,29.0431585693768 83.1297270923714,29.0429142574809 83.1292252799587,29.0426380069091 83.1288621553607,29.0423536947758 83.1285804045088,29.0421240068257 83.128449655048,29.0419517579504 83.1278744674977,29.0413885701116 83.127800155262,29.0412617570022 83.1275502810327,29.0409826321834 83.1270940923452,29.0405420701905 83.1268634681964,29.0402203200005 83.1266640308868,29.0399414442951 83.1265266551894,29.0397916947664 83.1264142798652,29.0396849447285 83.1260599677661,29.0391118822864 83.1260616549023,29.0389178823039 83.1258300927562,29.0387066323427 83.1255799676148,29.0384568192676 83.1251275300175,29.0383027574691 83.1248379055635,29.038291819862 83.1245355304604,29.0382560698409 83.1243345301216,29.0382096322254 83.124176968145,29.0381928193193 83.124026779745,29.038085820168 83.1239085300211,29.0379203827905 83.1238849676706,29.037708131879 83.1239495923629,29.0374987579126 83.1240324679842,29.0374113200088 83.1241967803045,29.0373334446421 83.1242352175127,29.0372682578709 83.1243753424507,29.0370909439896 83.1243586554503,29.0368246327725 83.1244035929894,29.0367437572531 83.1244814054033,29.036455507869 83.1246855929546,29.0361748200209 83.1249711551515,29.035948819309 83.1251367804883,29.035717569229 83.1253525306786,29.0355475075154 83.1256074051624,29.035194944606 83.1256359057138,29.0348229445562 83.1255241554214,29.0346011329063 83.1254639671061,29.0342804448208 83.1255224673859,29.0340800695138 83.1255303427867,29.0338657573464 83.1256333426337,29.0336386315771 83.1256662175084,29.0334673827527 83.1257113430068,29.0333233196646 83.1257135292691,29.0330683822279 83.1255646556843,29.0327966948379 83.1255595295241,29.0326410070573 83.1247843425853,29.0319163829439 83.1245532175118,29.0316983196863 83.12441596772,29.0315327573024 83.1242409048525,29.0313646327377 83.1241785923283,29.0312581947661 83.1240094056592,29.0311578830055 83.123543217362,29.0311548199 83.1234795297678,29.0312108200526 83.1231335921957,29.0311408821402 83.1229265303973,29.031035757185 83.1226207801224,29.030679632044 83.1223781553628,29.0303125072423 83.1220582802683,29.0301210073871 83.1220035292801,29.0299221942101 83.1214028431297,29.0293903200155 83.1211598433511,29.0291022576913 83.1210539045056,29.0289571954516 83.120910405295,29.0287735071451 83.12079290471,29.0285178196702 83.1206258422497,29.0281603194591 83.1203567179398,29.0279216949031 83.120194404822,29.0277672571862 83.1194661555241,29.0274511322826 83.1192837181805,29.0274003194444 83.1189824051819,29.0272495078113 83.1187632177664,29.0271037566876 83.1186625300874,29.0270985073197 83.1179656555879,29.0267893827724 83.1176514048804,29.0266925702907 83.1174254050677,29.0266031322851 83.117173655743,29.0265789449029 83.1167522799785,29.0264768830533 83.1163937797166,29.0263798196595 83.1162057800395,29.0262612569701 83.1158412803715,29.0261551328633 83.1153913429015,29.0258521327285 83.1151524044805,29.0256633200604 83.1148514682996,29.0254718193059 83.1146192172695,29.0253936327723 83.1144495296756,29.0253203196881 83.1141667176187,29.0252507567949 83.1137765304921,29.0251828198837 83.1133481552706,29.0251845070199 83.1131214674733,29.0251716322639 83.1126047802028,29.025141256617 83.1124287172845,29.0250633200961 83.1122735924822,29.0250375696847 83.1119132180241,29.0249765072241 83.1117000929675,29.024830757899 83.1112175926889,29.0245230075224 83.1109235930122,29.0242774446636 83.1106789681508,29.0241426940998 83.1104663422202,29.0239766325897 83.1100837795824,29.0237688189545 83.1094725928977,29.0237693198793 83.1090749674428,29.0238501324459 83.1088544049573,29.0238328824672 83.1079532799535,29.0238585069729 83.1076195921056,29.0238292572826 83.1073419053095,29.0238770079146 83.1069641549671,29.0238519454878 83.1063107179303,29.0236152571815 83.1060537803918,29.0234601944327 83.1059486554367,29.023215819584 83.1052994056634,29.0225347579398 83.1050176557109,29.0223118203333 83.1049307798861,29.0221555704738 83.1046179051479,29.0219053823795 83.1039648422309,29.0216686949725 83.1036254679425,29.0215378825588 83.1034759054737,29.021360881643 83.1030447801122,29.0209519444613 83.1028457178217,29.0206573827056 83.1027097801471,29.0203473822144 83.102623030228,29.0201798826816 83.1023161548959,29.01994094516 83.1019965298141,29.0197606329246 83.1016324051652,29.0196093194674 83.1012545927692,29.0195503830143 83.1010660930666,29.0195062575669 83.1005185930768,29.0195206944528 83.1000392800108,29.0194881325436 83.0997749679962,29.0194457571852 83.0994727178995,29.0194437570834 83.0989319053004,29.0193250702869 83.0985740921238,29.0191445080388 83.0982289675426,29.0189888193589 83.0980853433257,29.0188660073524 83.0979532178955,29.0188200077089 83.097394467333,29.0182861325132 83.0970720921112,29.0179884446991 83.0970796554459,29.0178553821709 83.0965257171786,29.0170666324913 83.0963331543196,29.0167382569642 83.0963152802084,29.0166208822848 83.0961923422962,29.0162951327906 83.0961055303236,29.0161276323584 83.0960142181218,29.015750257035 83.0959356547705,29.0153730076172 83.0959307183681,29.0152015078807 83.0958585303412,29.0147972570887 83.095836280108,29.0144745068478 83.0957676552121,29.0144018817483 83.0956251551532,29.0141076320589 83.0955574673553,29.0139244455765 83.0948764677646,29.0132882576192 83.0945830931197,29.0129726947945 83.0945205305827,29.0129046319776 83.0938456554045,29.012263882637 83.0936087179847,29.0119893821542 83.0934708431612,29.0119071945176 83.0931454048338,29.0116658818752 83.092610655493,29.0115517573613 83.0923465305383,29.0115274449727 83.0920627175311,29.0115480701232 83.0917224052453,29.0115412568267 83.0915912169131,29.0114343826819 83.091406030329,29.0109909446434 83.0912381557769,29.0107551952337 83.0913347802994,29.0104851940806 83.0913300921112,29.0103249449168 83.0908619675643,29.0098187572815 83.0907940927067,29.0096558820847 83.0907392176113,29.0094411948982 83.0907230306364,29.0091297572835 83.0906809673443,29.0089129440895 83.0906500925713,29.0088088821381 83.090312592479,29.0085178817148 83.0901870303325,29.008462944566 83.0899869050383,29.0083058826147 83.089799717453,29.0081038822251 83.0897574680003,29.0078780074187 83.0897667796253,29.0075396952347 83.0895244048785,29.0071568196313 83.0891421552062,29.0069218823134 83.0891628433096,29.006732506667 83.0890762804503,29.006533382323 83.0890338430385,29.0063233194726 83.0889536555037,29.0060272567412 83.0887440926788,29.0055995074509 83.0886828431583,29.0054163200691 83.0885711549194,29.0052396321189 83.0884656549452,29.0050448820983 83.0881979677588,29.0046618814886 83.087874404527,29.0042107569078 83.0875391554485,29.0036648190477 83.0873764673116,29.0035261321325 83.0871960921234,29.0032473823327 83.0871092171979,29.0030911324731 83.0871372797773,29.0020513826077 83.0871272181141,29.0017693196897 83.0872803428146,29.0015357574416 83.0872100298832,29.0009555075834 83.0871369056576,29.0006662572491 83.0869979678302,29.0003743197277 83.0870170299516,29.0002886948658 83.0867599674067,28.9997884445831 83.0864582173355,28.9995585695731 83.0862976552061,28.9992123199347 83.0862444681464,28.9990991325189 83.086158530319,28.9989835070292 83.0859884056524,28.9984476946846 83.0858172800357,28.9980630078379 83.0848687803185,28.9973325066269 83.0847835925292,28.9971018195252 83.0849162179848,28.9966447566925 83.0849942804115,28.9964851325605 83.0850478424902,28.9963771945125 83.0851797799612,28.9960329449759 83.0851378425748,28.9958048191557 83.085012717501,28.99519263242 83.0848405297798,28.9950763827979 83.0846415924957,28.9947185696213 83.084498842424,28.9944627571401 83.0848060298224,28.9938535076043 83.0850238430673,28.993624882658 83.085851029955,28.9929018197751 83.0858749673245,28.9928410693808 83.0861155928816,28.9922155699171 83.086377404769,28.9918721945258 83.0867725300966,28.991071757201 83.0866886553237,28.9907260696416 83.086304279644,28.9900376946754 83.0863534053459,28.9892348822297 83.0867975304698,28.9876316945128 83.0867999046913,28.9872865690324 83.0866727174622,28.9869428195212 83.0865012177257,28.9867115694413 83.0863757176327,28.9861376949075 83.0864653426982,28.985680382062 83.0867292176402,28.9851091947154 83.086781655561,28.9838462572308 83.087090093023,28.9830451948742 83.0872646549657,28.9828163199151 83.0880480923244,28.9821313192214 83.088092030712,28.9820188827431 83.0881322180093,28.980909194066 83.0881460928163,28.9805280073975 83.0878900303223,28.9800683194312 83.0877209057067,28.9795303199249 83.0877239670136,28.9790723829469 83.087684029729,28.9786141321041 83.08759846782,28.9784985075138 83.0872977169003,28.9782302564498 83.0871262801167,28.9780373194711 83.0870424053439,28.9776555698243 83.0869148430956,28.9773478824005 83.0867859678309,28.9772342570127 83.0865269051842,28.9771941326682 83.086051967341,28.9770781330588 83.0858794684529,28.9770002567928 83.0854495931551,28.9766544451263 83.0854935306433,28.9765396946812 83.0854079678349,28.9764240700909 83.0853244680812,28.9760038823366 83.084808654956,28.9755808203352 83.0842917797263,28.975272756993 83.0839481552215,28.9749658816609 83.0836502173947,28.9742758195585 83.0838264053195,28.9738573827926 83.0836116551801,28.9736258197471 83.0832663426397,28.9735490694377 83.0831862801113,28.9734582572614 83.0830948429033,28.9733561324589 83.0827099680974,28.9727421947349 83.0827539046863,28.9726296953036 83.0826260924253,28.9723986322836 83.0822391554641,28.9720915069388 83.0812519046737,28.9710538821815 83.081123718293,28.9708251322288 83.0806151546375,28.9694072570018 83.0803134045662,28.9691773199384 83.0796223433123,28.968827507169 83.079192530068,28.9683282569371 83.0788472795811,28.9681341319483 83.0778119049384,28.9674773817933 83.0776397801701,28.9672844448146 83.0766476550309,28.9666279446722 83.0766050926127,28.9665126321482 83.0762175926733,28.9661670695952 83.0760035296192,28.9658204449376 83.0758311548382,28.9656658822143 83.0751624049717,28.9653183825123 83.0750382799487,28.9652543828519 83.0750107794482,28.965240632152 83.0742628429972,28.9647211947415 83.0742347795184,28.9647006945973 83.0743265296921,28.9639749445274 83.0744574050586,28.9638607570606 83.0745024055505,28.9636309450035 83.0744189048975,28.9632107572491 83.0744240301584,28.9625227573021 83.0743399044735,28.9621770697426 83.074168842709,28.9618713203671 83.0734340921809,28.9615595077334 83.0731757795724,28.9613276326216 83.0730476552452,28.9610988817696 83.0730510924705,28.9606003824753 83.0732286554652,28.9600285700968 83.0732104674891,28.9598750694779 83.0731064046384,28.9589968197393 83.0730205306631,28.9588811942496 83.0725032174615,28.9584941322821 83.0721147174711,28.9582996943277 83.0714687178633,28.9577223196158 83.0713879673502,28.9569185700721 83.0713030925265,28.9566901951385 83.0709170306099,28.9561145066635 83.0705763424056,28.9553090690842 83.0705715301104,28.9551669449436 83.0705409674036,28.954237257335 83.0704984049854,28.9541219448109 83.0703720928007,28.9536247567344 83.0703106544218,28.9534573822079 83.070287217977,28.9533941325856 83.0700295924539,28.9530493821242 83.069902155212,28.9527033824986 83.0696449676608,28.9523586949901 83.0693004051586,28.9520495065906 83.0692571556551,28.9520108823225 83.0684816548514,28.9514325066603 83.068354530575,28.9510887571491 83.0683116551913,28.9509734446251 83.0684466548684,28.9502863197225 83.0684910303285,28.9501716322303 83.0685377170574,28.9497116942512 83.0684552803075,28.9496389450447 83.0684085306258,28.9495980077092 83.0672477170442,28.948326693899 83.0669898424077,28.9480203203909 83.0664379680944,28.9464870076335 83.0650172168218,28.9452161326946 83.0644570920885,28.9447905067138 83.0635975933043,28.9438279451297 83.0632527798901,28.9435976951007 83.0625614677241,28.9433244446816 83.0611387181482,28.9423197577519 83.0594992794854,28.9413901951496 83.0589395297713,28.9408900078197 83.0578654058541,28.939698131506 83.0576790294611,28.9395705072042 83.0571354676213,28.9391990071799 83.0564467805889,28.9388896326199 83.0560174053165,28.938582132256 83.0555025292893,28.9381972565508 83.0555032181734,28.9381205691942 83.0550322796343,28.9376593199973 83.0547764050996,28.937276257334 83.0539177175077,28.9366995067546 83.0530562806752,28.9363528200435 83.0529277804296,28.9362368195349 83.0524112181655,28.936005382395 83.0515473423599,28.9359248818947 83.0512907807398,28.9356568817428 83.0510362794764,28.935158819521 83.0505644047387,28.9347742576808 83.0500900298738,28.9346581321657 83.049832780269,28.9344645701552 83.0479874048651,28.93308225699 83.0478592796385,28.932927882226 83.0473437794788,28.9325813816755 83.0469996549486,28.9324278199024 83.0454454670279,28.9322273195891 83.0451006554123,28.9321121320714 83.0448000924519,28.9319204451563 83.0445861553036,28.9316888821108 83.0439984050635,28.9310101946881 83.0439780928785,28.9309875073822 83.0438864056577,28.9308808202972 83.0436884684245,28.9306538195343 83.0432595302247,28.9303462571169 83.0429150306754,28.9301926314916 83.0417549050786,28.9294986321385 83.0417555921639,28.9294219447819 83.0412840303918,28.9290012570021 83.0410282799641,28.9286565694935 83.0407745296382,28.9280817569624 83.0405612795751,28.9278140068232 83.0398730305147,28.9274662580077 83.0396999668497,28.9274650070448 83.0387946554818,28.9272307568122 83.038622592767,28.9271550695065 83.0385405301368,28.9270845695151 83.0376367170466,28.9263088195981 83.0373020300472,28.9252010698686 83.0369630928313,28.9245128828616 83.0367495927556,28.9242450697696 83.036062467853,28.9237823204963 83.0360195295164,28.9237820075308 83.03597621706,28.9237816945652 83.0350270302575,28.9235853824147 83.0346825927617,28.9234701319441 83.0339532175072,28.9229303202952 83.0338258423188,28.9227015064904 83.0334015302538,28.9218976319403 83.0331439667841,28.921706319145 83.0329314676586,28.9213618825485 83.0328945305268,28.9207119447906 83.0328104048419,28.9204835069042 83.0320849677375,28.9195623817817 83.0311455925854,28.9184141947422 83.0310171543933,28.9182981951328 83.0308476547586,28.9179540697033 83.0308170929513,28.9165800699109 83.0309428430569,28.9163621316597 83.0310363433196,28.9161981323049 83.0310370924585,28.9160830697936 83.0307857802063,28.9150503193852 83.030659593028,28.9145914444099 83.0307906554545,28.9141389447591 83.0308817176435,28.9138260700209 83.0314495927712,28.9126570689723 83.0315464682057,28.9125021321292 83.0316296549938,28.9121101949135 83.0317612174458,28.9118832571034 83.0317222802121,28.9113100076014 83.0314244044388,28.910734883004 83.0311702799931,28.9100450070622 83.0310440928148,28.9095838819723 83.0310469679611,28.9092410075058 83.0312240300312,28.9087076323355 83.0312115302942,28.9086376314703 83.0311825297173,28.9084772573001 83.0311909042443,28.9073696316776 83.0311490307101,28.9072159439989 83.0314119056011,28.9067576320019 83.0315331545785,28.9066456946496 83.0322387174698,28.9059988190979 83.0323692798708,28.905884694584 83.0325449048172,28.90554088212 83.032291029485,28.904850945024 83.0319910295028,28.904505881597 83.0319923425193,28.904366007571 83.0319939055485,28.9041630691839 83.0319080927274,28.9040473195872 83.0314779674169,28.9038141944119 83.0313921554951,28.9037007569833 83.0311809046346,28.9030878813636 83.0306234670885,28.9025492568255 83.0303231550401,28.9022425703519 83.0295955919283,28.9013191942156 83.0295127172064,28.9008606322059 83.0297784042909,28.9000594439436 83.0298249669127,28.8996018819847 83.0300881556687,28.8991051318802 83.0303044670386,28.8990683827075 83.0307400296762,28.8986496320767 83.0312610301159,28.8983105078009 83.0320412173092,28.8980070076406 83.0323015300195,28.8978938193254 83.0330792170855,28.8979377568136 83.0341171557077,28.897827882516 83.0348556555274,28.8971834441387 83.0349435296044,28.8971074447668 83.0353372178085,28.896496569249 83.0358244044767,28.8962428818759 83.0359591559398,28.896223506789 83.0366070926966,28.8961559439975 83.0371884676122,28.8962526323722 83.03761696784,28.8965579446751 83.0378731553403,28.896846257012 83.0383451559837,28.897136132378 83.0388600922658,28.8974217575278 83.0394189048818,28.8976355696698 83.0402810926518,28.8977183823382 83.0413172802856,28.8976287572727 83.0423545300238,28.8974285699249 83.0427851553598,28.8975060693732 83.0431075305815,28.8976414440695 83.0432729050063,28.8979922568898 83.0438320926414,28.8988691945113 83.0441130925557,28.8991193826056 83.0447744049933,28.8991669443789 83.0458131548079,28.89925550734 83.0464741551792,28.8993030070599 83.0471335925214,28.8995558193884 83.0480322173978,28.8994380696899 83.0487444676799,28.8990686318209 83.0493135299185,28.8988244449314 83.0499290297724,28.8986618827002 83.0507330922817,28.898584069387 83.0513944047193,28.8986315691069 83.0521488424006,28.8988015076128 83.0529502806756,28.899014694723 83.0553125924634,28.8989906323472 83.0568247179912,28.8990012569887 83.0575324050915,28.8991301952063 83.0579560921247,28.89930006986 83.0583787179528,28.8995940695368 83.0589919056386,28.8997223818232 83.0596080296251,28.8995191322693 83.0600829674684,28.8992315070177 83.0612233420599,28.8985332565489 83.0613349673459,28.8984821325438 83.0618402169838,28.8982465692947 83.0622657800118,28.8982088821246 83.0631622168272,28.8983391945129 83.063481717802,28.8981564451031 83.063732280016,28.8980115078697 83.0650162167709,28.8971022574524 83.0655859678933,28.8967745690105 83.0668208427985,28.8960770074258 83.0675785926987,28.8958746940705 83.0683807801126,28.8960043193734 83.068910780111,28.8958275073162 83.0692337803646,28.8957191942491 83.0691904058546,28.8952631944201 83.0695236557306,28.895012819266 83.0699989667944,28.8946844446382 83.0706161546838,28.894314256731 83.071091717559,28.893985945056 83.0712825923823,28.8937796323964 83.0717890920839,28.893577819966 83.0725159672112,28.8932015696998 83.0729054681517,28.8928230072657 83.0734879051717,28.8924006323496 83.0741172168798,28.8921522572973 83.0748914055664,28.8918598197505 83.0756182177408,28.8915263819152 83.0765360926978,28.8914018198197 83.0774539047019,28.8912411326839 83.0781781546955,28.8911603821708 83.078998468032,28.8911659445043 83.0794795302877,28.8912955698073 83.0802484678077,28.8915985690428 83.0810669051494,28.8918161943285 83.0814522179272,28.8919045693304 83.0821775929781,28.8916974445791 83.0827089680465,28.8915746946261 83.083337842682,28.8914075071595 83.0838685306651,28.8913705070748 83.0845450300268,28.891289382442 83.0852204052305,28.8912939447245 83.0856055309484,28.8913371951274 83.0860880303277,28.8913855698918 83.0863766556301,28.8914687575793 83.0870517169689,28.8915183824073 83.087631092682,28.8914365697899 83.0880652181962,28.8914395069897 83.088837530888,28.8914041319877 83.0897539057686,28.8914102564002 83.0902852799377,28.8913281326158 83.0908187810137,28.8910339449798 83.0913032804947,28.8907822568093 83.0918866555121,28.890233507655 83.0925669050646,28.889685381734 83.0931000302221,28.8893934442126 83.0936335933516,28.8890563820922 83.0943134049322,28.8885511324543 83.0950885927703,28.8881750071945 83.0956694047076,28.8879240070086 83.0965395928849,28.8877177564026 83.0972145921702,28.8877651320154 83.0989989051135,28.8878198821043 83.0997234680727,28.8876961321004 83.1002565932302,28.8874447568955 83.1014695299684,28.8866046322988 83.102487154607,28.8857112567902 83.1031162172016,28.8852935691632 83.104004717462,28.884694881316 83.1046967805655,28.884094882251 83.1053380928844,28.8837110704489 83.1060750926277,28.8835851314847 83.1065666554179,28.8835455071657 83.1073526549575,28.8834221321809 83.1079920301273,28.8832526316469 83.1083867804358,28.8829958191148 83.1093230933817,28.8825282566469 83.1101117180549,28.8821431318284 83.1106025308069,28.8821057576239 83.1116369053987,28.8816794445577 83.1122777797457,28.8812956318563 83.1130180935066,28.8808245062574 83.1139555306104,28.8802238192078 83.115236405159,28.8796298825017 83.1159262172487,28.879286944183 83.1165695296694,28.8786459448297 83.1174067179655,28.8783062575756 83.1184366552811,28.8783558194509 83.119122406013,28.8785340065781 83.1200507806051,28.879011569555 83.1204915305571,28.8791023826306 83.1210814679589,28.8789776325758 83.1224599050275,28.8784677568031 83.122753592638,28.8785576327807 83.1232397792552,28.8790773822573 83.1237288428175,28.8792520071529 83.1244167798117,28.8791729446754 83.1249590933865,28.8788741947569 83.1257487801641,28.8783153200873 83.1262392799506,28.8783185072999 83.12667959283,28.8784950702437 83.1270688419592,28.878887882504 83.1275080927342,28.8791930698005 83.1282440924266,28.8791977579887 83.1287853429977,28.8790275065172 83.1294765301573,28.8785131323142 83.1298707804404,28.8782990692601 83.1304109680078,28.8783025703376 83.1309000306707,28.8784771322803 83.1317353429721,28.8783540073083 83.1325224055153,28.8781018200115 83.1333047798704,28.8776804451464 83.133537530926,28.8774676321561 83.1339112801655,28.8770255700868 83.134218842583,28.8764049440727 83.1346917173716,28.8761710697585 83.1352318428854,28.8759083198738 83.1356043429606,28.8756151943423 83.1360432807701,28.8753811320688 83.1365153425677,28.875205944195 83.1370527179415,28.8752702577204 83.1385987795493,28.8753681314072 83.1398059677934,28.875759319484 83.1402435296336,28.8757327578802 83.1411182180398,28.8756503202309 83.1424992181885,28.8753613199093 83.1428687801646,28.8754245695316 83.143705718448,28.8758448822923 83.1448132172654,28.8760865690545 83.1454835931139,28.8763886320914 83.1462904048639,28.8764230070425 83.1469980928635,28.8761906319053 83.1478404055211,28.8759883824022 83.1489857794678,28.8757586953515 83.1496952175565,28.8753503193494 83.1503375308256,28.8748806326727 83.1513160923247,28.8744716325382 83.1522584046766,28.8743896328608 83.1526254674248,28.8747167565257 83.1532335298498,28.8747205696694 83.1538022170692,28.8747241319011 83.15440490512,28.874556444409 83.1548552796627,28.8744870703743 83.1552480928222,28.8745618196826 83.1559227170884,28.8745411315793 83.1562588421108,28.8746898819564 83.1565652803702,28.8749918199868 83.1568164055625,28.8752392570417 83.1571230929354,28.8755886318392 83.1575972807405,28.8759863823004 83.1580162795854,28.8763093196011 83.1585487176576,28.8765111320316 83.1589990301468,28.876414694569 83.1594220930474,28.8762436328044 83.1604642171344,28.8759771318296 83.1615902177929,28.8757630696748 83.1619282799642,28.8756658192212 83.1624649682527,28.8753014445595 83.1649428425773,28.8747438199536 83.1659599051369,28.8740348818904 83.1664990305998,28.8734449444887 83.1671519046582,28.8726074441263 83.167552467313,28.8716691940315 83.1679225302138,28.8711007568248 83.1680374047659,28.8708329446321 83.1680992172647,28.870113694893 83.1681310929879,28.8696446953016 83.1682465925718,28.8692257576109 83.1682227802087,28.868706757273 83.1681709682189,28.8681334448183 83.1680625301455,28.867665757344 83.1678927175452,28.866945069582 83.1678588426196,28.866852381411 83.1679057173077,28.8662796319345 83.1678213425094,28.866012944799 83.1677365926921,28.8657823188516 83.1677704676177,28.8656358824412 83.1677810931585,28.8655908198957 83.1679120305787,28.8653637570793 83.1683036548287,28.8648676320065 83.168376529941,28.8646785693257 83.1683912177389,28.8646403200767 83.1683495303652,28.8644483192967 83.1683766549473,28.8643762571755 83.1683933419477,28.8643335067981 83.1683101551596,28.8638750688954 83.1678432177236,28.8627261318177 83.1678447798534,28.8624960688486 83.1676754052251,28.8620370688669 83.1671214049043,28.8610026322215 83.1669925925924,28.860886819672 83.1668652803569,28.8605814444163 83.1667382801876,28.8602355068441 83.1660540304314,28.8593153817726 83.1659275932404,28.858856632703 83.1658561552517,28.8566791945338 83.1660462800369,28.8540431952543 83.1659192178141,28.8536995068973 83.1658825927484,28.8532390697921 83.165879342583,28.8532006946374 83.1654980929617,28.85216738215 83.1651561555931,28.851707257111 83.1650288424582,28.8513635696534 83.16499040525,28.8506753196936 83.1652099047318,28.8501036323215 83.1652138428819,28.8495306328323 83.1651291551181,28.8493000068848 83.165096155237,28.8491802570846 83.1650868427126,28.8491463201053 83.1650871547788,28.8491080070042 83.1648337803714,28.8483055695776 83.1645440929645,28.8464696946572 83.1643320929651,28.8458953821515 83.1641184058295,28.8456278199715 83.1639463422154,28.8455500696112 83.1638442183123,28.8454682569937 83.1641658434959,28.8449784442925 83.164168279771,28.8446332567586 83.1643892802284,28.8438315064173 83.1644454683402,28.8418849442083 83.1644895299354,28.8417318195079 83.1634807807486,28.8406314451538 83.1634128429381,28.8404798816839 83.1632876549114,28.8402331946671 83.1631830299817,28.8400160073533 83.1630889685393,28.8398349441805 83.1630576557945,28.8397535074814 83.1629947802919,28.8396516326917 83.1629267804279,28.839538382323 83.1628168422781,28.8393505067529 83.1626495307044,28.839047131599 83.1625711553123,28.8388684444463 83.1625348423129,28.8387644445484 83.1624987811249,28.838633382122 83.1624674045278,28.8385496944091 83.1624103431701,28.8383959446768 83.1623577802429,28.8383190073074 83.162289593319,28.8382395698108 83.1622264678037,28.8381601952671 83.1622164052412,28.838094694631 83.1621905298234,28.8380110698709 83.1621540306635,28.8379296322725 83.1620970925136,28.8377668820821 83.1620451546181,28.8376018826765 83.162013529807,28.8375520069364 83.1619301550597,28.8373642572721 83.1618469673722,28.8371539444089 83.1618210308002,28.8370725697634 83.1617850307664,28.8369279445962 83.1617751543644,28.8368444448426 83.1617387181573,28.8367539447325 83.1616598427397,28.8366429444783 83.1616125930325,28.8365817570114 83.1615293432915,28.8363849448354 83.1615138425026,28.8363194441993 83.1614830927359,28.8361973822309 83.1614044052775,28.8360660697918 83.1613733425454,28.8359824450318 83.1613054047349,28.8358263822321 83.1612272802547,28.8356633820289 83.1611854049218,28.8355774451008 83.1611019060674,28.8354054444395 83.161065342156,28.8353308201376 83.1609397800095,28.8350953818948 83.1608872179816,28.8350161314582 83.1608720931111,28.8349460694388 83.1606044679782,28.8345315690243 83.1602831557602,28.8340625694329 83.1598371546416,28.833405632218 83.159548592292,28.8330067575988 83.1593450306717,28.8327528202131 83.1592923427382,28.8327051316346 83.15911453063,28.8325415693525 83.1589697804565,28.8323827573122 83.158838343011,28.8322015070794 83.1587991548652,28.8321313191543 83.1587203424005,28.8320180067321 83.1586422179203,28.8318551315353 83.1585040301312,28.8317188817945 83.1584447807126,28.8316373191897 83.1583529055326,28.8315148822024 83.1582873428429,28.8314197577562 83.1582086553845,28.8312906945323 83.1580649052619,28.8310461317244 83.1580244670526,28.8309330702142 83.1579780923899,28.8307658827476 83.1579630925257,28.8306394446572 83.1579216551648,28.8305353818065 83.1578587805616,28.8304335079161 83.1578485300398,28.8303950698085 83.1578754055085,28.8303523194311 83.1579239052793,28.8302556940093 83.1579512178206,28.8301678819857 83.1579735301073,28.8300168194405 83.1579852168533,28.8298770695216 83.1580233428946,28.8297600078078 83.1580724676972,28.8295842569557 83.1581217184055,28.8293883818777 83.1581604056264,28.8292013822516 83.1581928425293,28.8291496952682 83.1582519678409,28.8290417572203 83.1582789044638,28.8289968187818 83.1582953423508,28.8289495070211 83.1582957182692,28.8288886325198 83.1582815295974,28.828674195346 83.1582829055667,28.8285005066491 83.1582890920327,28.8284080702895 83.1583060299452,28.8282525075153 83.1583345304965,28.8280158192089 83.1583457801699,28.8279301322935 83.1583414049472,28.8278331318526 83.1583400919307,28.8276751948568 83.1583356546545,28.8273954450061 83.1583193426731,28.8269508819103 83.1582838426648,28.8263889450345 83.1582294055414,28.8257456317145 83.1581543432675,28.8251608825265 83.1580862804506,28.824546819796 83.1580014676805,28.8235423819798 83.1579787183211,28.8230640069112 83.1579445295305,28.8223802571805 83.1579173419956,28.821653632066 83.1579122796876,28.8214505695718 83.1578939676044,28.8212519452533 83.1578812169554,28.8211683825467 83.1578420926618,28.8210936943926 83.1576976554539,28.8208986943593 83.157645217533,28.8208058820812 83.1574949679789,28.8205478194854 83.1573636555397,28.820382319155 83.15702796759,28.8200305071831 83.1567712800642,28.8197785698992 83.1566857172559,28.8197080690086 83.156639592606,28.8196649445113 83.1566464670566,28.8196085693397 83.156700593013,28.819491631733 83.156842280081,28.8191879445128 83.1570248424309,28.8187852567499 83.1570723421508,28.8186524442343 83.1571801551924,28.8184298195935 83.1572276549123,28.818297007078 83.1573024051199,28.8180763816395 83.1574039678434,28.8178310696928 83.1574432180427,28.8177320700495 83.1575029054332,28.8175496947594 83.1575409055689,28.8174439447725 83.157578967758,28.8173313194355 83.1576114676137,28.8172751942766 83.1577729047877,28.8169828817361 83.1578645929078,28.816814257146 83.1579024050842,28.8167265071759 83.157972468003,28.8165758196498 83.1579892800097,28.8164788821618 83.1580167805102,28.8163662568249 83.158038530718,28.8162830070839 83.1580655932466,28.8162311941948 83.1581350302341,28.8161526946957 83.1582473426055,28.8160405693842 83.158419093254,28.8158273202205 83.1585690927954,28.8156455690629 83.1586230298933,28.8155488815876 83.1588957802871,28.8152775701161 83.1589655302402,28.8151584453476 83.1590520922001,28.8149897569053 83.159127843358,28.8148120689042 83.1592469681264,28.8144901325537 83.1592799050547,28.8143730699406 83.1593238425429,28.8141635691691 83.1593569683297,28.814023882203 83.1593575295094,28.8139584445197 83.1593630306887,28.813911132759 83.1593535931579,28.8137711948808 83.1592975930054,28.813486569782 83.1592252170193,28.8132470072286 83.15914690458,28.8130683200759 83.1590430305878,28.8128014440819 83.159012092862,28.8126704446084 83.1589655302402,28.8125257573877 83.1589609679576,28.8124467569637 83.1589667803038,28.8123723197216 83.1589625930403,28.8122505698196 83.1589639051574,28.8120903188571 83.1589427799815,28.8120450692517 83.1589059049031,28.8120155074953 83.1588056551961,28.811940444322 83.1587213424513,28.8118745075126 83.1586900297065,28.8118269448399 83.1586804680687,28.8116960074198 83.1586657173179,28.8115380065718 83.158695029961,28.8112020695087 83.1587010302664,28.8110892571119 83.1586971550692,28.8109313821697 83.1587192173432,28.8108186938799 83.1587460928119,28.8107805066844 83.1588579051578,28.8107360700701 83.1589271559848,28.8106846322001 83.158954217614,28.8106238818057 83.159008405624,28.8104888821286 83.1590950925903,28.8102638203132 83.159138530053,28.8101625687567 83.1591656555344,28.8100881953668 83.1592042798025,28.8099012568948 83.1592317182495,28.8097931947399 83.1592804050802,28.8096626323388 83.159302155288,28.8095973196619 83.1593454056909,28.8095141319744 83.1593615306123,28.8094533195266 83.1593725302729,28.8094060068666 83.1594050301286,28.8093408191961 83.1594810295005,28.8091269450005 83.159545842152,28.8089875071478 83.1595839681933,28.8088703824812 83.1595842802596,28.8088320702793 83.1597022799707,28.8086478198938 83.1597240922321,28.8086005701867 83.1597832804966,28.8084881319096 83.159858779843,28.8083351951683 83.1599179051546,28.8082316952959 83.1599235924945,28.8081956943627 83.1599454047558,28.8081101324537 83.1600049050865,28.8080044445203 83.160026530288,28.8079346945671 83.1600969043735,28.8077478829002 83.1601892175255,28.807495757657 83.1602485307963,28.8073607570805 83.1602920932655,28.8072437574202 83.1603515306433,28.8070951950023 83.1604165294554,28.8069309447355 83.1604711554372,28.806748507392 83.1605583433283,28.8064558198324 83.1606079061029,28.8062215066469 83.1606081552162,28.8061943820648 83.1606086552417,28.8061335075635 83.1606252181351,28.8060591323749 83.1606802802903,28.8058203819132 83.1607511553007,28.805563632334 83.1608055303705,28.8054106317405 83.160838655258,28.8052370698487 83.1608834048379,28.804966631623 83.1609104053129,28.8049193819159 83.1609270302598,28.8048360071685 83.1609598421818,28.8046963813566 83.1609765309809,28.804610757394 83.1609981543836,28.8045499449462 83.1610305301323,28.8045051324134 83.1610732175568,28.8044488822482 83.1611056544597,28.8043971943655 83.1611169670859,28.8043002568774 83.1611130927879,28.8041040067804 83.1611190301405,28.8040476316088 83.1611510920243,28.8039959446254 83.1612208428767,28.8039219453553 83.1613440308016,28.80377382001 83.161376342698,28.8036927574307 83.1614245933555,28.8036276318136 83.1615697176487,28.8034187578727 83.1617999047249,28.8031765072328 83.1619872173166,28.802972381735 83.1620621545841,28.8028938822358 83.1622169673202,28.8027460069032 83.1623024671757,28.8027036315449 83.1625099678454,28.8026214448076 83.162611467616,28.8025408813545 83.1627181556003,28.8024490070738 83.1629638425661,28.8022723200229 83.1630971551071,28.8021761316737 83.1633109051956,28.801994694381 83.1633804051359,28.8019477576395 83.1635135926706,28.8018740695362 83.1635670306423,28.8018338822389 83.1636472181771,28.8017351317089 83.1637384053725,28.8016184450142 83.1641285304455,28.8012755696483 83.1645557176569,28.8009466320421 83.1648708425096,28.800695881869 83.1653133425507,28.800407569532 83.1656544057741,28.8002291953449 83.1658141549125,28.8001557572544 83.1658462806484,28.8001356321294 83.1658625926297,28.8001041314253 83.1658790296174,28.8000095070046 83.1658639676997,28.799925944298 83.1658385302539,28.7997859443663 83.1657494052138,28.799636443951 83.1656126554475,28.7994845063613 83.1654494043323,28.799316506803 83.1653444673364,28.7991895695866 83.1652972796828,28.799123819837 83.1652710930981,28.7990718198881 83.1652399053596,28.7989678199902 83.1652247795896,28.7989023193541 83.1652094676592,28.7988142564185 83.1652065925129,28.7984916320833 83.1651972799885,28.7983291319056 83.1651984679986,28.7981825066367 83.1651942177823,28.7980718823009 83.1652063433995,28.7978756942574 83.1652338430006,28.797754070261 83.1652614055546,28.7975895699815 83.1652887801494,28.7974881943179 83.1653431552193,28.7973283822267 83.1653973423299,28.797206881438 83.1654672802422,28.7970674444846 83.1655319058338,28.7969505068778 83.1656022799195,28.7967975692373 83.1656239051209,28.7967367567894 83.1656454673694,28.7966805075235 83.1656728419643,28.7965791318598 83.1656733428891,28.7965137571294 83.16566884266,28.7963963824501 83.1656649674627,28.7962406937702 83.1656395929697,28.7960870690442 83.1656195298982,28.795956194577 83.1655937803861,28.7958522567326 83.1655260925883,28.7956668201357 83.1655161559314,28.7955855695971 83.1654958419478,28.7954839448202 83.1654457170943,28.7951046323478 83.1654059677689,28.7947817571006 83.165366842576,28.7943461315101 83.1653537178073,28.7939918194109 83.1653411551174,28.7935946948809 83.1653267793858,28.7933893193194 83.1653085923089,28.7930237566476 83.1652642177482,28.7925655067041 83.1652048424238,28.7920101951655 83.1651684053174,28.7912835070981 83.1651394676934,28.7908997564503 83.1651506544138,28.7906607568752 83.1652018431704,28.79005425658 83.165314467608,28.789254069268 83.1653654684054,28.7886813188921 83.1654083428898,28.7882800700514 83.1654220935897,28.7882395068356 83.1654554055371,28.7881968823639 83.1656029679041,28.787999257197 83.1657775298468,28.7877431317501 83.1660195925274,28.7873363196766 83.1663350923992,28.7868238817232 83.1665567169892,28.7864868196027 83.166644154893,28.7863249444569 83.1667988435221,28.7860732571856 83.1668857175482,28.7859700073259 83.1669930935172,28.7858353197149 83.167059968324,28.7857590064781 83.1671611551291,28.7855565699151 83.1671880305977,28.7854732572214 83.1672154051925,28.7853696952954 83.1672292799995,28.785322381736 83.1672362183023,28.7852525076759 83.1672439677974,28.7851194451477 83.167225092736,28.7849952571719 83.1671959680521,28.784918381856 83.1671595300463,28.7847105070666 83.1670938423503,28.7844326943649 83.167023218252,28.7842179451249 83.167023780331,28.7841412568689 83.1670335928808,28.7839946324993 83.1670299676963,28.7839314440312 83.1670005300468,28.783890694655 83.1669287808912,28.7838112571584 83.1668069680363,28.7836751944774 83.1667692179134,28.7836276318047 83.1667610304463,28.7835665702434 83.1667368421647,28.783390507325 83.1667162799671,28.7833227574737 83.1666579055929,28.7832117563202 83.1666290300224,28.78310557016 83.1666128430475,28.7830016943691 83.1665798431663,28.7828886949124 83.1665478433361,28.7826448821427 83.1665275302518,28.7824958196993 83.1664952183554,28.7822948823134 83.166478655462,28.7822406322499 83.1664157799595,28.7821409446219 83.1663190304306,28.7820298193614 83.166285530524,28.7819754451908 83.1662776551232,28.781921194228 83.1662065301001,28.7817606950515 83.1661356550897,28.7816226322687 83.166069155302,28.7814462572841 83.1660147802321,28.7813150698513 83.1659524677079,28.7811500074929 83.1657906555149,28.7808444442779 83.1656330926389,28.7806088198746 83.1654022805309,28.7802893197992 83.1653604672515,28.7802348817765 83.1653287794876,28.7801963825147 83.1652555932084,28.7800560696175 83.1651148423392,28.779768695278 83.1649477798789,28.7793999444943 83.1648070928619,28.779099007414 83.1647393421112,28.7789203814155 83.1646977176904,28.7788456950601 83.1646503429769,28.7787664446234 83.1645720296383,28.7786260687733 83.164540842799,28.7785220688754 83.1644940301645,28.7784156947559 83.1643312799741,28.7781982565301 83.1643264685781,28.7781485696485 83.1643432805849,28.778049382046 83.1643597175726,28.7779570068405 83.1643708431389,28.777887131881 83.1643291548659,28.7778169448552 83.1642084679676,28.7776560068075 83.1638505927375,28.777290569142 83.1635769052457,28.7770159445522 83.1632973433542,28.7767908818376 83.1632079053486,28.7767248200218 83.1629490927146,28.7765495691951 83.1628229055364,28.7764382568747 83.1626332798773,28.7762543194547 83.1624862795892,28.7760616945423 83.1623335928607,28.7759005694346 83.1622599047575,28.7758165696554 83.1621968421951,28.7757463187775 83.1621445931328,28.7756760696982 83.1621025927935,28.7756058817732 83.1620026551527,28.7754969445736 83.1617706550346,28.7753240697671 83.1616124050733,28.7752238191608 83.161364030021,28.775100444176 83.161200280679,28.7750024445836 83.1611052182864,28.7749635073499 83.1608984047021,28.7749306324751 83.1608347800608,28.7749099443717 83.1607980308881,28.7748736322717 83.1606241551313,28.7747168814873 83.1605660928235,28.7746939441688 83.1604970929085,28.7746800073083 83.1603017178561,28.7745750073595 83.1598736547009,28.7743850696342 83.1598049047986,28.7743395691168 83.1597363428556,28.7743007568895 83.1596200932335,28.7742346321208 83.15951459236,28.7741820691936 83.1594300925553,28.7741364445692 83.159261280006,28.7739978197074 83.1591609052926,28.773943007565 83.159034155136,28.7738610078876 83.1589022806179,28.7737812565261 83.1586910297574,28.7736581315541 83.1585272174625,28.7735736317495 83.1584114058124,28.7734849446814 83.1583377177091,28.7734145076429 83.1582112805181,28.7732919447498 83.158179655707,28.7732488814068 83.1581005932295,28.7732055068969 83.1580529676039,28.7732006946016 83.1579152177868,28.7731772572576 83.1578463428782,28.7731430073128 83.1575828429553,28.7729496314629 83.1574139674531,28.7728245072883 83.1571714676998,28.7726402569028 83.1570871549551,28.7725788194232 83.1569499051634,28.7724876951806 83.1568494683965,28.7724419446505 83.1567067803784,28.7723508195087 83.1566012174513,28.7722960694197 83.1564743431876,28.7722433823855 83.1563529053518,28.7721816948931 83.1561945303841,28.7720950070274 83.1561047803122,28.7720289443123 83.1559677175804,28.7719176319919 83.1558730302069,28.7718267568628 83.1557779678143,28.7717472573127 83.155699093296,28.771685819833 83.155651342664,28.7716584443389 83.1555670928721,28.7715880073004 83.1554460300554,28.7714744439661 83.1553193419523,28.7713856948445 83.1550929050671,28.7712060067416 83.1548607169898,28.7710218813625 83.1547024049749,28.7709328822281 83.1544965923408,28.770809757256 83.1544069052218,28.7707438195473 83.1542012796476,28.7705981322757 83.154116779843,28.7705231320554 83.1540010302463,28.7704276946437 83.1539062178664,28.7703188194977 83.1537750304336,28.770151069952 83.1537019673623,28.7700061947722 83.1536560927251,28.7697803199659 83.1536302182066,28.7696921949768 83.1535780302985,28.7695745064325 83.1535310926576,28.7694816950537 83.1535050301799,28.7694161323641 83.1534740295013,28.7693302574895 83.153432718046,28.7691765698107 83.1533599049873,28.7689978817587 83.1533185926328,28.7688803200195 83.1532980924885,28.7687651325018 83.1532934051996,28.7687086943773 83.1532671556621,28.7686746944452 83.1532572801594,28.7685866944625 83.1532601553058,28.7682257570261 83.1532392801425,28.7681556320539 83.1531874681528,28.7680335071327 83.153108779795,28.7679066949226 83.1530987801853,28.7678366940574 83.1531257177075,28.7677962567474 83.15318465506,28.7677108827976 83.1532224051828,28.7676321953392 83.1532602182586,28.7675444444698 83.1532715929383,28.7674406945846 83.153279404487,28.7671520692822 83.1532875299006,28.7667730688761 83.1532780303163,28.7666466316851 83.153269279871,28.7664187567769 83.1532641555094,28.7663758193396 83.1532701549155,28.7663104446092 83.1532760931674,28.7662495692085 83.1533193426709,28.7661235070365 83.1533301552716,28.7660920072318 83.153336717656,28.7659499442454 83.1533383427387,28.7657491318659 83.1533551547455,28.7656567575597 83.1533820311135,28.7656140692358 83.1533791550679,28.7652914449007 83.1533692804645,28.7652078812947 83.1533337804562,28.7650068818553 83.1533083430103,28.7648623816945 83.1533248429509,28.764806070375 83.1533413428914,28.7646978823144 83.1533530934895,28.7645919443682 83.1533499683304,28.7643053191676 83.1533643422635,28.7638340074081 83.1533544056067,28.7637504447016 83.1533288431545,28.7636284438874 83.1533191547117,28.7635246319487 83.153324779998,28.7634592572183 83.1533265300871,28.7632404448218 83.153323404928,28.7629922577288 83.1533087800829,28.7628184449249 83.1532931551869,28.7627731944202 83.1532889679234,28.7626603820234 83.1532575301722,28.7625902570512 83.1532480926414,28.762450319173 83.1532435303588,28.7623758828302 83.1532504057088,28.7621503200902 83.1532404051998,28.7620893196831 83.1532143427221,28.7620327574516 83.1531778426628,28.7619490697387 83.1531260927266,28.7618178823059 83.1530846553657,28.7616822575968 83.153074655756,28.7616077574019 83.1530592170205,28.7615422567658 83.1530439050901,28.7614564448441 83.1530235920058,28.7613547571142 83.1529927172328,28.7612553194989 83.152961217428,28.7611941940855 83.1528781556463,28.7609703814345 83.1528732803981,28.7609048816977 83.1528854060153,28.7607515699374 83.1528967177422,28.7606568816645 83.1528812178525,28.7605913819277 83.1528126559095,28.7605548189156 83.1527226549256,28.7605294444226 83.1526169049386,28.7604723821656 83.1525799678067,28.7604496319069 83.1525280299113,28.7603410067736 83.1524967180657,28.7602528197309 83.1524392807897,28.7601486939274 83.1523557180831,28.7599992573643 83.1523245303446,28.7598975696344 83.1522041546132,28.7597050067755 83.152178280994,28.7596146316718 83.1521476544352,28.7594881315279 83.1521221549358,28.7593526318253 83.1520750922885,28.759277882517 83.152027717575,28.7591940688984 83.1519860302014,28.7591283821017 83.1519129050764,28.7589880692044 83.1518712177027,28.758879507024 83.1517979675715,28.7587527568674 83.1517037802234,28.7586077575804 83.1516143422178,28.7585079440467 83.1515462803002,28.7584150067623 83.1515252180771,28.7583675061431 83.1514782183827,28.758283757276 83.151378779868,28.7581184440055 83.1513473421167,28.7580821319054 83.151315842312,28.7580255696739 83.1512422171616,28.7579416319482 83.1511421554138,28.7578507568191 83.1510475309932,28.7577621947574 83.1508840919188,28.7576258191109 83.1505467177321,28.7573575068927 83.1504838422296,28.7572961944194 83.1503889057427,28.7572098195193 83.15028853013,28.7571505071478 83.1501725934735,28.7570843823792 83.1500247792951,28.7570022567962 83.149945530657,28.7569453824984 83.1498244048874,28.7568476320193 83.1496295298604,28.7566816946163 83.1495293431063,28.7566111316722 83.1493448427081,28.7564746328179 83.1493081555889,28.7564247570778 83.149218967596,28.7562910695178 83.1491767181434,28.7562501942358 83.1491450924329,28.7562410076171 83.1490495929677,28.756215569272 83.1489649681567,28.7561834444354 83.1487747804187,28.7561168816948 83.1486640931301,28.7560461946437 83.1484580304832,28.7559231317251 83.1483683433642,28.7558480694512 83.148247342601,28.7557390072453 83.1480420308917,28.7555640693842 83.1479840306373,28.755489257123 83.1479002170188,28.7553668821891 83.1478530923179,28.7553011315403 83.1477950309094,28.7552737569455 83.1477317183343,28.7552304444891 83.1476260924544,28.7551553822152 83.1475789677536,28.7550851313373 83.1475057805751,28.7549538197975 83.1474219058023,28.7548405064759 83.1473330928285,28.7546639444314 83.1472492801093,28.7545370701677 83.1471920928459,28.7544104441182 83.1471557798465,28.7543109444494 83.1471194677464,28.7542091946661 83.1470834056591,28.7540780701861 83.1470469676533,28.7539921323587 83.1470157178613,28.7539130069283 83.146958654705,28.7537546949134 83.1468906548409,28.7536143820161 83.1468175926688,28.7534718199036 83.1467810296568,28.7534061322076 83.1467554672045,28.7533270697301 83.1467084045572,28.7532003825264 83.1466561545956,28.7531256323188 83.1465667183886,28.7530370693577 83.1465194048293,28.7529894446315 83.1464722171757,28.752928195111 83.1463882173965,28.7527878192609 83.1463091558183,28.7527534443098 83.146198342624,28.7526828193121 83.1460715304139,28.7526211318197 83.1459288423958,28.7525367570214 83.1457759056545,28.7524523201697 83.1456702806738,28.7523771940436 83.1456179048065,28.7523340065936 83.1455809676746,28.7522593193388 83.1455767795118,28.752146506942 83.1455835298554,28.7519457575152 83.1455951554471,28.7518578825389 83.1456228421082,28.7517181317205 83.1456552799103,28.7516191320771 83.1454756547602,28.7503749437483 83.1454597807508,28.7500409447335 83.1455297807167,28.7496172577003 83.1454066548453,28.7483846949632 83.1454002174673,28.7482718816671 83.1453275932671,28.7480773825585 83.1452455926904,28.7474813198449 83.1457993429985,28.7476314443927 83.1465662795174,28.747877631384 83.1473347799648,28.747975006844 83.1477939049528,28.74798238132 83.1478704052495,28.7480211944467 83.1481777797078,28.7480366952357 83.1482739051041,28.7480620697287 83.1485717179246,28.7480775075648 83.1492728426404,28.7481540690157 83.149828030072,28.7481575691939 83.1499052804068,28.7481355069198 83.150039905065,28.7481115065975 83.150117092447,28.7480985068351 83.1502517171051,28.7480700071831 83.1505453426621,28.7480470069117 83.1507713424748,28.7480393824228 83.1510549054692,28.7480321320538 83.1512134054433,28.7480601946333 83.1512899048407,28.7481013199279 83.1524604680191,28.7480973197243 83.1531047804907,28.7480675070558 83.1533861554242,28.7480693191984 83.1534343431287,28.748040256568 83.1535837185376,28.7480141320369 83.1539202797333,28.7479913826775 83.1539975300682,28.7479670693896 83.1541319685657,28.7479588819225 83.1542093430076,28.7479255070223 83.1543821557606,28.7479266320796 83.1549522801035,28.7479099450791 83.1557652180646,28.7478043821521 83.1568286552868,28.7476756318937 83.1573029671989,28.7475815686526 83.1578569054662,28.7474180702227 83.158498217785,28.7471738824339 83.1585996555021,28.7471316950348 83.1587537182,28.7471190073386 83.1588114675423,28.7470991322262 83.158878780321,28.7470815072284 83.1589847173679,28.7470821943137 83.1590329680253,28.7470576319124 83.1591804683387,28.7470495694517 83.159257154796,28.7470229439957 83.1595679682782,28.7470158195324 83.1596419054949,28.7470140703427 83.1598381546925,28.7469971944837 83.1600777172459,28.746978382375 83.1602639047804,28.7469389442166 83.1603379679026,28.7469281316159 83.1604120301256,28.7469060072883 83.160494842794,28.7469110695963 83.1606321555386,28.7469073814589 83.1606835304557,28.7468873822396 83.1607523433108,28.746883382036 83.1608034061616,28.7468610688499 83.1613559046074,28.7468780067624 83.1616324681449,28.7468684442253 83.1619667171724,28.7468073817647 83.1622394675661,28.746788756716 83.1622854051562,28.7467641943147 83.1624333425422,28.7467538187866 83.1624921548883,28.7467248820619 83.1625952176881,28.7467187576495 83.1627487174077,28.7466542570642 83.1628455307887,28.7466277575139 83.1629375300758,28.7466103825289 83.163121468395,28.7465392566064 83.1652990927247,28.7456390075465 83.1653909679047,28.7455921940127 83.1654664672512,28.7455543197828 83.1656069681077,28.745514569558 83.1657474680649,28.7454680689897 83.1658750923667,28.7454350070551 83.1660864682335,28.7454137568727 83.166318717465,28.745383632138 83.1670280935001,28.7453901945223 83.1672520302582,28.7453938197068 83.1673334058031,28.7454235694226 83.1674405299607,28.7454333199189 83.1681777176632,28.7454401314166 83.168940842837,28.7454109437799 83.1692825301928,28.7453746946327 83.1694690297935,28.7453013815486 83.1695584057456,28.7452861316716 83.1696210294367,28.7452594441621 83.1698121551721,28.7452515696606 83.169873405592,28.7452271322657 83.1700187178444,28.7452257562964 83.1702454685946,28.7452023819052 83.1704244048607,28.7451493198518 83.1706288424247,28.7450445069629 83.1707069048514,28.7449976313755 83.1707527794885,28.7449821314858 83.1708370301797,28.7449713827373 83.1709164056228,28.7449335067087 83.1709904678458,28.7449113823812 83.1711662798521,28.744887570018 83.1712759679892,28.7448612575277 83.1713730295843,28.7448483198188 83.1714394673184,28.7448193192419 83.1716203425321,28.7448114447404 83.171681592952,28.7447937567897 83.1719739054924,28.7447436948891 83.1723842177441,28.744680757333 83.1725243426822,28.7446816323776 83.1725604056689,28.7446547569089 83.1726674048201,28.7446419442064 83.172780843148,28.7446200069387 83.1729591552817,28.7446098193698 83.1730209048276,28.7445717562813 83.173237280949,28.744561881678 83.173441343494,28.7445360701124 83.1748454680211,28.7444453820431 83.1768122803615,28.7442655068803 83.1779520928741,28.7441010066009 83.1780260300907,28.7440923820612 83.1780668424198,28.7441129442588 83.1781022794754,28.7441244448442 83.1783927798733,28.7441307572159 83.178453655274,28.7441626949926 83.1789032177249,28.7441653821797 83.1796362802175,28.7442126939404 83.1798925306706,28.7442187571986 83.1799812806916,28.7442418824765 83.1800576550826,28.7442558822898 83.1801343433385,28.7442315069483 83.1802032173478,28.7442206313948 83.1807202805366,28.7442282567829 83.1813861552568,28.7442300698248 83.1814777183706,28.7442599445469 83.1815794052011,28.7442740693665 83.1823985305275,28.7442790066682 83.1831414055698,28.7442090696552 83.1832486556332,28.744205194458 83.1833099681064,28.7441784439956 83.183435092281,28.7441431319465 83.1835727800447,28.7441281950351 83.1836824052288,28.7441017575383 83.1837489059159,28.7440660695708 83.183859655258,28.74406213232 83.1839034677399,28.7440218820699 83.184137655919,28.7440323196515 83.1848360925484,28.7439598195584 83.1849826557638,28.7439583824348 83.1850287183601,28.7439180692318 83.1852427796155,28.7439171321338 83.1853015928609,28.7438994441831 83.1855460297631,28.7438941318624 83.1855845299242,28.7438763198047 83.1856406550831,28.743863132083 83.1857784678531,28.7438458821043 83.1858969675898,28.7438172565466 83.1860375304998,28.7437662566485 83.1861934673937,28.7436724443195 83.1864599054158,28.743480006467 83.1867955304127,28.7432361316437 83.1868991552915,28.7432006316353 83.1873897180308,28.7429870074526 83.1887465928508,28.7421017573576 83.1891720920266,28.7417771949742 83.1893615306257,28.7416474446649 83.1898902805605,28.741461132124 83.1906740929384,28.7412334451751 83.1911748423473,28.7410265695373 83.1915471553627,28.7407941323466 83.1917136548446,28.7407005070775 83.192160967181,28.7404932573199 83.1924612801288,28.7403416947493 83.1927095931275,28.7401761944189 83.1929174679169,28.739976632103 83.1929332807722,28.739927131382 83.193337092693,28.7395820697536 83.1934520292986,28.7395398814552 83.193645530155,28.7393786322405 83.1939127182152,28.7390846946173 83.1940945934798,28.7389436316818 83.1942632801235,28.7388476321911 83.1943350922319,28.7387939442067 83.1945229048491,28.7387115695102 83.1946124049082,28.7386827568926 83.1948442170671,28.7386615687637 83.1949719052211,28.7386533192431 83.1952064675199,28.7386118198287 83.1954438429116,28.7385365695955 83.19552803065,28.7385257569948 83.1957409056939,28.7385157564858 83.1957919046926,28.7385002574955 83.195993217997,28.7384924441481 83.1960647800927,28.7384657566387 83.1962074672116,28.7384282565285 83.1964940924122,28.7382697565544 83.1968539047913,28.7380350692492 83.1969942176886,28.7379275691731 83.1973714050528,28.7375191940704 83.1977330925273,28.7370408190018 83.1982238423265,28.7363759452319 83.1986584678661,28.7359814440367 83.1994500926919,28.7355101322774 83.1997297175363,28.7353921946197 83.1999328429833,28.7353595697577 83.2000746550575,28.7353040066777 83.2001701554221,28.73528206941 83.2004659051879,28.7351416315064 83.2010851552327,28.7348316939681 83.2012447182106,28.7347626949524 83.2015046559017,28.7346175688605 83.2017467176831,28.7344226947328 83.2019667801432,28.7343111944532 83.2026250303745,28.7340872567958 83.2027926549138,28.734004757093 83.2029679057405,28.734012569541 83.2030635302121,28.7339769445263 83.2031951556168,28.7339641938773 83.2033964680218,28.7339135069448 83.2036836553014,28.7337911320109 83.2039240928994,28.7336143199537 83.2042004675783,28.733370069212 83.2043202182778,28.733312069857 83.204539467747,28.733259256917 83.2046354051841,28.7332281950842 83.2047152176998,28.7332083820254 83.2048107801178,28.7331750691787 83.2050322176479,28.7330906952797 83.2052956555173,28.7329884445716 83.20570678076,28.7328600072788 83.2058418424907,28.732860757317 83.2059377178743,28.7328297566383 83.2062282803257,28.7328269444448 83.2063081557943,28.7327958196591 83.2064196551746,28.732773944445 83.206553467741,28.7327250696551 83.2067369680883,28.7326561947465 83.2068647173965,28.7326073190573 83.2076837186158,28.7324496941278 83.2084886552703,28.7323280692321 83.2091785303128,28.732228257497 83.2092573427776,28.7322174448963 83.2096925303962,28.7323011946627 83.2103672185146,28.7325713819763 83.2109661554751,28.7328275065238 83.2110712174774,28.7328958193534 83.2111544051649,28.7329346315807 83.2112652795134,28.7330051945249 83.2114875300345,28.7331012569684 83.2117179050699,28.7331431943548 83.2117774674541,28.7331796314612 83.211948530118,28.7331919441383 83.2121270302108,28.7332448191318 83.212508342785,28.7333846949565 83.2126432174558,28.733399006836 83.2127805302004,28.7334381320289 83.2128439686812,28.7334701318591 83.2129592173531,28.7334640074467 83.213109967832,28.73352807006 83.2132451554684,28.7335558826267 83.2133882805592,28.733586069415 83.2134877172752,28.7336001942347 83.213686342493,28.7336464438909 83.2139362796752,28.7337245701697 83.2143730923765,28.7338354445182 83.2145541555494,28.7338545075389 83.2148364055273,28.7339328199782 83.2149672799946,28.7339764445008 83.2154035306169,28.7341663192733 83.2175172802925,28.7354440695622 83.2186269051174,28.7366100695588 83.2187452177942,28.7367980071823 83.2188359049641,28.736904569261 83.2189382806786,28.7370382568211 83.2190012173353,28.737135632281 83.21912734246,28.7373010076051 83.2192122802366,28.737414319128 83.2196061546012,28.7379286942304 83.2196535922676,28.7380056945526 83.2197954052412,28.7382163194819 83.2200692177394,28.7385698194894 83.2201759048244,28.7386831939652 83.2201989680487,28.7387623193955 83.2206649045345,28.7392748194025 83.2213982179391,28.7399829444746 83.2218224679505,28.7404591323815 83.2220045923285,28.7405865066706 83.2221509046319,28.7407001320584 83.2223489057173,28.7408479444382 83.2225432807189,28.7409505692661 83.2227488424409,28.7411096322184 83.2228023424662,28.7411460702242 83.2234610297702,28.7414273192519 83.2235722809365,28.7414347566808 83.2237117178899,28.741449070359 83.2242369676465,28.7414723817974 83.2244273433438,28.7415524443258 83.2246259676623,28.7416099445547 83.2251030297144,28.7419240064036 83.225716092394,28.7424463828126 83.2261492799107,28.7428030700326 83.2266189054332,28.7428170068931 83.2278938426294,28.7429438200025 83.228238905157,28.7430924444739 83.2286047178415,28.7431283815549 83.2287764675907,28.7430526321957 83.2288842176795,28.7430194443554 83.2291157177721,28.7429146944193 83.2293069046617,28.7428954443388 83.2294587172451,28.7428263823703 83.229831343226,28.7427721323068 83.2301582807304,28.7426860065202 83.2303180307681,28.7426350066222 83.2303899678829,28.7425993195539 83.2304895934574,28.7425795694479 83.2306374669913,28.7424924445097 83.2307132802027,28.7424500070978 83.230902967016,28.7423698825159 83.2312978423309,28.7422390071493 83.231932467259,28.7420011946851 83.2321324054933,28.7418827570019 83.23229959296,28.7418566315714 83.2324073421495,28.7418211315631 83.2324912178215,28.7417720067604 83.2328604047786,28.7416522569602 83.2332155298687,28.7415324451064 83.2335987804912,28.7413653826461 83.2337464678645,28.7412985689935 83.233918405573,28.7411957571058 83.2341500927255,28.7411045699104 83.234371906174,28.7409636949341 83.234667155015,28.7408412570474 83.2348986551077,28.7407793815958 83.2351581557262,28.7406477570904 83.2353065922385,28.7405222569974 83.2354427178722,28.7404102566923 83.2354667172952,28.7403652562004 83.2356026549698,28.740282570337 83.2358104056522,28.7401889441686 83.2361118427579,28.740053006494 83.2362274052946,28.740040131738 83.2363353424433,28.7399843815981 83.2365273432233,28.7398522570673 83.236720842281,28.7395060074289 83.2367734052082,28.739368693785 83.2368726548643,28.7391346324109 83.2369136551526,28.7389949445454 83.2369381555004,28.7388823192085 83.2369705933026,28.7388125692554 83.2369873432558,28.73867956968 83.2370280305786,28.7385850064135 83.2370884050545,28.7384589442416 83.2373092175528,28.7379233198561 83.2373499678285,28.7378265703273 83.2374344685324,28.7376871324746 83.2375428427536,28.7375636945369 83.2376230932412,28.7374828819703 83.2378264678016,28.7371478820052 83.2378680922224,28.736881944908 83.2379674686835,28.7363703819991 83.2379706549968,28.736194444087 83.2380835923999,28.7359716944398 83.238152843227,28.7357848827728 83.2382092804521,28.7356746316575 83.2384897182875,28.7353806319808 83.238736093238,28.7351610065932 83.2390994678488,28.7350028195848 83.2394502177162,28.734943881333 83.239553718488,28.7349263822409 83.2396497179786,28.7348795696063 83.2398050927937,28.7348556322368 83.2401442800222,28.7347131312785 83.2418500305135,28.7338202575941 83.242140967984,28.7337655075052 83.2428109679142,28.7335842563731 83.2430189056564,28.7334635694748 83.2432884049853,28.7333522571543 83.2434800307463,28.7332653822288 83.2441110934427,28.7329395697817 83.2445236558089,28.7325628194901 83.2446599676033,28.7324259447175 83.2448945308015,28.7321993819265 83.2451982180217,28.7320115693094 83.2455460306893,28.7317788821059 83.2458897181469,28.7316025700742 83.2460494061311,28.7315018814959 83.2463157182475,28.7313071314752 83.2473161558601,28.7306493821686 83.2492552176873,28.7298547571901 83.2493971556673,28.7298261945852 83.2496873422003,28.7296946941868 83.2498544055599,28.729639194959 83.2499965297005,28.7296310065926 83.2505701551209,28.7293701947562 83.2506700307081,28.7293616943235 83.2507897175555,28.7293105073656 83.2509048430197,28.7292750064579 83.2510820300961,28.7291902575399 83.251219467847,28.7291661942647 83.2513392185466,28.7291128192458 83.2514392811937,28.729072694002 83.2515928429668,28.7290351938918 83.2518347797417,28.7289801317366 83.252119904866,28.7288350694968 83.2522027175344,28.7287520068158 83.2523097796385,28.7287233201038 83.252437529846,28.728667569964 83.2525319681061,28.7286635697604 83.2529833426997,28.7284427572621 83.2535105925581,28.7282177575003 83.2537042175215,28.7281218191639 83.2538414682126,28.7280796947176 83.2539342184371,28.7280396315273 83.2541319056576,28.7279008196057 83.2543145300611,28.7277800068017 83.25445978026,28.7276905696954 83.254706093157,28.7275543199546 83.2549958426174,28.727436319344 83.2551604679033,28.7274146950419 83.2552778425826,28.72737244469 83.2554472801638,28.7273440691449 83.2556207809014,28.7272931321997 83.2560321552575,28.7272525069305 83.2567312169187,28.7272088824078 83.2570845307656,28.7271071326245 83.2574343426357,28.7269533819929 83.258009343126,28.7266655067286 83.2580908427779,28.7266343198894 83.258249342752,28.7265720694187 83.2583290923149,28.7265566936361 83.2584014053481,28.7265503192109 83.2584439048134,28.7265166951973 83.2586592179311,28.7265178823081 83.258729217897,28.7264821952398 83.2590330930763,28.7264883196522 83.2597043430701,28.7265348813748 83.2603319685413,28.726547382011 83.2604191546337,28.7265703193296 83.260694155142,28.7265921315909 83.2608969055698,28.7266000069918 83.261122843329,28.7265922565973 83.261367905263,28.7265935687144 83.2620062183285,28.7265970068391 83.262436467746,28.7266016320745 83.2628271548981,28.72663981927 83.2632940932335,28.7266626936357 83.2636875305255,28.7266355070002 83.2640810307704,28.7265812569367 83.2644590931792,28.7265133191262 83.2647944052105,28.726415882512 83.2650285924903,28.7263246944173 83.2651786549845,28.7263300067381 83.2652332809664,28.7262919445489 83.2656379679318,28.7262963818251 83.2657082179103,28.726260631804 83.2659417801583,28.7262709443793 83.2660005304508,28.7262374444727 83.2661795305691,28.7262203195004 83.2664644047813,28.7261496945026 83.2667879680132,28.726043132424 83.2669849681484,28.7260058193737 83.2671176556575,28.7259321942233 83.2672072177702,28.7259326312959 83.2672621558183,28.7259013194504 83.2673400302857,28.7258836944526 83.2674259672138,28.7258548197814 83.2675077177778,28.7258259442109 83.2676322178199,28.7258266321956 83.267912467696,28.7258213819283 83.2681815299523,28.7257821946819 83.2684250936087,28.7257180691158 83.2684643429086,28.7256889444319 83.2685654685594,28.7256828200194 83.268670842628,28.7256675071897 83.2687330301459,28.7256475691245 83.2688498427462,28.7256459440418 83.2689047798951,28.7256146321962 83.2691114046208,28.7255773820987 83.269173593038,28.7255574449329 83.2692204056725,28.7255373818613 83.2693062175943,28.7255310694896 83.2695555926975,28.7255076321456 83.2698730926711,28.7254461317131 83.2701271550632,28.7253053817432 83.2703145306078,28.725227444323 83.270638530013,28.7250960698303 83.2710868424003,28.7249924449515 83.271661716985,28.7248646938447 83.2717673428649,28.7248065694833 83.2718842804717,28.7247868823302 83.272212030967,28.7246713197934 83.273228967621,28.7242323819839 83.2735488427154,28.7241415698076 83.2736500304198,28.7241263199307 83.2742322794806,28.7238090690705 83.2749573424652,28.7233730073067 83.2750707178404,28.7233081946553 83.27558759307,28.7228642565913 83.2762574670945,28.7222203820916 83.2764111547732,28.7222481946584 83.276539217047,28.7222805074542 83.2767630935502,28.7225660075976 83.2770716551192,28.7229691944866 83.2772805299595,28.7231553190682 83.2778235297203,28.7237109444717 83.2782576552345,28.723995256605 83.2784668430403,28.724138382595 83.2786182797052,28.7241686323362 83.2789052808243,28.7243573820514 83.2790759675698,28.7244101949914 83.2794132176494,28.7246511317154 83.2799539052422,28.7249743199282 83.2801165304262,28.72510606944 83.280217030146,28.7251878200039 83.2802755304258,28.725201631858 83.2804613429411,28.7253537565076 83.2804998431022,28.7253810690489 83.2807904046543,28.7256036945891 83.2810362175258,28.725772007113 83.2813348433373,28.7259495071549 83.2815329685297,28.7260295696833 83.2816917805701,28.7261047569636 83.2818550298866,28.7261440071628 83.281921093501,28.7261691945959 83.2820494057875,28.7262126941122 83.2822125300977,28.7262654449986 83.2826375931001,28.7264233819945 83.283464592928,28.7267120072969 83.2842782800279,28.7269870069058 83.2852718422906,28.7274321950334 83.2856792173424,28.7276080699926 83.2862401550667,28.7278320697034 83.2865974673186,28.7279332574078 83.2868033429055,28.7280087576537 83.2869430298716,28.7280749444758 83.287079030499,28.7281163197832 83.2873120927215,28.7281941942506 83.2876289056098,28.7282770698718 83.2879198430803,28.7284026320183 83.2882186550524,28.7285440699729 83.2883157175468,28.7285716945804 83.2884515931679,28.7286355692345 83.2886381557214,28.7286771325011 83.2888636555086,28.7287460694632 83.28955290462,28.7289661948762 83.2897161557352,28.7289941324492 83.2898754687003,28.7290513817661 83.2899530302021,28.7290788193137 83.2900773422849,28.7291471950962 83.2902094047623,28.7291546945787 83.2903295934338,28.7292184442264 83.2904795309217,28.729241756564 83.2907161553759,28.7293513187954 83.2910194055235,28.7294138201782 83.2913614049455,28.7295080695797 83.2915359677876,28.7295743823076 83.2916759056658,28.729606694204 83.2918002177486,28.7296299444881 83.2919165303236,28.7296936941359 83.2920585303571,28.7297080069148 83.2921439052062,28.729762506991 83.2922568435087,28.7297631940763 83.2923500928594,28.7297906945768 83.2924160296688,28.7298294447506 83.2925442808011,28.7298368821795 83.292808717822,28.7298765694514 83.293123030583,28.7300316322001 83.2933775300478,28.7301096946267 83.2936527796694,28.7302848195477 83.2939276560706,28.730475757324 83.2940287808222,28.7305168817193 83.2942346546104,28.7305901318507 83.2948709046213,28.7309047575772 83.2950685306876,28.7310095695668 83.2953345927912,28.7311282563633 83.2955555302959,28.7312422576696 83.2958777175585,28.7313883199602 83.296440155359,28.7316800695224 83.2964984676796,28.7317141324073 83.2966227806618,28.7317418199676 83.2967235924478,28.731787507545 83.2972573426371,28.7320113192966 83.2978557804715,28.7321903823677 83.297925655431,28.7322223821979 83.2981200933854,28.7322301316931 83.2981742804961,28.7322643195843 83.2983025298297,28.7322694448452 83.2983729048146,28.7322720699788 83.2984408435244,28.7323062569708 83.2987830929593,28.7323215068477 83.2994407172595,28.7324016314296 83.2996059684765,28.7324228195584 83.299714654764,28.7324368823245 83.3000182799306,28.7324429446835 83.3001348434177,28.7324773816881 83.3003529678295,28.732487569257 83.3010572177044,28.732534068926 83.3015047809529,28.7325386312086 83.3015842175501,28.7325796314969 83.3021642803485,28.732582632549 83.3027986561633,28.7325926321587 83.3034429677355,28.7326026947212 83.303512842695,28.732639256834 83.3036606559741,28.7326399448187 83.3045048428279,28.7327164442161 83.3046467808079,28.7327306949414 83.304724343209,28.7327649439868 83.3052614056172,28.7327812577668 83.3060009054878,28.7328188828834 83.3069175303812,28.7328303825695 83.3075712174306,28.7328787573339 83.3076468426828,28.7329107571641 83.3077401558857,28.7329247569774 83.3078414047443,28.7329523195314 83.3079034681551,28.7329526315977 83.3079617795763,28.7329868194889 83.3080357176923,28.7329984450806 83.3081948426982,28.7330646948556 83.3083192177339,28.7330788817288 83.3084745304954,28.7331540699083 83.3090174682027,28.733452381855 83.3091959053426,28.7335661322491 83.3095040927919,28.7337526939034 83.3096130299915,28.7337803194102 83.3099266547678,28.7340120065627 83.310360780282,28.7343210690565 83.3106179057797,28.7345818197387 83.310753280476,28.7347200695814 83.3117652177746,28.735623131734 83.3119437799209,28.7357143198287 83.312025092513,28.7357620695613 83.3122739055372,28.7358265071937 83.3124292173994,28.7359062567565 83.3126003430161,28.7359161322592 83.3130142804523,28.7360309447578 83.3142559686539,28.7363441315622 83.3148275921738,28.7364124443918 83.3150804674552,28.7364475693811 83.3159875298115,28.7364588820073 83.3165537807558,28.7364707567124 83.3170675928799,28.7364846324187 83.317130092464,28.736466944468 83.3174609051656,28.7364685686514 83.3180624681591,28.7364219439761 83.3181483430337,28.736397569534 83.3186116552853,28.736395381473 83.3186662183143,28.7363731941926 83.3190632798915,28.7363751313415 83.319395905635,28.7363993196231 83.3196603426559,28.7364773820497 83.3198039677722,28.7365322571449 83.3199711552388,28.7365601317652 83.3200759051749,28.7365855071575 83.3202157180467,28.7366403192999 83.3202818428153,28.7366541941069 83.3204334674394,28.7367136323841 83.320522905445,28.7367388818707 83.320677905241,28.7368117569829 83.3213091549973,28.7370180696425 83.3214842178648,28.7370663194005 83.3216044676905,28.7371210694895 83.3217134048901,28.7371486320434 83.321887843625,28.7372397571853 83.3220200302094,28.7372878189841 83.3226280935338,28.7374690692169 83.3227212178781,28.7375191949697 83.3229230303086,28.7375765692929 83.323047655357,28.7376087570824 83.3232377180887,28.7377022564458 83.3233387178339,28.7377230066027 83.3234784048,28.7377936945532 83.3235679048591,28.737807632313 83.3237657800388,28.7378898820031 83.3240629048746,28.7380041315234 83.3243622177715,28.7380823189563 83.3245527805286,28.7381103815358 83.3246346551996,28.7381175077978 83.3247083433028,28.738149507628 83.3248132182452,28.7381590072123 83.3248910927126,28.7381955072716 83.325046468427,28.7382098200504 83.3253850935766,28.7382453191595 83.326005342773,28.7383273817897 83.32619196738,28.7383621326592 83.3265227800816,28.7383705692397 83.3266240307389,28.738398132693 83.3270639685992,28.7384138816961 83.3274117803675,28.7384539448864 83.3277309674773,28.7384735070331 83.3281203425122,28.7384890698757 83.3287275928456,28.7384988194726 83.3293368432807,28.7384950063289 83.3302435935708,28.738488257784 83.330604155988,28.7384561941016 83.3307484052367,28.7384161947635 83.3309086552999,28.7383313190404 83.3311815307,28.7382356945689 83.3315127804742,28.7382237569109 83.3315868426971,28.7382060698596 83.3318358427813,28.738191507068 83.3319102179698,28.7381715690027 83.3321535307141,28.7381456944843 83.3327301553878,28.7380966317352 83.3330689055438,28.7380576315487 83.3331548433713,28.7380333191601 83.3332521549791,28.7380225074587 83.3333029057637,28.7379956949429 83.3336497804339,28.7379364446249 83.3339790930592,28.7378794444214 83.3343219054723,28.7378089444302 83.3343920933973,28.7377889443114 83.3345246550008,28.7377760686561 83.3345639052,28.737744694757 83.3347118425861,28.7377273818254 83.3347586552207,28.7377072567003 83.3349534061407,28.7376811942226 83.3349925304342,28.7376610690976 83.3353568430424,28.7376357575574 83.3360265929598,28.7375781314228 83.336170780155,28.7375336939092 83.3364399053642,28.7374944446092 83.3366505923471,28.7374120069599 83.3368103432842,28.7374015693783 83.336973342588,28.7373300693361 83.3370769054132,28.7373012576178 83.3376413433157,28.7370423199775 83.3377906557717,28.7370024447464 83.3378778427634,28.7369329439067 83.338018467727,28.7369629445344 83.3381964057408,28.7369502577376 83.338739279596,28.7368243187734 83.3392982801713,28.7367661323585 83.3409794062077,28.7365622577727 83.3412444053076,28.7365161322235 83.3415447803089,28.7364589440608 83.3418515926881,28.7363701949392 83.3421499055341,28.7363016950497 83.3425269058384,28.7362313191654 83.3427545307337,28.7362166943203 83.3428042796689,28.73619431998 83.3429513429097,28.7361566948635 83.3431005933123,28.736139318979 83.343174905548,28.7361238820422 83.3433157805243,28.7361133194542 83.3434319060393,28.7360642567051 83.3437137180453,28.7360205062768 83.3440740304499,28.7359680692553 83.3444754681492,28.7359339452162 83.34452515593,28.7359161322592 83.3446637798924,28.7359055076177 83.3447302176266,28.7358765070408 83.3449701560984,28.7358776320981 83.3452559053552,28.7358789442152 83.3456775931859,28.7359396937103 83.3458219683403,28.7359810069642 83.3460617179536,28.7360137568325 83.3462064681271,28.7360415073458 83.3463157182922,28.7360736321824 83.346410968644,28.7360898821102 83.3465720298995,28.7361222569595 83.3469191554818,28.7361825693819 83.3472954057479,28.7362385695344 83.34736984299,28.7362546944559 83.3474525936049,28.736279881889 83.3475930306092,28.7362850701027 83.3476304677665,28.7362852571626 83.3477086551995,28.7363148818719 83.3479217182026,28.7363227572728 83.3483107173191,28.7363381942096 83.348625093033,28.7363554450877 83.3489686554842,28.7363210071838 83.3492583428911,28.7362998199543 83.3494530929118,28.7362646940656 83.3497371550323,28.7361803201667 83.3498322812771,28.7361604450544 83.3500434673861,28.7361615071588 83.3504829681738,28.7359763187759 83.3505869051189,28.7359339443169 83.3506778432009,28.7359186314871 83.3508022802901,28.7358763199809 83.3509349677992,28.7358408820261 83.3510922797632,28.7358055070241 83.3511711560801,28.7357653197268 83.3512333426986,28.7357543821197 83.3514882801353,28.7356720694767 83.3520316549153,28.7354490689175 83.3522393426448,28.7353440069151 83.3524217799884,28.7352794442764 83.3525587177138,28.7352259442511 83.3529204060877,28.7349411950452 83.3534127180168,28.7345983196793 83.3535539680121,28.734522319408 83.353645217261,28.7344640691409 83.3537737804595,28.7344218187889 83.3538652176676,28.7343771321619 83.3539480303359,28.7343346947501 83.3540890932714,28.7342901942835 83.3543212804494,28.7342055694725 83.3546341560869,28.7341123192226 83.354936655297,28.7340370069359 83.3552514051306,28.7339934444668 83.3553510307051,28.7339803817516 83.3555082185621,28.7339653198339 83.3555870930803,28.7339363822099 83.356079155896,28.7339386943779 83.3564867180077,28.733949631985 83.3568549049138,28.7339649448147 83.3570244054478,28.7339838189769 83.3572768427572,28.7339895063168 83.3573678428927,28.7340192569318 83.3575373425274,28.7340313195961 83.3578390925986,28.7340711318743 83.358176030612,28.7341313813439 83.3585850298471,28.7342145699307 83.3587832179925,28.7342989447289 83.3590661550557,28.7343431313306 83.3596949055842,28.7343911949281 83.3603444053701,28.7343965693023 83.3608740303495,28.7343786951911 83.3611305308154,28.7343980073252 83.3612091553209,28.7344118821321 83.3613457180273,28.7344215687762 83.361388780471,28.7344466321023 83.3616196555318,28.7346303824624 83.3617672799523,28.7348205702004 83.3619888433881,28.7351081324991 83.3621985923736,28.7353505701988 83.3623030311428,28.7355382569103 83.3624502175914,28.7358006947287 83.3627619052188,28.7362713823557 83.3628949686464,28.7364908818375 83.3629440925496,28.7365768187657 83.3630796561044,28.7367489444333 83.3631744055315,28.7368508821758 83.3633883435791,28.7370256320777 83.3634751555518,28.7370643822515 83.3637515302307,28.7371852571091 83.3639992181977,28.7372856318225 83.3643291558547,28.7374383815038 83.3645414679204,28.7375634445242 83.3648420929343,28.7378062563437 83.3650850306595,28.738008131727 83.3652701551902,28.7381850067371 83.3654101551219,28.7383165071355 83.3654882184478,28.7384319446658 83.3656127175906,28.7386920073634 83.3658634057102,28.7389818818302 83.3660855303256,28.7391905075571 83.3662419681444,28.7393559440353 83.3665769681095,28.7396733190025 83.3666680311978,28.739700819503 83.3670220923849,28.7399890068336 83.3675657180769,28.7404201942485 83.3677845304734,28.7404821326529 83.3679330928913,28.7405707567682 83.3681122171165,28.7406979448968 83.3683554678073,28.74083894398 83.3685904680781,28.7409754446329 83.3688997176318,28.7411731318534 83.3690357173599,28.741282069053 83.3692874055305,28.7414118193622 83.3694356558821,28.7415005073297 83.3696090927675,28.7416073194211 83.3698827173065,28.7418184443759 83.3700888429061,28.741970506972 83.3703194670549,28.7421430697122 83.3704430929517,28.7422271324442 83.3705750924762,28.7423067570006 83.3708759054494,28.7425246322991 83.3710737806291,28.7426631951073 83.3712980303527,28.7428334438808 83.3715782811282,28.7430558203077 83.3718337797445,28.7432510074009 83.3720312799051,28.7433985697679 83.3721796552631,28.7435188195936 83.3724184057249,28.7437320067038 83.3726797175867,28.7439723813489 83.3728691552866,28.7441333823495 83.3731245927487,28.7443286323956 83.3736760929422,28.7447868823391 83.3738550301076,28.744999757383 83.3739860304806,28.745244006326 83.3743107799239,28.7455748819804 83.3744217810774,28.7456881944027 83.3746617807034,28.7460728821486 83.3748995931677,28.7464349446423 83.3751799680502,28.7469708819933 83.3752573424921,28.7471404445808 83.3752817807864,28.7472263194554 83.3753388430434,28.7473776940668 83.3753870928014,28.7476035697724 83.3755100307136,28.7478116945746 83.3756705298902,28.7483222574326 83.3757151553631,28.7484533198591 83.3757563427112,28.7485301942755 83.375755468566,28.748681381827 83.3757881554816,28.7487176318736 83.3758163430674,28.7488350695058 83.3758715302289,28.7489616317032 83.3759284683789,28.7491265690553 83.3760182796049,28.749368444676 83.376074217704,28.7496958201523 83.3760790929521,28.7499033819762 83.3761116548613,28.7499757570629 83.3761121548867,28.7503773197685 83.3761202182468,28.7507338199287 83.3763490932058,28.7523524445824 83.376991905601,28.7542640068085 83.3785950303651,28.7548398814441 83.3788459675982,28.7548883821142 83.3792044678601,28.7549848195768 83.3798445310148,28.7552584441157 83.3807930927855,28.7556959448017 83.3812582801325,28.7559371944913 83.3819479051623,28.7561614451142 83.3826940303701,28.7567423820578 83.3829433425204,28.7570661314503 83.3832901560364,28.7575753192383 83.3837849680927,28.7581776952228 83.3842212798692,28.7587639453865 83.3847144677421,28.7595806326391 83.3850079053399,28.7600263819463 83.3855783435477,28.760717007027 83.3859204679761,28.7613277566392 83.3865077181908,28.7621606326655 83.3873197802079,28.7629696945299 83.3878469680129,28.7633443197134 83.3887179053289,28.763269319493 83.3903220930968,28.7629290692607 83.3915153426818,28.7629728187897 83.3923018422468,28.7627642569149 83.3929849057915,28.7626003825666 83.3936134674614,28.7625467575349 83.3941255924493,28.7624226945655 83.3946384054218,28.7622513198354 83.3952901553223,28.7620579448847 83.3960983430416,28.7619329448172 83.3970505929497,28.7618108198961 83.3979580932779,28.7616095695446 83.3982052812194,28.7615316941778 83.3987624049006,28.7613852568681 83.3989964680734,28.7612441327784 83.3993385304483,28.7610945073568 83.3996170302354,28.7610235693936 83.4001640301998,28.7611297564531 83.4012093423987,28.7611817573014 83.402608843489,28.7612510701819 83.4037354053271,28.7611928819684 83.4047406552351,28.7611972571911 83.4052705302272,28.7611116323292 83.4064103436391,28.7610850068732 83.406971655483,28.7610400693341 83.4076087805384,28.76105863143 83.4089466561899,28.7609313821473 83.4093732183694,28.7608768191182 83.4097769682367,28.7609101940185 83.4103412802334,28.761070569088 83.4113807180326,28.7613683819085 83.4121202799567,28.7615542564773 83.4129982176291,28.7618265697984 83.4143059676465,28.762283444672 83.4150176549503,28.7625865689139 83.4155190923438,28.7627850070718 83.4161992177893,28.7631285695231 83.4168892178382,28.7633684441427 83.4179414683399,28.7637293815791 83.4184611557631,28.7639211323463 83.4192768429648,28.7641231318367 83.4196349061542,28.7642510070505 83.420262092754,28.7644431948904 83.4208226554592,28.7645335699941 83.4212530307825,28.7646143825607 83.4218617802928,28.7648448817031 83.4223539672155,28.7651560072515 83.4233520306066,28.7655956950991 83.4244537179771,28.7660041943089 83.4251344055017,28.7662507563192 83.4258917803827,28.7664682565986 83.4263398427574,28.7665965068315 83.4267975306219,28.7665984448798 83.4272820921564,28.7665913815706 83.4287129050923,28.7667486314811 83.4315857185839,28.7677759445624 83.4324468433502,28.7678742571205 83.4331530303741,28.7680238816428 83.4333325305178,28.7680561944386 83.4337553425064,28.7682158203692 83.4343209684189,28.7685025696769 83.4348901547645,28.7687823815812 83.4353845936003,28.7689626317631 83.4357717796749,28.7690590071722 83.4367337809786,28.7690810703455 83.4371607172779,28.7691527565483 83.4378426557654,28.7691623820382 83.438581717664,28.7692985067727 83.4393739054682,28.7695296938997 83.4403851556815,28.76974819423 83.4409514677801,28.7699151946367 83.4416154053513,28.7699495695878 83.4418955311204,28.769943882248 83.4424343427184,28.7698581323798 83.4433261551978,28.7696023189992 83.4438657186326,28.7694330693772 83.4442867175793,28.769396445211 83.4454436550643,28.7691936318302 83.4466526554509,28.7696633194063 83.4480576559219,28.7706120700356 83.4483865926288,28.770877382101 83.4488733431237,28.7711320065721 83.4494972804575,28.7712992569916 83.450174404851,28.7715749445852 83.450331967727,28.771620694216 83.4510131561762,28.7717994443215 83.4517445935861,28.7720302573288 83.4525290300964,28.7723560697759 83.4528014675246,28.7724135700048 83.4532103426527,28.7725099445145 83.4535466556343,28.7727075687822 83.4543775936122,28.7731485696463 83.4546314680452,28.7733255696627 83.4549962177259,28.7735865065055 83.4556402172319,28.7740380690583 83.4562581551596,28.7746225691329 83.4565947181539,28.7748450067139 83.4571164056789,28.7752847575144 83.457690843191,28.7759955068208 83.4581119680434,28.7765160701878 83.4585639056153,28.7772713820143 83.4589416559578,28.777827881563 83.4593798428297,28.7785266950101 83.4597143427693,28.7790898189967 83.4601913427679,28.7798903822272 83.4605265927457,28.7803586317804 83.4625189054848,28.7804365692006 83.4634955307344,28.7804403823443 83.4641481556794,28.7805896318476 83.4647044052154,28.7806663192042 83.4649912183752,28.7807305688774 83.4655287178561,28.7809109449649 83.4662380300391,28.7812430697836 83.467001781144,28.7814423811875 83.467274405632,28.7815178814334 83.4677410930554,28.781533257216 83.4679562182138,28.7815905065328 83.4688345929588,28.7818465690268 83.4690641559025,28.7819040072021 83.4695589679588,28.782045757223 83.4701474052842,28.7820931319365 83.4705347811166,28.782151069238 83.4712074682339,28.7819325698071 83.4715522798495,28.7819271945335 83.4720758424699,28.7820239440623 83.4735861558552,28.7822757572393 83.4739252180774,28.7819995696202 83.4748837803572,28.782041632013 83.4754509675002,28.7820550697473 83.4763334674552,28.7821916324537 83.4772560306005,28.7822583202006 83.4778369054906,28.7824072567383 83.4782670308011,28.782560007319 83.4789779060133,28.7825762572469 83.4794512178745,28.782688632571 83.4799531552935,28.7828078823458 83.480796468002,28.7829148823965 83.4828041547251,28.7831278824467 83.4829704050937,28.7834871948004 83.4830346556662,28.784685381687 83.4831954057548,28.7856538824223 83.4833895298443,28.7863517569727 83.4834672811039,28.786548319136 83.4837367804329,28.7872825696386 83.4839182186249,28.7876238819753 83.4841178429944,28.7879156944903 83.4844882179615,28.7884991945141 83.4849992178921,28.7890133196038 83.4855419685395,28.7896492566491 83.4859882178722,28.7901698200161 83.4861881561066,28.7904728822045 83.4862731550373,28.7908274443164 83.4862682689972,28.7909494262446 83.4862611463325,28.7910553740834 83.4862153706212,28.7914025122562 83.4861390780689,28.7920853428754 83.4860170053087,28.7928768930572 83.4860399237414,28.7931568092833 83.486070411804,28.793529205936 83.486070411804,28.7938235878264 83.4860704127034,28.7942444617668 83.486113998555,28.794650060649 83.4861390762703,28.7948834232466 83.4861238174001,28.7950913241164 83.4859712304967,28.7956787874714 83.4861009295444,28.7961346434082 83.4861009295444,28.796338730235 83.4861848528809,28.796508484379 83.4865434340822,28.7971741486569 83.4868104629616,28.7975155653154 83.486910278294,28.7976784189284 83.4869554226782,28.7977520755552 83.4870240853458,28.7980934913145 83.4870698628557,28.7987686929482 83.4871097641672,28.7989275886259 83.4871766740477,28.7991940320439 83.4872605973842,28.7997204599181 83.4873619712491,28.8004662847509 83.4873674049789,28.8005062481159 83.4874208150716,28.8011261753535 83.4874036838039,28.8014302420894 83.4873826674464,28.8018032844584 83.4873863987515,28.802074639997 83.4873902982305,28.8023583226018 83.4873597804901,28.802606278568 83.4872882705553,28.8028962870344 83.4872224506583,28.8031632241826 83.4871308974371,28.8037163548548 83.4870927507113,28.8040291603449 83.4869401629087,28.8045651255749 83.4863450696689,28.8055168925448 83.4857347184584,28.8063141642409 83.4850785915365,28.807544404018 83.4849336336186,28.808055573022 83.4848420794981,28.8083855448534 83.4848420794981,28.8087042166493 83.4848420785987,28.8090550231743 83.4848420794981,28.8095852668902 83.4848068663748,28.8098200234436 83.4847963028875,28.8098904424955 83.4846971206809,28.8106438459514 83.4847008528853,28.8107604930758 83.4847047496663,28.8108822645617 83.4847047496663,28.8111233137015 83.4847047496663,28.811320954157 83.4846707704188,28.8115086939288 83.484628457114,28.8117424783104 83.4845945462153,28.8119679798962 83.484552162763,28.8122498332713 83.4844874049705,28.8124683884604 83.484475868412,28.8125073247948 83.4843232806093,28.8127114107223 83.4840621279282,28.8130292632318 83.4840333584783,28.8130642668121 83.483522193971,28.8135849767693 83.4834001230094,28.8137318430577 83.4831483538995,28.8139702607686 83.4831234290696,28.813992450747 83.4828355484094,28.8142487344752 83.4822328270835,28.8147637175223 83.4819200215935,28.8149964146183 83.4816682515842,28.8152367415991 83.4814119022052,28.8155976520556 83.4813783339498,28.8156449125547 83.4813096694836,28.8157669835163 83.4810044929789,28.8160569011507 83.4807678721221,28.816228989946 83.4806688005326,28.8163010412752 83.480012671812,28.8167664345679 83.4797114613366,28.8170536056596 83.4795625373896,28.8171955877067 83.479448097212,28.817447357716 83.4794557261975,28.8179241949365 83.4795320205485,28.8184849554934 83.4795320223471,28.8186680610364 83.479394691616,28.8191868599252 83.4793173936168,28.8196748128194 83.4793031392942,28.8197647868235 83.4792944086339,28.8198528200814 83.4792802505392,28.819995575549 83.4792807379741,28.8200308309406 83.4792878813233,28.8205467996493 83.4792573626836,28.8211418919898 83.4792268449432,28.8218266300801 83.4792053033791,28.8221726333031 83.4791963272028,28.8223168186997 83.4791896110336,28.8225762051038 83.4791810701313,28.8229061895258 83.4790589982703,28.8234803014818 83.4790482980854,28.8235399187249 83.4790055935736,28.8237778472023 83.4790129293787,28.8239221306254 83.4790284805299,28.8242279825241 83.4790402617051,28.8243556068259 83.4790513683855,28.824475937591 83.4791125108862,28.8246025897211 83.479158180477,28.8246971898599 83.4792425067116,28.8248227627983 83.4793336561353,28.8249584972251 83.4794473534692,28.8250670917813 83.4796312027551,28.8252426915467 83.4798219372836,28.8256794745702 83.4799308268188,28.8259108640456 83.4799440091445,28.8259388735649 83.4802262959948,28.8264786537374 83.480357955574,28.8267202658555 83.4805848771962,28.8271366890297 83.4806671385774,28.8272661290715 83.4807145771432,28.8273407758566 83.4809129415564,28.8276955421155 83.4810344054727,28.8280281228927 83.4810731592438,28.8281342326102 83.4811494517961,28.8284127054175 83.4812410050173,28.828576737148 83.4813545242846,28.8287134770216 83.4814927750266,28.8288800061814 83.4817140281948,28.8292939004499 83.4818055805166,28.8294941723344 83.4818992453561,28.8296024719116 83.4819276505789,28.8296353153099 83.4820802383815,28.8298146068099 83.4821717916027,28.8300778198476 83.4823548971458,28.8306805429721 83.4823940331306,28.830796172059 83.4824388204822,28.830928498039 83.4825227438186,28.8311878979331 83.4825293232902,28.8312098298047 83.4825725736931,28.8313539954161 83.4826142952412,28.831493072639 83.4827831482602,28.8319632773277 83.4828889549047,28.8322579200228 83.4829110477559,28.8324048420694 83.4829271016306,28.8325115975032 83.4828965829908,28.8329216777287 83.4828523595168,28.8331224325514 83.4827516241736,28.8335797121217 83.4826896470982,28.8337745008135 83.4826448138809,28.8339154054675 83.4824922260782,28.8341481025635 83.4823777859008,28.834262542741 83.4821489028478,28.8344761669237 83.4817826917617,28.8348233041973 83.4815611714936,28.8349844104191 83.4814469993154,28.8350674443218 83.4808900537008,28.8354660797201 83.480600135167,28.8357025917585 83.4803102193312,28.8359791570946 83.4800050437259,28.8363777933922 83.4798371961538,28.8367707072764 83.4797609027021,28.8370034034731 83.4797283120145,28.8372060837534 83.4796998681207,28.8373829659581 83.4796693503802,28.8378006751691 83.4796733901542,28.8379450916925 83.4796769793657,28.8380734255628 83.4797076077232,28.8382189122846 83.4797303849617,28.8383271030433 83.4797562271044,28.8383875980289 83.4798143082981,28.8385235599853 83.4801271137882,28.8389794168214 83.4802339249802,28.8391625223644 83.4802615990507,28.8392188309859 83.4805085828451,28.8397213754502 83.480600135167,28.8400170145989 83.480729835114,28.8404862219346 83.4807230955624,28.8407044461717 83.4807145771432,28.8409802245972 83.4806153958359,28.8414151010488 83.480590649972,28.8415728455888 83.480569618326,28.8417069252551 83.4804780660041,28.8422943877108 83.4805314707008,28.8427311716336 83.4805704196257,28.8429300864346 83.4806382836915,28.8432766733203 83.480774752868,28.8438867727196 83.4808976817869,28.8444363411601 83.4809490656973,28.844714000077 83.4809968648928,28.8449723063902 83.4822713110567,28.8454368992825 83.482911841861,28.8456703949803 83.4832652474392,28.8458281080438 83.4837281882689,28.8460346985952 83.4839516250015,28.8460719388001 83.4844606095418,28.8461567695568 83.4848712590409,28.8462604196167 83.4852540671947,28.8463570414412 83.4860856706743,28.8464409647776 83.4864414109036,28.8465261561642 83.486810463861,28.8466145329647 83.4873181003111,28.8466749182325 83.487756507518,28.8467270665703 83.4881379666823,28.8467573594791 83.488402907326,28.8467786950975 83.488413042734,28.8467781348172 83.4889390632133,28.8467499553253 83.4892604401828,28.8468354273017 83.489297248711,28.846845216469 83.4893486353194,28.846848437856 83.4896417806361,28.8468668191873 83.4900519058279,28.8467713826749 83.4904193426958,28.8467795233771 83.490785377514,28.8467881020511 83.4913423231285,28.8467518618972 83.4918162366391,28.8466397024113 83.4919171563442,28.8466159449071 83.4923175454289,28.8463652441968 83.4924714750265,28.8462693031624 83.4925741798944,28.8461966762643 83.493276155373,28.8457028201919 83.4935576571114,28.8454511949741 83.4939337778746,28.845095375604 83.4943940809801,28.8446633158425 83.4946184916832,28.8444006540918 83.4947308427255,28.8442711322114 83.4953872196601,28.8437231321961 83.4959204059718,28.8434160068512 83.4967775314338,28.8431019378077 83.497316155972,28.842904569848 83.4994589386002,28.8452330993407 83.5000856089867,28.84543197637 83.5001122623218,28.8454694575944 83.5001466453668,28.8455178071776 83.500339010374,28.8455803265469 83.5003755275204,28.8455921940574 83.5006295098725,28.8458066429224 83.5007798844331,28.8459336098167 83.5010444743395,28.8462680899711 83.501184242245,28.8464447788207 83.5011964937679,28.8464703745479 83.5012910543363,28.8466679385607 83.501344459033,28.8469368758107 83.5013561107052,28.8470708709404 83.5013673495867,28.8472000888485 83.5013771747271,28.8473179869358 83.5014131234993,28.8477494054776 83.5013744524662,28.8480612019235 83.5013520889179,28.848241500669 83.501291053437,28.8484722911931 83.5011768407891,28.8487221321474 83.5010163964714,28.8490731059472 83.5009439287541,28.849258804248 83.5008638095681,28.84946411236 83.5008216194711,28.8496871039261 83.5008104030728,28.8497463992104 83.5009477311059,28.8503872690607 83.5009829757056,28.8506005029358 83.5010240263562,28.850848847411 83.501159085389,28.8512268666521 83.501219440979,28.8513958015098 83.5013749776728,28.8518311321213 83.5014131252979,28.8520027928372 83.5016954121483,28.8524758160147 83.5018165729916,28.8526342080696 83.5020616232344,28.852954559807 83.502626196935,28.8535458381044 83.5027651050846,28.8537356247429 83.5029542612953,28.8539940650557 83.5035268848661,28.854430268913 83.5036024030985,28.8544877952224 83.5037400899629,28.8545128639444 83.5043122944476,28.8549076844004 83.5046327280238,28.8552319338183 83.504853978494,28.8555065952805 83.5048715630221,28.8555357622327 83.5051896745377,28.8560635381971 83.5052768597307,28.8562316816476 83.5053498922251,28.8563725287447 83.5054109277059,28.856584244557 83.505439030755,28.8566304987099 83.5055024791284,28.8567349248885 83.5056474379456,28.857265167705 83.5056648318166,28.8575362300632 83.5056932145562,28.8579785160646 83.5056717710187,28.8582137330731 83.5056321799748,28.8586479952848 83.5054872211576,28.8593880464424 83.5053088334805,28.8600347052565 83.5051820446529,28.8604943095854 83.5051133801867,28.8612591560699 83.5050752334609,28.8620125586265 83.5050446266871,28.8622467009399 83.5049989409085,28.8625962079384 83.5049989400092,28.8629733188598 83.5049989391099,28.8632065582497 83.505061609566,28.8632775852462 83.505113381086,28.8633362581967 83.5053575221098,28.8640114598304 83.5054109268065,28.8643185429069 83.5054182895913,28.8644961625593 83.5054261856767,28.8646866614642 83.5053804090661,28.8654858406314 83.5053547377954,28.8655731256498 83.5051896745377,28.8661343385679 83.5050610645742,28.8663915602935 83.5048921279178,28.8667294318076 83.504853981192,28.8668457803556 83.5045488055867,28.8674084474844 83.504091043078,28.8683392340698 83.5039784465196,28.868549679134 83.5039308244913,28.8686386881609 83.503650163623,28.8691444612067 83.5035646134052,28.8692986309244 83.5033052135112,28.8699929054715 83.5031112782802,28.8705309832192 83.5029161145695,28.8710724640178 83.5027172780099,28.8714433722854 83.5026185679496,28.8716275030605 83.5024728249198,28.8718635456506 83.5024430922913,28.8719116982814 83.5021455465708,28.8721672823337 83.5016191177973,28.8725945289006 83.5012408647314,28.8728748821993 83.5009706189615,28.8730751801641 83.5008505454038,28.8732096654267 83.5005891499046,28.8735024276304 83.5004088142867,28.8737907759403 83.5002229388185,28.8740879826148 83.4992692652768,28.8757149512184 83.4990480121085,28.8762966921599 83.4990446063597,28.8763571592663 83.4990403822238,28.8764321145204 83.4989183130609,28.8770081330482 83.4988497457219,28.8775166706233 83.4989840592131,28.8775645696441 83.4992463756225,28.877656631884 83.5001008687562,28.8783451849167 83.5005076700379,28.8786749085341 83.500825661943,28.8789326482717 83.5009477311059,28.8791100314012 83.5013824645647,28.8795695520928 83.5013865609962,28.8795756108545 83.5016954130476,28.8800370030442 83.5018225283307,28.8802605926623 83.5019090345324,28.8804127505869 83.5020701191704,28.880740409351 83.5020768812052,28.8807541663462 83.5023591698543,28.8813168343744 83.5024354722991,28.881370594305 83.5024430922913,28.8813759623839 83.5027558977814,28.8818642435323 83.5029900535847,28.8822730853854 83.5032365508436,28.8827034759972 83.5040147478277,28.8833672337031 83.5042102388933,28.8836003804624 83.5044801420198,28.8839222727459 83.5051361493312,28.8846405799909 83.5054643324026,28.8849999247203 83.505906838739,28.8853775788349 83.5062120143442,28.8856198123875 83.5063417124926,28.8856732188829 83.5065171908489,28.8858372506134 83.506752746004,28.8859896144837 83.5069978412131,28.8861481477329 83.5072877579483,28.886371307473 83.5076044134544,28.8865215579264 83.5076615989191,28.8865486915018 83.5081575090529,28.8868710334485 83.5088441555138,28.887347870669 83.5093171777919,28.8876301584187 83.5097210103973,28.887880071319 83.5097819118784,28.8879177611871 83.510038673149,28.8879753819257 83.510141152286,28.8879982760766 83.5102842854707,28.8880368742643 83.5108201679628,28.8881813816197 83.5109582361415,28.8882008916055 83.510995643621,28.8882061778458 83.511659401327,28.8884903730667 83.5118238170698,28.8885708187081 83.5121934590859,28.8887516795326 83.51244745223,28.8889098026889 83.5125825580277,28.8889939121859 83.512660352455,28.8890153053611 83.5127351458303,28.8890358738541 83.5127925390394,28.8890856713528 83.512864844878,28.889148408359 83.5132363350098,28.8893754298064 83.5133454970409,28.8894421391372 83.5137040791415,28.8896557624206 83.5139100725403,28.8898178866799 83.5139125942513,28.8898181519812 83.5139424410943,28.8898212942275 83.5140550304581,28.8898331464494 83.5145814601309,28.8902546697034 83.5148056684855,28.8905389962259 83.5151078880051,28.8909222423518 83.5154893570621,28.8914486693266 83.5156953513601,28.8917347720186 83.5159147537147,28.8919842541417 83.5159318624992,28.8920037083693 83.5163057025707,28.8925167848444 83.516481178229,28.892890624916 83.5167482062091,28.893123322012 83.5175874404727,28.8938595591266 83.518174904727,28.8944432075391 83.5182437607497,28.8945188444826 83.5184266747362,28.8947197728752 83.5186097802793,28.8950020606249 83.5189378437402,28.8954788978454 83.5190751025252,28.8956924123103 83.5191438371389,28.8957993323209 83.5194032370329,28.896178894806 83.519769448119,28.89660041806 83.52017383381,28.8968775832468 83.5204484637958,28.897065812252 83.5209825215548,28.8973328402322 83.521104591617,28.8974377448523 83.5213297550562,28.897543929214 83.5214402840633,28.8975960541693 83.5216164872766,28.8977142966986 83.5217302025971,28.8977906045394 83.5222718884422,28.8982540903609 83.5223827259183,28.8984691147948 83.52246262387,28.8986241154901 83.522699135009,28.8988968667831 83.5227738429483,28.8989679009743 83.5231645292011,28.8993393713209 83.5232487879862,28.899432056794 83.5233171170037,28.8995072179937 83.5233863750254,28.8996497324419 83.523416298311,28.8997113039212 83.5235612571283,28.8999668897722 83.5236685017956,28.9001686419478 83.5238664327335,28.9005410017282 83.5240048399583,28.9009331538828 83.5241410914977,28.9013191996116 83.5243024135579,28.9016462081627 83.5244233774488,28.901891403197 83.5246540204834,28.9021903284842 83.5247132968819,28.9022671516391 83.5254150915958,28.9028945711645 83.5259950338845,28.9031330878013 83.5261781394276,28.9032666017914 83.526643531821,28.9037644202957 83.5268876728448,28.9041649640646 83.526922637754,28.9042803503334 83.5269639662964,28.9044167331745 83.5271165549984,28.9049488843616 83.5271888041795,28.9052892901774 83.527215737205,28.9054161842261 83.5272242781074,28.905541102455 83.5272309969746,28.9056393439662 83.5273530652381,28.9061314400569 83.5273817780306,28.9062800267567 83.5274293586898,28.9065262605129 83.527467506315,28.906928711753 83.5274756955807,28.9069643799354 83.5276124660315,28.9075600442473 83.527615575902,28.9076728134765 83.5276200950169,28.9078366095834 83.527668036306,28.9080595399953 83.5276963884686,28.9081913758423 83.5277892726928,28.9084411610384 83.5279786762183,28.9089505008125 83.5307328883494,28.9094578557735 83.531503456348,28.9096485912013 83.531703321737,28.9097190992865 83.5321901010103,28.9098908247539 83.5323531812535,28.9099810532674 83.5326554952023,28.9101483162774 83.5329454119374,28.9103466806906 83.5335633939321,28.9107910926996 83.5339621129678,28.9110863955002 83.5341737451427,28.911243133694 83.5343065090946,28.911338610676 83.5347917262381,28.9116875466022 83.5353181541122,28.9121624763516 83.5353205634075,28.9121654693097 83.5358064352606,28.9127690126198 83.5360870808403,28.913080165148 83.5363328631347,28.9133526619317 83.5364955593656,28.9135446159467 83.5367677386871,28.9138657384069 83.536874700966,28.9139273584498 83.5369432143454,28.9139668280847 83.5371949843546,28.9141766364258 83.5373170544169,28.9141842663105 83.5374238665082,28.9142529307767 83.5374475017041,28.9142643261409 83.5379281709542,28.9144960771456 83.5380647363586,28.9145619204251 83.5387971585307,28.9149319464535 83.538991739478,28.9150711729646 83.5392396630685,28.915248566886 83.5392447838327,28.9152546930971 83.5397083164192,28.9158091493763 83.5397355723029,28.9158417517552 83.5401323011294,28.9163395702595 83.5401596073754,28.9164214854001 83.5401704487546,28.916454010437 83.5402945315092,28.9166757195636 83.5404298477493,28.9169174971578 83.5408036878208,28.9178730781707 83.5409639055082,28.9181801612472 83.5417192155361,28.9190098581548 83.5422761629493,28.9195191196876 83.5427644431983,28.9198738868459 83.543847816687,28.9206520856286 83.5441601347422,28.9209160711877 83.5449693378009,28.9216000367568 83.5455796899109,28.9221436318717 83.5460298243333,28.9226738746882 83.5463052070553,28.9229818058295 83.5464494392168,28.9231430829234 83.5464614569148,28.9231668440248 83.5465333625532,28.923309022125 83.5468919446539,28.9238144696147 83.5470810540997,28.92418301805 83.5472276388989,28.9244686899647 83.5473373027541,28.9247661097796 83.5474794089082,28.9251515205839 83.5488527000313,28.9272000124415 83.5494096456459,28.9277455150276 83.5497911147029,28.9281861120941 83.5501784006027,28.9286341169119 83.5502412491254,28.9287068184541 83.5507600480141,28.929137879064 83.5507610300785,28.9291389411685 83.5512254413068,28.9296414190826 83.5513027518966,28.9297171963209 83.5517060934697,28.9301125338895 83.5517289813253,28.9302136235673 83.5518259511892,28.9303183528189 83.5521104503823,28.930625611264 83.5530946425638,28.9310242466624 83.5533376207586,28.9312147635539 83.5534303359094,28.9312874605995 83.5537584002697,28.9315335090945 83.5539501285538,28.9318917404579 83.554193275822,28.9323460387614 83.5544831925571,28.9326855470494 83.55465103923,28.9329659282272 83.555385885986,28.9334045863462 83.5553983461526,28.9334120192784 83.5554368660989,28.9335858158945 83.5556557693273,28.9338075996652 83.5558717425505,28.9340264138603 83.5559289594916,28.9342896143075 83.556062477079,28.9349037939504 83.556245582622,28.9352700050365 83.5563676526843,28.9356247721948 83.5565175011389,28.9359296726062 83.5566423105492,28.9361836252805 83.5567467304325,28.9365239222778 83.5568559338326,28.9368798072987 83.5570466692604,28.9374768071103 83.5571235139991,28.9377521700471 83.5571839981929,28.937968903201 83.5571983559381,28.9380201836889 83.5572374037889,28.9381596386288 83.5572636821049,28.9384364953467 83.5572908102842,28.9387223057576 83.5573001506877,28.9389850367565 83.5573060682551,28.9391514588964 83.5572374037889,28.9394509129874 83.5571208825702,28.939928993077 83.5571077038419,28.9399830632752 83.5570295559793,28.9402875140235 83.55701615152,28.9403397370054 83.5569886393283,28.9403899778719 83.5568406749624,28.9406601723802 83.5565909140482,28.9410035945365 83.5564897227465,28.9411427311149 83.5564668348909,28.9413410964275 83.5564096844999,28.9415141358107 83.5563981704247,28.941548996398 83.556395592056,28.9416160321842 83.5563829115544,28.9419457252245 83.5564616889455,28.942247707322 83.5565431283426,28.9425598913775 83.5565700110058,28.9426645396897 83.5565965348379,28.9427677931467 83.5569932627651,28.9432980350639 83.5572374037889,28.9438587956209 83.5574158903918,28.944206276437 83.5575959849902,28.9445568851102 83.5577995493084,28.9448372321137 83.5580308605425,28.9451557932923 83.558201112014,28.9452858457753 83.5583055193067,28.9453656007341 83.5585878070565,28.9454724128255 83.5586792388686,28.9454791856522 83.5587938004551,28.9454876716957 83.5594927595931,28.945592135646 83.5594957039876,28.9455925754166 83.5601728211865,28.9455943398948 83.5602248427192,28.9455945071695 83.560955218924,28.9455968822905 83.5609582685396,28.945595563878 83.5615926560456,28.9454973826216 83.5623643562962,28.9452816773977 83.5630891494829,28.9450203709318 83.5638292006405,28.9447304541967 83.5644776994763,28.9444062047788 83.5647633345186,28.9442306589731 83.5650301556537,28.9440691327658 83.5653262606534,28.9438614351437 83.5656221093451,28.9436566171646 83.5663469007332,28.9436547096934 83.5668962182616,28.9439865880967 83.5674607928616,28.9443146515576 83.5681016618126,28.9447495271099 83.5686509784418,28.9451958474894 83.5690324483981,28.9458538827818 83.5694749529358,28.9463040172043 83.5698323883954,28.9466369873898 83.5701158218868,28.9469010170158 83.5704591442179,28.9473358925682 83.5705506974391,28.9474865728996 83.570642249761,28.9475762177503 83.5706651385159,28.9476849364135 83.5708024674484,28.9478050999039 83.5708268140114,28.9478951800285 83.5708406141742,28.9479462437788 83.571075658512,28.948293159818 83.5712373430007,28.9485317996626 83.5713103647031,28.9486763214071 83.5714204485438,28.9488941958063 83.5714718549373,28.9489481742732 83.5715348896206,28.9490143592966 83.5716870997061,28.9494927379625 83.5718019176007,28.9498535926609 83.5718539391335,28.9499576357264 83.5718782119517,28.9500061804635 83.5719239885623,28.950170212194 83.572075146436,28.9504095454191 83.5721528707159,28.950532609237 83.5723401994955,28.9507940191254 83.5725724864987,28.9511181642215 83.573083656402,28.9517533116582 83.5733506852815,28.9523045357585 83.5734727553437,28.9526535805032 83.5736634898722,28.9530312355172 83.5737677110044,28.9532608479238 83.5739076308961,28.9535691082184 83.5742585831119,28.9542099771694 83.5748076839027,28.9545069095494 83.574959554043,28.9545890342331 83.5750978173755,28.9546047931288 83.5752351454086,28.9546906293324 83.5756623919755,28.9548565676347 83.5756651223303,28.9548571818746 83.5757070516227,28.9548666041167 83.5763414085517,28.9550091554373 83.5767361633568,28.9550742486786 83.5770585709543,28.9551274114565 83.5774480979753,28.9551713912131 83.5777681043715,28.9552075207499 83.5779602220639,28.9552686497607 83.5781037977172,28.9553143319419 83.5783149406585,28.9553980601246 83.5783250508854,28.9554020693214 83.5789964375768,28.9559971625611 83.5793907553093,28.9564243407792 83.5794313131291,28.9564682782674 83.5802323997675,28.9575039685737 83.5806442102969,28.958085461301 83.5809492222248,28.9585143842122 83.581117408843,28.9590451054704 83.5812535299802,28.9593931870366 83.5813844377224,28.9597279360896 83.5816285787463,28.9602696237333 83.5817964254191,28.9607407385402 83.5818148382268,28.9608259038464 83.5818422011304,28.9609524543525 83.5819152965776,28.9612784997251 83.5819871599476,28.9615990448177 83.5819871590483,28.9624440014948 83.58196985511,28.9626127187156 83.5819261244668,28.9630390938352 83.5818574600006,28.9633137517002 83.5817879528656,28.963472887498 83.5817125011834,28.9636456310028 83.5815065077847,28.9639355477379 83.5811326677132,28.9644123849584 83.5810652308274,28.9645856590658 83.5809953387808,28.9647652437462 83.5809850972522,28.9649662269977 83.5809800799106,28.9650646987365 83.5810258556218,28.9652611547793 83.5814683610589,28.9658867648601 83.5817582786933,28.9661385348694 83.5820100478033,28.9662491619031 83.5820863412549,28.9663216413117 83.5828035045569,28.9666001132197 83.5832788201172,28.9667797392691 83.5834596323781,28.9668480691859 83.5840089490072,28.9671303569355 83.5843397581115,28.9674191135396 83.5844586868268,28.967522924579 83.5844656188343,28.9675457359919 83.5844896011701,28.9676281745405 83.5848252936165,28.9680153669104 83.5849457529852,28.9682613029896 83.5850084000589,28.9683892069819 83.5851304701211,28.9687268068995 83.5852595279491,28.9690367768136 83.5853440934045,28.9692398842739 83.5854838199411,28.9695280698058 83.5854966812072,28.9695545972352 83.585687416635,28.9698502354845 83.5860154791966,28.9704453287242 83.5860243735342,28.9705070243106 83.5860459978364,28.9706570436372 83.5861128645492,28.9707448061978 83.5861680678986,28.9708172613246 83.5862443613503,28.9710728462763 83.5864885023741,28.971604996564 83.5865724257105,28.9719292450826 83.5866182023211,28.9720513160441 83.5866415074642,28.9721303848169 83.5866716079171,28.972232514116 83.5867340553403,28.9726228118597 83.5867707901237,28.9728524017832 83.5867479013688,28.9733216100183 83.5867479022681,28.9735676585133 83.5867115092286,28.9738478895036 83.5866716079171,28.9741551218683 83.5866612287917,28.9742874568415 83.5866563490469,28.9743496713391 83.5864885023741,28.974912338468 83.5862201811626,28.9753557225469 83.5861756977834,28.9754292298855 83.5861653096647,28.9754860394318 83.5861146623025,28.9757630166593 83.5860841940251,28.9758344267689 83.5860536268218,28.9759060680053 83.5860233051345,28.9760358821668 83.5859925922403,28.9761673744713 83.5860664224371,28.9764918397275 83.5861375510575,28.9768044293792 83.5862977678456,28.9772965245706 83.586459570146,28.9775240595333 83.5864808733886,28.9775540169934 83.5870454479886,28.9779965215312 83.5873658824641,28.9784218606269 83.5874229474191,28.9785278363447 83.5874726945555,28.9786202250401 83.5878083879012,28.9792095958662 83.5879850533683,28.9795864199026 83.5881669691026,28.9799744423507 83.5884034802416,28.9810272980991 83.589715735884,28.9813458260027 83.590104835725,28.9818932351606 83.5905009691975,28.9824324154825 83.5905168234217,28.9824539948183 83.5905183055116,28.9824564787576 83.5908575520956,28.9830248988771 83.5908754046231,28.9830548104715 83.5911250863965,28.9834743327244 83.5912034689833,28.9836060336725 83.5912482743214,28.9836583070167 83.5912950204059,28.9837128448646 83.5914476091078,28.983962708302 83.5914704825742,28.98398280285 83.5917146379873,28.9841973119699 83.5928361591012,28.9846875005894 83.5952165302614,28.9853455358817 83.5953289847263,28.9853707215163 83.5959489524336,28.9855095676122 83.5963277136189,28.9856181154035 83.5965745625144,28.9856888591122 83.596679451846,28.9857423960099 83.5967576671581,28.9857823189053 83.5968487563269,28.9857998863462 83.5970246960376,28.9858338170301 83.5972154305661,28.9859177403665 83.5973451314124,28.9859501655781 83.5974946579081,28.9859834505457 83.597902077027,28.9860741431115 83.5979039638136,28.9860737923743 83.5985510300225,28.9859541325066 83.5985884806697,28.9859361639662 83.5987413103912,28.9858643347705 83.5987849879741,28.9858604982443 83.5990239057105,28.985840444166 83.5991045635929,28.9857923086224 83.5992524793952,28.9857060245543 83.5994737325634,28.9854695134152 83.5995881727409,28.9854523479732 83.5995912178599,28.9854518200686 83.5997296493664,28.9853326944008 83.5999467548415,28.9851490789397 83.6003511117541,28.9847142033874 83.6004566827751,28.9846078076841 83.6005972798596,28.9844689445009 83.6009169049413,28.9841743197924 83.601025520182,28.9840780711883 83.6013353039355,28.9838063055569 83.6017400736389,28.98340319601 83.6018017809165,28.9833421947036 83.602226626282,28.9828875168844 83.6022455301219,28.9828696949341 83.6026710301971,28.982219007138 83.602840155712,28.9817750699734 83.6029067202511,28.9815902296298 83.6029527360825,28.9814659885937 83.6030657580224,28.981281900087 83.6032055933774,28.9810565073196 83.6033538859974,28.9809148993924 83.6036470106295,28.9806381991573 83.6038960709685,28.9804763105215 83.603913405484,28.9804651948478 83.6039938763065,28.980459934688 83.6040445371585,28.9804566224691 83.6041153366255,28.9804230542137 83.6042649926243,28.9803520973646 83.6049016356407,28.9802806980469 83.6050813372335,28.9802605441434 83.605912940713,28.9802967842974 83.606342789031,28.980338215363 83.6065461806786,28.9803578197782 83.6065478723114,28.9803581795087 83.6069533264021,28.9804445265296 83.6069581674759,28.9804455571576 83.6069605479928,28.980446026606 83.6072099374852,28.9804951487106 83.607345718677,28.9805140075842 83.607347267317,28.9805142225232 83.6080415427633,28.9805275730229 83.6084382706905,28.9805332954365 83.6084480481665,28.9805348665596 83.6086411722052,28.9805659041106 83.6086518939739,28.9805676272199 83.6086539354447,28.9805693224501 83.608865516358,28.9807450103493 83.6091249162521,28.9813057709063 83.6091623399195,28.9819663072253 83.6091630629778,28.9819790650689 83.6092622451845,28.9826351937894 83.6093729423657,28.9829266969362 83.6093766862613,28.9829365553516 83.6094454505528,28.9830415436092 83.6095903095448,28.9832627113414 83.6100785906931,28.9837300121053 83.6105897596971,28.9843041231619 83.6108680265586,28.9846961053439 83.6109864885235,28.9848629762477 83.6112378547353,28.9850800664342 83.6115739509792,28.9853703312086 83.6120128060506,28.9856793847091 83.6121156395222,28.9857518011649 83.6127793954295,28.986184769246 83.6128470472542,28.9862384491365 83.613305824203,28.9866024784569 83.6135267392245,28.9867967311501 83.6138246230917,28.9871403511583 83.6139855998106,28.9873731930458 83.6141450575672,28.9876038369798 83.6142747566149,28.9878651434456 83.6143800875158,28.987982865265 83.6144044574613,28.9880101022628 83.6144502331725,28.9882523358155 83.614504094727,28.9885413918953 83.6145646742494,28.9888665019685 83.6145417854944,28.9895645914579 83.6144654920427,28.9902626809473 83.6144654929421,28.9906196874282 83.6144654929421,28.9906613163456 83.6145112686533,28.990768128437 83.6145112686533,28.9910237124893 83.6146409686004,28.9917198954069 83.6146412977538,28.9917214827179 83.6146867452109,28.9919411476758 83.6147294901924,28.9920319823352 83.6147325209222,28.9920384224112 83.6147526847183,28.9921254241417 83.6149385152202,28.992927246429 83.6149385152202,28.9936329658032 83.6148927386096,28.9942566684128 83.6148774797394,28.9950138859118 83.6147706685474,28.99566619969 83.6147579241936,28.9958223146505 83.6147477797924,28.9959465799684 83.614685921428,28.9961737183283 83.6146257097301,28.9963948069198 83.6143434210811,28.996925048837 83.6143316111275,28.9969622503708 83.6143052743553,28.9970452132267 83.6142795725075,28.9970784595232 83.6141297995964,28.9972721870098 83.6140894495209,28.9973915554957 83.6140840220864,28.9974076084711 83.6140447386121,28.9974875801675 83.6139772117937,28.9976250457976 83.6139382664661,28.9977729445126 83.6138169941063,28.9982334913356 83.6138372730162,28.9985537261607 83.6138627707169,28.9989563761519 83.6139695819089,28.9994351208436 83.614152687452,29.000159913131 83.6141854714948,29.0002533468435 83.6142289809037,29.0003773504575 83.6144100063048,29.0008443949133 83.6144197163315,29.0008694465482 83.6144385967889,29.0009062946468 83.6146562274705,29.0013310248985 83.6148259231583,29.0016073555105 83.6149385152202,29.0017906957777 83.6150902378709,29.0021136204878 83.6152208020705,29.0023915105316 83.6152589496957,29.0026223001564 83.6153897558141,29.0030256210451 83.6154649430944,29.0032574466939 83.6155412374453,29.0039250193422 83.6155494824693,29.0039851411074 83.6156327897672,29.0045925910912 83.6156895246694,29.0051812082819 83.615693825248,29.0052258310568 83.6158616710215,29.0055958561859 83.6160905531752,29.0059181981326 83.6161668475262,29.0060574354356 83.6163499530692,29.0064942175597 83.6162812886029,29.0068165595065 83.6161409226454,29.0069744713211 83.6160371484785,29.0070912173713 83.6158724899175,29.0072758697557 83.6157701186997,29.0073906714624 83.6154649430944,29.0077587900197 83.6141450575672,29.009515457671 83.6139848407791,29.0097939313776 83.6138773326092,29.0099112116277 83.6136491465341,29.0101601415643 83.613382118554,29.0106198133428 83.6131990130109,29.0110451515391 83.6129625018719,29.0114476018799 83.6125527984641,29.0124867051297 83.6124360730984,29.0127827462772 83.6122224498149,29.0132653059113 83.6120065899069,29.0137891644101 83.6119096452242,29.0140244299822 83.6117019736825,29.0143209774505 83.6114595108017,29.0146672064044 83.6113526996096,29.0148979960292 83.6113385505082,29.0149970397396 83.6113298108547,29.0150582128173 83.6115663219938,29.015380554764 83.6120611025736,29.0156224483713 83.6122529675553,29.0157162481097 83.6129128374735,29.0160738643338 83.6133897475394,29.0163323217338 83.6135728530824,29.0164696506663 83.6140652153738,29.0166984554778 83.6142213519182,29.0167710122285 83.6144489300487,29.0168623433161 83.614511267754,29.0168873607766 83.6147477797924,29.0170475775646 83.6151673964745,29.017602615708 83.6151902852295,29.0177876287222 83.6152345572671,29.0179082733522 83.6152665786811,29.0179955304914 83.61534383711,29.0180668461718 83.6154649430944,29.0181786351352 83.615606408928,29.0184045890822 83.6158769307911,29.0188366704275 83.6158955252627,29.0188994272189 83.6159074476321,29.0189396666772 83.6159246130742,29.0191485019472 83.6159282760304,29.0191930797557 83.6159303363871,29.0192181403838 83.6158693009063,29.0194699103931 83.6157090832189,29.0197331243301 83.6155250064034,29.0198974789188 83.6153352431474,29.0200669102047 83.6151607198757,29.0202791692101 83.6150529553977,29.0204102334351 83.6147630386626,29.0205380250116 83.6140687641156,29.0212036901887 83.61400009875,29.0214344789142 83.6139644863258,29.0216147713645 83.6139390641685,29.0217434694619 83.6140278096929,29.0219046898983 83.614053507044,29.0219513721305 83.6139085464282,29.0221363833461 83.6134965596308,29.0226761635185 83.6134753867905,29.0228998061969 83.6134660418904,29.0229985054652 83.6134920081401,29.0231320482337 83.6135194474864,29.0232731642295 83.6135634919945,29.0233100509991 83.6136720352891,29.023400955806 83.613687070227,29.0236856699381 83.6137025530295,29.023978881805 83.6138088947732,29.0244958217861 83.6138398819619,29.0246464544533 83.6140458753606,29.0253941354957 83.614259498644,29.0259472661679 83.6144419539741,29.0263037753213 83.6145494162785,29.0265137491384 83.6146162029513,29.0266489934324 83.6147020040811,29.0268227396861 83.614732768237,29.0270039053821 83.6147706685474,29.027227097498 83.614766933645,29.0275594723294 83.6147630386626,29.0279061140741 83.6147123733139,29.0282189717251 83.6146867452109,29.0283772279817 83.6146602960229,29.028478817685 83.6146028209752,29.0286995699284 83.6144120864467,29.0293003846824 83.6143874610925,29.0293927311094 83.6143357920957,29.0295864873745 83.6142048240986,29.0298059481853 83.6140535043461,29.0300595096526 83.6138453066985,29.0304544749001 83.6137941053513,29.0305516066427 83.6135194474864,29.0309674074831 83.6131761251553,29.0314595035738 83.6130566433543,29.0317270369754 83.6130006476984,29.0318524174579 83.6127488785885,29.0324036415582 83.6126784478452,29.0325052231675 83.6125505141752,29.0326897442502 83.6124437029831,29.0329663095863 83.612281865609,29.0334140598947 83.6122148208295,29.0335995495519 83.6121614152335,29.0338417822052 83.6120546040414,29.0340592195317 83.6120164564163,29.0341965493635 83.6120198954402,29.0342434168569 83.6120317152865,29.0344044502334 83.6120546040414,29.0349804687612 83.6120164564163,29.0351883705304 83.61194779195,29.0354401405396 83.6119337552643,29.0354902240241 83.6118638686136,29.0357395937314 83.6119040316291,29.0360247521308 83.6119401629646,29.036281281375 83.6119637442008,29.0363520250838 83.6119859386759,29.0364186103075 83.6124589618533,29.0369736484509 83.6128862075209,29.0374008950178 83.6135804829673,29.0381523901032 83.6139806706028,29.0386652408474 83.6144883798983,29.0393158728853 83.6148545909844,29.0398365792452 83.6151259690061,29.0401824520659 83.6152436908255,29.040332489379 83.6155030898202,29.0407025154075 83.6156297509435,29.0409333383074 83.6157930074546,29.0412308507528 83.6159761120984,29.041623764637 83.6160524064493,29.0418545542618 83.616219453621,29.0421430896316 83.6162202531222,29.0421444709969 83.6163525844981,29.042417765483 83.6165712053381,29.0428692632843 83.6168534921884,29.0434929667932 83.6172197032745,29.0440861516624 83.6176316909712,29.0447899635654 83.6179979020573,29.0452896886415 83.6182231563284,29.0457615975536 83.6183767810543,29.0460888192451 83.6184115634003,29.0462245347861 83.6184327776096,29.04631393502 83.6184464797459,29.0468466186083 83.6184478458226,29.0469079463701 83.6182267833116,29.0479046634697 83.6182878187924,29.0486332715988 83.6182986736614,29.0487234272668 83.6183544678682,29.0492042574964 83.618363467427,29.0497276951104 83.6183560704678,29.0498939679622 83.618333595403,29.0503575140385 83.6182907721801,29.05080538036 83.6182399053824,29.0513155699976 83.6181963950742,29.051530309345 83.6181276020043,29.0518547826951 83.6180072766352,29.0525090516088 83.6179427805465,29.0528510699167 83.6178796550313,29.0533630078447 83.6176844058845,29.0542919454151 83.6176204682776,29.0549933821972 83.6175787665148,29.0553050527374 83.6175553966202,29.0554653936325 83.6177385021632,29.0558411411752 83.6177385030626,29.0562369850646 83.6177379679634,29.0563811317901 83.6178128575666,29.0564033829227 83.6179216086056,29.056436234415 83.6179642636544,29.0565070419759 83.6181095938934,29.0567521326883 83.6182385303124,29.0571338202816 83.6184762186697,29.0576127574292 83.6185682179567,29.058082257046 83.618628031253,29.058486256926 83.6186608368796,29.058831312259 83.6186845476189,29.0591065223103 83.6187455822003,29.0594460305984 83.6190049820944,29.0600239565974 83.6194017109208,29.0604855349477 83.6197831799778,29.0608078777937 83.619870346285,29.0608524987699 83.6202600936411,29.061053632209 83.6208730933677,29.0612560705706 83.6212244224014,29.061369931582 83.6217134167155,29.0615288551388 83.6221638793922,29.0616945425291 83.6223749674746,29.0617724448756 83.6225863982004,29.0618271356089 83.6247728035526,29.0623928838298 83.6252153089897,29.0625626379739 83.6259706190175,29.0627667248007 83.6265199356466,29.0628334817957 83.6270005878095,29.0628239453391 83.6277940445632,29.0628525556083 83.6286256489419,29.0628144079831 83.6294801411763,29.0627495584593 83.6302042805529,29.0627630240727 83.6304000926779,29.0627669451356 83.6308326443709,29.0632635918177 83.6308763201552,29.0633141339586 83.6308915790254,29.0646416484712 83.6308992080108,29.0652252959844 83.6308458024148,29.0654217538258 83.6308404694095,29.06551806898 83.6308137180479,29.0659738817491 83.6307400857029,29.0664158143153 83.6306779548426,29.06678169355 83.6305628437676,29.0670694734856 83.6304172806032,29.0674301321308 83.6303058082026,29.067834206655 83.6301667867379,29.0683323678026 83.6300935923649,29.0687120624887 83.6300436554706,29.0689654440908 83.629816093528,29.0694876325405 83.6296456433054,29.0698788377046 83.6295649647385,29.0700483616211 83.6293477189685,29.0704998819055 83.6292351008262,29.0707866429044 83.6290834123499,29.0711647799572 83.6290074228706,29.0713910216887 83.6289990933099,29.0714148196626 83.6289055309936,29.0718996321092 83.6288979919408,29.0721394140982 83.6288850479366,29.0724522402728 83.6289308245472,29.0729100036807 83.6290528946095,29.0734116371274 83.6290928714645,29.0736642246243 83.6293009054346,29.0750026947305 83.6294190310515,29.0755421952125 83.6294189060451,29.0755782581992 83.629487059694,29.0762624512978 83.6294954000466,29.0763508613734 83.6295306779213,29.0765499794221 83.6296911555141,29.0774695693945 83.6297385877845,29.0776923550148 83.6298082046373,29.0780369579867 83.6299302755989,29.0786301428558 83.6300447157764,29.0789925398988 83.6301428403752,29.0794233693819 83.6301664054236,29.0795283198678 83.6301717087511,29.0795423493588 83.6302278213194,29.0797001658449 83.6303946409616,29.0802646747941 83.6304402799752,29.0804224454145 83.6302557130269,29.0809424511992 83.6301133811419,29.0813404849482 83.6300844021489,29.0813613834939 83.6295147184759,29.0817689447063 83.6289277803275,29.082162132885 83.6285380266762,29.0823675444195 83.6283204724373,29.0824810798747 83.6281078132317,29.0825332947626 83.6278928436567,29.0825856949118 83.6276838357161,29.0826750357902 83.6272294690638,29.0828682713452 83.6270616232903,29.0831219488257 83.6270094947377,29.0832491657326 83.6268997184667,29.0835124453206 83.6267989678349,29.0838640693332 83.6267381526891,29.0842039706269 83.6267030411896,29.084390336228 83.6266010620781,29.0847171334374 83.6265341557949,29.0849281324866 83.6264538306632,29.0850646421327 83.6262223890268,29.085452728433 83.6260049283178,29.0858196949532 83.6258855931069,29.0860182572182 83.6255520500506,29.0863059058522 83.6252610864996,29.0865551757343 83.62505546812,29.0866544811486 83.624924092728,29.0867171947724 83.6247607022172,29.0867705509054 83.6243531868705,29.0869023139071 83.623910683232,29.0871445474598 83.6239095932485,29.0871453199811 83.6236360244678,29.0873867810124 83.6235543926149,29.0875140311944 83.6235063245208,29.0875889594687 83.6233013059919,29.0878947214348 83.6230638199831,29.0882489022323 83.6229198980891,29.0884370287143 83.6227967911036,29.0885979469769 83.6226961259078,29.0886462255134 83.6224229501327,29.0887772375776 83.622293251085,29.0888039403756 83.6209123300771,29.0892674270965 83.6202023433994,29.0896141947469 83.6196992566414,29.0898758708359 83.6194524841886,29.0900623857251 83.6193711931805,29.0901238259028 83.6193079039878,29.090168615053 83.6188752821473,29.0904747781186 83.6180894552785,29.0909706882524 83.6176281287395,29.0912972120667 83.6175019910242,29.0913864908915 83.6167619407659,29.0919110112945 83.6165927145264,29.0920294687628 83.6162278821076,29.092284851366 83.6154878318493,29.0929180913315 83.6149614111698,29.0936047278999 83.6143663098361,29.0946404271994 83.6143663098361,29.0953842932994 83.6143679870798,29.0954153245551 83.6143968284758,29.0959488687987 83.6144013475908,29.096124002713 83.6144044574613,29.0962445070481 83.6145112686533,29.0968376928166 83.6145723095301,29.0972954571239 83.6146321561014,29.0977131942139 83.6147554087778,29.0980793774209 83.6149995498016,29.0986439520209 83.6150979325072,29.0987253068813 83.6158006364401,29.0987812818527 83.6158023424622,29.0987813825772 83.6163552797792,29.0987017571215 83.616626636217,29.0986589374959 83.6170137098758,29.0985981754103 83.6176316909712,29.0985180670163 83.6182115244414,29.0984932716895 83.6190126110798,29.0984417735646 83.6193788221659,29.0984150707666 83.6199968032612,29.0981270606034 83.6199980326403,29.0981282243316 83.6201269456768,29.0982502323404 83.6203172377367,29.0984303296368 83.6203172377367,29.0986210641653 83.620698707693,29.0991608434385 83.6209962543129,29.0997788245338 83.6211488412162,29.0999829113606 83.6215150532016,29.1005226897345 83.6218202288069,29.100982361513 83.6220643698307,29.1012665567338 83.6224114135743,29.101499913036 83.6225068743685,29.1015641024543 83.6225984051065,29.1017807573669 83.6231324844493,29.1019150555695 83.6236281661541,29.1022126966187 83.6239488299579,29.1024052432898 83.6244675308201,29.1026611951666 83.6246979948887,29.1027879651083 83.6252763435711,29.1031071477215 83.6254825231303,29.1032967598907 83.6257035910373,29.1035000616056 83.6263139422479,29.1042706305036 83.6266496346943,29.1047703564791 83.6272905045446,29.1056076823721 83.6276109390201,29.106120757948 83.6281594678394,29.1068359445307 83.628250405022,29.1071746326331 83.6282518079711,29.1071755229662 83.6288163834704,29.1071087650718 83.628966138395,29.1071490297112 83.6292207412824,29.1072174846344 83.6296479869499,29.1072975930284 83.6299273509896,29.1073333259623 83.6303041147711,29.1073815163649 83.6314408947552,29.1074654397013 83.6320789685999,29.1073993194293 83.6328315302863,29.1073473203797 83.6335990306829,29.107349382535 83.6342948925409,29.1074551801863 83.6345991373434,29.107501629493 83.6351789051627,29.1076243821439 83.6357005306342,29.1076799443246 83.6360438709519,29.1075800462542 83.6361177137393,29.1075588994944 83.6362549158667,29.107530316205 83.6367604685776,29.1074255698662 83.6373907803365,29.1071588197779 83.6374284198423,29.1071438253096 83.6381700214385,29.1068493660771 83.6386735614571,29.1066643530629 83.639337319163,29.1064488232076 83.6401002572769,29.1062351999242 83.6401029678466,29.1062343824365 83.6407793431012,29.1060083205703 83.6409373952108,29.1059524670079 83.6415040670398,29.1057526411894 83.6418326691973,29.1056509309764 83.6421469684684,29.1055539440254 83.6423472691312,29.1054616497593 83.6427323993458,29.1052853395261 83.6433790734484,29.1051269375787 83.6434914056049,29.1050995701784 83.6435531596474,29.1050686927075 83.6436021504504,29.105045014344 83.6441819839206,29.1048313910606 83.6447999641167,29.1046559154023 83.6448908941047,29.1046340923491 83.6451816553072,29.1045648190389 83.6455811558575,29.1044440700871 83.6465179679295,29.1043111325652 83.6469632801641,29.1042446318782 83.6475926557243,29.104232757173 83.6478151643521,29.1042464107457 83.6480500872808,29.104261094047 83.6482301171278,29.1043045755768 83.6485002217034,29.1043698127102 83.6490494061315,29.1046674456655 83.649293678457,29.1048027807914 83.649344556946,29.1048477552029 83.6497209241246,29.1051804367046 83.6501100230663,29.1055619057616 83.6504151995709,29.1058842477082 83.6505659716337,29.1060727132364 83.6507280041617,29.1062752541212 83.6510789563775,29.1067902380675 83.6511857684689,29.1068970492596 83.6512906586999,29.1072142605495 83.651422279608,29.1076123050904 83.6516664206318,29.1082341011281 83.6517884906941,29.108691864536 83.651880043016,29.10906951955 83.6519334495113,29.1095406352562 83.6518862465691,29.1096660139401 83.6518113785497,29.1098648846741 83.6517808608093,29.1100136566351 83.6516428079192,29.1102767050961 83.6514985730596,29.1105515293364 83.6513046764997,29.1108423750756 83.6511933974544,29.1110092936437 83.6510308604043,29.1113282361368 83.6507890396424,29.1118027503973 83.6506776625705,29.1119551988043 83.6504838631378,29.1122204596082 83.6503653732937,29.1124574401956 83.650247352898,29.1126934818863 83.6501557996769,29.1130692294291 83.6501049886374,29.1133311042692 83.6500566183696,29.1135803993324 83.6499955819895,29.1137673198178 83.6499926681721,29.1139836905432 83.649987953004,29.1143338027883 83.6499574352636,29.1150624091188 83.6500013115977,29.1153454064369 83.6501100230663,29.1160466013002 83.6502320940279,29.1165463272757 83.6502789947964,29.1169198615763 83.6503389052199,29.1173970036685 83.6504304584411,29.117990189437 83.6507051154067,29.1188523106568 83.6507221450505,29.1189294746564 83.6508264678065,29.1194058199454 83.651055280712,29.119837320326 83.6514680553193,29.1201626597274 83.652627723159,29.1211506659518 83.6531770397881,29.1215283209658 83.6534789427448,29.1216907581906 83.6538789442199,29.1219059759797 83.6539776138105,29.1219495906097 83.6544053729934,29.1221386730757 83.6548936532424,29.1222874459359 83.655125078691,29.122381462412 83.6552598643285,29.1224362196955 83.6557786641165,29.122613602825 83.6560325970057,29.1226926787924 83.6562135396689,29.1227490242863 83.6566713030768,29.1227776345555 83.6566967180395,29.1227839882962 83.6573198010132,29.1229397588147 83.6577180479026,29.123092656885 83.6577452183503,29.1231030072319 83.6577470475801,29.1231037905452 83.6580207809375,29.1233067577107 83.6583421408198,29.1235482034535 83.6584250838905,29.1236319289381 83.6587464977324,29.1239563762078 83.6588533098238,29.1241833499909 83.6590821919774,29.1243607340197 83.6592461292787,29.1244831098529 83.6596238778225,29.1247650918316 83.6600511243894,29.1249291235621 83.6602193209002,29.1249779309025 83.6604783700569,29.1250531010955 83.6612244529964,29.1251190433009 83.6612310315686,29.125119630561 83.6612336809841,29.1251198589899 83.6619508442861,29.1250817113647 83.6628129655059,29.1249234020478 83.6633317634953,29.1248165899564 83.663335405767,29.1248158192338 83.6639659054852,29.1244947570285 83.6642530010335,29.1243549981162 83.6646592798066,29.1241585546641 83.6652620020317,29.124025040674 83.6652638843218,29.1240244273334 83.665369340229,29.123990092852 83.6655871552726,29.1239190073992 83.6662169679054,29.1238122573614 83.6669696563969,29.1236652570733 83.6677115071065,29.1235901363433 83.667749184384,29.1235863501793 83.6679023936212,29.1235798894188 83.6683824684165,29.1235604450838 83.6689625339129,29.1235618624221 83.6693818736025,29.1235634623237 83.6700074845827,29.1235653688956 83.6710679711151,29.1235405735687 83.6717238866953,29.1235691748447 83.6721815313921,29.1236779447695 83.6721998407773,29.1236798864151 83.6724412613389,29.1237065136697 83.672700661233,29.1238152323329 83.6730219815449,29.1238807887273 83.6733644180396,29.1239506537942 83.6737306291257,29.1240307621883 83.6742189093747,29.1240860752555 83.6745418673599,29.1241242750416 83.6749279679476,29.1241696325661 83.6759431536131,29.1241452041644 83.6761833187151,29.1241201867039 83.6765860937126,29.1240788824433 83.6769652182258,29.1240391331179 83.6773917777074,29.1240401979203 83.677415530715,29.1240402572759 83.6780259781534,29.1239907079912 83.6785978435922,29.1239099448876 83.6789283891938,29.1238945484204 83.6791506559029,29.1238841944762 83.6794423434115,29.1238712576666 83.6798107452566,29.1237775010959 83.6790864637865,29.1243683639044 83.6789220822182,29.1245185738882 83.6786439592488,29.1247727217164 83.6783195839252,29.1252487729257 83.6782319715522,29.1253773505134 83.6782184915495,29.1255323709938 83.6782007181628,29.1257273206649 83.6781556781005,29.1261994175362 83.6782319715522,29.1266991435117 83.6782280136169,29.1268663597568 83.6782243425667,29.1270214854584 83.6782548603071,29.1272637181117 83.6783464126289,29.1275879684289 83.6785905536528,29.1281277477021 83.678712623715,29.128425294322 83.6787050864609,29.1285741670075 83.6786973648449,29.1287266549849 83.6786209679707,29.1289092569052 83.6785981826382,29.1294762434985 83.6787507704409,29.1298825078822 83.678964392825,29.1304356385544 83.6790864637865,29.1308399972657 83.6790669034384,29.1309915940107 83.6790483161614,29.1311356364144 83.6788345930528,29.1315898196041 83.678712623715,29.1319977576342 83.6785426249542,29.1323152054469 83.6783387836435,29.1326958471236 83.6781698074168,29.1330021163098 83.6780641248793,29.1331936647286 83.6779307655733,29.1333532205118 83.6776368792117,29.1337048346319 83.6774021316516,29.133954253802 83.6773305929384,29.1340295076324 83.6772343299451,29.1341792868389 83.6769731215058,29.1345822147219 83.6767525581209,29.1349531625599 83.6766362185661,29.1351468198991 83.6765722503821,29.1352335464357 83.6763551404104,29.135522537764 83.676141517127,29.1357113657206 83.6752488781667,29.1362091842249 83.6750424980577,29.1363409607165 83.6746843035667,29.1365696719981 83.6745844846371,29.1366958717669 83.6744172746873,29.136907272815 83.6743257214661,29.1373650371222 83.6743598329146,29.1376517882286 83.6743863432568,29.1378778824705 83.6744772813387,29.1381736331357 83.674683406039,29.1386185694519 83.6749277179349,29.1390658197348 83.6749413013601,29.1392352869937 83.6750123670277,29.140168839907 83.6751191782197,29.1410328676987 83.6751618035908,29.1416864504263 83.6751648433139,29.1417351948139 83.6751725847151,29.1425434886537 83.6751346745121,29.1430184202016 83.6751039202489,29.1434037024023 83.674981842992,29.1438508825378 83.674966088593,29.1441100791841 83.6749659734792,29.1441119785613 83.6749435928436,29.1444801951452 83.6746995615376,29.1450878915444 83.674600467465,29.145526077517 83.674577030121,29.1456276321465 83.6747224511919,29.1463829817447 83.6748597801244,29.1466805274652 83.6750416553889,29.1468288830381 83.6753786878316,29.1471366208241 83.6754701304356,29.1472203067384 83.6758543604244,29.1475879117803 83.67546063265,29.1485580196118 83.67544724258,29.1485821539337 83.6753862079985,29.1488510902844 83.6752314375308,29.1491978336529 83.6751874685662,29.1492950076638 83.6749777438625,29.1495662094176 83.6745927503456,29.150062256249 83.6744332440253,29.1502391294604 83.6741197280674,29.1505867775513 83.6735780413231,29.1511532605218 83.6728685070065,29.1518112949148 83.6728685070065,29.1520020294433 83.6727724256772,29.1521764385006 83.6726930313482,29.1523205573469 83.6721946948319,29.1527494838554 83.6721589744886,29.1527802282261 83.672101615454,29.1528155114968 83.6715791401191,29.1531369019562 83.6712052991482,29.1532761392592 83.6705415423416,29.1536785895999 83.6703788317215,29.1537075910761 83.6697175678476,29.153825454989 83.6687715214926,29.1540524260741 83.6687688432987,29.1540530699918 83.6678772178793,29.1544005696938 83.6672706735172,29.1545652237581 83.6671846088847,29.1545883949016 83.6668183977986,29.1547467051178 83.6663655114374,29.1548504199292 83.6658189476463,29.1549755863721 83.6650175930086,29.1554041324656 83.6647365490273,29.1554783017084 83.6643541033019,29.1555783094966 83.6639724678696,29.1557241325664 83.6638452869357,29.155748183251 83.6636216811297,29.1557919318807 83.6634525798966,29.1558063939478 83.6633317634953,29.1558167281068 83.6626985244291,29.156034164534 83.6624238665642,29.1565300755671 83.6622560198913,29.1570278940714 83.6621797255404,29.1574494173254 83.6621949844105,29.15784423958 83.6621858499528,29.1582632977804 83.6621797264397,29.1585442356413 83.6621797255404,29.1588150794631 83.6620815514786,29.1589889291394 83.6619966199973,29.159139328881 83.661920542384,29.1594987005902 83.6618516620794,29.1598240669714 83.6618640332127,29.1601612055345 83.661874549935,29.160447769581 83.6620805433337,29.1608959965323 83.6621568376847,29.1612755590174 83.6622303980836,29.1615881954341 83.6622475302506,29.1616643207118 83.6624009787086,29.161988907377 83.6624925310304,29.1626107034147 83.6624925310304,29.1632687387071 83.6624245284684,29.163693753146 83.6623933488238,29.1638886263744 83.6622687480572,29.1640654042572 83.6620881732185,29.1643215953548 83.6618361990622,29.1645866439177 83.6616838154066,29.1647469344505 83.6616313577005,29.164849227427 83.6615693743297,29.1649700941906 83.6615288470871,29.16507681545 83.6614549332529,29.1652714539541 83.6615021290005,29.1654222197216 83.6615235977191,29.1654908005505 83.6619349055251,29.1660175692693 83.6622732842593,29.1664288006325 83.6625459357271,29.1667610945246 83.6627977066357,29.1670929720287 83.6628402204903,29.1671957164669 83.6628892589576,29.1673142251968 83.6630624134545,29.1674760418865 83.6632096943324,29.1676136792879 83.6633742926385,29.1677542736743 83.6636674577403,29.1680046848014 83.6643638627915,29.1685269901637 83.6645677265854,29.1686798864352 83.6651323020847,29.1691395582137 83.6654222179205,29.1694638067322 83.6654985122715,29.1696659860879 83.6654832543006,29.1700302897028 83.6653165200944,29.1703238100386 83.6652997809331,29.1703528825615 83.6650331189788,29.1707646193462 83.6649318719188,29.1708609821647 83.6645982443257,29.1711785136147 83.6641557388887,29.1715542611574 83.6639344866198,29.1718251040799 83.6638618471311,29.1718968361483 83.6637811559736,29.1719756324252 83.6637067762884,29.1720605072489 83.6634385755867,29.1723629767812 83.6633377143378,29.1724802831118 83.6632630990291,29.1725670636081 83.6630231533627,29.1727947397651 83.6629274056834,29.1728855906124 83.6627290421695,29.1730362709438 83.6626061069553,29.1731476803915 83.6623017965019,29.1734234633136 83.6618516620794,29.1737934884428 83.6617629552261,29.1738399539374 83.661691444392,29.1738774117792 83.6616189083258,29.1739318147282 83.661508338849,29.1740147407117 83.6610047988304,29.1743637863557 83.6607700656595,29.174501602723 83.6605012588119,29.174659424605 83.6603553431114,29.174694507326 83.6602267295507,29.1747578603708 83.6596308431051,29.1750513825052 83.6590768823547,29.1752946754643 83.6587846453576,29.1754223636183 83.6582429586132,29.1756474308296 83.658030248146,29.1757314521925 83.6578588437381,29.1757981318455 83.6576150930219,29.1758471325411 83.6567773435462,29.176442882289 83.6556445934435,29.1757835078997 83.6551210928766,29.1754144450498 83.6550170929787,29.1750802580757 83.6548353436198,29.1745383824728 83.6547580932849,29.1741230699666 83.6545497805235,29.173569819684 83.6542890936935,29.1731089446069 83.6538702189556,29.1727853202209 83.6534384056095,29.1724841322286 83.6528029056369,29.1721734446521 83.6523709061302,29.1719309448988 83.6517149051141,29.1718818821497 83.6510354055996,29.1710860080069 83.6500422804096,29.1699328827663 83.6496502181875,29.1694581328823 83.64938878042,29.16915969503 83.6490095929539,29.1687774444585 83.6485443435535,29.1686837580352 83.6477959052783,29.1687968204447 83.6462334048842,29.1691740069096 83.6455121559426,29.1691495695146 83.6447267805355,29.168617320301 83.6433468424913,29.167357132057 83.6430204679653,29.1668735076205 83.6430219059881,29.1664583821742 83.6433795303062,29.1655163818885 83.643630717552,29.1648830699769 83.6438159059348,29.1644797571822 83.6437712175091,29.1641119452952 83.6432097806588,29.1632937570669 83.6427652184623,29.1629000697621 83.6415744051524,29.1619877571386 83.6410513425575,29.1615373816967 83.6399774677537,29.1610044444983 83.6389869056436,29.1610356331362 83.6380555299994,29.1610105698101 83.6369425309021,29.1604796947671 83.6360779680112,29.1601073817518 83.6350558431435,29.1597707576033 83.6335558432328,29.1592026954157 83.632770217813,29.158785507814 83.6318635313752,29.1591642573081 83.6309172179203,29.159655695092 83.6302206554871,29.160023757891 83.6289912808619,29.1608708819446 83.6280822175044,29.1619061324803 83.6275032806626,29.1624210696617 83.6263365926814,29.1639722574297 83.6262040931315,29.1643644446581 83.6261745304757,29.1652623203957 83.6260674054187,29.1658259444078 83.6248580929658,29.1665241948766 83.6239514685814,29.1669480069162 83.623275281286,29.1670725078575 83.6225507183267,29.1678780704431 83.622193905201,29.1686373204197 83.6218386551045,29.1688664444921 83.6212341558105,29.1691625701764 83.6202878432549,29.1696088204083 83.6191907190663,29.1700907577086 83.6187179054319,29.1702270074495 83.6172334054108,29.1707530081436 83.6163533435295,29.1710144450118 83.6153418433035,29.1713454456726 83.6141074684237,29.1716757565501 83.614060718742,29.1718945077924 83.6141106556363,29.1725398203149 83.6140811559333,29.1734714450725 83.6139991553567,29.1743578202247 83.61379290565,29.1751287578465 83.6132131558171,29.1757497579804 83.6127130305407,29.1761273203637 83.6121986554383,29.1768747576886 83.6113204048004,29.1784378822153 83.6110555936597,29.1790710700199 83.6108434057011,29.1796682568914 83.6101960939762,29.1808191949702 83.6095915928834,29.1810925694964 83.6086989683124,29.1811487576082 83.6068744680718,29.1813848199834 83.6063184676492,29.1808891319832 83.6060045937594,29.1806107572025 83.6056517808373,29.180264570517 83.6045275311672,29.1791332566384 83.6037956557855,29.1784272575738 83.6031667181972,29.1781953195092 83.6021509686541,29.1779396329337 83.60057884277,29.1773123824816 83.5990460929909,29.1766400694841 83.5975987180609,29.1760830078564 83.5970092806846,29.1757835070004 83.5964719062101,29.1756420078916 83.5958951556306,29.1754576324998 83.5955285929079,29.1752714449654 83.5948990932406,29.1751996319576 83.5939550307997,29.1750366326538 83.5922041557094,29.1748576325355 83.5916797809972,29.174765819409 83.5913125932427,29.174739882837 83.5906178429521,29.1745888832447 83.5895552178216,29.1745156322141 83.5882426555089,29.1746628825149 83.5879797806179,29.1748335072068 83.5873817187018,29.1750866325009 83.5856203439764,29.1758640075007 83.5843590297759,29.1763541943216 83.5834257178821,29.1768002574937 83.5818947172927,29.1774068827952 83.5813160934164,29.1776915699476 83.5803042181712,29.1780922576087 83.5795284682542,29.1784936323551 83.5779252805372,29.1791315704015 83.5773462177897,29.1795222575536 83.5764980307323,29.1799685698391 83.5757876555456,29.1804039445176 83.575446280256,29.1805179449244 83.5753526558863,29.1809327574052 83.5756655935773,29.181416506848 83.5759254674163,29.1820625082545 83.576269405786,29.1829953192236 83.5762273424939,29.1836065697605 83.5763180305632,29.1839294450077 83.5762873428501,29.1849760702231 83.5761280928378,29.1854019453173 83.5759605303521,29.1862993201301 83.5757876555456,29.1868513824026 83.5756549059829,29.1872548831565 83.5754427189237,29.1877368825103 83.5749675310677,29.1884956945149 83.5745327805218,29.1888733198511 83.5739542807525,29.1891941320436 83.5735860929471,29.1893328207575 83.5729750933222,29.1895835691321 83.5718580931219,29.1899476946803 83.5703464685187,29.190531632676 83.5693349682926,29.1908036941857 83.5694761553351,29.1915531325118 83.5694074674865,29.1923018828532 83.5691759682931,29.1927838831063 83.5686730308232,29.1937951953732 83.5686708427622,29.1943140698053 83.5686148426097,29.1951779447116 83.5687224676921,29.1961212571144 83.5688232803774,29.1970780702044 83.5691640926886,29.1971941327667 83.5693077178049,29.1973548819559 83.5697524050077,29.1977826321456 83.5700403432248,29.1979437572533 83.5705115299779,29.1982453202646 83.5714328430595,29.1991573828754 83.5716414049342,29.1995280069559 83.5717437176959,29.2001261318248 83.5718582181283,29.2010469448809 83.5717101557358,29.2019578824345 83.5714438427201,29.2028548822282 83.5709312186061,29.2030833201146 83.5704382177931,29.2032193827955 83.5700704059061,29.2033332572967 83.5693609678175,29.2034934453064 83.5690326561425,29.203537507801 83.5684154673536,29.2036280070117 83.5668130305742,29.2039793198574 83.5662086553872,29.2041510696066 83.5649667180722,29.2045373203818 83.5647433424938,29.2046065073567 83.5641774683672,29.2049498818487 83.5630966552606,29.2060630698046 83.5625835302218,29.2064065702024 83.5622692183601,29.2062340695157 83.5613915927539,29.2058161327752 83.5608415935361,29.2055255694244 83.5602653429821,29.2052011320473 83.5597279685076,29.205039194848 83.5594862799468,29.2048082577336 83.5584236548162,29.2047461322693 83.5579380302779,29.2047220069406 83.5572817810477,29.2047085701056 83.5561270307245,29.2046821946624 83.5554842183292,29.2045988819685 83.5548816561842,29.2043441945446 83.5539371548719,29.2027506323176 83.553076406024,29.2014821954523 83.5525535934418,29.2010090076982 83.5522654681648,29.2008230701764 83.5517684689468,29.2004649449335 83.5513749687019,29.2004162581029 83.5507056558571,29.2003689445436 83.5499705312092,29.2004589455275 83.5494974064079,29.2006175696086 83.5490895924848,29.2008237581611 83.5485566552865,29.2011332577275 83.548240718342,29.201418694918 83.547583155196,29.2017052571658 83.5471890928722,29.2017964452605 83.5465525928486,29.2018055698257 83.5448199057344,29.2018696324389 83.5443204063892,29.2020281324131 83.5437691562084,29.2020375699438 83.5431912176188,29.2021980070668 83.5427577180358,29.2022416945423 83.5421534058017,29.2024020075583 83.5409782803406,29.2025469447917 83.5405317809952,29.2025679449613 83.5397834056729,29.2026691956185 83.5394811555762,29.2027719445535 83.5388370301645,29.2029885697882 83.5384958428341,29.2030211955496 83.5377597181354,29.203260069219 83.5363137803289,29.2037401323231 83.5356892809162,29.2040131327296 83.535426031006,29.2041634452366 83.5350046552416,29.2045184453204 83.5342655303901,29.2054250076512 83.5336030928952,29.2068394447536 83.5331161553405,29.2071242578116 83.5327279053628,29.2073304454648 83.5321493435401,29.2076171947725 83.5317549052978,29.207764695086 83.5311760934623,29.2080288820942 83.5307551556698,29.20828006934 83.5303072183016,29.2086123830172 83.529924405651,29.2090938202921 83.5296601547907,29.2095418206131 83.5294612804594,29.2099562571754 83.5295698426399,29.2106018197107 83.5297102805435,29.2114550699754 83.5302025933719,29.2128960695809 83.5298379057446,29.2137114447163 83.5293254057376,29.2138833203712 83.529101343074,29.2140200701375 83.5284827810138,29.214397007489 83.5275754056919,29.2148088818706 83.5265225310577,29.2154616947748 83.525648155617,29.2157698822241 83.5247012800831,29.2161455704113 83.5231365925273,29.2167401330484 83.5225052798181,29.2170130696027 83.5222163433487,29.2170820074641</coordinates></LinearRing></outerBoundaryIs></Polygon></MultiGeometry>
  </Placemark>
</Folder>
</Document></kml>
