<?xml version="1.0" encoding="utf-8" ?>
<kml xmlns="http://www.opengis.net/kml/2.2">
<Document id="root_doc">
<Schema name="Dolpo" id="Dolpo">
	<SimpleField name="id" type="string"></SimpleField>
	<SimpleField name="timestamp" type="string"></SimpleField>
	<SimpleField name="begin" type="string"></SimpleField>
	<SimpleField name="end" type="string"></SimpleField>
	<SimpleField name="altitudeMode" type="string"></SimpleField>
	<SimpleField name="tessellate" type="int"></SimpleField>
	<SimpleField name="extrude" type="int"></SimpleField>
	<SimpleField name="visibility" type="int"></SimpleField>
	<SimpleField name="drawOrder" type="int"></SimpleField>
	<SimpleField name="icon" type="string"></SimpleField>
	<SimpleField name="OBJECTID_1" type="int"></SimpleField>
	<SimpleField name="OBJECTID" type="int"></SimpleField>
	<SimpleField name="District_2" type="string"></SimpleField>
	<SimpleField name="Local_leve" type="string"></SimpleField>
	<SimpleField name="स्थ" type="string"></SimpleField>
	<SimpleField name="PROVINCE_2" type="int"></SimpleField>
	<SimpleField name="DISTRICT_3" type="string"></SimpleField>
	<SimpleField name="GAPA_NAP_2" type="string"></SimpleField>
	<SimpleField name="GN_TYPE_12" type="string"></SimpleField>
	<SimpleField name="GAPANAPA_1" type="string"></SimpleField>
	<SimpleField name="GN_TYPE_13" type="string"></SimpleField>
	<SimpleField name="Changed_Na" type="string"></SimpleField>
	<SimpleField name="Old_LL_Na" type="string"></SimpleField>
	<SimpleField name="Code" type="int"></SimpleField>
	<SimpleField name="Shape_Leng" type="float"></SimpleField>
	<SimpleField name="Shape_Area" type="float"></SimpleField>
</Schema>
<Folder><name>Dolpo</name>
  <Placemark id="Dolpo.1">
	<name>Dolpo Buddha Rural Municipality</name>
	<Style><LineStyle><color>ff0000ff</color></LineStyle><PolyStyle><fill>0</fill></PolyStyle></Style>
	<ExtendedData><SchemaData schemaUrl="#Dolpo">
		<SimpleData name="id">0</SimpleData>
		<SimpleData name="tessellate">-1</SimpleData>
		<SimpleData name="extrude">0</SimpleData>
		<SimpleData name="visibility">-1</SimpleData>
		<SimpleData name="OBJECTID_1">621</SimpleData>
		<SimpleData name="OBJECTID">634</SimpleData>
		<SimpleData name="District_2">Dolpa</SimpleData>
		<SimpleData name="Local_leve">Dolpo Buddha RM</SimpleData>
		<SimpleData name="स्थ">डोल्पो बुद्ध गाउँपालिका</SimpleData>
		<SimpleData name="PROVINCE_2">6</SimpleData>
		<SimpleData name="DISTRICT_3">DOLPA</SimpleData>
		<SimpleData name="GAPA_NAP_2">Dolpo Buddha</SimpleData>
		<SimpleData name="GN_TYPE_12">Gaunpalika</SimpleData>
		<SimpleData name="GAPANAPA_1">Dolpo Buddha Gaunpalika</SimpleData>
		<SimpleData name="GN_TYPE_13">Rural Municipality</SimpleData>
		<SimpleData name="Changed_Na">Dolpo Buddha Rural Municipality</SimpleData>
		<SimpleData name="Old_LL_Na">Dolpo Buddha Rural Municipality</SimpleData>
		<SimpleData name="Code">60101</SimpleData>
		<SimpleData name="Shape_Leng">2.46648279157</SimpleData>
		<SimpleData name="Shape_Area">0.109567656765</SimpleData>
	</SchemaData></ExtendedData>
      <MultiGeometry><Polygon><outerBoundaryIs><LinearRing><coordinates>83.5222163433487,29.2170820074641 83.5215854056587,29.2172511950326 83.520449343337,29.2173983194276 83.5196221555499,29.2174856323251 83.5190420927515,29.2180136951746 83.5185802176235,29.2185421321438 83.5182770304287,29.2188298194489 83.5178139052371,29.2196335078384 83.5175357804691,29.2201965068186 83.5174553429216,29.2205639445858 83.5172375926295,29.2207932575168 83.5171310935037,29.2210929445334 83.5170244064187,29.2214963202809 83.5169311552694,29.221771256937 83.5169816560413,29.2221639450902 83.5170584684043,29.2225905702226 83.5171347186883,29.2231300077517 83.5172120301773,29.2234416324263 83.5173603434818,29.2240422574224 83.5175369055263,29.2255498197684 83.5175607808423,29.2260800697796 83.5175497182289,29.2270004448639 83.5173907182293,29.2273923829789 83.5168373429404,29.2278167579967 83.5165344048591,29.2279758191504 83.5152734054227,29.2282013827898 83.5145242800622,29.2283498831542 83.515004780239,29.2294795701514 83.5152435307006,29.2303444451085 83.5158539052938,29.2317385079724 83.5162848435953,29.2322589454338 83.5164803436541,29.2325235695146 83.5172645931046,29.2332640073825 83.517978092551,29.2337381322348 83.5194437813628,29.2347224449259 83.5203204051194,29.2353008196888 83.5208439056863,29.2356951949782 83.5210260930171,29.2360071946719 83.5213582187352,29.2366287577841 83.5219954058441,29.2378988197321 83.5221760930986,29.2386010695052 83.5220560303327,29.2389796319393 83.5217645307833,29.2395786948056 83.5214752174961,29.2397040069393 83.5201149063502,29.2400330704512 83.5192741558224,29.2401676321564 83.5186035308605,29.2403501954057 83.518209031464,29.2404863821937 83.5175909676306,29.2407030074285 83.5171568439151,29.2409202576951 83.5169440309247,29.2414721949612 83.5170475928507,29.2418064448881 83.5174005928327,29.2421641330584 83.5176862800359,29.2428103826789 83.5179395932892,29.2433752576539 83.5181612178792,29.2436986329266 83.5184874053454,29.2441600071298 83.518825030444,29.2449913821804 83.518901842807,29.2454045075249 83.5187170932954,29.2455888199639 83.518045968308,29.2458751951519 83.5171182799019,29.2463658828975 83.5166042807179,29.2467453194769 83.5163007805575,29.2470780702268 83.5159965933119,29.2475597575143 83.5154542176836,29.248421820278 83.5152948435642,29.2488115073791 83.5150427174218,29.2493745702115 83.5149160931709,29.2497666953865 83.5146238435832,29.2503769449732 83.5143456549631,29.2510662570374 83.514053842448,29.2516404445367 83.5138008430596,29.252444945018 83.5136869047062,29.2529520706506 83.513550967931,29.2538832574363 83.513523405377,29.2542057567651 83.5136254681259,29.2548061947013 83.5140278429232,29.2558093204005 83.5141969675388,29.2561663196867 83.513527092615,29.2561413831657 83.5127598431306,29.2560100077737 83.5117754063324,29.2558913830306 83.5114340930963,29.2559261330008 83.5102107178772,29.2563481328978 83.5096317189819,29.2566438197108 83.5094077813245,29.2568054448439 83.5088809055858,29.2571125701887 83.5084730305085,29.2573298825089 83.5078099679818,29.2573274453345 83.5073907802784,29.2570845705621 83.5067094686214,29.2567955693412 83.5060017185683,29.2565154453708 83.5051500304334,29.2561333207049 83.504376467678,29.2559003825894 83.504147592719,29.2558882569723 83.5039774050997,29.255894382284 83.5035709050924,29.2559109451774 83.5031395926711,29.2564598202373 83.5030254681571,29.2569895072702 83.5030239680808,29.257298569764 83.502943656439,29.2576095703061 83.5029126557604,29.258577257151 83.5028452800288,29.2589446958175 83.5024744679891,29.2595546953915 83.5021187808199,29.2598286319967 83.5016313423404,29.2601268198362 83.5012631563336,29.2602630695771 83.5006714679435,29.2604458819397 83.5001854054333,29.2604778826693 83.4995807811328,29.2606132573656 83.4990537803878,29.2609338824982 83.4985785925318,29.2614284454412 83.498249655825,29.2616234454745 83.4978806550285,29.261840882801 83.4972259679282,29.2619535081379 83.4970350931048,29.2621310072805 83.4968089682858,29.2624008825279 83.496664030153,29.2627003824845 83.4965404060548,29.2628713201421 83.4960867804474,29.2630929456314 83.4958002802531,29.2631054453683 83.4950008429793,29.2630776319023 83.4939148425583,29.2630058827467 83.4934170312486,29.263058131809 83.4931749056151,29.2631880700775 83.4930225930063,29.2634785075226 83.4927790932022,29.2638881326889 83.4924305925499,29.2642568196204 83.4920219683338,29.2644943820721 83.4915075932314,29.2647834444471 83.490932592741,29.2651647570213 83.4906897809215,29.2654819449287 83.4905681560258,29.2656258200576 83.4904459681518,29.2659570077783 83.4903377800911,29.2664980083366 83.4903807184277,29.2669222574488 83.4908155930807,29.2674924447445 83.4910102180949,29.2677435699368 83.4914000931553,29.2682616331766 83.4916695933836,29.268646132064 83.4919544055423,29.2690690699584 83.4921785923131,29.2694556957526 83.4924021549513,29.2700498204179 83.4925364054897,29.2703414449737 83.4926092806019,29.2708311956213 83.4926682179543,29.2711359449459 83.4927230930496,29.2722731323248 83.492900531038,29.2729483195694 83.4929595304439,29.2732530697934 83.4929123436896,29.2736228826814 83.4928957807962,29.2739273199398 83.492849655247,29.2741391949328 83.4924553438097,29.274534757333 83.4921515297845,29.2749689458 83.4916969059249,29.2753913827696 83.4913489052981,29.2755751322303 83.4907902185877,29.2757060696503 83.4906540309004,29.2757326321535 83.4900353429345,29.2757686321873 83.4894770303439,29.2758206321362 83.4889335305576,29.2758704449235 83.4884353433295,29.2759339445585 83.4880124674887,29.2760520072225 83.4869849682468,29.2763390074423 83.4866673423675,29.2765092580144 83.4865307185069,29.2766824448871 83.4864699051597,29.276813070241 83.4864084047272,29.2770248831805 83.486391905686,29.277302257011 83.4864054675274,29.2776203820164 83.4864500309467,29.2777785078707 83.486538092983,29.2782412571439 83.4869855932786,29.2792625699198 83.4871042180216,29.2797255701052 83.4871625923957,29.2800822573252 83.4870407174873,29.2803344455212 83.486602405609,29.2805041942693 83.4860132802989,29.2806079450538 83.4850619054354,29.2807893202929 83.4840203434274,29.2809183826176 83.4833258431494,29.2809946949551 83.4826316549377,29.2810710072926 83.4817257176387,29.2811600073262 83.4811372182598,29.2811982574746 83.47944621762,29.2814692577792 83.4791140928013,29.2814927580761 83.4787518432477,29.281504882794 83.478164218014,29.2813717582122 83.4772312811393,29.28089213308 83.4767047174668,29.2805720079728 83.4759678427299,29.2800660694508 83.4754117802538,29.2796668827654 83.4749004053041,29.2793355070856 83.4738785304492,29.2785758200364 83.4730975923184,29.2778869450448 83.4727675305543,29.2775134449186 83.4724529057271,29.2770903829173 83.4721234680955,29.2766130699531 83.4719000304636,29.2760030703791 83.4717376552922,29.2753008826595 83.4712728429643,29.2747440692459 83.4709269053922,29.2745306950759 83.4705056555334,29.2743305077281 83.4700690928449,29.2741573199561 83.4694513428764,29.2740082575127 83.4687729684192,29.2739018204404 83.4681545304661,29.2738858205253 83.4675809679985,29.2738970701987 83.4672789679146,29.2739613198719 83.4666450309711,29.2740241953743 83.4662072802725,29.2740901321838 83.4655871551831,29.2744035078467 83.4649065297121,29.2747188827122 83.4646039684485,29.274889132385 83.4640887803551,29.2752976324941 83.4637249057188,29.2756278201639 83.4635279055837,29.2758503197984 83.4630132804685,29.2761528199078 83.4624833434229,29.2765071329063 83.4620131558214,29.2769812577585 83.4619068428562,29.2771410077962 83.4617381553132,29.2776682567553 83.4616602808458,29.2781055074286 83.4617032182831,29.2785681325948 83.4617315929288,29.2789382575491 83.461699280133,29.2793216331779 83.4617422175703,29.2797842574448 83.4616502812361,29.2800230079065 83.4616162813041,29.2807380074293 83.4614927183601,29.2813059455098 83.461545280388,29.2828266326246 83.461484092921,29.2829595071937 83.4610139673731,29.2834200693052 83.4606654055666,29.2837096955579 83.4602721553345,29.2839201325281 83.4599995929,29.284128882362 83.4597718438975,29.2843806325861 83.4597250924172,29.2846443825217 83.4596174673348,29.2850409449728 83.4595980922479,29.2858597573336 83.4594753431942,29.2862698195726 83.4593535303393,29.2864949443407 83.459141905359,29.2865459451381 83.4584932176648,29.2865185705433 83.4574670925935,29.2865391947945 83.4568935930788,29.2865775078957 83.4557920307146,29.286600133148 83.4549919675096,29.2866758204537 83.4544483436163,29.286739070076 83.4542664674524,29.2868849453067 83.4540840310081,29.2871887575333 83.4540524052977,29.2874525704217 83.4540646559212,29.2879940071534 83.4542135304054,29.2883781328204 83.4543024674862,29.2886559455221 83.4544959683425,29.2891598200901 83.4547335928476,29.2898488191887 83.4548833432756,29.2900614451192 83.4551672803898,29.2906311323896 83.4552559674579,29.2909630701484 83.4551035927956,29.2912399448528 83.4548760929066,29.2914375079662 83.4543911554536,29.2918303202264 83.4540877182461,29.2921471951682 83.4537397176194,29.2923848826262 83.4532554672517,29.2926468824727 83.4525900305035,29.2929080693282 83.4519252808406,29.2930655701507 83.4511242175846,29.2933126951393 83.450504342508,29.29354925754 83.4500948432473,29.2939040076111 83.4498972801339,29.2942213196255 83.4498054058531,29.2944306953906 83.449818905641,29.2947353826617 83.4499380304095,29.2950268201576 83.4501312183002,29.2955960703553 83.4503406552195,29.2959556318223 83.4505935305009,29.2966176322446 83.4507428429569,29.2969092576998 83.4509364679203,29.2973860076857 83.4509051551754,29.2975979456315 83.4507830932071,29.2978749453423 83.450298342814,29.298215819707 83.4496925305035,29.2986645700663 83.4490260307515,29.2991107573455 83.4484509682076,29.2993858199072 83.4477255302039,29.2996220072888 83.447408280243,29.2996996946963 83.4470154050299,29.2997634452434 83.4463819681119,29.2996953824264 83.4454310303209,29.2997433830711 83.4445559057414,29.2997532576744 83.4435741561303,29.2998958197869 83.4430598430814,29.300130570045 83.4429233433279,29.3002631325478 83.4428319061198,29.3004612568409 83.4427702806809,29.3006730706797 83.4427684055854,29.3010159451464 83.4428269049659,29.3013861321542 83.4431096549693,29.3021024446935 83.4432140937385,29.3023013819776 83.4434229056259,29.3027782578692 83.4436013436652,29.3032820074307 83.4438682799141,29.3041290694308 83.4439400929218,29.3048422577104 83.4439366556965,29.3054783827149 83.4438730301559,29.3060601326495 83.4437349062189,29.306494945249 83.4436124683322,29.3068260700168 83.4434147811117,29.3070891949206 83.4431271558601,29.3072595075463 83.4419482181547,29.3075726322972 83.4409962182593,29.3078077575743 83.440149905398,29.3080140702339 83.439303780496,29.3082361318965 83.438547155653,29.3085780701644 83.4378210935168,29.3089043826369 83.437699779788,29.3090234444525 83.4376232803906,29.3091945700692 83.4375613428855,29.3094582579513 83.4376361551466,29.3096051952865 83.4381455929474,29.3102954444488 83.438578967524,29.3110641949089 83.438787155279,29.3116470708001 83.4390110929363,29.3120585701626 83.4391585932499,29.3126931330372 83.4393379683872,29.313011945128 83.4393814688028,29.3133549446009 83.4393192803856,29.3136728204929 83.4392420930036,29.3140153828933 83.439074718477,29.3142673822308 83.4387547174768,29.3148345073203 83.4386468423817,29.3152040072429 83.4385536559839,29.3157066955994 83.438492030545,29.3159185076396 83.438520155178,29.3163020703282 83.4386677804978,29.3169095706743 83.4387566546258,29.3172550702746 83.439385906079,29.3181035693982 83.4397612804013,29.3184233194863 83.4401360926446,29.3189008833625 83.4404364055923,29.3191931329502 83.4410675932951,29.3196852578194 83.4417293428054,29.3201233826378 83.4422551555403,29.3206015706465 83.4425246548692,29.3209861954396 83.4426289056792,29.321225757993 83.4427031549621,29.3214764452133 83.4429244683851,29.3223774452107 83.4431014054487,29.3231587574612 83.4432780933989,29.3239918826009 83.4434709683241,29.3246288196971 83.4436331555362,29.3253423829957 83.44385584313,29.3259930078389 83.4440655309613,29.3263096948216 83.4443199054197,29.326707757349 83.4446801548713,29.3270927571612 83.4451604679882,29.3275978197393 83.4455195303292,29.3282083822915 83.4457124673079,29.3288295703847 83.4459202809431,29.3294395079052 83.4459345298698,29.3296110076417 83.4458572804342,29.3299693828972 83.4458105298532,29.3302195700921 83.4457037798153,29.3304446948603 83.4454444051024,29.3309196318042 83.4452162181281,29.3312886326006 83.4447752811161,29.3318282571897 83.4445778430091,29.3321048827807 83.4443649679651,29.3323701948461 83.4440762185556,29.3327389447305 83.4437570305465,29.3331481948777 83.4434368424864,29.3337401953342 83.4430416551052,29.3342167573608 83.4426461547586,29.3348084448516 83.4421755309838,29.3352960074382 83.4419163433308,29.3357325701268 83.4418090923682,29.3360501942074 83.44191240608,29.3364589452286 83.4420770304665,29.3367258194239 83.4425418436938,29.3373097574196 83.4426765933582,29.3375065695955 83.443096468147,29.338065507218 83.4434415306747,29.3384640077174 83.4437262807799,29.3388351327226 83.4439209678477,29.3391404450255 83.444085280168,29.339470507689 83.4443082798279,29.3400670074751 83.4443226555597,29.3402136956969 83.4443358432813,29.3405701329042 83.444274343748,29.3407548824158 83.4438642176569,29.3412426950151 83.4434235306577,29.3417958202913 83.4432095935094,29.3422573824538 83.4430719057458,29.3426155076966 83.4428887804175,29.3429576330244 83.4427502805621,29.3434465697817 83.4426891551487,29.3435658825093 83.4424757180259,29.3439214446721 83.4420033423633,29.3447405699984 83.4417136549565,29.3452808205186 83.4415614053005,29.3455192580147 83.4412419681779,29.3459668833167 83.4409225931089,29.3463896323525 83.4406334686803,29.3468238199202 83.4404659052953,29.3471005696182 83.4400397810877,29.3477462571597 83.4397957174059,29.3481828828011 83.4394460925957,29.3486055077299 83.4389751558554,29.3491449452591 83.4386259060643,29.34949988239 83.4383825312665,29.3498575705603 83.43779209294,29.3501844451117 83.4373372811211,29.3504735695404 83.4367318429304,29.3507620077829 83.4362786552949,29.3508255074179 83.4358563424323,29.3507718823863 83.4355995307996,29.3507572575412 83.4346492180404,29.3506088201296 83.4340155302104,29.3505385071982 83.4324765930659,29.3503741328244 83.4312399060181,29.3501432577636 83.4303348428644,29.3499680069368 83.4295500933884,29.3499127577218 83.4284929676386,29.3499871949639 83.4280543427947,29.3501432568642 83.4279629055866,29.3502624445855 83.4277643433216,29.3506586329169 83.4276266555579,29.3510009453045 83.427413218435,29.3514105695715 83.4272444058857,29.3518993822218 83.426954655526,29.3523741321058 83.4268023429172,29.3526125696019 83.4264980306652,29.3530466951161 83.4259669056095,29.3535610072657 83.4256779682408,29.3538891318808 83.4253141556581,29.3541920699621 83.424934968192,29.3544814453027 83.424585280429,29.3549040702315 83.4241602183259,29.3553376327673 83.4231727184221,29.3564184449746 83.4228694682745,29.3566562574389 83.4224148426162,29.3569565703866 83.4218710307636,29.3569813207472 83.4210259059125,29.3569122578794 83.4203772811711,29.3568417578881 83.4191397802329,29.3566920074601 83.4184910304852,29.3566102577954 83.4173137178624,29.3565645693188 83.4166642180764,29.3566158821824 83.4163767187306,29.3567454454318 83.4160282810311,29.356942445567 83.415785467413,29.3571263829869 83.4154506554072,29.3575896331849 83.4153742180632,29.357785569417 83.4151452801514,29.3581951325299 83.4149618427569,29.358577820174 83.4146875311327,29.3590390693709 83.4145043428516,29.3593833827597 83.4145332175227,29.3596339449736 83.4146977807551,29.3599008200683 83.4151180935158,29.3603110073136 83.4154484061919,29.3606439451234 83.4157030306631,29.3610421947107 83.416002842686,29.3614134447223 83.416257092138,29.3618251329434 83.4163759057396,29.3621550076475 83.4165099053659,29.3625390703617 83.4165092182805,29.3626586331021 83.4166870933415,29.3632030079329 83.4167433435068,29.3639567576295 83.4166951549029,29.3644460703052 83.4165117184078,29.3648941956326 83.4162226551334,29.3652358200356 83.4152686560355,29.365709881935 83.4143452798993,29.3661141947806 83.4135122806653,29.3665481952884 83.4128158432384,29.3669015702895 83.4126032173079,29.3670991325036 83.412557092658,29.3672320070727 83.412555717588,29.3674688833382 83.4128251557628,29.3679212579827 83.4131092178833,29.3684097576673 83.4132882180016,29.368807570182 83.4135423433465,29.3692327572916 83.4139009047627,29.3699223832207 83.4142292802898,29.3705983205034 83.4143787186516,29.3708764452714 83.4145267180913,29.3713936325673 83.4146149680867,29.371791070063 83.4147030930759,29.3722538822891 83.4148652173351,29.372956195015 83.4148630931263,29.3733261329095 83.414875280797,29.3737886330693 83.4149172181834,29.3743978826051 83.4148976560366,29.3751783198112 83.4148945299782,29.3757197583415 83.4148172184891,29.3760758205297 83.4148456560877,29.3763940075886 83.4146632798983,29.3765916948091 83.4142685304891,29.3769328830388 83.4137679051873,29.3773277574544 83.4134341561852,29.3775789447002 83.4131459679553,29.3778145079493 83.4129631555927,29.3780911955938 83.4127800923179,29.3784085076082 83.4125364054539,29.3787908822868 83.4123384052678,29.3790675078777 83.4118973432496,29.3796340079354 83.4114410934079,29.3802005079932 83.4112280933576,29.3804522573179 83.4111816548428,29.3806370077288 83.4112569050759,29.3807027574784 83.4114077185077,29.3807440077794 83.4120107797789,29.3809045699088 83.4130518435601,29.3811076324029 83.4135947803681,29.3812025077356 83.4141074053814,29.381362694846 83.4147863428168,29.3814986954734 83.4151777800071,29.3816718823461 83.4163225307206,29.3822205703462 83.4167443435577,29.3823803203839 83.4171664055081,29.3825671950036 83.4177089052435,29.3827410078075 83.4184480930478,29.3829178198647 83.4190814049595,29.3830920076877 83.419880155148,29.3834000080771 83.4204524684513,29.3836528824591 83.4210093430191,29.3840117577401 83.4212950302224,29.3842250078031 83.4217005931316,29.3845967569409 83.4218808433135,29.3847825074027 83.4220457177127,29.3850087581274 83.4222998430577,29.3854475079777 83.4225989679954,29.3860172573015 83.4228967178629,29.3867855697897 83.4229692800096,29.3872753824909 83.4229531550881,29.3874467572209 83.422906842479,29.3876721329011 83.4227827804089,29.388199507766 83.4226605304814,29.3884764445238 83.4224310304905,29.3890326320063 83.422109780326,29.3897576320381 83.4220171551079,29.3900753199709 83.4217435935218,29.3904034454854 83.4215147176634,29.3907859451703 83.4211803427301,29.3911567581094 83.4209211550771,29.3916045075184 83.4206769052348,29.3920388830452 83.4205692801524,29.3923970703416 83.4203992184387,29.3930843832033 83.4203817805008,29.3934925703469 83.4203343428344,29.3939165082921 83.420331654748,29.394392445287 83.4202683430722,29.3948816950098 83.4202661550111,29.3952651956449 83.4202026553762,29.3957927575697 83.4201699055078,29.3962302573563 83.4201087171415,29.3964014450265 83.4199531552666,29.3972083826822 83.419829031143,29.3978033823919 83.4198729056783,29.3980133822895 83.42000759239,29.39822600822 83.4202487809254,29.398346570112 83.4207294052092,29.398824632215 83.4208044054295,29.3988903828639 83.4211048424843,29.3992368204615 83.4215852806076,29.3997013818773 83.4223070304739,29.4003135704116 83.4227887186608,29.4006066329903 83.4234517182346,29.4009140704014 83.4236923428924,29.4010730704009 83.4239175297141,29.4013378203874 83.4241725930565,29.401629945868 83.4243680931152,29.4017910080229 83.4249847180265,29.4022696331042 83.425572155301,29.4025496329676 83.4255860301079,29.4027752577612 83.4254792180165,29.4029845705735 83.4250387180772,29.4034338821123 83.4244917801663,29.4039729446224 83.4241270925391,29.4043413194877 83.4235365930583,29.4046026952017 83.4229461556311,29.4048528194438 83.422356093223,29.4049833827441 83.4215845926229,29.40518982041 83.4206772173011,29.4053979452121 83.4200867187197,29.4056728827675 83.4195247179917,29.40617350717 83.4193726553956,29.406357819609 83.4187178423896,29.4072821328434 83.4184135301375,29.4076755701354 83.4175307810691,29.408862819415 83.4172120930855,29.4091253822398 83.4164832178564,29.4097583200317 83.4159067802425,29.4101911954822 83.4155425926407,29.4104670701357 83.4153445933539,29.4107460078947 83.4152975307067,29.411036757406 83.41540065556,29.4115266951134 83.4153997805155,29.4116846330085 83.4154104060563,29.4124787579617 83.4152860310206,29.4130466321901 83.4150985925232,29.4141827574646 83.4149908424344,29.4144868206032 83.4148360305977,29.4151471329899 83.4147281555026,29.4155436324881 83.4145581549431,29.416217445562 83.4144490306837,29.416826070066 83.4144025930683,29.4169972577363 83.4143528432338,29.4177640071952 83.4142747178544,29.4182396321239 83.414239779925,29.4190606325456 83.4142673433783,29.4195367574997 83.414203029853,29.420197382852 83.4140646559033,29.4206186327108 83.4136835924425,29.4211854448347 83.4130457803018,29.4217646325886 83.4126359051228,29.4221350705085 83.4121210929477,29.4223178199183 83.4117279677219,29.4223408822433 83.4109887178641,29.4221796950821 83.4104912186206,29.4219925695502 83.4097065932518,29.4218176955413 83.4092991552471,29.4217616953887 83.4088300927029,29.4218927569159 83.4084968428269,29.4220356328932 83.4077694676742,29.4223775702618 83.4073306548711,29.4225086947417 83.4065603431805,29.4224917577286 83.4059101554098,29.4225813818947 83.4047307806318,29.4227205076812 83.4040357803284,29.4227580077914 83.4034767806524,29.4227284451356 83.4030846554775,29.422634195734 83.4022862182545,29.4222471328672 83.401908092893,29.422297382727 83.4014237804718,29.422441819935 83.4008949055306,29.4224394457134 83.4002458428173,29.4223305076145 83.3994165308214,29.4221011955829 83.3989337175772,29.4219817578488 83.3982998426872,29.4218728827028 83.3976352180307,29.4218428200216 83.3971972173193,29.4218273201319 83.3970460306671,29.4218130694065 83.3961697810303,29.4218226948965 83.3950663435707,29.421923695541 83.3943402796358,29.4220400081159 83.3935839057049,29.422221570415 83.3930999674035,29.4222847579837 83.3925853422884,29.4224425708724 83.3921767180722,29.4225851320856 83.391676405736,29.4228738203409 83.3909499676813,29.4231096327034 83.3904054057906,29.4231996957408 83.3898012806164,29.4231698201195 83.3894389051572,29.4231275697675 83.3886990932204,29.4230587578117 83.3880351556491,29.4229091332894 83.3875521553451,29.4228279448044 83.387023655423,29.4227736326874 83.3866758427554,29.4228103827594 83.3864330300366,29.4230213197551 83.3861445306398,29.4232839446334 83.3858870930759,29.4233368825797 83.3854782800013,29.4235065072208 83.3850696557851,29.4235970702836 83.3845104672506,29.42364863316 83.3842993422958,29.4235665075769 83.3838172799892,29.4233409457362 83.3835154678644,29.4232853826562 83.3833041558497,29.4232844455581 83.3828202805012,29.4233498823421 83.3818230310004,29.4233588207467 83.381263280387,29.4234486949256 83.3805075305886,29.4235241331179 83.3799018423851,29.4237581953913 83.3794927810964,29.4239165074062 83.3793404684876,29.4241255072528 83.3792025298119,29.4244565070144 83.3789741548783,29.4247735708147 83.3787446548875,29.4252213822772 83.3786079671747,29.4253538197737 83.3782567802346,29.4259477582783 83.3778457799983,29.4264736951203 83.3774502805509,29.42689594503 83.3769187804761,29.4273153197933 83.3764935933666,29.4276855697541 83.3759332177213,29.4279333206739 83.3755550303062,29.4279970082681 83.3751919677617,29.4280494452896 83.3750104684155,29.4280733206056 83.3737099058144,29.4282658205117 83.3728935926815,29.4283815701083 83.3725150311467,29.4284993827597 83.3717435934994,29.4286536325174 83.3710630309812,29.4287429455166 83.3707902805875,29.4288882577691 83.3706365299559,29.4293229453622 83.3705746554036,29.4295346953488 83.3704953429134,29.4301298821185 83.3704897176271,29.4310411955904 83.3704838432273,29.4319953826476 83.3705252185348,29.4326565071259 83.3704909676907,29.4333037576967 83.3703975924343,29.4337656948782 83.370289656185,29.4341352577536 83.3700895929443,29.4347162576501 83.369846156093,29.4349677578615 83.3696483429668,29.4352307577589 83.3693144051062,29.4354683202105 83.3690565304696,29.4355979455134 83.3687531553157,29.4357950068027 83.3680694676384,29.4363873202247 83.3676597804186,29.4366899453405 83.3669149673279,29.437426320052 83.3666560926405,29.4377160704117 83.3663369055306,29.4380191326001 83.3658353422314,29.4384791946862 83.3653342178035,29.4388738829412 83.3649554683094,29.4390705701108 83.3644547171019,29.4393997577297 83.364121280166,29.4395560696427 83.3639087180876,29.4397016948608 83.3637854672099,29.440095882191 83.3637544044777,29.4402288197129 83.363706717698,29.4406391949174 83.3635672177917,29.4411550700961 83.3634429677624,29.441709445436 83.3631494051582,29.4427660082076 83.3630865926086,29.4431221333486 83.3629472177087,29.4436651322102 83.362776780976,29.4443500708503 83.362682530675,29.4449451326136 83.3626039673237,29.4454072577544 83.3625429057624,29.4455399452635 83.3624035299632,29.4460830079772 83.3624759050499,29.4465706326173 83.3625655930683,29.4467582572753 83.3630316554598,29.447144008025 83.3633174056159,29.4473551329798 83.3637233426449,29.4476616323935 83.3641147798351,29.4479273824309 83.3647625304314,29.4482620703297 83.3649131559039,29.4483417578391 83.3652715923137,29.4489931327205 83.365465531142,29.4494023828678 83.365568530989,29.4498923835281 83.3656417802209,29.4502378201754 83.3655805307004,29.450395445105 83.3650352178722,29.4505778194957 83.3646564683782,29.4507091328342 83.3642170934961,29.4509055699911 83.3637481559582,29.4509958200884 83.3630813432407,29.4512701326119 83.3623689679522,29.4516366953347 83.3618988433036,29.4518983831149 83.3613227177559,29.4521730697583 83.3610052807352,29.4521850703691 83.3606275924461,29.4521449451253 83.3602200312338,29.4520888199663 83.3594960303535,29.4518868834288 83.359058654674,29.4517133197384 83.3581389684737,29.4513773197224 83.3572339053199,29.451122570245 83.3560707804697,29.4510245076997 83.3554967179767,29.4510081957183 83.3548463431461,29.4510975069189 83.3543772806019,29.4511876949627 83.3542105302079,29.4512658832949 83.3535893430141,29.4515290702522 83.3531645929772,29.451750382776 83.3529522188581,29.4519230075697 83.3528130301187,29.4523712579035 83.3526280926479,29.4529794453349 83.3524102803023,29.4539438829138 83.3522562176044,29.4544190698704 83.3520261555346,29.4549210081887 83.3516225306737,29.456638007454 83.3515915929479,29.456730320606 83.3514192802204,29.4576950072982 83.3512646554435,29.4582491955782 83.3511257805691,29.4587109448005 83.3510329053382,29.4590285697805 83.3509262173538,29.4591859446973 83.3506831555216,29.459358445384 83.3502285307626,29.459554819588 83.3495324683549,29.4597228200457 83.3490177182333,29.4598511332315 83.3485325307676,29.460087882692 83.3482435304461,29.4603910078332 83.3479839048211,29.4607867572933 83.3478614057802,29.4610501331092 83.3476933423697,29.4613267578008 83.3474797172877,29.4616302579611 83.3472362174835,29.4619200703744 83.346780155601,29.4623283825242 83.3465213429671,29.4626045701433 83.3461564682799,29.4629727570494 83.3456093433091,29.4634190072813 83.345168342445,29.4638544449126 83.3449404054834,29.4640247575383 83.3446365932569,29.4642736946696 83.344211967327,29.4645106950422 83.3438931552362,29.4647346956524 83.3436655923943,29.4648396326483 83.3426349679933,29.4653218199613 83.342042529565,29.4657430077666 83.341814467597,29.4659810072908 83.3417223433036,29.4661790695303 83.3417812186025,29.4664432574379 83.3420060304051,29.466762445447 83.3421855926023,29.4670001949585 83.3426058424102,29.4674917577487 83.342921218175,29.4678113828305 83.3432976555009,29.4679981944974 83.3433719677367,29.4682218830414 83.3434309050891,29.4684748203763 83.3434288429338,29.4687928833282 83.343395968059,29.4692010075188 83.3433637173167,29.4695053827237 83.3433305303757,29.4699563822981 83.3432982805328,29.4702585082878 83.3432345929386,29.470788320327 83.3431415297485,29.471130757721 83.3430629052429,29.4716333822253 83.3430141554594,29.4721497574295 83.3429797805083,29.4727834452596 83.3429482177507,29.4729818204647 83.3429160308606,29.4733268200395 83.3428540304025,29.4735498205988 83.3426544671873,29.4740135078694 83.3421979682322,29.4744985082753 83.341741780444,29.4749203822666 83.3414682800122,29.475171695418 83.3414214053241,29.4753812573437 83.3418882807066,29.4756496954675 83.342280092916,29.4758095705116 83.3426722810437,29.4759693205493 83.3431395934988,29.476156633141 83.3439087801322,29.4764130697547 83.3445268430663,29.4766800698557 83.3452053425298,29.4769608206567 83.3457475922524,29.4772815707957 83.3460030926674,29.4774948829122 83.3462285304011,29.4777193205951 83.346588967812,29.4780526325245 83.3468138425675,29.4783583207459 83.3469628429573,29.4787018822978 83.3470372181459,29.4789142582156 83.3469289059781,29.4792701953974 83.3467594683969,29.479758882142 83.346665780175,29.4802479457042 83.3466320302557,29.4807913825377 83.3466131551943,29.4813733204316 83.3466557805653,29.4818224449106 83.3466830922073,29.4822850071239 83.3467854049689,29.4828156321542 83.3469783428469,29.4833850082576 83.3472317172544,29.48394119574 83.3472750297108,29.4842730075932 83.3472860932236,29.484906945436 83.3472848422606,29.4851054456475 83.3471145305342,29.4857385075465 83.3469915305685,29.4860695082072 83.3469451550066,29.4862158825641 83.3468222800473,29.4865310703697 83.3466384676337,29.4869001323203 83.3463922806424,29.4875486320554 83.3461167171559,29.4880886325629 83.3457659061342,29.4885764451622 83.345568093008,29.4887604446356 83.3452638428096,29.4890635077233 83.3448380927217,29.4894584450917 83.3447918421662,29.4895913196607 83.3448666553266,29.4897360077807 83.3451659052706,29.4902134448519 83.3454350934327,29.4906523826613 83.3457348434021,29.4910621948876 83.3460344674658,29.4914877570162 83.3466187175277,29.4923635695805 83.3466470930727,29.4926141326938 83.3466162174005,29.4927471322692 83.3465090932428,29.4929180078732 83.3461288427731,29.4933131952543 83.3457178425367,29.4937216953633 83.3451403428184,29.4942083829054 83.3446841550303,29.494627945628 83.3438340928774,29.4951403826821 83.3433028428153,29.4954422577597 83.3426657807128,29.4957685081787 83.342044342607,29.4960316330825 83.3414530301352,29.4962926949316 83.3408312799631,29.4965940699837 83.3404524675162,29.4966982569415 83.3401494673813,29.4968027577641 83.3392858424878,29.4970624445433 83.3387404055526,29.4972717573555 83.3382405311882,29.4974136953355 83.3376797805239,29.4975958826664 83.3371499055318,29.4977398828017 83.3365585930601,29.4979602582274 83.3360583436766,29.4981562574123 83.3357395297872,29.4983531954939 83.3353143426777,29.4986556326505 83.3348740927511,29.4989444459122 83.3344187800074,29.499219632581 83.3340399684598,29.4993237574852 83.3335091554704,29.4995601948795 83.3328730304659,29.4997284453499 83.3322515923601,29.4999757582978 83.3314478428163,29.5003439452039 83.3314295927867,29.5003709456789 83.3313124060665,29.5006929449823 83.3311607184895,29.5008161949607 83.3310089670604,29.5009575079088 83.3308569683165,29.5011192580484 83.3307694054064,29.5012135704028 83.3307304052198,29.5012584449891 83.3306562809433,29.5013550704109 83.3305684050676,29.5014809455229 83.3304941548854,29.5015956330152 83.3303849047203,29.5017440074738 83.3302678421071,29.5018990702226 83.3301586548949,29.502036070901 83.3300669676741,29.5021506954403 83.3300084053407,29.5022383824575 83.329957530449,29.5023260703741 83.3298838432451,29.5024046948796 83.3298136553201,29.5024855083455 83.3297317797498,29.502582132868 83.3296344051891,29.5026898820575 83.329548592368,29.5027955079374 83.3294765302469,29.502876320504 83.3294102804719,29.502952694895 83.3293244685501,29.5030447580342 83.3292347175789,29.503175132476 83.32913127976,29.5033145082752 83.3290300300021,29.5034155080204 83.3289479053184,29.5035526948593 83.3288500307323,29.5037326329749 83.3287719053529,29.5038473204671 83.3286824052937,29.5039280709802 83.3286280922774,29.5039548825967 83.3285660927188,29.5039703204328 83.3285196560027,29.5039746327027 83.3283415920831,29.5039961949513 83.3281827800428,29.5040202573271 83.3280282182188,29.503999195104 83.3279452175912,29.5039739456174 83.3278756555973,29.5039510703523 83.3277292173882,29.5038758830721 83.3275575296925,29.5038141326268 83.3274107182631,29.5037930704037 83.3272292180175,29.5037380073492 83.3270942183404,29.503678695877 83.3269202175773,29.5036620070779 83.3267775925119,29.5036365084779 83.3265765930725,29.5036151953427 83.3263504053006,29.5036005075447 83.3261182181226,29.5036196326189 83.3257544675934,29.5036380697084 83.3255609676364,29.5036506332975 83.325363655435,29.5036564447444 83.3252437176755,29.5036603199417 83.325141093747,29.5036733206034 83.3249974677314,29.5037470698608 83.3247802183641,29.5038429452445 83.3246174052209,29.5039008195932 83.3244043422178,29.5039403198051 83.3241139047727,29.5039884454561 83.3239514054943,29.5040011952058 83.3237829679641,29.5040183831311 83.3235897809726,29.504033195036 83.3234021554153,29.5040435085106 83.3231352803207,29.5040445076622 83.3228797178522,29.5040746944505 83.32258934336,29.5041138196434 83.3223878429958,29.5041601952053 83.322242529844,29.5042135702243 83.322089467197,29.5042466330583 83.3219072807655,29.5042998830708 83.3217174680465,29.5043417575044 83.3215276553275,29.5043813827228 83.321298718315,29.5044885068803 83.3211630927067,29.5045216326672 83.3210465930718,29.5045887574867 83.3208701551343,29.5046622576307 83.3207341554063,29.5047428201845 83.3206336556865,29.5047828824755 83.3204942178338,29.5048025696286 83.3203084673719,29.5048218197092 83.3201110922177,29.5048344453519 83.31991759316,29.5048469450888 83.3197742180565,29.5048868203199 83.3196926554517,29.5049315069469 83.3196730924056,29.5049652577656 83.3196590925923,29.5050350697722 83.3195806551466,29.505201632207 83.3195140303526,29.5053321334538 83.3193891552914,29.5054916334788 83.3193169672645,29.5055815076577 83.3189436550976,29.5058773824299 83.3187568434306,29.5060478200619 83.3186166555397,29.506187007902 83.3184938435332,29.5063307580245 83.3184392184507,29.5063981328568 83.3183223428975,29.506526133077 83.3182676557613,29.5066070697506 83.3181698423295,29.5067734451256 83.318052905622,29.5069014453457 83.3179361559744,29.5070181329398 83.3178447169677,29.5070853827657 83.3176622805235,29.5071791950947 83.31751890542,29.5072664450392 83.3173209681867,29.507371444988 83.317146155332,29.5074652582163 83.3169927797194,29.5075546953226 83.3168021549087,29.507709382153 83.3166779057788,29.5077876954916 83.316510905372,29.5078906323858 83.3163321552665,29.5080025076845 83.3162136555299,29.5080785700093 83.3159722808338,29.5083141953119 83.315779155896,29.5085613823541 83.3157242178478,29.5086693824556 83.31556052966,29.5088512577202 83.3153537799279,29.5091073202141 83.3152564053673,29.5092105700738 83.3151864054014,29.5092643830647 83.3151204676927,29.5092888825131 83.3150701548799,29.509295382844 83.3150295296107,29.5092951328313 83.3149561553724,29.5092812580243 83.3148866554319,29.5092605699209 83.3147786553305,29.509212695182 83.3146360302651,29.5091306955046 83.3144052802107,29.5089761327813 83.3140029054133,29.5087033823876 83.3137447798648,29.5085396321463 83.3134826550119,29.5084029453328 83.3132704049998,29.5083251320196 83.3130465302953,29.5082585701784 83.3129132177543,29.5082285695507 83.3127744058327,29.5081691951256 83.3125389055365,29.5080935698735 83.3123846557787,29.5080228198695 83.3122767177307,29.5079703828479 83.3121073422031,29.5078454448339 83.3119530303918,29.5077792571124 83.3118644674308,29.5077223828147 83.3117433425605,29.5076157577832 83.3116914055644,29.5075658199896 83.3116511562136,29.5075137570878 83.3114722802023,29.507361695391 83.3113915305886,29.5072890702916 83.311305779821,29.5071465702326 83.3112062180987,29.5069971327702 83.3110507803308,29.5068181326519 83.3109163436319,29.5066775706412 83.3107942807643,29.5064198201117 83.3107373426144,29.5062615710497 83.3106939681045,29.5061011330273 83.3106640304295,29.5059431330787 83.3106224060087,29.5058075704232 83.3105922183211,29.5056923829055 83.3105315929331,29.5055070704156 83.3104784058734,29.5053601951339 83.310432905356,29.5052223823639 83.3104029047282,29.5050868826613 83.310346092484,29.504906132454 83.3102852179826,29.5047568820514 83.3101724055858,29.5045510703166 83.3100884678602,29.5043904452343 83.3099577804528,29.5042679452941 83.3096994678444,29.5041425702075 83.3095110301954,29.5039791949853 83.3093670309594,29.5038114454397 83.3093255926991,29.5036556326528 83.3092145924449,29.5034836319915 83.3090685301543,29.5033294451866 83.308947405284,29.5032341327813 83.3087319060058,29.5030773199434 83.3084736545515,29.5029383830154 83.3082847807293,29.5028358822946 83.3080652794488,29.5027332574667 83.3079245303782,29.5026716329271 83.3077934058983,29.5026168198854 83.3076621546133,29.5025777576453 83.3075425936716,29.5025230075564 83.3074500934597,29.5024751948709 83.3072956557428,29.5024337584093 83.3071606560656,29.5023698828559 83.3070102176529,29.5023081953635 83.306861655235,29.5022623198271 83.306680092936,29.5022207583591 83.306556529992,29.5021908197848 83.3063982800306,29.502135882636 83.3062902178756,29.5021036957459 83.3060699054028,29.5020732580456 83.3058149050132,29.5020335707737 83.3056351557562,29.5020122576385 83.3055423425788,29.5020096334042 83.3054419678654,29.5019752584531 83.3053494056,29.50194319567 83.3050985933733,29.5018990081691 83.3048435920845,29.5018525705537 83.3046156551228,29.5018152575033 83.3044244061797,29.5017804454796 83.304184842727,29.5017453825438 83.304003280428,29.5017173199644 83.3037870931651,29.5016417576651 83.3036135924275,29.5015596950348 83.3034806549056,29.5014844457011 83.3032803434508,29.5013616957481 83.303095530087,29.5012321324987 83.3029689049368,29.5010848201444 83.3028327172495,29.5009194448204 83.3026324678482,29.5007943206458 83.3023462176667,29.500551507927 83.3020031552408,29.5003782572021 83.3017636556403,29.5000995703552 83.3016888433791,29.5000540077843 83.3015259052295,29.5000306324938 83.3013754686155,29.5000636953277 83.3011997177634,29.5001168832868 83.3010930306783,29.5002133207493 83.3009755300933,29.5003773830569 83.3009732799788,29.500476632713 83.3008842808444,29.5005754452965 83.3008283427453,29.5006428201288 83.3007260920373,29.5007415077059 83.3006019049608,29.5008085695726 83.3004135302646,29.5009203198649 83.3003126555258,29.5009671954523 83.3002117178341,29.501020820484 83.3000719058616,29.5011012580315 83.2999670920734,29.5011435695376 83.2997849056419,29.5012103202374 83.2996452186757,29.5012750078825 83.2994958432668,29.5013351323456 83.2993327180573,29.5014380080856 83.2991540920588,29.5015317574618 83.2989254680118,29.5016456949158 83.2985901550812,29.5017431324293 83.2983809672753,29.5018029457256 83.2982182179842,29.5018359447074 83.2980747808272,29.501882570282 83.297876967701,29.5019581955342 83.2977139674979,29.5020385701289 83.2976285935481,29.5020786944733 83.2974285312067,29.5021995072774 83.2972539054118,29.502279757765 83.2970558422729,29.5023983204545 83.296826780254,29.5025188832458 83.2966866553159,29.5026422582306 83.2965074681378,29.5028240075894 83.2963614679007,29.5029518207498 83.2962136555209,29.5030796330108 83.2960425299042,29.5032118204945 83.2958675929424,29.5033394447963 83.2957029676565,29.5034198202902 83.2955670929348,29.5034867571506 83.2953654684635,29.5035623824027 83.295214280912,29.5036089450246 83.2950864056981,29.5036398827504 83.294888967591,29.5036613829455 83.2947167187157,29.5036785079178 83.2946200303411,29.5036712575487 83.2945503424415,29.5036843832169 83.294476593184,29.5037178831234 83.2942979680849,29.5038206950112 83.2942165934394,29.5038518206962 83.2941468425869,29.5038536948923 83.2940305300119,29.503900444574 83.2938944052774,29.5040057574884 83.2937619048282,29.5041404450993 83.2935925922534,29.5042975079499 83.2934952806455,29.5043826327863 83.2933398428777,29.5044833204653 83.2931960927551,29.5045727584709 83.2930912798662,29.5046308828323 83.2929980305155,29.504684507864 83.2928894053822,29.5047380708421 83.2928274678771,29.5047445082201 83.292769655582,29.5047103823824 83.2927275922899,29.5046830698411 83.2926202172202,29.504553945463 83.2924935929693,29.5044043829942 83.2924187798088,29.5043092576487 83.2922653430421,29.5041211959181 83.2921585300514,29.5039086329405 83.2920647177224,29.5037727582187 83.2918879056652,29.5036093829965 83.2917305307483,29.503434882208 83.291549780541,29.5032826955049 83.291384405217,29.5031465698711 83.2912802182592,29.5031053834222 83.2911489049207,29.503077632909 83.2910232807207,29.503065695251 83.2907602178705,29.503062008013 83.2905204673579,29.5030540076058 83.2903232801628,29.5030393827606 83.2901841552757,29.5030273821498 83.2900643425225,29.5030041957178 83.2899640928156,29.5029630704231 83.289823343745,29.5028946325871 83.2896617806653,29.5028148200714 83.2895114052055,29.5027440700674 83.2893108428387,29.5026640704919 83.2891797804122,29.5025956956087 83.2890602806247,29.5025341322234 83.2889158425175,29.5024499453843 83.28865009248,29.5022815699076 83.2884767176481,29.5021791330389 83.2880435930842,29.5018768208887 83.2878474050408,29.5017291335153 83.287681655597,29.5016515702149 83.287489092738,29.5015287582084 83.2872925935276,29.5014148828078 83.287142530134,29.5013035704874 83.2870425304398,29.501224070038 83.2869694682676,29.501160570403 83.2868710927568,29.5011261333983 83.2867589053918,29.501121070191 83.2866352183408,29.501111320594 83.2865157806067,29.5010926955453 83.2864152179341,29.5010831950617 83.2862067181129,29.5010368833519 83.2860522174431,29.5010021945359 83.2859711557632,29.5009746958341 83.285847655772,29.5009401949773 83.2857067178429,29.5008966325082 83.2854248428841,29.5008273834798 83.2852783426215,29.5007612578119 83.2851741547644,29.5007200075108 83.2849544052699,29.5006173835822 83.2846805927717,29.5005053823778 83.2841005929261,29.5003781951486 83.2837391554643,29.5001123201049 83.2830770929886,29.4998358204196 83.2825029675427,29.4995688832714 83.2819410306669,29.4993041332849 83.2818665304719,29.4992156953302 83.281441780435,29.4990713831287 83.2811530301262,29.4991555070148 83.2805749674296,29.4994388829494 83.2803360928609,29.4995796949728 83.2798829052254,29.4998953207503 83.2795305302753,29.5001348194515 83.2793414675944,29.5002961954712 83.2792622810099,29.5003770080378 83.2789960300478,29.5004657580588 83.2788869669425,29.5005260704812 83.2786847174394,29.5006445711171 83.2784472179407,29.500853070039 83.2782190930198,29.5011135077557 83.2780129683195,29.5012702576407 83.2777914678366,29.5014156948995 83.2775071557033,29.5016938826203 83.27734159242,29.5018599450297 83.2771592180293,29.5019807578337 83.2769690302913,29.5020766952709 83.276755468162,29.502190632725 83.2765304675009,29.5022841329877 83.2763540934156,29.5023282575358 83.2760288430475,29.5023738830595 83.2757966558695,29.5023884458511 83.2755797185685,29.5024391957365 83.2754052807328,29.5024923207427 83.2752462807333,29.5025478829233 83.275104592766,29.5026125085148 83.2748752807344,29.5027736947767 83.2745912177145,29.503002195616 83.274289593549,29.5032667585426 83.274138030079,29.5034125699212 83.2740248426631,29.5035495705995 83.2739582799226,29.5036620079772 83.273899405523,29.5037834458131 83.2738012809242,29.5039859453289 83.2737442177679,29.504121007959 83.2737009053115,29.5042290080604 83.2736338425455,29.5044068831214 83.2735332187187,29.5046906331757 83.2734699681971,29.5048796958565 83.273422842597,29.5049809447151 83.2733913427923,29.5050620072944 83.2733129674001,29.5052014451471 83.2732149678076,29.5053790701954 83.273124967723,29.5055229453244 83.2730524055764,29.5056646953451 83.2729797795776,29.5058131948102 83.2729481547665,29.5059077571774 83.272902968114,29.5060090078346 83.2727619051785,29.5062653823948 83.2726053423534,29.5065216949015 83.272474279927,29.5067240073573 83.2723607795455,29.5069241326516 83.2721692796903,29.5071870075427 83.2719859052487,29.5074048207876 83.271715342916,29.5076447574607 83.2714742182327,29.5078261326999 83.2713729675755,29.5079225701624 83.270932279677,29.5081953826097 83.2707343424438,29.5082845076497 83.2704164053975,29.5083820701696 83.2702459048126,29.5084285077851 83.2699594055177,29.5084630077425 83.2697137176525,29.5084684450696 83.2694160298384,29.5084442576874 83.2691336557534,29.5084291957697 83.268955842746,29.5084168821933 83.2687242176469,29.5083615079719 83.268562218394,29.5082929451296 83.2684561545422,29.5082450074377 83.2681052805677,29.5080851953465 83.2679355929738,29.5080503824235 83.2676426554015,29.5079089453683 83.2673955924663,29.5078308829416 83.2670942174142,29.5077773199635 83.2669319672492,29.5077538826195 83.2668545307538,29.5077670073882 83.2667962795873,29.5077937578505 83.2667922182295,29.5078208203791 83.2668186548269,29.5079089453683 83.2669029055182,29.5080311952958 83.266983468072,29.5081218824656 83.2671100302694,29.5082759451635 83.2672500302011,29.5084458827701 83.2673362800948,29.5085500706272 83.2674589679943,29.5087041953786 83.2675929055671,29.5089079449581 83.2676727180827,29.5091046321276 83.2677390308105,29.5093035073582 83.2677879056004,29.5095000704208 83.2677979052101,29.5097234450999 83.2677812182096,29.5098902575474 83.2677583429446,29.5101134451666 83.2677549057193,29.5103119453781 83.2677535936021,29.5105081954751 83.2677474062369,29.5108330078713 83.2677282173105,29.5110809449517 83.2677169685365,29.5112975081329 83.2677042178875,29.5114621325195 83.2676880300131,29.5115545077249 83.2676520299794,29.5117190071051 83.2676124677139,29.5118405708466 83.2675499672304,29.5119281949109 83.2674234679859,29.5120403202224 83.267232655216,29.5122084456865 83.2670497169477,29.5123698199075 83.2668122804018,29.5125671330083 83.2665458423797,29.5127731327022 83.2663822180441,29.5129278824855 83.2661874680234,29.5131117578518 83.2660545934544,29.5132982583518 83.2660050306799,29.5134671950082 83.2660044056481,29.5135551320382 83.2660028426189,29.513773945334 83.2660635930132,29.5139344454099 83.2661436555416,29.5140927574247 83.266221967981,29.514233070322 83.2663137181546,29.5143846949461 83.2664358430758,29.5146200081825 83.266550530568,29.5148123821829 83.2666520303386,29.5149482569047 83.2668051550391,29.5151769448038 83.2669391555648,29.5153739458383 83.2670672178384,29.5155912581585 83.2671780310328,29.5157835071525 83.2673002180075,29.516005320601 83.2674304053894,29.5161931952717 83.2675626558259,29.5163608827638 83.2677583429446,29.5165852574937 83.2679942173606,29.5168324454353 83.2680899047851,29.5169750705006 83.268224030317,29.5171495074369 83.2683155925315,29.5173281954889 83.2683510934392,29.517515633087 83.2683380307239,29.5177073200021 83.2682709059044,29.5179009449655 83.2682000920482,29.5180651952322 83.2681039684505,29.5182473825631 83.2680567807969,29.5183554447181 83.2679452175644,29.5185375079419 83.2678240935935,29.5187376332362 83.2676872808743,29.5189398827392 83.2675640929494,29.5191309455218 83.2674780310149,29.5192568206338 83.267407218058,29.5194255702304 83.2673558422416,29.5195764457157 83.2673472177019,29.5196914452741 83.2673631555635,29.5199013201654 83.2673773424367,29.5200908828716 83.2674262801794,29.5202671328498 83.2675274058302,29.5204548825141 83.2676224682229,29.5206990073501 83.2677844054222,29.5210450699286 83.2678830929994,29.5212643832499 83.2680164675939,29.5215493824685 83.2680577799485,29.5217232573259 83.2680935929224,29.5218543197523 83.2681236556037,29.5219808207955 83.2681322801434,29.5221251950506 83.2681502801603,29.5223080074133 83.2681297809154,29.5224703205311 83.2680667183531,29.5226301326223 83.267954842155,29.5228596326131 83.2678883432666,29.5229630074792 83.2677832183115,29.5231023203256 83.2675293420799,29.523428006867 83.2673867808667,29.523616695428 83.2672075307358,29.5237984456862 83.2670279676392,29.5240207573616 83.2667492798929,29.5243011951969 83.266558467123,29.524476133058 83.2662897178323,29.5247205079067 83.2660368425509,29.5249266326071 83.2658752174177,29.5250611331581 83.2657234048344,29.5251911325808 83.2655599675587,29.525325570179 83.2653185308092,29.5255340070474 83.265036530844,29.5257490071995 83.2648107180911,29.5259417571183 83.2646162801368,29.5261256324847 83.2644990925172,29.526273881937 83.2644029680202,29.5264605703963 83.2643593425983,29.5266115079351 83.2643350302097,29.5267737572007 83.2643319671041,29.5269158201871 83.2643505921529,29.5270197580315 83.2643687180755,29.527195757997 83.2643910303622,29.5273154448444 83.2644019050165,29.5276809454627 83.2643927804513,29.5278771326068 83.2643984057376,29.528163695754 83.2643750925007,29.5284477578745 83.264380717787,29.5287838828969 83.2643639678337,29.5289214447548 83.2643572174901,29.5290928203843 83.2643208424372,29.5292618199935 83.2642711555556,29.5294487575661 83.2642356555473,29.5295455700478 83.2641882169816,29.529685132907 83.2640928425227,29.5299868829782 83.2640157180935,29.5302165700289 83.2639322803933,29.5304800078983 83.2638651546744,29.5306601330738 83.2637682801393,29.5309099452495 83.2637314671144,29.5311804446294 83.2637102807842,29.5314375071743 83.2637089057143,29.531624695659 83.2637023433299,29.5317306956586 83.2637084686416,29.5319540703377 83.2636953429735,29.532163758169 83.2636840924009,29.5323373821143 83.2636481553199,29.532492882835 83.263596968362,29.5326233822832 83.2635221552015,29.5327538205771 83.263416343161,29.5329359449551 83.2633534047057,29.533039382774 83.2632691558131,29.5331855071182 83.2631944056054,29.5333114451831 83.2630889056312,29.5334484449621 83.2629012800739,29.5336707575367 83.2627507175542,29.5338481325723 83.2625042796509,29.5341264452994 83.262119280738,29.5345732576104 83.262056343182,29.5346676329177 83.2618453432335,29.5349033202739 83.2616927185585,29.5350987573798 83.2614623426238,29.5353004457033 83.261451530023,29.5354515703019 83.2613728425647,29.5356338205856 83.2612355298201,29.5358451326003 83.2610849052469,29.5360360083231 83.2609128425321,29.5362335705372 83.2607408427702,29.5364288826368 83.2606117804455,29.5365815082111 83.2604474681252,29.5367813834926 83.2601720925979,29.5370438824653 83.2600587801756,29.5371559448239 83.2598249670156,29.5373395701776 83.2594819054891,29.5375993828624 83.2592185926261,29.5377986951656 83.259156280102,29.5378547573717 83.2589965309636,29.5379666956233 83.2588600303107,29.5380673824029 83.2586494683341,29.5381993207732 83.2584177811816,29.5383401327966 83.2582193421243,29.5384607576414 83.2579857798763,29.5385633204158 83.2576784045188,29.5387059454811 83.2574547177735,29.5388220080434 83.2573220932171,29.5389137573177 83.2570651556786,29.5390431955607 83.2568048429684,29.5391432582078 83.256551967687,29.5392455700702 83.2563905925666,29.5393123828235 83.2562466553841,29.5393724452331 83.2560912185156,29.5394121954578 83.2557032176514,29.5394710078039 83.2554429678939,29.5395123201585 83.2552875301261,29.5395633830093 83.2552329679964,29.5396171951009 83.2552210923919,29.5396531951347 83.2552479049077,29.5396871959661 83.2553015308387,29.5397619452744 83.2553430923067,29.5398546954989 83.2554155303463,29.5399971955579 83.2554874054076,29.5402208823032 83.2555327800193,29.5403723198675 83.255609842395,29.540688507724 83.2556472804517,29.5408579453051 83.255672779951,29.5410768827079 83.2556600931541,29.5412256951386 83.2556437802735,29.5413383204755 83.2556255302439,29.5414533209333 83.255578030524,29.5416019454047 83.255452530431,29.5418313203892 83.2553427181869,29.5420269454543 83.255247092816,29.5421843194718 83.2551884675298,29.5422651949912 83.2551450300671,29.5423845077189 83.255047155481,29.5425351331915 83.2549980927319,29.5426363199965 83.2549278427533,29.5427216948457 83.2548611559057,29.542838570399 83.2547823425416,29.5430276321804 83.2547274053929,29.5431356322819 83.2546452798098,29.5432501956671 83.2545455301282,29.543403007402 83.2544750301369,29.5435131955645 83.2543225304683,29.543728882802 83.2541663426623,29.5439242578544 83.2539924057513,29.5441601322704 83.2538635295873,29.5443218203564 83.2536835303174,29.5445915076446 83.2535933422737,29.5447533827904 83.2535614044969,29.5448863203123 83.2535644676025,29.5449878200829 83.2536104051925,29.5450625702906 83.2536830923455,29.545178007821 83.2537899682891,29.5453816332934 83.2538776553062,29.5455603204461 83.2539444051067,29.5456960072086 83.253997905132,29.5457910705005 83.2540629686955,29.5458861949467 83.2541184679233,29.5459676954979 83.2542679053857,29.546178319528 83.2545497173918,29.5465363197644 83.2546992807599,29.5467198201117 83.2549717811409,29.5470281325674 83.2552215303638,29.5472709443869 83.2555305928576,29.5475636328458 83.2557436558608,29.5478039454373 83.255785780307,29.5478583205072 83.2558644677654,29.5479535079062 83.2559641553935,29.5480803830691 83.2561593424867,29.5483791959404 83.2562624052865,29.5485737580019 83.2563601548663,29.5487028832794 83.2565484684082,29.5488798832958 83.2570492169177,29.5494646954367 83.2571564669811,29.5496073825555 83.2573195930899,29.5498023196361 83.2575226546847,29.550080882376 83.2577680925371,29.5504025705124 83.2578695923077,29.5505384452341 83.2579385301692,29.550633695586 83.2580338425745,29.5508303827555 83.2581333431426,29.5509910698913 83.2581747805036,29.5511468826783 83.2581738425062,29.5512687575867 83.2581767806054,29.5514041331823 83.2581509051876,29.551498757603 83.257963405536,29.55173682008 83.2577661553881,29.5519838200623 83.2574480933356,29.5523542579823 83.2573542180537,29.5524845703705 83.2571118424075,29.5528193203229 83.256902655501,29.5531159451332 83.2567304677798,29.5533788820778 83.2565119674496,29.5536213827304 83.256342280755,29.5537985698067 83.2561944054225,29.5539172575025 83.2560154673577,29.5540380703066 83.2559100923899,29.5541593210825 83.2558394682915,29.5542874445104 83.2557804679862,29.5544180078108 83.255749030235,29.5544855076493 83.2556964052543,29.5545370705257 83.2556532798577,29.5546113207079 83.2555437805792,29.5547685706183 83.2554382797057,29.5549078825654 83.2553522177712,29.5550292574483 83.2552370311528,29.5551706324501 83.255198030067,29.5552471327468 83.2551006555063,29.5553390699803 83.2549754674796,29.5555233203658 83.2549122799108,29.5556853825716 83.2548350925288,29.5559353827066 83.2547910929871,29.5561245703937 83.2547626553885,29.5563139451408 83.2547369679299,29.5566521323184 83.2547233422364,29.556922757604 83.2547165927921,29.5570513819567 83.2547199059104,29.5571325074888 83.2547716558466,29.5571982581377 83.2548656552355,29.5573138206745 83.2549577804282,29.5574113202415 83.2551502182808,29.5575612577294 83.2553347798332,29.5576818196213 83.255514092917,29.5577708205543 83.2556143426241,29.5578255076904 83.25573421833,29.557842007631 83.255942968164,29.5578747574994 83.2561829048371,29.5578715702868 83.2564074054727,29.5578728203504 83.2566282800246,29.5578379453738 83.2567503428922,29.5578183202742 83.2570565302396,29.5577591329091 83.2571844054535,29.5577350075804 83.2574517176207,29.5576958823875 83.2577074680484,29.5576544459259 83.2578837180267,29.5576306326634 83.2580386548698,29.557615695752 83.2582750922641,29.5575696331557 83.2585076553605,29.557478445061 83.2586554056867,29.5573913201228 83.2587720303279,29.5573107575689 83.2589194047357,29.5572686951761 83.2591151557066,29.5572246956344 83.2593245935252,29.55716944552 83.2594874678226,29.5571230079046 83.2596191552809,29.5571101961014 83.2597894049538,29.5571111331995 83.259975093362,29.5571256950917 83.2601688424325,29.5570929452233 83.2603491546679,29.5570488206752 83.2604890304926,29.5569683831277 83.2607722805214,29.556868445487 83.2609858426506,29.5567726330562 83.2611316549286,29.5566877573332 83.2612677805623,29.5565915069305 83.2614040294038,29.5564794454712 83.2615362807397,29.5563448199137 83.2617039043796,29.5561810705717 83.2618674675611,29.5560353824008 83.2620328428851,29.5559145084427 83.2622741546283,29.5557262578535 83.2624762179708,29.5556169447356 83.2626976555009,29.5554985700053 83.262837342467,29.5554452579392 83.2630003426702,29.555382945415 83.2631904054018,29.5553298833617 83.2632930302297,29.555323695097 83.2635212801569,29.5553339447195 83.2636799680903,29.5553325705488 83.2639970930448,29.5553636323816 83.264286905458,29.5554261949186 83.2644508427592,29.555501570158 83.2646589055078,29.555577007451 83.2647745921516,29.5556453832334 83.2648705295888,29.5557586956557 83.2649163430717,29.5558424454221 83.265015780687,29.5560031325579 83.2651405298425,29.5561526950267 83.2652829057945,29.5562685696297 83.2654519674572,29.556434132913 83.2656020929043,29.5565477583008 83.2657598428402,29.556679445759 83.2659137175789,29.5568088822035 83.2660370296108,29.5568772570866 83.2662010298648,29.5569525702725 83.2664711551249,29.5570555701195 83.2666645300756,29.5570746951937 83.2670089675714,29.5570833197334 83.2671850934426,29.55707757034 83.2674832803828,29.5570543830087 83.2678082798389,29.5570223202256 83.2679922172588,29.5570030071923 83.2681549044964,29.5569881323344 83.2682479676865,29.5569638199458 83.2684145930742,29.5569354453001 83.2685579052248,29.556915882254 83.2687767805741,29.5568855075065 83.2688697178586,29.5568770079732 83.2690520301958,29.5568261330815 83.2692539055791,29.556739258156 83.2695916556842,29.5565967571977 83.2698187185006,29.5564987576052 83.2700944672484,29.5563693832143 83.2703975303361,29.5562041328967 83.2706715928469,29.5560364445053 83.2709120295455,29.5559159455662 83.2711375302321,29.5557795708189 83.2713357804309,29.5556588830213 83.2715610931582,29.5555337570481 83.2718502805397,29.5554203205188 83.2719434678368,29.5553734458308 83.2720599054182,29.5553311945794 83.2722502802161,29.555224007469 83.2726038422771,29.5550296954203 83.2727999053141,29.5549495078855 83.2729666548089,29.5549030702701 83.2730869046346,29.5548518203593 83.2731915304636,29.5548388826504 83.2733039057878,29.5548259449415 83.2734390934242,29.5548582577373 83.273527779593,29.5549083825908 83.2736624051504,29.555021882073 83.2737621557313,29.5551465080207 83.273798342825,29.5552256325517 83.2740246556033,29.5554705074258 83.2741860927772,29.5556202578539 83.274384342976,29.5557725075098 83.2745035927508,29.5558746952651 83.274692342466,29.5560020084 83.274838967735,29.556063694993 83.275108717976,29.5562275702407 83.2753555308984,29.5563461949837 83.275615717703,29.5564942573762 83.2760126560725,29.5567332578506 83.2762750929916,29.5568428830348 83.2765043420704,29.5569818208621 83.2766857182089,29.5570572581551 83.2768745299776,29.5571778829999 83.2771247801254,29.5573145077598 83.277365467736,29.557487194607 83.2775422186391,29.5576686957519 83.2777613431018,29.5578728824039 83.2779189059778,29.5580316323907 83.2780802172461,29.5582130076299 83.2781669671652,29.5582540699717 83.2782983434566,29.5582840705995 83.2784299050091,29.5582983195262 83.2785807804944,29.5582991325172 83.2787085298025,29.5582975703873 83.2788210310324,29.5582598202644 83.2790307170651,29.5581640069343 83.279385968061,29.5580057578723 83.2796381553576,29.5579123826159 83.2798590928623,29.5578729453568 83.2800837185043,29.5578042575081 83.2803237801838,29.5577920077838 83.2806197808617,29.5578003823108 83.2807745297456,29.5578101948606 83.280940843067,29.5578223825313 83.2810297801478,29.5578386945127 83.2812309684458,29.5578397575165 83.2813547184496,29.5578539452889 83.2814857799767,29.5579200700576 83.2815820303795,29.5580085700658 83.2816242177786,29.5580629451356 83.2817319049146,29.5581537582112 83.2817679679012,29.5582531949272 83.2818290303618,29.5583820701919 83.281882155368,29.5585335077562 83.2819314672305,29.5586736326943 83.2819458429622,29.5588248831986 83.2819813429706,29.5590077576148 83.2820144049052,29.5592560706136 83.2820511549772,29.5595405077532 83.2820709059825,29.559752632759 83.2820929682566,29.5599219453337 83.2821094052443,29.5600573820836 83.2821156546631,29.5602694459351 83.2821254060587,29.5605311948696 83.2821258431314,29.5607477580508 83.2821065930508,29.5610047576428 83.2821050309209,29.5612303824364 83.282103779958,29.5614175709211 83.2821220308869,29.5615597580145 83.2821467182946,29.5616275699193 83.2822637170555,29.5617793825027 83.2825022184038,29.561990445404 83.2827139054376,29.5621539456326 83.2829215931672,29.5623445704433 83.2831269678293,29.5625419455975 83.2832342799462,29.5626846327164 83.2832954683124,29.5627977571794 83.2833451560933,29.5628791947778 83.2833560928011,29.5629830076158 83.2833589679474,29.5631228825412 83.2833582179092,29.5632266953792 83.2833130924109,29.5633121322818 83.2832195300947,29.5634086326973 83.2831455299252,29.5634736324086 83.2829978434512,29.5636104451277 83.2827754679237,29.5638528828275 83.2826174679751,29.5640325070782 83.2825044676191,29.5641401960128 83.2823601554175,29.5642973200176 83.2822158432159,29.5644521948071 83.2820831548075,29.5646071334488 83.2819447799584,29.5647461953832 83.2818902178287,29.5647955701985 83.2817344059411,29.5649368201938 83.2816271549785,29.5650512576734 83.2815141546224,29.5651634450383 83.2813657810631,29.5653453823565 83.2812290933503,29.5655160700012 83.2811177171777,29.5656643833057 83.2809502185442,29.565823633318 83.2807865303564,29.5659783831012 83.2806030300091,29.5661939453322 83.2804667182147,29.5663217584926 83.2803751551009,29.5664092584499 83.2802467187074,29.5665055700068 83.2801299681605,29.5665929449578 83.2800482805494,29.5666533823865 83.2798810310293,29.5668126323988 83.2797214059979,29.5669471329499 83.2796220924897,29.5670435695132 83.279481654586,29.5671894447439 83.2793336560457,29.5673195080188 83.2791660306072,29.5674877575898 83.2790217804591,29.5676268204235 83.2788367179819,29.5678040074998 83.2786924678339,29.5679498827306 83.2784545303632,29.5682013199891 83.278247967691,29.5684031333189 83.2780784680563,29.5685623824318 83.2778135301106,29.5688045701188 83.2776263434246,29.5690020702794 83.2774432810492,29.5691680076825 83.2772700932772,29.5692979450516 83.2771225920643,29.5693557582461 83.2770142178431,29.5693551323149 83.2768439681703,29.5693474448733 83.2766162173691,29.5693056333926 83.2764229683242,29.5692594448905 83.2762221559446,29.5691974453319 83.2760580297849,29.5691401951157 83.2756140926203,29.5689775078781 83.2753784052641,29.568906382855 83.2749479678874,29.5687551944042 83.2747199059193,29.5687133199706 83.2743334051314,29.5686300081761 83.274004717538,29.5685898199794 83.2737322171571,29.5685455074722 83.2734463419946,29.5685033830259 83.2731135300905,29.5684880072432 83.2729200930864,29.5684756954655 83.2727713427093,29.5684410705017 83.2723768424135,29.5683960700098 83.2720400303058,29.5684009452579 83.2717092176042,29.5683878825426 83.2714615305366,29.5683797580284 83.271105467449,29.5683710696365 83.2705158421135,29.5683271951011 83.2700399671722,29.5683020706209 83.2697688427605,29.568323132844 83.2695634051455,29.5683671323858 83.2693133420576,29.5684198832722 83.2691387180614,29.5684798206755 83.2688007808965,29.5686471331485 83.2685599053267,29.5687743824312 83.2684024054035,29.5688750701101 83.2680830932872,29.569137194963 83.2677796551805,29.5693521321623 83.2675462170396,29.569522257728 83.2674237800522,29.5696343830395 83.2672758426661,29.5697553829034 83.2670877800362,29.5699280076972 83.2670421554117,29.5699097576675 83.26675471722,29.5697773201711 83.2662355927752,29.5696571953518 83.2659494675999,29.569626257626 83.2655592175205,29.5696579453899 83.2648558426901,29.5697307575493 83.2642989051695,29.5697525077571 83.2638560921628,29.5697906949526 83.2635634684554,29.569798070328 83.2632912801407,29.5697943201371 83.2628253427555,29.5696383832431 83.2624584050137,29.5694333206472 83.2622492801607,29.5693216333077 83.2619569055667,29.5692071958282 83.261479654656,29.5689135702712 83.2610475921965,29.5685840696867 83.2605614055793,29.5683716326148 83.2600761551608,29.5681726953307 83.2598168425014,29.5679907580125 83.2595755928117,29.5677661332699 83.2591984054476,29.5676918201349 83.258927218083,29.5676813204997 83.2584005932564,29.5677663832826 83.2579574672841,29.5678315700538 83.2574025307646,29.5678532582081 83.2568484054375,29.5678050705036 83.25626659255,29.5676665076953 83.2556967173205,29.567469319601 83.2553431552595,29.5673026951127 83.2549835299403,29.5670345079008 83.2548556547265,29.5667495707358 83.2548050928004,29.5664334449328 83.254713092614,29.5659570070132 83.2544469675575,29.5656915708406 83.2543851550587,29.5655423204381 83.2542454051398,29.5652054453776 83.2539529675929,29.5649670078814 83.2533980922276,29.5646751324136 83.252743217168,29.564511321018 83.2519584047392,29.5643421955031 83.2514315298999,29.5641881328053 83.2507505303091,29.5639880695645 83.2501382806206,29.563824445229 83.2498097171342,29.5637661949619 83.2493470928673,29.563689195539 83.2488947802764,29.5636166954459 83.2487082806757,29.56358181957 83.2485662176893,29.5635539458491 83.2481440918867,29.5635041960147 83.2473164049735,29.5638581951482 83.2465794052302,29.563899133383 83.2459412171711,29.5638436323566 83.2452538431552,29.5638487576175 83.2447418422743,29.5638593831584 83.2442674053558,29.5638070702438 83.243800655879,29.5638608202819 83.2435094683957,29.5639448821146 83.2432551559909,29.5640088826743 83.2430666544897,29.5640709451858 83.2425746546269,29.5641696957158 83.242165780398,29.5641086953087 83.2418314675183,29.5639150703454 83.2416449679176,29.5637132579149 83.2414330299718,29.563583445552 83.2410975308805,29.5635455074699 83.2405615305767,29.5635423832102 83.2400787182319,29.5635328827266 83.2395875925143,29.5635233201895 83.2390640298939,29.5634910073938 83.2385565930943,29.5634587584501 83.2382627804774,29.5633713825999 83.2380550306944,29.5631986957526 83.2379591553107,29.5629049451892 83.2377410308989,29.5625315080159 83.2375702803013,29.5623794454198 83.2371047170359,29.5622278828493 83.2366712804058,29.5621735077794 83.2362087181924,29.5621798822046 83.2358815927289,29.5621486944661 83.2356200929078,29.5620975075081 83.235301967003,29.5619378195239 83.2349605935121,29.5616065076962 83.2345941548964,29.5613540074339 83.2341497806592,29.561130445695 83.2336930928456,29.5609135074946 83.2333996552478,29.560747133019 83.2330091551557,29.5604155702793 83.2327579679099,29.5600690076753 83.2324405929426,29.5598596328096 83.2321382178395,29.5597947581046 83.2317249054352,29.5597765701284 83.231397342899,29.5597972573325 83.2309059671687,29.5598236948292 83.230456030598,29.559778258164 83.2302031553166,29.5596978826701 83.2296732803245,29.5593925083136 83.229147592596,29.5590894452259 83.2284560304172,29.5585486326268 83.2279030931002,29.5580513824967 83.2273454675949,29.557669194878 83.2270606554362,29.5574600079715 83.2267184680549,29.5572437577557 83.22641821806,29.5569058826443 83.2261662178232,29.5566608207103 83.2260034055793,29.5565245071173 83.2255669049443,29.5563708203379 83.2251178434181,29.5562193827736 83.2247996545605,29.5560731325238 83.224571654646,29.5559071321679 83.2243445297761,29.5556621952403 83.2238130306006,29.5551538204433 83.2234440936564,29.5546396324007 83.2230174676247,29.5542108201066 83.2225923434679,29.5535811954331 83.2222650300452,29.5532793203555 83.2217378422402,29.5528860701233 83.2213105309219,29.5525451319063 83.22079771705,29.552129320274 83.2204573418113,29.5518137583487 83.2202197802591,29.5514560081249 83.2200099674214,29.5511457585203 83.2198544676,29.550727507915 83.2196784055809,29.5506475083394 83.2194661546695,29.5506462573764 83.2192363426124,29.5506787581315 83.218988592592,29.5507675702059 83.2188112805093,29.5508454455726 83.2185989675444,29.5508577582497 83.2184236555634,29.5507191324886 83.218372530659,29.550486508238 83.2183224669597,29.550116257378 83.2183421550122,29.5498231327458 83.2184862181004,29.5494991333407 83.2186110302087,29.5492833201975 83.2185076553426,29.5489737576783 83.2183498424539,29.5488193820149 83.2180335295911,29.5486009455368 83.2176826556165,29.5483056328436 83.2172778436448,29.548147632895 83.2169092808203,29.5478544453099 83.2165766550768,29.5474487573943 83.2163681552556,29.5469693202213 83.2161590304026,29.5466138830649 83.2158779675354,29.5464272584579 83.2156317184906,29.546270194708 83.2154375305489,29.5462848204524 83.2151727796631,29.5462832574233 83.2148907185437,29.546189133028 83.2144857797669,29.5460491330963 83.2140974677357,29.5459678825578 83.2137261556706,29.5457852581543 83.2135173419845,29.5454659451388 83.2134295929138,29.5450955072189 83.2134927175297,29.5447259452428 83.2133733427485,29.5444883827912 83.2130737177854,29.5441956331781 83.2125920934508,29.5439288830898 83.2122316560398,29.5436628200868 83.2119318422183,29.5433181325783 83.2115412800726,29.5430745077678 83.2108790296375,29.5427276951511 83.2104880304193,29.5424614450883 83.21021909227,29.5420380701213 83.2100716549093,29.5415882576576 83.2098330303533,29.5412169455925 83.2094424052548,29.5408965704725 83.2092010926123,29.5408703200357 83.2088992804876,29.5407895704219 83.208628655202,29.5406278202824 83.2084798427714,29.5403630073431 83.2084532182148,29.5398868832883 83.2076224672967,29.5385645075266 83.2074819673395,29.5383065699372 83.2073335928808,29.5381050075194 83.2072244056685,29.5379599452797 83.2070599044897,29.5377649452463 83.2068398429289,29.5376192579748 83.2065882806641,29.537493694929 83.206359967784,29.5374156954552 83.2061152808691,29.5373668206654 83.2059262802418,29.5372890082515 83.2058397803354,29.5372208204282 83.2058409053926,29.5370741951593 83.2057679052741,29.5368843194875 83.2057330302975,29.5367216331492 83.2056159047316,29.5365698196665 83.2054113421611,29.5364580702735 83.2052144670323,29.5364005070918 83.2050410930997,29.5363859451995 83.2049147809151,29.5363310701042 83.2048148423749,29.5360326952048 83.2047322806186,29.5358765703516 83.2046705922269,29.5353956951558 83.2045906547048,29.5351381325854 83.2042794680022,29.5346490069697 83.2041027179985,29.5342396327154 83.20406190477,29.5336890084657 83.2040625307012,29.5336100700952 83.2041080303193,29.5330238208309 83.2041190920334,29.5326381950875 83.2040182811467,29.5324593829285 83.203790655352,29.5322505080881 83.2034901553444,29.531962194852 83.203328656117,29.5317108825998 83.2032979675045,29.5314241953456 83.2032673427443,29.5311804455287 83.2030884676325,29.5310733204718 83.2027359676759,29.530597507584 83.2025164052413,29.5300186948492 83.2023839056913,29.5295645080621 83.2021787801425,29.5293264455851 83.2018392169956,29.5289566956498 83.2016295300636,29.5287705081154 83.2015129054224,29.5285510077342 83.2014739672893,29.5284131329107 83.2014225303187,29.5282730070733 83.2013580306328,29.5281101957287 83.201254154842,29.5278681951015 83.2010584047704,29.5276707569945 83.200848592832,29.5274529455482 83.2007840931462,29.5272901333043 83.2005620926378,29.5270226322785 83.2004190296005,29.5268030707431 83.2002553432114,29.5266305700564 83.2001465930717,29.5265148825133 83.2000374679129,29.5263698823271 83.2000500926563,29.5261962574824 83.2000955302208,29.5260363833376 83.2001293430929,29.525880882617 83.2001202176285,29.5256485074798 83.1999787176204,29.5254761326987 83.199770842831,29.5252200702048 83.1995648422377,29.5250496334721 83.1994672176643,29.5248776328108 83.1994247802525,29.5246946954418 83.1994155927345,29.524482570436 83.1992856553653,29.5242223827321 83.1992097801004,29.5240775705051 83.1989382177168,29.5236721326023 83.1987863430799,29.523470508131 83.1985577801871,29.5231826328667 83.1985202809763,29.52306963341 83.1981423426746,29.5227131953034 83.1978217804948,29.5223571331152 83.1973739051801,29.5220724450635 83.1972018424653,29.5218976951616 83.1971349047056,29.5215860075342 83.1967907801754,29.5213222575986 83.196365530113,29.5211189450917 83.1960198425536,29.5210446958089 83.19555902953,29.5208907581174 83.194914029973,29.5207560705064 83.1945626559731,29.5205441334599 83.1941500297547,29.5203815082758 83.1937676550761,29.520255132239 83.1934091548142,29.5201243827782 83.1931475929396,29.5198926947263 83.1929092183963,29.5197468824484 83.1924558428016,29.5195546955078 83.1920738422428,29.5193425705021 83.1918840304232,29.5191316335065 83.1915747799702,29.5188590701726 83.1910032805573,29.518393194841 83.1907187175119,29.518057632797 83.190552780109,29.5178039454239 83.1903389050141,29.5175725703376 83.1901255928976,29.5173186320526 83.1899592804755,29.517150695447 83.1893864680461,29.5168968201148 83.1889084050438,29.5167247574 83.1885741551169,29.5165985702217 83.1883843432973,29.5163876952796 83.1882659056141,29.5161997576561 83.1879325918859,29.5159450702322 83.1875276549079,29.5156696947048 83.1872177173695,29.515437695486 83.1868605930769,29.5151851331703 83.1862635303125,29.5149491328486 83.1856721557872,29.5147967572869 83.185268905046,29.5147107574059 83.184720655018,29.5145381946657 83.1843817798556,29.5144639453829 83.184107905304,29.5143630076912 83.1840129679177,29.5141075702291 83.1832722800371,29.5137218194793 83.1827722177135,29.5135630703919 83.1821279052419,29.5133065078725 83.1815950921507,29.5132152586236 83.1811747182358,29.5132126946442 83.180884967876,29.5130440080005 83.1808398423777,29.5127616950697 83.1806444673253,29.512487569606 83.1805034673427,29.5122205074515 83.1801337803602,29.5118911957255 83.1797459045023,29.5115752578818 83.1783408428772,29.5107567575873 83.1777102802062,29.5104709444783 83.1771280293467,29.5101966328541 83.1763195304605,29.5098803820448 83.1758492178527,29.5095593207388 83.1753486546044,29.5092270070615 83.174962904754,29.5090915073589 83.1742845293975,29.5087173831002 83.1734134050215,29.50808938261 83.1727820302588,29.5074448201257 83.1723189059665,29.5070268824859 83.1719087798754,29.5066724453804 83.1715514676236,29.5063341952499 83.1713335932244,29.5059763829725 83.1710460929793,29.5056091952181 83.1707212176302,29.5053274452655 83.170249842918,29.504938757316 83.16996621787,29.504607695501 83.1698539675522,29.5043136949249 83.1697625303441,29.5039838202207 83.1697497176416,29.5035821954616 83.1696879680957,29.5031238834645 83.1695395297848,29.502743945061 83.1693385303454,29.5023276954568 83.169096217652,29.501911132887 83.1690000302021,29.5017030080848 83.1689448430406,29.5014320077802 83.1688982804188,29.5011361959609 83.1688757181193,29.5008946944599 83.1688615303468,29.5006216328992 83.1688264683103,29.5003710697859 83.168502405053,29.4999923202918 83.1682904050536,29.4996977576368 83.16792696749,29.4991315696454 83.1675306550516,29.498833569765 83.1672791548403,29.4986853823662 83.1667447805184,29.498400070182 83.1663164682498,29.4982755701399 83.1658574673689,29.4981531952061 83.1648320302823,29.4979730709299 83.1643272177169,29.4978210074345 83.1634874681394,29.4974006955731 83.1626015930126,29.4970184450015 83.1623109676084,29.4969376953879 83.1619751555516,29.4967731951083 83.1614549672036,29.4966367574083 83.1613345932709,29.496340507617 83.1610839051512,29.4960975707912 83.1605518420981,29.4955438204832 83.1603383429217,29.4953958830971 83.1549037173799,29.4935637574682 83.1546289048308,29.4934288827974 83.1542914676914,29.4934267576893 83.1538954682186,29.4931423205496 83.1536971550669,29.4930327574189 83.1534083427046,29.492724132897 83.1531797177583,29.4925467578615 83.1528607806611,29.4922108828519 83.1525943426391,29.4919678201204 83.1525661550533,29.4916721324081 83.1523239053128,29.4913074456802 83.1520814046602,29.4909720077431 83.1517904051362,29.4909701956006 83.1512245930631,29.4907928835179 83.1503052800833,29.4907328822624 83.1498447179717,29.4908089454865 83.1494302184566,29.4908875070392 83.1490922803923,29.4909800702039 83.1487226554634,29.4911649456212 83.1483070929445,29.4913765076486 83.1478155301542,29.4914952582973 83.1475252186149,29.491371570347 83.1471268422225,29.4913690702197 83.14662896796,29.4913252577379 83.142007530392,29.4903843195566 83.1408605295639,29.4891430072734 83.135780154967,29.4880635710354 83.1354152173271,29.4877409449016 83.1351183434033,29.487484070316 83.1347847796624,29.487064569647 83.1345406557258,29.486916445201 83.1343270306437,29.4868067579633 83.1339915306531,29.4866173202634 83.1306228430008,29.4834847579391 83.1303027178936,29.4832683827171 83.1299063425023,29.4830379456282 83.1298162174114,29.4827960079539 83.1298795299865,29.4825550703305 83.1299132808051,29.4822191953209 83.13002153002,29.4820732580366 83.1301332173595,29.4815641952549 83.1300744679664,29.4812683195834 83.1304749047154,29.4810566325496 83.1309997803523,29.4806178826994 83.1314804675889,29.4808623834538 83.1318149675285,29.4811713829947 83.1319374054152,29.4812127583022 83.1323039051851,29.4813504451665 83.1327930299015,29.4815138203888 83.1379481556054,29.4818562568834 83.1381639678492,29.48172232021 83.1387789047248,29.4814848818654 83.1391157797854,29.481514132455 83.1396527801401,29.481463507576 83.1402067795616,29.4811986325832 83.1404532183642,29.4810535703434 83.1406710298105,29.4806805072899 83.1408262175656,29.4804649450588 83.1411505928891,29.4801737575756 83.1415814682379,29.4799487578138 83.1418287173336,29.4797090073012 83.1422622178159,29.4792019446213 83.1425865301866,29.4789220697643 83.1432873428362,29.4785115074999 83.143535779942,29.4781363831903 83.1437065305397,29.4778690701237 83.1439077179383,29.4776290084442 83.1443885301813,29.4769756325616 83.144712280473,29.4767228202332 83.1446999057425,29.4763866331573 83.1448416548639,29.4759318824926 83.1448934048002,29.4752487577937 83.1449965926064,29.4748208196449 83.145183092207,29.4745265079019 83.145429656016,29.4743679449749 83.1458605304655,29.474129320419 83.1463373425048,29.4739563826597 83.1464915922625,29.4738106953881 83.1466476550623,29.4734891952109 83.1469400926091,29.4733580077781 83.1471099672629,29.4731966326576 83.1473435304102,29.4727425079241 83.1477309053433,29.472235133178 83.1480704675909,29.471982382903 83.1483175305261,29.4717561951311 83.1488385930192,29.4717595073501 83.1491440932814,29.4718696955126 83.149664404837,29.4719655079434 83.1502305928285,29.4720773832421 83.1505532171637,29.471959882657 83.1507689053004,29.4718259450842 83.1510468430085,29.4715728206895 83.1513957177805,29.4711193200885 83.1516433427946,29.4708389452059 83.1519204675117,29.4706805702382 83.1524597809338,29.4703072580713 83.1544145306099,29.4693271326436 83.1560734675673,29.4679165077856 83.1564128427551,29.4676637575106 83.156721718189,29.4673837576472 83.1570450296095,29.4672120699515 83.157292217551,29.4669722573854 83.1578785306676,29.4664796954436 83.1579724671036,29.466266008308 83.1581882802467,29.4660801328398 83.1584067176241,29.4656123203592 83.1585929051585,29.4653450702455 83.1588869677881,29.4650108203186 83.1593193432132,29.4645849452244 83.1595881545575,29.4645325082028 83.1598060928087,29.4641323826207 83.1600394679968,29.4636916947222 83.1603054050941,29.4630481952416 83.1605525921363,29.4628083826755 83.1611291547565,29.4607073827496 83.1625787807004,29.4586637571469 83.1630283431514,29.4580236948916 83.1632460295912,29.4576483205693 83.1633405299049,29.457315069794 83.1635592802478,29.4568066329435 83.1636882175661,29.456015695203 83.1636909677061,29.4556795701806 83.164027967773,29.4547703827162 83.1642304052353,29.4543700700742 83.1645090920822,29.4540086955652 83.1646191552383,29.4536755077428 83.1649285927512,29.4533413198693 83.1651460930306,29.4529411951866 83.1653648424742,29.4524327583361 83.1654289050875,29.4520835076456 83.1654928426944,29.4517884449652 83.1654947807427,29.4515470073163 83.1654529045105,29.4510369444838 83.1654770307385,29.4508905080733 83.1657502802584,29.4493356951208 83.1672169682217,29.4470123826203 83.1673422174026,29.4467176949589 83.1671914678231,29.4463941946799 83.1671947179885,29.4459926958264 83.1669087798732,29.4453885706521 83.1673175308943,29.4431782576082 83.1687509680645,29.4421269451039 83.1694299054999,29.4415130703327 83.1697079052616,29.4412734457258 83.1700012799065,29.4409685075426 83.1703267802873,29.4405148828345 83.1708544051649,29.4396857578985 83.1712015928007,29.4393788825664 83.171403592291,29.4390598195636 83.1719448428621,29.4384180081186 83.1725770926693,29.4379121325495 83.1729157178189,29.4377405078066 83.1732848436217,29.4375555703358 83.1735922171806,29.4374221327885 83.1738994675318,29.4373180069849 83.1743344671911,29.4356175706131 83.1745146553195,29.4350006327362 83.1748545925862,29.4338365069358 83.174376342524,29.4333101950747 83.1740573424741,29.4329608202773 83.1738755931151,29.4326912570961 83.1736051548895,29.4320309456088 83.1734869051656,29.4315203827507 83.1732751551789,29.4311716950386 83.1732758431636,29.4310905074529 83.1732785924042,29.4307431327573 83.1729762802541,29.4302450075827 83.1728104669581,29.429880757028 83.1726673427666,29.4296114456583 83.1725927175653,29.4293696329904 83.1726249674083,29.4291555069835 83.1728420926686,29.4288343206712 83.1736259670999,29.4284917573715 83.1739341554485,29.4283064448816 83.1741957802759,29.4281320699988 83.1747972803165,29.4276395701105 83.1753379679094,29.4270946952542 83.1755544681378,29.4268546947289 83.1758322799402,29.42658794554 83.1772701552859,29.4259111323134 83.1776382801385,29.4258343829032 83.1779320298025,29.4255136327642 83.1781179682236,29.4252598824383 83.1785645305218,29.4249670698723 83.1793029673886,29.42458363219 83.1795484681939,29.4245310072093 83.1799949054858,29.424251757384 83.1814247804243,29.4236041317941 83.1818240930154,29.423484757013 83.1821639682286,29.4231123828434 83.1824732798358,29.4227398198153 83.182636655058,29.4224453201131 83.182884343025,29.4221242570085 83.1830387798426,29.4219379444677 83.183285592765,29.4217251323766 83.1835186558869,29.42133632032 83.1838302796621,29.4206683204917 83.184309093602,29.4201613198653 83.184602405294,29.4198947577362 83.1848191555352,29.4196140698881 83.1853897799035,29.4191348827278 83.1859080922567,29.4184815697982 83.1860945298039,29.4181601325738 83.1863264678685,29.4178682580052 83.1867773424366,29.4170656946729 83.1871792172085,29.4165853824554 83.188171905326,29.4150349456249 83.1892701554712,29.4146671328386 83.1894997804684,29.4146685699621 83.189990592321,29.4145903204756 83.1906667796165,29.4143260075618 83.1911739673027,29.4140876330185 83.1913436548966,29.4139285700661 83.1920671557514,29.4135043830074 83.1927142804165,29.4129984444855 83.193190905396,29.4127982571378 83.193269092829,29.4126115075244 83.1935296555519,29.4125589445971 83.1941758422197,29.4122154450987 83.1946535302029,29.411841632007 83.1948392806648,29.4116013823683 83.1950190299218,29.4111467576093 83.1950972182541,29.410946508208 83.1951914676557,29.4106380077932 83.1954569056269,29.4100102573157 83.1956740308871,29.409634757987 83.1957382805603,29.409287820364 83.1960185933893,29.408698507994 83.1964058424167,29.4081391323997 83.1966072177746,29.4078448206567 83.1969010303914,29.4074969450362 83.1972327172382,29.4071763828564 83.1974792180944,29.4069906323945 83.1979719679954,29.4066597576395 83.1983563427758,29.4064725700541 83.1986497174207,29.4061810696053 83.1992674053357,29.405566695708 83.1999756545149,29.4050611322051 83.2003286553962,29.4049708200543 83.2006982794258,29.4047315704665 83.201268280561,29.4042770698145 83.2018998432829,29.4038521956706 83.202390218063,29.4037874450726 83.2032907180349,29.4032311325838 83.2034592805715,29.4032186328468 83.2037664679698,29.4030850702931 83.2040292178545,29.4028069446258 83.2041691548334,29.402539319493 83.204569342469,29.402259695548 83.2049387173852,29.4020476325957 83.2054010295858,29.4016871951848 83.2068144054831,29.4011068203202 83.2097457174559,29.3993669448905 83.210053967858,29.3991003207079 83.2103317176069,29.3988335076667 83.2107632800409,29.3984864450373 83.210916968619,29.3984354451393 83.2115155296611,29.3982359457762 83.2119914684546,29.3981056324886 83.2122990299727,29.3979337577331 83.2128821549774,29.397774819787 83.2136505304184,29.3974318823676 83.2141260303407,29.3973670706154 83.2161790934741,29.3962398819469 83.2165027178602,29.3959868825585 83.2171629052405,29.3957629449011 83.2179625304736,29.3953367577407 83.2183475302858,29.3950976952127 83.2186095301323,29.3948578196938 83.2192242178946,29.3946065074416 83.2201293422026,29.3943974446421 83.220742467835,29.3943085705141 83.2225494051313,29.3933535704661 83.2228262798357,29.3931927574246 83.2231490930294,29.3929938830933 83.2243052804761,29.3920351328544 83.224673968307,29.3918500083236 83.2247992804407,29.3915146333395 83.2253484675669,29.3907666321369 83.225841030408,29.3904356323755 83.2262098432452,29.3902482577302 83.2263957178141,29.3899808826101 83.2268424051187,29.3896225703073 83.2273210931528,29.3891290703682 83.2277987802367,29.3887167571154 83.2281822179191,29.3886377575908 83.2283682174943,29.3883568206292 83.2289980921807,29.3880920067906 83.2299503429881,29.3877230698463 83.2303184669414,29.3876304446282 83.2303452174037,29.3871478202426 83.2306093423583,29.3866124449705 83.2308119057263,29.3861850077464 83.2312134054791,29.3857181323639 83.2315061550922,29.3854920075449 83.2317234053588,29.3851165073169 83.2319698432621,29.3849306948016 83.2322487180683,29.3844901328087 83.2324754679192,29.3838350077364 83.2333239049893,29.3830075078831 83.2345017176375,29.3811509457587 83.234795780267,29.3807488200747 83.2352576553951,29.3803770070848 83.2355122798662,29.3801235697245 83.2358208432338,29.379802757532 83.2360845922701,29.3793621325862 83.2364544051582,29.3790281326721 83.2368399058952,29.3786694444509 83.2371945921141,29.3783352583762 83.2374119053336,29.3779485075755 83.2374745928769,29.377788694585 83.2378145310429,29.377359882291 83.2383217169305,29.3770806954186 83.2394227810679,29.3762568828033 83.2429685928437,29.3750971322255 83.2433065300087,29.3749366321497 83.2437977177798,29.3747792581321 83.2445357175739,29.3743683820028 83.2451035927017,29.3741956322027 83.2451825931256,29.3738757580075 83.2453984053695,29.3736355704223 83.2456778431539,29.3731543822609 83.2459409671584,29.3727386326821 83.2462494684725,29.3724335074391 83.2464360301267,29.3720578201512 83.246560280156,29.371844258022 83.2468226550216,29.3715366947053 83.2470398432347,29.3711566321947 83.2472467170739,29.3709051949362 83.2473162799671,29.3708581952418 83.2474203428179,29.3708474455939 83.2476114056005,29.3707380704224 83.2479203421886,29.3701825700253 83.2481889053188,29.3699178829916 83.2483569678299,29.3694744449531 83.2484613427469,29.3691073201515 83.2485267795309,29.3688302574879 83.2486812802007,29.3685310695975 83.248711717901,29.3678410074951 83.2487040295601,29.367175507794 83.2486297802772,29.3668953199713 83.2484293420174,29.3665287581479 83.2481406546614,29.3660917574875 83.2478270928379,29.3655576331784 83.2476268425373,29.3651662571424 83.2475779056939,29.3649449446186 83.2475917796015,29.3647668195449 83.2476182179976,29.3646225702962 83.2476700308866,29.3645010704068 83.247735154705,29.3642668201742 83.2478512802201,29.3640125698228 83.2480312174364,29.3637022581648 83.2481973427986,29.3635250072363 83.2484785306721,29.3632806944411 83.2488227181553,29.3630953819512 83.2491409672677,29.3629415072125 83.2494473434737,29.3627311952488 83.2497534058147,29.3625208823856 83.2499317800018,29.3624225698275 83.2501101550883,29.3623356319492 83.2503905929237,29.3621905706088 83.2507095929736,29.3619712572875 83.2510797808808,29.3616620697874 83.2514374051989,29.3613527572809 83.2515654054191,29.3611978195384 83.2518730298901,29.3608092583939 83.2522318431176,29.3603443201603 83.25229628075,29.360200320025 83.2523357180091,29.3599997576581 83.2523243433294,29.3598350073659 83.2522874682511,29.3596881950371 83.2519359053926,29.359165195395 83.2509785302236,29.3581581944987 83.2507784669829,29.3577352575036 83.2509083422985,29.3573140696984 83.2509733420099,29.3571024456174 83.2512045929891,29.3567247573285 83.251422968313,29.356360570626 83.2515915929032,29.3558832576618 83.2516827171457,29.3555611954056 83.2517865299837,29.3552278825768 83.2520810926387,29.3548731325057 83.2523625925785,29.3545859452261 83.2526052182374,29.3543662568857 83.25292465536,29.354088320077 83.2532950932799,29.3537361951395 83.2535248432835,29.3535705698027 83.253792467517,29.353416320045 83.2540215924887,29.3533386955903 83.2543145309604,29.3531959446193 83.2548872804369,29.3529555070214 83.2553324676652,29.3528677579507 83.255842280485,29.3525593204887 83.2562773430972,29.3520293825437 83.2566488422222,29.3515847573945 83.2568404679832,29.35139856986 83.2571219679229,29.3511091324659 83.2574032178499,29.3507993819875 83.257518968346,29.3505902580337 83.257648279784,29.3502909451369 83.2577904048239,29.3499127577218 83.2578556554473,29.3497010697887 83.2579343429057,29.3493248195225 83.2579489677508,29.3490790075503 83.2580009676998,29.3488807573516 83.2579910930964,29.3485017578447 83.2579670927741,29.348312133085 83.2578295300168,29.3480113201118 83.257616029941,29.3477101321195 83.257426655194,29.3475534451874 83.2571491545585,29.3473420702199 83.2567074684077,29.346994507565 83.2558618435311,29.3463446327599 83.2552296548781,29.3459960080006 83.2544731550415,29.345312757396 83.2541205300786,29.3449340699554 83.253818092922,29.3446549451366 83.2533764679254,29.3443073204282 83.2527704056023,29.343870882746 83.2523152808178,29.343656257613 83.2520253424989,29.3433771327941 83.2517476557028,29.3431522571393 83.2514699050546,29.3429725078822 83.251256217919,29.3426600072638 83.2510694053527,29.3421920077234 83.2508180301477,29.3418454451194 83.2506689056508,29.3414227572378 83.2504933427579,29.3411330707302 83.2503935301235,29.3409203827462 83.2502682179898,29.3406648823312 83.2501306552325,29.3403753819842 83.2499045304134,29.3400966330837 83.2497157806982,29.3398496951549 83.2493626548105,29.3395589456436 83.2489464052063,29.3392227576685 83.2487822808452,29.3390887580421 83.2484414676346,29.3388635073684 83.2482397802105,29.3386638820995 83.2480888426716,29.3384960075476 83.2478497180902,29.3381946945489 83.2476240303438,29.3378483199042 83.2475242797629,29.3375815698159 83.247423592084,29.3374907576396 83.2473161558601,29.3373953822815 83.2470213431924,29.3374840072961 83.2468740299388,29.3377380705875 83.2466965928497,29.3381453826865 83.2465786551921,29.3383476951424 83.2459934050792,29.3388046329688 83.2456457183173,29.3385973823119 83.24518109215,29.3384932574076 83.2450676556207,29.3380843193266 83.2449529672291,29.3378806318007 83.2442335295308,29.3368050698606 83.2420595303856,29.3357235076151 83.2414502799505,29.3354651950067 83.2407987171099,29.3351050705614 83.240392030942,29.335001256824 83.2399584054533,29.3346401323277 83.2392919677548,29.334279882876 83.2389160925078,29.3339732575567 83.2385674677485,29.3338945700982 83.2382204060184,29.3336105700312 83.2375821550064,29.3333520694635 83.2370013430692,29.3332224450599 83.2364207181918,29.3330656951749 83.2360724684516,29.3329870077165 83.2355192172696,29.3330356954465 83.2349663429055,29.3330326323409 83.234559654939,29.3329783831768 83.2331923425374,29.3329705707288 83.2297189679018,29.3325942584092 83.2296074685215,29.3319303819921 83.2294943431591,29.3314718199824 83.2292644060957,29.3311140697586 83.2286252800392,29.330981819322 83.2283640922844,29.3309283831489 83.2279870928794,29.3307750704892 83.2272324672389,29.3305158828362 83.2269431557504,29.330308882192 83.2267420304053,29.33000319487 83.2263060927486,29.3299487577467 83.2256380929202,29.3297666945229 83.2251741547376,29.3295858202085 83.2250007799056,29.3294562569591 83.2245367805687,29.3292256957632 83.2243628436579,29.3291728198704 83.2237846559549,29.3286844451921 83.2233788430329,29.3284790705299 83.2231772176624,29.32824782045 83.22256803018,29.3279893828352 83.2221637173344,29.3276306325605 83.2219324681539,29.3273991954207 83.2216862802632,29.3272714452132 83.2212235300907,29.3269371323335 83.2208170921369,29.3268061949134 83.220469154463,29.3266530072601 83.2198881554658,29.3265458831025 83.2191930922096,29.3261605703247 83.2188443424439,29.3261066952803 83.2184355923221,29.3262825081859 83.2180287802485,29.3262553197517 83.2173282176117,29.3265580698738 83.216949717231,29.3266054454867 83.2164535921583,29.3268078199961 83.2159875297667,29.3269065075732 83.2154050927467,29.3269798818116 83.2139396557463,29.3284240074754 83.2138780303075,29.3288567579196 83.2138754051739,29.3292131942275 83.2138718420428,29.3296733831187 83.2135778423661,29.3300776950649 83.2132272804579,29.3303056949794 83.2129347808575,29.330509257499 83.2124105302524,29.3305558192215 83.211857467929,29.330629257312 83.2111593424666,29.3306003205873 83.210636779897,29.3304686951826 83.2100993424697,29.3303888197141 83.2089367176449,29.3302556330788 83.2083254680073,29.330276819409 83.2080928419581,29.3302754452383 83.2075096548999,29.3304501951402 83.2067797175664,29.3308023200776 83.2064292797652,29.3310055075781 83.2060793419895,29.3311049451935 83.2056701556943,29.3313326330417 83.2051452809568,29.3315076950098 83.2046209053454,29.3316061325742 83.2040382803661,29.3317041951196 83.2033700925786,29.3315986951453 83.2024675304514,29.3316700072283 83.2020015930662,29.3317439444449 83.2014760923975,29.331995694669 83.1982654676467,29.3333525703883 83.1983617810022,29.3321801321144 83.1984822799413,29.3316710081786 83.1983705305483,29.3310590076034 83.1983178426147,29.3303458822768 83.1982046551988,29.3299616954556 83.1982056552497,29.3298353823716 83.1981104057972,29.328966320151 83.1980265930779,29.3285326955616 83.1979423423867,29.328151007069 83.1977703426248,29.3278431946389 83.1974822173478,29.3274850073425 83.1974255921634,29.3272816327821 83.1973730930884,29.3265414449269 83.1972592176878,29.3262091330483 83.1971165926225,29.3258518819506 83.1967420924454,29.3253894447436 83.1964539680677,29.3250313195008 83.194310654837,29.3238725078197 83.1932687807627,29.3232030079151 83.1926592794155,29.3229963193371 83.1922248418351,29.3227635700801 83.1919648429897,29.3225590075097 83.1915321554984,29.3220961943843 83.1912154046637,29.3216611947249 83.1911737802428,29.3214308196895 83.1908860929377,29.3210231325715 83.190743091954,29.3207153830942 83.190657968017,29.3204080697901 83.1908359051314,29.3200031319127 83.1911593424576,29.3195448828685 83.1913945927411,29.3192146951988 83.1923669048215,29.3176663196243 83.194007717655,29.3161219451527 83.1940983427714,29.3156893826678 83.1941629683629,29.3148731324878 83.1942232178325,29.3146186321237 83.1940367802853,29.3142610698592 83.19412796838,29.3137518200176 83.1950152797309,29.3118712575709 83.1937451557295,29.3106658194158 83.1933410299438,29.3102550700915 83.1929390931184,29.3096142568988 83.192592030489,29.3093572582061 83.1924199048213,29.3090245695098 83.1919267808006,29.3088953201252 83.1914922802673,29.308662569969 83.1912912808279,29.3083297571656 83.1908575923864,29.3079955701915 83.1908600304601,29.3076910070275 83.1905864670754,29.3073329447374 83.1906487175461,29.3068235069367 83.1905920923617,29.3066178202083 83.1903042800503,29.3062349446049 83.1901312793381,29.3060556953733 83.1896400304128,29.3056443821714 83.1892374676563,29.3050306324065 83.1890654049415,29.3047476323904 83.1889519675129,29.3043656947844 83.1886645302206,29.3039308201314 83.188028030197,29.3035435072518 83.1852151559073,29.3025068204919 83.1841787803143,29.3011763202159 83.183861154435,29.3008675697883 83.1832138427101,29.2999703199818 83.1831005932407,29.2996132577427 83.1827837173996,29.2992052576591 83.1826981545912,29.298999445025 83.1826712800219,29.298744382582 83.1826468426269,29.2981328829316 83.1826500927923,29.2977246319359 83.1826231552701,29.2974695694929 83.1825462799544,29.2961697569299 83.1825490930472,29.2958133197226 83.182380093438,29.2950971942433 83.1820954053863,29.2943307577498 83.1818658424426,29.2939480701056 83.18163553036,29.2936647571239 83.1807565935361,29.2926668196386 83.1804095920608,29.2924097579931 83.1802080305424,29.2921536325462 83.1796312808623,29.2915387568248 83.1792843423399,29.2913313829602 83.1765937179777,29.2896071324265 83.1767159058518,29.2888432572145 83.1769814058764,29.2883869453193 83.1769834680318,29.2881320699362 83.1775157172454,29.2870141946913 83.1778382804264,29.2866575074712 83.1778991549278,29.286326257697 83.1783094051259,29.2859475082029 83.1785309676624,29.2855157578097 83.1787677800758,29.2849825696994 83.1788924051242,29.2839118200546 83.178902779753,29.2826125704699 83.1782988425379,29.2817922580328 83.1779519049149,29.281535195488 83.1777211548604,29.2813036953953 83.1768558428306,29.2804321321481 83.1766265298997,29.2800224449282 83.1763674051995,29.2796892571057 83.1758782795837,29.2790748823091 83.175764905108,29.2786930076559 83.1756368428342,29.2783357574576 83.1756689676708,29.2779773201485 83.1758525300716,29.2768324453279 83.1760292171225,29.2765267571065 83.1761065933631,29.274131570444 83.1770455305433,29.2712566327436 83.1771355297285,29.2709007576152 83.1777825302865,29.2699866328491 83.1780742807481,29.2698620698542 83.1780195306592,29.2694285693719 83.1778540303287,29.2682793822815 83.1779150927893,29.2679233200933 83.1777440301255,29.2675140078925 83.1777485294552,29.2669545693452 83.1778117799768,29.2663165701446 83.1778421547243,29.2661385071244 83.1779329677999,29.2656811322255 83.1780974680794,29.2650956321 83.1782179679178,29.2645865702176 83.1782777182613,29.2643816946816 83.1782517798906,29.263975444687 83.1787545303007,29.2629070072103 83.1791047180891,29.2627557576053 83.1791659046567,29.262374883003 83.1793720923099,29.2620445703269 83.179580655084,29.2613826328575 83.1799315929107,29.2611298825825 83.1798183425419,29.2607727573905 83.1805796555732,29.2600623201504 83.1817815305972,29.2587950703959 83.1837397174986,29.257482882203 83.1839738427248,29.2572790076172 83.1843829049129,29.2570265703078 83.1848510303591,29.2566233825194 83.1850852176388,29.2564195079337 83.1851174674818,29.2560385074257 83.1856484675311,29.255046882312 83.1857669672678,29.2547408199709 83.1858880300845,29.2541550077791 83.1865909678422,29.2534983205769 83.186970405321,29.2532953201363 83.1868580299968,29.2527848193319 83.1858184051377,29.2519371322999 83.1852114048171,29.2514755071846 83.1846055304531,29.2509101321841 83.1843081556046,29.250664695231 83.1842009055412,29.2506031318457 83.183987343412,29.2505273824865 83.1838547800099,29.250458882597 83.1837464048893,29.2503747578114 83.1837183432092,29.2503069450073 83.1836754057719,29.250081070201 83.1836322803753,29.2498868193065 83.183601842675,29.2497061950048 83.1835646555304,29.2495773826929 83.1835344048899,29.2493763823541 83.1834586555307,29.2492766956254 83.1834534052635,29.2491638823293 83.1834166551915,29.2489786327922 83.183303030703,29.2488222579263 83.1831658420654,29.2484470077111 83.1824705926486,29.2477276950191 83.1823753422969,29.2476932580145 83.1822613427892,29.2475978197035 83.1820839057002,29.2474681952999 83.1817281555782,29.2473216950373 83.1815252180905,29.247207569624 83.1813154052528,29.2471453830055 83.18118834303,29.2471107571423 83.1810740296575,29.2470536948853 83.1806862797053,29.2469227574653 83.1784612797628,29.2462323823973 83.1783116543411,29.2450313824179 83.178365467332,29.2446955703611 83.1782644675868,29.2445393196022 83.1781714043967,29.2442364444737 83.1780651552836,29.2439673822173 83.1780412799676,29.2437822576867 83.1776928422682,29.2435229450272 83.1774659044582,29.2432373828304 83.1774471553024,29.2431650068443 83.1771691555408,29.2428723192847 83.1770999676666,29.2427545704856 83.1767642797169,29.2425133828495 83.1762313425185,29.2422123198636 83.1761295297823,29.2422004451584 83.1760152173092,29.2421388197195 83.1758689059052,29.2421108821465 83.1756333426561,29.2420868827234 83.1753288424449,29.2419270706322 83.1750109674522,29.2418371326011 83.1748011555138,29.2417793823596 83.1745154053577,29.2416491320248 83.1743887181539,29.2415648822329 83.1742616550318,29.2414918830136 83.1738809674895,29.2412933198493 83.173678155008,29.2411680077156 83.1735954052925,29.2411403822087 83.1732152177756,29.2408763822604 83.1730252170974,29.2407579454766 83.172740405838,29.2405102575096 83.1721004056363,29.2400461331664 83.1720442804774,29.2399059443761 83.1716634049758,29.2397321324716 83.1714978425919,29.2396860078217 83.171377966886,29.2395679451577 83.1711936553463,29.239499133202 83.1710037805738,29.23935813232 83.1708959684315,29.2392897574369 83.1707442179017,29.2391286323292 83.1704902184624,29.239014319856 83.1699188422572,29.2387761323726 83.1697915920751,29.2387302568361 83.1695754677651,29.2386521953089 83.1694417802051,29.2386446328736 83.169092530414,29.2384980696582 83.1688697178139,29.2384966945882 83.1688125296512,29.238455758152 83.1686086550654,29.2384612575326 83.1685643425581,29.2384090705238 83.1683287181548,29.238407632501 83.1678512810836,29.2383550695738 83.1676849057087,29.2384216952671 83.1672327801776,29.2383963207741 83.1670537800594,29.2384628826154 83.1666842180833,29.2384831327468 83.166588343599,29.238525444253 83.1663779048302,29.2385421321527 83.1662244680635,29.238597569327 83.1658224682853,29.2386560075533 83.1655675299492,29.2386882573962 83.1654650301277,29.2387598203913 83.1652929683122,29.2387700070609 83.1649860300273,29.2388696326354 83.1647106544999,29.2390506328554 83.1632551550557,29.2393663818407 83.1631784676991,29.2394268201687 83.1624638422961,29.239546445862 83.1622720303747,29.2395948826799 83.1618834674315,29.2395766326503 83.1618195298245,29.2396191330149 83.1616600927524,29.2396519449369 83.1613859052352,29.2396795695444 83.1611052173871,29.2397206948391 83.1608309057628,29.2397256941943 83.1607029046433,29.2398083818563 83.1602750303466,29.239923007295 83.1596047183502,29.2400744448593 83.1592342804303,29.2401961947613 83.1589789050217,29.2402510078031 83.1586149053791,29.2403321944895 83.1574682795701,29.240302445673 83.1572895924174,29.2403351325886 83.1568454672936,29.2401135700522 83.1567752802679,29.2401198824238 83.1565468423814,29.2400236949739 83.1564257184105,29.2400116323096 83.1562609681183,29.2399091324881 83.1560826550853,29.2398966957039 83.1560067177669,29.2398240697052 83.1558227173942,29.2397168816954 83.1554865932711,29.2395365074064 83.1551566547148,29.2393495077803 83.1550165297767,29.2393418194393 83.1546798435747,29.2392336943315 83.1545269050348,29.2392169443782 83.154431654683,29.2391825082729 83.1540507800807,29.2390176950278 83.1537970927077,29.2388649453464 83.1536320294499,29.2388030078413 83.1534296549404,29.2386235076976 83.1524022168528,29.2380124451199 83.1513032175687,29.2376378199364 83.1512590309671,29.2375811326986 83.1511826547774,29.2375580703736 83.1510682172979,29.2375190072342 83.1507572797086,29.2373658825337 83.1506237180543,29.2373470074723 83.1504464050722,29.2372060074897 83.150262342646,29.237110132106 83.1499262176236,29.2369342571469 83.1497802182858,29.2368611949748 83.1495086559022,29.236575194806 83.1492931548254,29.2364295075344 83.1492495932556,29.2362893205428 83.1490919044739,29.2361146326944 83.1488003419716,29.2359165704548 83.148604467793,29.235730257914 83.148483654989,29.2356866954449 83.1483572168986,29.2355776323396 83.1478929054955,29.2354641319582 83.1477531546772,29.2354135700321 83.1473529670415,29.2352870078347 83.1469400926091,29.2350993831767 83.1466225926355,29.2350026327486 83.1465654053722,29.2349639455276 83.1463304680542,29.2348834450273 83.1461461556152,29.2348056326134 83.1458477807157,29.2346954453502 83.1455485928253,29.2346393822448 83.1451417807518,29.2345352582399 83.1447540299003,29.2344267572136 83.1445695933542,29.2343691949312 83.1441882798807,29.2342607577571 83.143863843403,29.2341820082452 83.1434082806466,29.2338046949753 83.1434089047791,29.2337256324978 83.1432635925266,29.2336119450565 83.1429974674701,29.2334049444123 83.1425044675564,29.2329213199758 83.142448404451,29.2327810700313 83.1423287176036,29.2326336947242 83.1419417167903,29.2324305072238 83.1417517799643,29.2322668199353 83.1416371554248,29.2322503199947 83.1414096555358,29.2320413201481 83.1410425307342,29.2317321956008 83.140580842666,29.2320856326554 83.1403250922383,29.2322193822689 83.1400562170419,29.2323506947081 83.1397808424138,29.2325226324165 83.1395061548712,29.2326156317545 83.1391864677359,29.2327489442954 83.1386377176824,29.232855944346 83.1385034050905,29.2328889451265 83.1380574048712,29.2328972575999 83.1379868428264,29.2329578200351 83.1377637802135,29.2329856955547 83.1374892176773,29.2330222567681 83.1374318424547,29.2330444449479 83.1371128424047,29.2330920076206 83.1368774050613,29.2330679443454 83.1364945303573,29.2331399453124 83.1364239674132,29.2331936323976 83.1361116556533,29.2332141954946 83.1359714048095,29.2332245692241 83.1358309678052,29.2332529447691 83.1356769051073,29.2333738205259 83.1354916555702,29.2334222573438 83.1353041559186,29.2337413203467 83.1351298430893,29.2340131947965 83.1350702177523,29.2342969448509 83.1349802176677,29.2344024457244 83.1349857809005,29.234481445249 83.1347549669938,29.234664944697 83.1346316549619,29.2349213201565 83.1344073422855,29.2350980701603 83.1341255293801,29.2352699449159 83.1339529054857,29.2353478202826 83.1314559672411,29.2360129449646 83.1310362795122,29.2366418196 83.1308430925208,29.2369022573166 83.1308103426524,29.2370080693571 83.1307202175614,29.2371021946517 83.1306742799714,29.2372868830091 83.1305837178079,29.2374306942859 83.1305122177657,29.2375926323846 83.1304673431794,29.237626195244 83.1303255302058,29.2378147578994 83.1302409674483,29.2380443199437 83.1299763433675,29.2384215693615 83.1296432175986,29.2386607568958 83.1294626544511,29.2389100699454 83.1293017802555,29.2390781324566 83.1288840305748,29.2395040705036 83.128505593147,29.2398106328701 83.1276265924709,29.2405358199618 83.1274859045545,29.2405912571361 83.1271842174361,29.2408306955824 83.127126405141,29.2409025067916 83.12658909272,29.2411336318651 83.1263903424957,29.2412947578722 83.1261660927721,29.2414263823776 83.1259539048135,29.2416550702767 83.1258138428283,29.2416361322624 83.1251988429998,29.2420471954516 83.124942717553,29.2421853832407 83.1247377808628,29.2423103824089 83.1244240922342,29.2424481951789 83.1237411545953,29.242606133074 83.1235172798907,29.2426881327514 83.1232044051525,29.242771819565 83.1230704675798,29.2427980079483 83.1228657800029,29.2428914452582 83.1227443430664,29.2429176947957 83.1225399675559,29.2429795072945 83.1222585926224,29.2430950077778 83.1221052808621,29.2431278196996 83.1216713424078,29.2432242580616 83.1213835300964,29.2433463820834 83.1212942179965,29.2433390705602 83.1211599054046,29.2434058824141 83.1208470297671,29.2434827568306 83.1207702183034,29.2435138195628 83.1204830930774,29.2435863817094 83.1203044050253,29.2436190704236 83.12020221727,29.2436499451966 83.1200166547674,29.2437276946576 83.1198185925278,29.2437715691929 83.1196460927405,29.2438267572538 83.1194738429658,29.243852757678 83.1193525301363,29.2438970701852 83.1191422181725,29.2439069447886 83.1188995925135,29.2439663201129 83.1185617174021,29.2439595068165 83.1178987178283,29.2439980069776 83.1174007176601,29.2441030078257 83.1148727805355,29.2446390701831 83.1145274679952,29.2447878826137 83.114316342141,29.2448857571998 83.113989967615,29.2450347575896 83.1137477169752,29.2450556948064 83.1134984048248,29.245144319821 83.113173279463,29.2451872581576 83.1130645931756,29.2452248203213 83.1127711546784,29.2452500077544 83.112464967331,29.2452930692988 83.1117219052288,29.2457416325982 83.1114529670795,29.2458729450373 83.1109507175942,29.2457591325896 83.1104807170526,29.24555969528 83.110398154397,29.2455591323017 83.1103212808798,29.245597007431 83.1101365934217,29.2455799454115 83.1098812800666,29.2456121323016 83.1095047177343,29.2456930698745 83.1089376546982,29.2456780070575 83.1088737179906,29.2457114449105 83.1086633421747,29.2457145691703 83.1083957179411,29.2457353202265 83.1080458431182,29.2456653823142 83.1078994049091,29.2456485703073 83.1078166551936,29.2456254450296 83.1075046546007,29.2456008205748 83.1073964683386,29.2455775702906 83.1070274675422,29.245525444436 83.1067281555447,29.2454896323614 83.106461718422,29.2453660703167 83.1061311548338,29.2452578202025 83.1056030928836,29.2451527573008 83.1052273426429,29.2451390075002 83.1050488425501,29.2451490700628 83.104978530518,29.2451711332361 83.1046024052582,29.2452025071352 83.1042634680424,29.2453175696466 83.1041992174699,29.2453893206008 83.1017768423731,29.2462280701275 83.1005374681382,29.2465829452049 83.0998560296762,29.2465558197235 83.0997669666897,29.2465213827189 83.0996014672586,29.2465090079883 83.0993208423634,29.2465476952093 83.098983218164,29.2465499444245 83.0980274671784,29.2465209447469 83.0977979051341,29.246514882388 83.0975063426317,29.2463663199701 83.0971952800361,29.246231133233 83.0964560922318,29.2462261320792 83.0962330305183,29.2462291331312 83.0958958424922,29.2461727579596 83.0953355927527,29.2461125705435 83.0949601554775,29.2460265697632 83.0945793420295,29.2458615694583 83.0945754056781,29.2455705699343 83.0943669049575,29.2453728827138 83.0943305928575,29.2452215072031 83.0942806550638,29.2450520075684 83.0943426555218,29.2450230699444 83.0943812797899,29.2447932569879 83.0944703418771,29.2446833206368 83.0944710298618,29.2446066323809 83.0946353430814,29.2442423197727 83.0947385920418,29.2441595071044 83.0948280300474,29.2439728824973 83.0950285303607,29.2436606948445 83.0951489051928,29.2433141322405 83.0951721545776,29.24315413219 83.0953656554339,29.2428260696284 83.0955175930236,29.2421864444458 83.0957037796587,29.2418583198307 83.0957491542705,29.2416668829283 83.0958472797686,29.2413653819705 83.0959063430267,29.2413070075964 83.0959158426109,29.2410634448394 83.0959845925132,29.2407436326977 83.0960012183594,29.2404933195972 83.0960616548889,29.2403132573745 83.0961517799798,29.2400431950672 83.0961607183844,29.23986500794 83.0962277802511,29.2397368827134 83.096310654973,29.2394486944836 83.096444342533,29.2392375704281 83.0965555298471,29.239096194527 83.0967272804957,29.2387251324746 83.0969418426758,29.2384875070702 83.0974364047194,29.2380418827693 83.0975627807562,29.237855508175 83.097878842707,29.2377042576706 83.0983211547889,29.2373801323598 83.0986150924121,29.237260320506 83.0988727799888,29.2371334453431 83.0996613426084,29.2365928207031 83.099866655217,29.2365355695876 83.1003158435482,29.2362701325158 83.1009120303688,29.2359583207813 83.101007405727,29.2359386327289 83.1012202807709,29.2358566321522 83.101507530104,29.2356916327465 83.1022367803522,29.2352024450772 83.1025242176445,29.2350126323583 83.1027385927648,29.2348020074289 83.1030712185083,29.2344433192077 83.1032417802474,29.2342076327509 83.1033752177947,29.234014507813 83.103522530149,29.2339004444533 83.1037450927364,29.2335928829351 83.1039230919044,29.2333436948918 83.1040129058284,29.233114194901 83.1040684671097,29.2326250692852 83.1041160306818,29.2321967570166 83.1039293422225,29.231778194345 83.1034607797037,29.2309065699435 83.1030859683598,29.2301980077988 83.102985217728,29.2299920072055 83.1028337801638,29.2297676954284 83.1026029051029,29.2293330078353 83.1024804051627,29.2291133824478 83.102387279919,29.2288759450026 83.1022783427195,29.2287601324531 83.1021859684134,29.2284436945839 83.1019848430682,29.2279866326504 83.1019571546085,29.2278060704023 83.1018846545154,29.2277108200505 83.1017695929034,29.2274528824612 83.1016140301292,29.2268224447965 83.1015150925393,29.2264021949886 83.1014661547966,29.2261515068689 83.1014979675669,29.2258629454187 83.1014806555347,29.2252988825354 83.1014975925479,29.2250486332869 83.1014926552462,29.2247711326515 83.1015853425179,29.2242393825639 83.101638092505,29.2240525699977 83.1017140927763,29.2237395073003 83.1017899680412,29.2234444446198 83.1017980296026,29.223333944391 83.1017343429077,29.2230763827201 83.10166371791,29.2228074445707 83.1013885303419,29.2224378825947 83.1012723427733,29.222308569358 83.1010554054723,29.2220115704279 83.1005390932209,29.2215727576248 83.1003718428015,29.2214295075277 83.1000362178046,29.2212918827169 83.0999062804354,29.221079007673 83.0997023428967,29.2209445071219 83.099411655439,29.2206966950478 83.0980800930585,29.2197110072867 83.0960911545918,29.2193637575974 83.095842155407,29.2193823826461 83.0956291553568,29.2194395699094 83.095299529766,29.2194553818653 83.0923019050654,29.218882569436 83.0921434059906,29.2185926949692 83.0918024677737,29.2182181318393 83.0916639049655,29.2181472577282 83.0915840933491,29.2180430078176 83.0912345296931,29.2178420695324 83.0910737796045,29.2178139448994 83.0909277802667,29.2177430069362 83.0905632805987,29.2175600695672 83.0902273426362,29.217456319682 83.0900520306553,29.2173964443322 83.0896499049714,29.2173238192327 83.0893215932964,29.2171930077183 83.0889344045238,29.2170685706291 83.0886283430821,29.2169243816353 83.0884249676224,29.2167312575966 83.0879312176706,29.2162586948743 83.0877927178152,29.2161810074668 83.0875819678795,29.2159855694615 83.0870592803036,29.2154812578209 83.0868565298757,29.2152158819033 83.0867700920228,29.2150303823535 83.0866472800163,29.2148558195115 83.0864889050486,29.2145524443575 83.0864825306234,29.2144373827456 83.0863743425627,29.2142426327249 83.0863247177346,29.2140753823054 83.0862967181081,29.2139285699766 83.0861883429875,29.2137541330402 83.0861162808663,29.213618320372 83.086031093077,29.2133289450314 83.0858645926957,29.2131090075776 83.0858583423776,29.2129803823256 83.085764530948,29.2128331320249 83.0857386555302,29.2124516944443 83.085875029378,29.2119270697195 83.0869704052762,29.2106238819847 83.0876651555669,29.2098773826571 83.0878353431862,29.2096845697855 83.0880062169916,29.2094037578304 83.0881622177377,29.2091341325957 83.0882959673513,29.2089500701694 83.0885262803332,29.2085658824489 83.088705717524,29.2081565072953 83.0888319676552,29.2079453202869 83.0888809674514,29.2073795073145 83.0888384059325,29.2072122577944 83.0888035930095,29.207006695173 83.0888207800354,29.206736131941 83.0888382179733,29.206395631696 83.088828467477,29.2058631945231 83.0889550296744,29.2056136323601 83.0890011552236,29.2053771329122 83.0891717808149,29.2051278819161 83.0891795932629,29.2050444442159 83.0892764048453,29.2048511322181 83.0893957175729,29.2046218192871 83.0895729046493,29.2044673824695 83.089554217547,29.2040770073837 83.0896282177165,29.2039940067561 83.0896817797953,29.2037485077494 83.0896774045725,29.2034033193161 83.0895911555782,29.2032358206826 83.0895793429266,29.2028996318081 83.0895212806187,29.202849631961 83.0894859047173,29.2027140081513 83.0894367799148,29.2024497572909 83.0894102803645,29.2021360075082 83.0893753424351,29.201941757513 83.0893640298089,29.2015875074673 83.0894027799827,29.2013441947231 83.089391843275,29.2009086950383 83.0894597801862,29.2006768199265 83.0894331556296,29.2003811322143 83.0894697168431,29.1995467579103 83.0895007795752,29.1993416953144 83.089562029995,29.1990646326508 83.0895783428757,29.1988526956043 83.0896389053108,29.1986230076543 83.0896701551028,29.1983909454827 83.0897223421117,29.1983077577952 83.0898478422046,29.1981800066884 83.0900455923779,29.1965300701891 83.0901707183512,29.1964361949072 83.090201218105,29.1962943198801 83.0902830298232,29.1961595072628 83.0902877171121,29.1956339445406 83.0900994044695,29.1937310077535 83.0900716557549,29.1935638823404 83.0899162179871,29.1929334455751 83.0898811559507,29.1927527574213 83.0897585921582,29.1925082575662 83.0897301545597,29.1924178824625 83.0897016549076,29.1923341947496 83.0895716554849,29.1921348203929 83.0895652181069,29.192024132205 83.0893987797791,29.1918042568047 83.0891289674846,29.1916806327065 83.0889187796278,29.1914603822872 83.0887008422759,29.1912536325551 83.0885849676729,29.1911242572649 83.0885728420557,29.1908218830611 83.0887069046348,29.1905611323789 83.0888185308201,29.1903678194818 83.089047341927,29.1901461328383 83.0890771554949,29.1900808822149 83.0894239051587,29.1897877575827 83.0895867803555,29.1895768205871 83.0897489046148,29.1894493203924 83.0898397806432,29.1891296323577 83.09008509259,29.1887139457317 83.0903957181129,29.1883618828478 83.0906100293811,29.1881129448172 83.0909797802156,29.1876845695958 83.0911720921626,29.1874873824007 83.0912385298967,29.1874223826894 83.09130534265,29.1873145696478 83.0916062176767,29.1872331329487 83.0918495304209,29.187043070217 83.092151467552,29.1868375696492 83.0923364679757,29.1865951949023 83.0924114052433,29.1864039450598 83.0925374053616,29.1862175704655 83.092569342239,29.1859493203009 83.0926939043346,29.1850816952037 83.0926957173765,29.1848763816958 83.0927275930997,29.1845743204576 83.0927825932013,29.1841641323129 83.0928740295101,29.1837406952925 83.0928901544316,29.1835918828619 83.0930685924709,29.1832479444922 83.0932916550837,29.1828750073443 83.0935500926985,29.1826083202089 83.0935654675818,29.182543007532 83.0937142800124,29.1822439455472 83.093883404628,29.1821616329043 83.0939657793245,29.1819681950008 83.0940765925188,29.1818606319719 83.0943652798748,29.1814768822233 83.0944839675707,29.1813175072047 83.0947203429114,29.1810731953088 83.0952083425706,29.1804990078095 83.0952609054978,29.1803707575765 83.0953937180134,29.180249882719 83.0956449052591,29.1800011326476 83.0959252171889,29.179732320404 83.0961235932934,29.1796389451476 83.0963450928769,29.1794463822887 83.0965653423969,29.1793531320386 83.0967212172374,29.1791286332017 83.0969587176355,29.1787580073225 83.0971662803586,29.1784638826394 83.0971965930526,29.1783467570735 83.0972419056108,29.1781936953258 83.0974780929924,29.1779696947156 83.0977594679258,29.1775813206309 83.0980415928974,29.1771388205898 83.0981462178271,29.1768958819653 83.0982293425617,29.1766076946348 83.0983112181321,29.1764345698156 83.0983495923875,29.1762295072197 83.0983452801176,29.1758752571741 83.0982443433253,29.1757009452441 83.0980775308777,29.1755216330596 83.0979042180993,29.1752745701244 83.0975845300647,29.1749836947074 83.0973222802055,29.1748353202487 83.097089593002,29.1746600073685 83.0968126553448,29.1745025074453 83.0961439054783,29.1739724444941 83.0960377184187,29.1727377575481 83.096293092928,29.1719815077243 83.0962674054694,29.1715708204535 83.0961532171033,29.1712474451808 83.0961839677692,29.1710761945577 83.0960324672522,29.1708044442149 83.0959686555509,29.1705671956282 83.0958906542785,29.170302757708 83.0958202801929,29.1699683818754 83.0956459053101,29.1698115699369 83.0956049050218,29.1695045075449 83.0955987806093,29.1693623204515 83.0954469050731,29.1691311944786 83.0953972172922,29.1689684442882 83.0952815297491,29.1687895071228 83.0952026552308,29.16862200759 83.0950952801611,29.1683370695255 83.0950965302247,29.1681904442566 83.0950620923208,29.1679398199891 83.0949907172849,29.1677205066678 83.094971342198,29.1674428819253 83.0957276549747,29.1663448826921 83.0961253433824,29.1660520701261 83.0961848428138,29.1659351325194 83.096303404604,29.1657893202414 83.0965166555663,29.1656553826687 83.0966642799868,29.1655210700768 83.0969153422263,29.1652858818468 83.0975050296152,29.1647890067358 83.097565342937,29.1646225702067 83.0976680927712,29.1645465078819 83.0977797810101,29.164346507594 83.0980673433088,29.1641183826732 83.0989004675492,29.1634110696927 83.0990480299161,29.1632946950642 83.0994380929357,29.1630289441275 83.0994097803435,29.1629250071825 83.0995944678016,29.1627457570515 83.0997870927141,29.1624650701028 83.0999272176522,29.1623441952453 83.0999794676138,29.1622159450123 83.1007234677134,29.1616682579625 83.100558405355,29.1604670700238 83.1004065927716,29.1602336948357 83.1003359057205,29.1599444445015 83.1002868429714,29.1597072579683 83.1003030299464,29.1595133820929 83.1002312178379,29.1593843197682 83.100256405271,29.1589986949242 83.100373279925,29.1581919443285 83.1003751550204,29.157973131932 83.1005897180999,29.1576858205453 83.1006279673489,29.1574988200198 83.1007613428427,29.1573079451964 83.1010293420953,29.1568202576035 83.1011187180474,29.1566223194709 83.1012527797272,29.1563457577322 83.1012830294684,29.1562376946778 83.1013651550514,29.1554351322449 83.1012839674658,29.1552811945534 83.1014152178514,29.1549211321615 83.1014802175627,29.1548020073931 83.1014999676687,29.1546330077839 83.1015841554071,29.1544485703385 83.1017424053685,29.1541293202758 83.1018913428055,29.1538076950922 83.1021494674547,29.1536018824582 83.1025186553111,29.1532253830786 83.1029979054242,29.152820257242 83.1038092174032,29.1521038826492 83.1038658425876,29.1519034452887 83.1038699048447,29.1514296954556 83.1037357181585,29.1512754447985 83.10364346706,29.151171007828 83.10342459261,29.1510725702636 83.1028976557172,29.1506743197769 83.1027060920098,29.1505782573334 83.1024972171695,29.1503986321834 83.1021332795804,29.1501728823834 83.1019149042565,29.1500586328631 83.1016784048087,29.1498811328212 83.1014239673975,29.1497011947056 83.1012330296212,29.1495645699456 83.1011144048782,29.1495389445406 83.1010148422565,29.1494255080113 83.1007870303013,29.149320195097 83.100368592636,29.1490444454498 83.1001865923651,29.1489146321877 83.0970197171432,29.1486813829053 83.0962460932336,29.1476226950256 83.0959407800313,29.1473837575041 83.0952871550354,29.1467883198223 83.0951863432494,29.1466004451516 83.0948218426821,29.1464445694118 83.0945745306335,29.1462940077915 83.0942532795697,29.1461835705155 83.0939323423708,29.1460708822258 83.0938012178908,29.1460136320096 83.0934281548373,29.1459840073003 83.0931428417537,29.1459572577373 83.0927336554587,29.1459161944961 83.092543592727,29.1458630074364 83.0924042798806,29.1458936951495 83.0920540929914,29.1457897582044 83.0917471547064,29.1457358193079 83.0911914672494,29.1457004452052 83.090964280326,29.1457101957015 83.0906649053756,29.145638256788 83.0903869047147,29.1456183205215 83.0899124677962,29.1455045692279 83.0897154047082,29.1454468828385 83.0893800926769,29.145295695287 83.089124405202,29.1452240072856 83.088884154664,29.145080257163 83.088614280316,29.1449701949062 83.0885349057722,29.1448726323863 83.0880895296854,29.1447410078809 83.0878704681755,29.1447011947033 83.0876440933438,29.1446229452169 83.0871550306808,29.144497820143 83.0869212804737,29.1444376327269 83.086527530216,29.1442928196006 83.0860463429539,29.1440774444294 83.085755467537,29.1438769441161 83.0856310925013,29.1438513205097 83.0854931547249,29.1437533829707 83.0852535930708,29.1435329454916 83.0851957807757,29.1434175079611 83.0849424054689,29.1431202572196 83.0848349674464,29.1428488198424 83.0847853426183,29.1426883206658 83.0846562802937,29.1423851325718 83.0844544678632,29.1420363819068 83.0843387173672,29.1418686953141 83.0841652175289,29.1416554452511 83.0839759057347,29.1415210697063 83.083787780152,29.1412941948491 83.0831720923389,29.1405568200867 83.0830710925937,29.1403960699981 83.082955092085,29.1402868818865 83.0828688421912,29.1401306949798 83.0826005299731,29.139846882872 83.08220902983,29.1394020697635 83.0822319050951,29.139330006743 83.0819120929534,29.1390638816865 83.0813236547287,29.1385929449462 83.0812222799644,29.1384681319385 83.0810554684162,29.1383000694273 83.0810484680599,29.1382549448284 83.080895780432,29.1381658827412 83.0798155923572,29.1370012578146 83.0796136549204,29.136672757281 83.079418092808,29.1364458824238 83.0793899052222,29.1363306319533 83.0792739047135,29.1362260699765 83.0791512797669,29.1359951319628 83.0790277177223,29.1359175695617 83.0789864674212,29.1356081950016 83.0787839679054,29.1353361946461 83.078742154626,29.1351305699712 83.0786998422205,29.1349385700906 83.0786393427382,29.1343403202153 83.078605154847,29.13406263252 83.0784083426711,29.1339507572212 83.078306717894,29.1338936329107 83.0782631545256,29.1338482565004 83.0780659043777,29.1338085692285 83.0777444671533,29.1337680069121 83.0775985928219,29.1337038192924 83.077379404507,29.133670694405 83.0772992799251,29.1336250697805 83.0770070923909,29.1335778821268 83.0767962183482,29.1334208201756 83.0763732804538,29.1332713197603 83.0759476553723,29.1330631320054 83.0734717172974,29.1323828203993 83.073517030755,29.1312530065971 83.073512905545,29.1310725073018 83.0735544670129,29.1309848202846 83.0735676547345,29.1308360069546 83.0736464671993,29.1305026950251 83.0737431546746,29.1301740074317 83.0737564674027,29.1300161945429 83.073926905934,29.1292752566496 83.0740226554119,29.1290141948005 83.074048842896,29.1287075694811 83.0740922803587,29.1284393822692 83.0741061551657,29.1281891321215 83.0741658425563,29.1280858202083 83.0741911549958,29.1278806326061 83.0741337177197,29.1277313822035 83.0741241551826,29.1274989441135 83.0740159680212,29.127180132922 83.0738127175679,29.1269937574284 83.0737321550141,29.1268443199659 83.073558592223,29.1266062574889 83.0734379682774,29.1263437576169 83.073317217527,29.1260902573038 83.0731435926823,29.1258589451703 83.0725168422557,29.125268132724 83.0723778423749,29.1251227575187 83.072010967586,29.1248833829245 83.0717257174553,29.1247076950252 83.0715391549017,29.1246297567057 83.0713236556236,29.1245245076435 83.0709325925531,29.1244044439784 83.0708454055613,29.1243158819166 83.07032084289,29.1240821946623 83.0699820297812,29.1240076324138 83.069760217232,29.1239226316844 83.0693802176743,29.1238996943659 83.0693280306654,29.1238429441751 83.0685559050335,29.1237812575821 83.0683622800702,29.1238114443704 83.0679764681663,29.1237523820116 83.0670404052331,29.1237188200515 83.0669234685257,29.1237135068314 83.0664845927698,29.1236991949519 83.0655701550381,29.1231739451952 83.0654070927814,29.1230961327813 83.0650162176702,29.1229603192138 83.0647774672085,29.1228300697784 83.0645731546508,29.1227677572541 83.0643748423985,29.1226828824304 83.0642519053856,29.1226617572545 83.0642116551354,29.1226095702457 83.0641064051739,29.1226088831603 83.0636571547892,29.1224207575776 83.0635168418919,29.1224151943448 83.0632604052782,29.1222961945827 83.0628928434039,29.1221695694325 83.0628872801712,29.1221085069719 83.0626244673336,29.1220548198867 83.0622567175002,29.1219485698743 83.0617432803951,29.121764507448 83.0614396552284,29.1216766324716 83.061417092929,29.1216133198965 83.0611296556366,29.1216474448349 83.0609720918613,29.1216011951786 83.0607743425872,29.121486944759 83.0606165926513,29.121454319897 83.0598984679695,29.1212485072629 83.0595951548691,29.1211223821381 83.0593210923582,29.1209986321342 83.0591924671062,29.1209819442344 83.0588486546422,29.1208261323468 83.0586804059705,29.1206805691823 83.0585533428483,29.1204901952837 83.058467217961,29.1202888199258 83.0585350928187,29.1199193820568 83.0586317182405,29.1195704452313 83.0587945925379,29.1190368821018 83.0588608423129,29.1188523196501 83.0589689053672,29.1185440701473 83.0591308425666,29.1181143828087 83.0592445929608,29.117821882309 83.0592454680053,29.1177248827675 83.0597157797139,29.1168528824477 83.0596837798837,29.1158871948052 83.0596506558955,29.1156455691971 83.0594603431511,29.1153510074414 83.0593163421164,29.1150838193812 83.0591949051799,29.114911507553 83.0589927177304,29.1146438824202 83.0584539681858,29.1140288196388 83.0584265297389,29.1138075071151 83.0581886552211,29.1135848195214 83.0576374670938,29.1130711324036 83.0574738427582,29.1130203195655 83.0572586555462,29.1128835068464 83.0570438433533,29.1127037575892 83.0565282172879,29.1121294450835 83.0564070924177,29.1119233203832 83.0561165299663,29.1117091943763 83.0557280920294,29.1112756327398 83.0556191548299,29.1110334450528 83.0554750296882,29.1107798197333 83.0554012795314,29.1105627574259 83.0552864049793,29.1103047568837 83.054957279414,29.1098106948655 83.0548884674582,29.1096500077298 83.054691905295,29.1094072570645 83.0545529674677,29.109216820213 83.0544201549522,29.1090241323477 83.0543217182871,29.1089016324074 83.0542059677911,29.1087812575754 83.0541015928742,29.1086790068672 83.0537351551578,29.1084034451793 83.0534279048066,29.1080786948367 83.0530965929789,29.1078643197164 83.0528338430942,29.1077655071329 83.0526367179527,29.1075881320974 83.0525085927261,29.1075173200398 83.0522866551705,29.107457069671 83.0521468422988,29.1073996944484 83.0518254680272,29.1073207569773 83.0515854045491,29.1073461323696 83.0512470303115,29.1072286947374 83.0510602177452,29.107186757351 83.0509376548522,29.10714531999 83.0507332802409,29.107087444742 83.0505465306275,29.1070342576823 83.0504595306956,29.1069681949672 83.0502599674803,29.1070276943986 83.0498756556528,29.1068084449295 83.0495493422809,29.1066414445227 83.0494329046996,29.106591007603 83.0493399053617,29.1065181324908 83.0492695924302,29.106506382792 83.0482994675116,29.1057483199263 83.0480814672068,29.105255007047 83.0480067169991,29.1051101327664 83.0479608432613,29.1050015067338 83.0475724053245,29.1046085074137 83.0474440300851,29.1045670070999 83.0470712799971,29.1043883829001 83.0468203418648,29.1043008820434 83.0463840930411,29.1040045072458 83.0462503434275,29.1039201315482 83.0459136554269,29.1036244447353 83.0457340923304,29.1034246953594 83.0456822803406,29.1033318201285 83.0454907804854,29.1031387572441 83.0454914046179,29.1030733204602 83.0453406559376,29.102948194487 83.0450734678774,29.1027093828711 83.0450566558706,29.1026213199355 83.0447140925709,29.1023323825668 83.0445179045275,29.102021945003 83.0443563423471,29.1017794452498 83.0442702804126,29.1016141319792 83.044286592394,29.1010953825534 83.0444835295764,29.1008757571659 83.0445055927497,29.1008510697583 83.0446655928002,29.1006311323045 83.0450943430407,29.1004424455421 83.0458487798226,29.0992318821262 83.0461319668986,29.0989902574176 83.0466022174529,29.0987522569941 83.0468312803712,29.0986681322085 83.0471309053342,29.0985258821622 83.0474837803099,29.0983433818659 83.0480710916787,29.0980948818072 83.0482129676052,29.0979583200001 83.0486291551559,29.0978845698434 83.0488527168949,29.0977305071455 83.0490989677383,29.0976916319653 83.0493749673981,29.0975650068151 83.0501211546594,29.0972454446862 83.0511688428785,29.0959444450124 83.0512279681901,29.0958658825604 83.0514639676125,29.0956532566298 83.0515815923046,29.0956111942371 83.0517057182269,29.0954835078818 83.0519524052437,29.095363445116 83.0522524672793,29.0952008819854 83.0523985925228,29.0951974447601 83.052586967219,29.0950746327536 83.0528047804638,29.0949475696314 83.0531155300939,29.0948775696656 83.0533150303563,29.0947977580492 83.0536785929263,29.0947123193479 83.0538722799432,29.0946663826572 83.05403653021,29.0946111325428 83.0542471551393,29.0946080703366 83.0546110297755,29.0944933198915 83.0549109677042,29.0943465696162 83.0551979058704,29.0943215071895 83.0554736555175,29.0942580075545 83.0556728428143,29.0941962571092 83.0559485295086,29.0941462572621 83.0561246544806,29.0940866319251 83.0563477800462,29.0939866942843 83.0566817808597,29.0939371324091 83.0568929058145,29.0938822573138 83.0571459052029,29.0937396322485 83.0574049678496,29.0935655073784 83.057587592253,29.0934291317319 83.0578937175469,29.0932350696959 83.057911654611,29.093174257248 83.0580177175636,29.0930869452499 83.0581881551956,29.0930228196838 83.058623529874,29.0927731954672 83.0588179048756,29.0926143816282 83.0590707801569,29.0924830691891 83.059613154886,29.0920446952572 83.0596195302105,29.0919838198565 83.059749592586,29.0918358824705 83.0599858429204,29.0915916326281 83.060086154681,29.0915043817842 83.0602524050495,29.0912280700581 83.0605612184299,29.0907316320198 83.0606746549592,29.0904752565603 83.0610789678048,29.0897540076187 83.0611279055475,29.0895265077296 83.0612474053351,29.089265632041 83.0616340293307,29.0885486953693 83.0618049049347,29.0884326319078 83.0620002799871,29.0881610074707 83.0624352796465,29.0879475073949 83.0627418429123,29.0877082569078 83.0634787176492,29.0870930070666 83.063867342646,29.0861798202978 83.0640923424078,29.0858678206042 83.0641106544909,29.0857912573546 83.0642477172228,29.085510256541 83.0642905926066,29.0853141953025 83.0644857176463,29.085069757501 83.064480905351,29.084965944663 83.0646187810738,29.0845924445368 83.0646609055201,29.084473194762 83.0647383429149,29.0843248203033 83.0647629682691,29.0841918827814 83.0650915929096,29.0834226952487 83.0652176550816,29.0830761317454 83.0652363430831,29.0829251321531 83.0652722181106,29.0828645067651 83.0653244042201,29.0822738193252 83.0654187804267,29.0821661951421 83.0652987806137,29.0818360695258 83.0653187177796,29.0815858193781 83.0653545307535,29.0815250689838 83.0653675296166,29.0813650068798 83.0654393426244,29.0812007575124 83.0654873423697,29.0810365072456 83.0655119677239,29.0809080699528 83.0655540301167,29.0807955696222 83.0656436542828,29.080575132143 83.0656598421571,29.0801082576598 83.0657014045244,29.08000932007 83.0656915299211,29.0798197573637 83.0657389055339,29.0797681944874 83.0657716554024,29.0793736321381 83.0657822179903,29.0788435700861 83.0658175929923,29.0787986946005 83.0658312177866,29.078607069739 83.0658917802217,29.0783661321156 83.0659169676548,29.0781722580388 83.0662434051337,29.0776398820202 83.0663091557825,29.0775005071203 83.0663288420364,29.0772750693866 83.0663305921255,29.0770810703034 83.0666555304273,29.0767133195706 83.0695438429093,29.07625513258 83.0698307172233,29.0762368195975 83.0699540922081,29.0761857567466 83.0701006545242,29.0761710077944 83.0702884050878,29.0761000698312 83.0704463420836,29.0761011948885 83.0704995300427,29.0760406324534 83.0707447178824,29.07611456967 83.0710565305161,29.0759249449102 83.0718892176839,29.0757050695099 83.0721010926769,29.0755576951022 83.0723711549842,29.0754421946189 83.0730894055717,29.0749576321851 83.0733479672935,29.0748421326011 83.0735894669959,29.0746429453042 83.0738425302364,29.0744845694372 83.0742240307698,29.0743180079017 83.0744410921779,29.0742790077152 83.0746106556648,29.0742688192469 83.0750045300294,29.0740504448224 83.0758795925555,29.0736865701862 83.0760379675231,29.0736311950654 83.0763962177724,29.0734892570854 83.0772246556231,29.0731001941168 83.0774242808919,29.0729977572481 83.0777006555708,29.0728507578594 83.0783528425439,29.0725326319546 83.0785644045714,29.0724213196342 83.0808524050228,29.0716970066877 83.0811569672875,29.0716675069848 83.0814792795564,29.0716291327293 83.08247934215,29.0716404444562 83.0826777173552,29.0717185077821 83.0830292181601,29.0716441955464 83.0833802800938,29.0716578823941 83.0835028420876,29.071694819526 83.0840640927774,29.0717121315583 83.0841925930231,29.0717400700307 83.0846318428987,29.0716911943415 83.0848894054691,29.0716726322456 83.0852523421079,29.0716593195176 83.0853405300499,29.0716238195093 83.085533280868,29.0716409444816 83.0858025922377,29.0716066945369 83.086090905474,29.0714484445756 83.0862020307345,29.0714446943847 83.086389717446,29.0713783196033 83.087130279421,29.0709726946406 83.0874190306291,29.0707694450866 83.0876009058937,29.0707142570257 83.0882009679115,29.0703280692034 83.0883770299306,29.0702412572308 83.0886825931456,29.0700944449019 83.0888817804424,29.0700755068876 83.0891222800938,29.0699959443847 83.0895560926424,29.0698996319284 83.0896327179455,29.069839195399 83.090100717486,29.069837944436 83.093071155551,29.0693165078231 83.0933519675061,29.0693251323628 83.0935337177644,29.0692700072548 83.0940724673088,29.0692262577258 83.0943305308039,29.069155819788 83.094664279806,29.0691219448624 83.0955362801259,29.0690623824782 83.0957583426878,29.0691045069244 83.0961213431788,29.0690752572342 83.0964199671916,29.0690254444469 83.096684218052,29.0689415696741 83.0968039678523,29.0686016944609 83.0968110932149,29.0684483197477 83.0969954056539,29.0681111946745 83.0970844056876,29.0679876946833 83.0971522805453,29.0675663198182 83.0972892173715,29.067285256951 83.0973785294714,29.0671256948725 83.0983161554337,29.0662747576751 83.0985267794638,29.0655926321278 83.0989186555252,29.0649365079039 83.0989954678882,29.0648084447309 83.0992321552953,29.0645325700774 83.0994317805641,29.0644211318513 83.0999855299728,29.0639736324549 83.1000682176348,29.0639110069652 83.100433467341,29.0636201954004 83.1009205299021,29.0634136327281 83.1012781551196,29.0633325701488 83.1013369674656,29.0632833203398 83.1015302174099,29.0632845704035 83.101876154982,29.0631741322282 83.1028905303545,29.0629034448892 83.1030661553009,29.0628978196028 83.1034302808492,29.0627310701081 83.1041759680851,29.0624270069696 83.1042701554331,29.0623306324598 83.1045339053688,29.0622669448656 83.1048626550157,29.0621450690578 83.1057907184409,29.0617180698057 83.1060019054492,29.0616428195726 83.1063074677649,29.0614869447321 83.1067239682812,29.0613543192765 83.1068825294094,29.0612786949237 83.1072687172318,29.0612721945928 83.1074500924709,29.0612621320302 83.1078127799964,29.061264570104 83.1081693431094,29.0612668822721 83.1083220298379,29.0612025075925 83.1086210297692,29.0611413201256 83.1092727176162,29.0608636324302 83.1106465303486,29.0602906949944 83.1111702170761,29.0599241952246 83.1113697802913,29.0598600705578 83.1115053429468,29.0597369446864 83.1118169055678,29.0595540073174 83.112474716928,29.0592402575346 83.1127674053869,29.0592015703137 83.1128205303931,29.0591500703902 83.1130433429932,29.0590951323421 83.1134288428309,29.0591630701526 83.1137160301105,29.0590995696183 83.1138918430161,29.0590691319179 83.1143381544024,29.0588555068358 83.1146135299297,29.0587873819655 83.1147560299886,29.0585559448257 83.114880280018,29.0584033822041 83.1149276547315,29.0583044446143 83.1150050300728,29.058151507873 83.1150721557916,29.0578429445053 83.1151912176072,29.0575775074335 83.1154244677889,29.0573263831406 83.115844905556,29.0569118197732 83.1160004053774,29.05666244467 83.116110654694,29.0566045073685 83.1161562802178,29.0564130695668 83.1163484671584,29.0561570700257 83.1165995923506,29.0558767571967 83.1168885926722,29.0554026323445 83.1169483430157,29.0552429452596 83.1171118423449,29.0549665076278 83.1172521552422,29.0548072576156 83.1174958430055,29.0544885696319 83.1176877178798,29.0543093195009 83.1178128420543,29.0542018823777 83.1181293428764,29.0539647569987 83.1183502803811,29.0537610074193 83.1184756545683,29.0536219445856 83.1187904673548,29.053357819631 83.1189740927084,29.0532755069881 83.1192464051303,29.0530788198184 83.1195327803182,29.0529069441635 83.1199077796213,29.0526590070832 83.1201281550471,29.0525499448773 83.12025365514,29.0524108829429 83.1205333429372,29.0522006321333 83.1207171553507,29.0520596951036 83.1208873420707,29.051817194451 83.1211825306569,29.0515236327462 83.1213075927779,29.0514206328992 83.1216175923698,29.0510820068502 83.1216105929128,29.0510323829215 83.122067466887,29.0505841946412 83.1221420300348,29.0504312570007 83.1222680301532,29.0502516327499 83.1224309683028,29.0500022567474 83.1224903427278,29.0498875701545 83.1226524678864,29.049721694805 83.1231227795949,29.0494405698843 83.1233797809856,29.0493339448528 83.1236880934412,29.0491938199147 83.1238417802207,29.0491564448109 83.1240033424009,29.0490627565889 83.1245611549661,29.048827257192 83.1247661555085,29.0487970074509 83.1251255919692,29.0486459449058 83.1255227173986,29.0483598197305 83.12564171806,29.0481417573722 83.1256649053913,29.0479816952682 83.1257180303975,29.0477293820659 83.1257574047038,29.0473958192243 83.1257804670288,29.047287632063 83.1258264046188,29.0470172576895 83.1260276549703,29.0465899445724 83.126131717821,29.0463898192782 83.1263847172094,29.0461816953754 83.1265850925164,29.0460183192538 83.1268195927617,29.0459521324317 83.1269255927614,29.0458603193052 83.1274360926666,29.0456786940533 83.1275475920469,29.0456230068663 83.1279649046549,29.0453753197987 83.1282535308567,29.0451357572453 83.1286765919587,29.0448903823458 83.1287887793237,29.0447940698895 83.1289019055854,29.0446933192577 83.1292965929411,29.0444657573152 83.1294475925334,29.0443313817705 83.1298553426043,29.0441603200059 83.1298363425365,29.0449294454851 83.1298727175894,29.0451123819548 83.1299533430961,29.0452573191882 83.1299460297742,29.0454016322891 83.130163468,29.0457617576338 83.1302004680848,29.0458680076462 83.1306547169253,29.04652963215 83.1308462176799,29.0470068821614 83.1307860293645,29.0474102570095 83.1307965928518,29.0476833194695 83.1308456556009,29.0478438204447 83.1309510926223,29.0480542574149 83.1313257178057,29.0484605074095 83.1313940306353,29.0485826952834 83.1316935926455,29.0489501330507 83.1317787795355,29.0493161318958 83.1317837177365,29.049456069774 83.1319452799168,29.0497503824162 83.1321814672984,29.0501331321139 83.1327885305718,29.0506468821846 83.1328573425276,29.0507081946579 83.1331770926157,29.0509313202235 83.1333714676173,29.0510160700408 83.1334974056822,29.0510439446611 83.133982530195,29.0510583194935 83.1341339677593,29.0510593195444 83.1345175304479,29.0511723199004 83.1351745926692,29.0517315695891 83.1352926553332,29.0519307568859 83.1353670925753,29.0520485695373 83.1355855299527,29.0523319445725 83.1360492801762,29.0526439451654 83.1366575926139,29.0530133191823 83.1367009680232,29.0530857572219 83.1369829050356,29.0532928828725 83.1370598424049,29.0538866325186 83.13712728019,29.0541150074522 83.1371515925785,29.054230132017 83.1374770929594,29.0545029444642 83.1378412185076,29.0546766952146 83.1382124046671,29.0547693195334 83.1385325297744,29.0549090073989 83.1386952179112,29.0550656952304 83.13907190525,29.055239507135 83.1392157183255,29.0553848202868 83.1396554052737,29.0555748821191 83.1400639683357,29.0556947569258 83.140277467512,29.0557999448337 83.1405980926448,29.0558809453595 83.1416295300367,29.056158195083 83.1421070921143,29.0563507570426 83.1423587182313,29.0563906943272 83.1425409055622,29.0564753191382 83.1430122173216,29.0566610704994 83.1432694057721,29.0568003194935 83.1436078429626,29.057019007783 83.1439903426475,29.0572583194243 83.1444847176312,29.0577103829019 83.1445902176054,29.057916319643 83.1448085929293,29.0581771323787 83.1449267805997,29.0583606318267 83.1450322805739,29.0585665694672 83.1453194049007,29.0588999443495 83.145325030187,29.0589902573996 83.145513467836,29.0590681948199 83.1458137798844,29.0593475696515 83.1467477177094,29.0599851317795 83.1468475923973,29.0600895075958 83.1471853434017,29.0603916947396 83.1479929051898,29.0610938824592 83.1481491550493,29.0612550696204 83.1484625307123,29.0614803823477 83.1487950926036,29.0616651948122 83.1492972800354,29.0619210072934 83.1494664055503,29.0620393829231 83.1497166547987,29.0622507569913 83.1497905929146,29.062467820198 83.1499529051331,29.0626786330866 83.150170718378,29.0630070077144 83.150306467194,29.0633621319053 83.1504754677026,29.0634963194908 83.1505809056233,29.0637135068046 83.1507556555253,29.0639311950431 83.1510537174591,29.0644925077864 83.1511764053586,29.0648790067757 83.1512045299915,29.065328132154 83.1511882180102,29.0657544452202 83.1512174677004,29.0660591315919 83.1512286553202,29.0662261319987 83.151535529753,29.0664604451841 83.1518915919412,29.0668394446909 83.1522229055676,29.0671843822122 83.1523857807644,29.0673297574175 83.1526107175733,29.0674236947528 83.1526432803819,29.0674374445534 83.1530617801006,29.0671287570787 83.1530687184034,29.0670633823483 83.1531450927945,29.0669849440033 83.1533552806512,29.0667155696807 83.1535542179354,29.066256569699 83.1535747180795,29.0660626956223 83.1535693428059,29.0659746947402 83.153623092844,29.0655599452122 83.1536959050033,29.0651340692187 83.1539836552612,29.0646418193432 83.1540976556681,29.0645431947189 83.1543015932068,29.0642625698237 83.1549383432431,29.0634815075858 83.1550335926956,29.0634099445907 83.155193716853,29.0630996320333 83.155916967695,29.0625333828877 83.1560757806347,29.0623854446023 83.1562290923951,29.0621157573141 83.1563115929972,29.0620373198684 83.1564652177231,29.0617743820245 83.1566262178245,29.061319695212 83.1567220932081,29.0611668825778 83.1567938423637,29.0608673196682 83.1569099678788,29.0605634453882 83.1572035304829,29.0601005693099 83.1575472179406,29.059669632807 83.1577901556657,29.0592786317901 83.1578981548679,29.0591845064955 83.1579815296152,29.0589910694913 83.1581647808491,29.058915507192 83.1583379677218,29.0585736948298 83.1586559677209,29.0581876320138 83.1587971547634,29.0579110693758 83.1588998425442,29.0576748199406 83.1590970306385,29.0574640079514 83.1592700934042,29.0570951321613 83.1594372799715,29.0566585065199 83.1604239057301,29.055462319735 83.1606707798067,29.0545840690971 83.1612350927028,29.0541341325264 83.1613747805682,29.0540018820898 83.1615787181068,29.0537482576696 83.1617948433162,29.0535285072757 83.1621647803114,29.0529871325976 83.1623104055294,29.0528775074134 83.1625152801661,29.052502069239 83.162906967369,29.0516021322454 83.1629403422693,29.0513700071209 83.1630238429223,29.0511584450935 83.1630845924173,29.0506715695922 83.1632897800196,29.0502148826779 83.1633037177794,29.0500818822032 83.1634954676473,29.0497446950764 83.1635862807229,29.0494248820354 83.1636520934253,29.0490598823419 83.1636232808076,29.0487370700476 83.1636116552159,29.0486219445834 83.1636211556995,29.0482001946992 83.1635649046349,29.0473741328687 83.1635089674351,29.047270070018 83.1635547170659,29.0470875697215 83.1635701549021,29.0467222570625 83.163680030099,29.04638906924 83.1643014043527,29.0451363202236 83.1644635304106,29.044566632054 83.1646640918782,29.0438933819584 83.1648554676263,29.0436396325319 83.1648130293151,29.0434070064826 83.1648397797775,29.0424325701934 83.1648102809738,29.0421933197063 83.1647619682629,29.0419336320278 83.1647760301297,29.0417441943279 83.1647389050387,29.0416514450027 83.1647340927433,29.0414890077779 83.1647034050303,29.0413466947787 83.16471321758,29.0409316952381 83.1646518430532,29.0407418195663 83.1646227183694,29.0404100077132 83.1646105306986,29.0395685071472 83.1645925927353,29.0394894446697 83.1646269676864,29.0391128823373 83.164733405658,29.0384165078633 83.1647922800576,29.0381574443173 83.1648181554753,29.0380583196676 83.1648905926156,29.037664007331 83.1649542802098,29.036807132781 83.1649999677871,29.0366292577201 83.165002467015,29.0363201943269 83.1650688426957,29.0350843193709 83.1649894672526,29.0347748198045 83.1649552802607,29.0343211321436 83.1648747186062,29.0341650072904 83.1648514044699,29.0339099448473 83.1647708428153,29.0337605703378 83.164678404657,29.0334711949971 83.1646045924468,29.0332767570427 83.1645127181661,29.0329332566449 83.1643322809243,29.0326658824242 83.1641704048791,29.0324055076604 83.1635953423352,29.0318086319558 83.1632521558023,29.0313914452535 83.16287146826,29.0309243819118 83.1628169672844,29.0306916947083 83.1626109684898,29.0304061325114 83.1623922802004,29.0301905073275 83.1620689678806,29.0296560700529 83.1615253430879,29.027514194845 83.16132671787,29.0263623826209 83.1613054676877,29.0258524447947 83.1612560299195,29.0257415695469 83.1612705927111,29.0255250702177 83.1612782180992,29.0253311322888 83.1612367177854,29.0250263191121 83.1611862799664,29.0242409455036 83.1611364680785,29.0241684445112 83.1611754053122,29.0240355699422 83.1610654051089,29.023590506821 83.1610200304972,29.0229765699962 83.1610029675783,29.0227441328055 83.1610043426483,29.0225726951225 83.1609755929835,29.0222341320265 83.1609145305229,29.0220126944963 83.1607654680795,29.0217185077597 83.1604282800535,29.0213554443159 83.1603037800114,29.0211606331411 83.160438780588,29.0208524447925 83.1609249681045,29.0199192570057 83.1611156549687,29.0197038827339 83.1611747173275,29.0194267571174 83.1616735925403,29.0185117573068 83.1617160920056,29.0182096951694 83.1619545924546,29.0180397575627 83.1622093428313,29.0176781321417 83.162601280047,29.0172226314388 83.163297530414,29.0164870067655 83.1646707801682,29.016829382106 83.1653194049096,29.0170409450328 83.1657715924942,29.0172219443535 83.166093967716,29.0172623205094 83.1673945923707,29.0178726951025 83.1693827178463,29.0186812569415 83.1695949058049,29.0187435074122 83.1700515927192,29.0187688819052 83.1704614669989,29.0187081944637 83.1705804056068,29.0186390074888 83.1707222176811,29.0185925069206 83.170983780455,29.0183865692801 83.1712135304586,29.018221069849 83.1714210302289,29.0179042569607 83.1714939673946,29.0176475064821 83.1716527803343,29.017483820093 83.1718435922049,29.0172571322957 83.1723429683424,29.0168293200525 83.1725248427076,29.0167560078677 83.1727230929065,29.0165902575246 83.1728894053286,29.0164672566595 83.173143030648,29.0162747567535 83.1733010296974,29.0162125692356 83.173546655509,29.0160268196731 83.1737756545751,29.0159109441707 83.173958092818,29.0157676949729 83.1741871557362,29.0156856323427 83.1745185934696,29.0155973823472 83.1750304684448,29.0156208196912 83.175635155698,29.0158320705517 83.1758474677636,29.0158762571534 83.1761767803888,29.0160632576788 83.1772284049594,29.0165140692941 83.1773927802326,29.0166594453987 83.1777622801551,29.0167181318391 83.1781155931027,29.0168646321017 83.1786347805004,29.0169377572266 83.1789812810509,29.0169465697255 83.1792249058613,29.0170045079264 83.1802634677167,29.0171484451088 83.1805781554968,29.0171638820456 83.1808384673077,29.0171451319905 83.1818067809831,29.017178132771 83.1821294053183,29.0171936317613 83.183342655022,29.0171671322111 83.1836497803668,29.0171554445658 83.1839254050076,29.0171503202042 83.1844375299954,29.0171466950198 83.1848632800832,29.0170996323725 83.1851859053178,29.0171151322621 83.1854620929368,29.0170423201028 83.1859425931135,29.0170520067469 83.1868143425213,29.0173685696224 83.1873476547387,29.0166160699895 83.1876584673216,29.0161757571101 83.1876433433503,29.0160990076999 83.1878093428068,29.0160030073099 83.1879769673461,29.0157332570689 83.1882247803194,29.015182069841 83.1883692175274,29.0148851950179 83.1884250297207,29.0148020073305 83.188420092419,29.0144433200086 83.188477967667,29.0140623824535 83.1886952808865,29.0134681318826 83.1887517172123,29.0133083197914 83.1888483426341,29.0130540073865 83.1891194679451,29.0125908821949 83.189317655191,29.0124476950506 83.1895710925513,29.0122755073294 83.1897534057879,29.0120961321921 83.1901236548493,29.012091631963 83.190716780363,29.011770319745 83.1909937800737,29.0115847572424 83.1911760303574,29.0114550069331 83.1913904045783,29.0112419448293 83.1918577799863,29.0108770701421 83.1920632805542,29.0107677570242 83.1924674054405,29.0104453197489 83.1926506557751,29.0101892572549 83.1928409055667,29.01002563202 83.1930555927532,29.0097630700945 83.1935940302315,29.0093782573422 83.1937917804048,29.0092756325143 83.1940919053933,29.0091736947718 83.1943530301953,29.0090015070506 83.1948658431678,29.0088601950017 83.195126342938,29.0087715070343 83.1953232801203,29.0087795065422 83.1956787181761,29.0086575066274 83.1961279685608,29.0085970071451 83.1967582803197,29.0085601950196 83.196962905843,29.0085681945275 83.1973717800718,29.0086270068735 83.1979135927219,29.0088377577086 83.1984244685455,29.0089851950692 83.1986680304032,29.0090565701051 83.1990449048018,29.0091896326333 83.1994142176645,29.0093091324209 83.1997990304168,29.0094580698579 83.2000192178833,29.0094796950593 83.200113280225,29.0095569444949 83.2005531551325,29.0096768822544 83.2010877174135,29.0098243825678 83.2014808426393,29.0098898823046 83.2017637806019,29.0099818195382 83.202070405022,29.0100310072936 83.2024007176981,29.0100893196142 83.202802154498,29.0101120069201 83.2030157804794,29.0099891949136 83.2033470923072,29.0099212571031 83.2035460304906,29.0096584451648 83.2038935922461,29.0095161330651 83.2043767805094,29.0091310073472 83.2044882178362,29.0090008199653 83.204812343147,29.0088086950783 83.2052477807783,29.00854056992 83.2056833434159,29.0082182567517 83.2058257805221,29.008128881699 83.2061815926976,29.0079166316869 83.2070508428774,29.0074998820571 83.2072649050321,29.0073274452226 83.2075413426639,29.0072117576795 83.2078252806774,29.0071660701022 83.2081098428234,29.0070346317573 83.208259468245,29.007022007014 83.2085202800814,29.0068926946767 83.2088605923673,29.0066871329546 83.2091042180771,29.0067494454788 83.2096327800527,29.0066420074563 83.2100265932632,29.0066172570958 83.2102871550868,29.006515007287 83.2106803432655,29.0066210693402 83.2110264678975,29.0066636947112 83.2117025922401,29.0068007574431 83.211938218442,29.0068630699673 83.212283717143,29.0070049440951 83.2131633428509,29.007334944705 83.2133668424176,29.0074872573138 83.2136252800325,29.0076760070291 83.2140555933022,29.0080530073334 83.2146045924692,29.0083675071543 83.2147998434146,29.0085491324062 83.2150815924677,29.0087988825284 83.2152372172955,29.009043444437 83.2153617173375,29.0092584445891 83.2156042170908,29.0094741327258 83.2158244684094,29.0094958190815 83.2159670925754,29.009379320346 83.2160473421637,29.0091586949075 83.2160724684426,29.0089783826722 83.2162233430286,29.0088348816629 83.2163583427058,29.0086755066443 83.2170952183421,29.0080774447283 83.2171590929961,29.0079401949366 83.2174988423036,29.0077256327564 83.217976905306,29.0070786951512 83.2180720306514,29.0069686949479 83.2182767182283,29.0059389446922 83.2192101560277,29.0053893825469 83.2201631559741,29.0053542575577 83.220407842889,29.0052857567689 83.2207624679537,29.005260757295 83.2214409683165,29.0050841952504 83.2218582809245,29.0050798200277 83.2220235932957,29.0050807571258 83.2224958421532,29.0051173201379 83.2233695934614,29.005172007274 83.2236913427521,29.0052980073924 83.2240375932898,29.0053698195008 83.225082217504,29.0056939448117 83.225184655272,29.0057216323721 83.2256012178418,29.0058277573781 83.22596278031,29.0059133192871 83.2265293433206,29.0059503823247 83.2267343429637,29.0058974443784 83.2271277802557,29.0059763818495 83.2276077174542,29.0060130069152 83.2279771553232,29.0061121324642 83.2281186544319,29.0061535068723 83.2285034680836,29.0063023822558 83.228781279886,29.0064731328535 83.2292715296597,29.0068120700693 83.2295204056368,29.007208256602 83.2312789052159,29.0079650064513 83.2316477180531,29.008147631754 83.2318830303902,29.0082595070528 83.2320864679034,29.0084275704633 83.2322344682423,29.0086765696481 83.2324539056706,29.0088018817818 83.2325927796457,29.0091975691884 83.2327962801117,29.0093723199896 83.2329927172686,29.0094366317163 83.2337087177416,29.0095286948556 83.2342589049187,29.009651382755 83.2347697807423,29.0098053825 83.2350755301178,29.0099808824401 83.2353425302188,29.0100996951423 83.2360073428345,29.010699007122 83.2361945304199,29.0109414448217 83.2364607175299,29.0111730690213 83.2369673422378,29.0119023201688 83.2370832177401,29.0122007571218 83.237247030035,29.0123956951016 83.237792967895,29.0131522569917 83.2379805934523,29.0133338201901 83.238278842446,29.0134865698714 83.2393690310299,29.012994319996 83.2394877807792,29.0129407570178 83.2398972800399,29.0129227570009 83.2402674049943,29.0129316315533 83.2409362169143,29.0129895077006 83.2410776557682,29.0130399446204 83.2415317805017,29.013139507242 83.241996717836,29.0132706946748 83.2425710294424,29.0134431324087 83.2428620298657,29.0135260071306 83.2430902177394,29.0135633831337 83.2435609053664,29.0137735700912 83.2441893420299,29.0140049442781 83.244354279382,29.0140825705315 83.2447399060246,29.0141320694538 83.2448952169875,29.0142096327543 83.2452505300369,29.0142748195255 83.2455112798197,29.0141589449225 83.2457179674983,29.013923256667 83.2458614676083,29.0136894444064 83.2460679673277,29.0134333819124 83.2463293430417,29.0132273201649 83.2464877809622,29.01310413224 83.2466702183058,29.0128976325206 83.2473164679264,29.0123913828318 83.2477495304367,29.0115455699959 83.2480244679921,29.0113688820457 83.2482455305032,29.0112776318976 83.2484389675073,29.0112313201878 83.2486483423731,29.0112099440998 83.248787717273,29.0111836325087 83.2488989675399,29.011148131601 83.2492030306785,29.0110235074519 83.2494143435925,29.0109051327216 83.2496974677157,29.0107510700238 83.2503103433354,29.0105063192566 83.2506289045141,29.0104178201477 83.2507458430202,29.0103959440343 83.2508919682637,29.0103786949548 83.2511162800408,29.0103641321632 83.2514422174942,29.0103636941913 83.2516462179857,29.0103715695922 83.251912155083,29.0104136949378 83.2521901557439,29.0104806326974 83.2527204678086,29.0106595698628 83.2528961548086,29.0107620067315 83.2530310924323,29.0108710698367 83.2532614054141,29.0109625699976 83.253498155774,29.0110113197812 83.2536751557905,29.0110213202902 83.2539654682292,29.0110206323056 83.2541283425266,29.0110373202053 83.2543179672864,29.0111195069425 83.2545515304336,29.0112110700563 83.2547365308573,29.0112301942312 83.2549210303562,29.0112244448378 83.256050030268,29.0110750073754 83.2570094046395,29.0110125698448 83.2573071554064,29.0110097576513 83.2574428430683,29.0110104447366 83.2576120306367,29.0110339441342 83.2580754669953,29.0111425701668 83.2591545300129,29.0114395070434 83.2595337804317,29.0115633820536 83.2598089059463,29.011668694968 83.260461967964,29.012008382222 83.2610515924002,29.0122823197265 83.2612749679786,29.0124053817458 83.2614734681901,29.0125508199039 83.2619504681886,29.012876070272 83.2625583426545,29.013341819698 83.2629835927169,29.0136803198412 83.263204468168,29.0139770067051 83.2634213425162,29.0142940705054 83.2635757802331,29.0145430696902 83.2637399675471,29.0147378826636 83.2643565304048,29.0155692568149 83.264490968003,29.0157481939803 83.26491159283,29.0165130071897 83.2651732176574,29.0169024451774 83.2655510930062,29.0174594447515 83.2659879048082,29.0180303191327 83.2660889675062,29.01830156945 83.2662929679977,29.0189004443571 83.2665186548448,29.0194680065192 83.2673297177105,29.0212071948635 83.2685323427727,29.0236095698416 83.2692601549979,29.0272071945065 83.269061405673,29.0277768817768 83.2689457172305,29.0281710079529 83.2688992175616,29.0283963818344 83.268891905139,29.0288858824693 83.269048092945,29.0291168195836 83.2691280295677,29.0295278198199 83.2692578437292,29.0300496323513 83.2693779685486,29.0303548196478 83.2694514057397,29.030637257585 83.2694572180859,29.0311335697176 83.2694045301523,29.0319183200929 83.2691262174252,29.0327583196832 83.2685741551527,29.0343840696996 83.2694307185357,29.0355956322671 83.2697054051791,29.0359603819478 83.2698548435408,29.0361100703223 83.2699652178639,29.0364332576358 83.2700374679443,29.0368870703031 83.2701290301587,29.0372350070777 83.2702696551222,29.0376373198215 83.2704301560974,29.038226945157 83.2705334050578,29.0385681945409 83.2709007178187,29.0389830070216 83.2711882180639,29.041741257128 83.271322280643,29.0420736319595 83.2714247175117,29.0421982570079 83.2715169686101,29.0424536953694 83.2715524677192,29.0427945076807 83.2716715924876,29.0432395699026 83.2718469053679,29.0436871952046 83.2718435310954,29.044167694482 83.27186577953,29.0443843826696 83.2718505926059,29.0448580704493 83.2718848425506,29.0450048818788 83.2720129048244,29.0451905693878 83.2722039055535,29.0455953822588 83.272319718103,29.0458643824616 83.2723772183319,29.0460497570051 83.272563967046,29.0462357574796 83.2727027798669,29.0465275070419 83.2729103434894,29.0471377575279 83.2729853428104,29.047334382644 83.2730309053813,29.0475196321811 83.2731579055507,29.0478520070125 83.27332121782,29.0480490701005 83.273649405388,29.0481952573975 83.2749748424567,29.0486151951391 83.27577134343,29.0490322568351 83.2760044056526,29.0493020070761 83.2761959684606,29.0496753201424 83.2763096559019,29.0502128196233 83.2762938430467,29.0507811947764 83.2763600928217,29.0514109444564 83.2762221550453,29.0519967566482 83.276335967493,29.0525658827388 83.2765959681371,29.0532124444257 83.2771515305876,29.0546885699198 83.2767895310469,29.0570869446942 83.276616280322,29.0597976321279 83.274875717807,29.061775819148 83.2726349050092,29.0638165075509 83.270216968088,29.0659736326357 83.268264092608,29.0677971319261 83.2660645930641,29.0691793200849 83.2659454053428,29.0693726950356 83.2657747806509,29.0713050703714 83.2656517177324,29.0716473198061 83.2656119054541,29.071965131846 83.2656203429339,29.0723555069318 83.2656326547117,29.0727525703077 83.2657058427895,29.0730688193184 83.2657723434765,29.073247382364 83.2658027802775,29.0737055073011 83.2658755924369,29.0740826317125 83.2658587174772,29.0743329448131 83.2659382799801,29.074795819992 83.2660524683463,29.0751280077636 83.2662967802421,29.0757158821107 83.2664823427448,29.0760756944898 83.2666022805042,29.0764101953287 83.2667017181195,29.0769634456113 83.2667458426676,29.0774013195177 83.2669589047714,29.0778649447348 83.2671758429718,29.0782451331511 83.2674663424703,29.0787497568578 83.2685010309271,29.0800209447624 83.2694059052223,29.0809417578186 83.2695064049421,29.0812648830785 83.2696237805208,29.0829258821912 83.2695178434739,29.0832885067639 83.2694715929183,29.0838432571228 83.2694854677253,29.0845606947193 83.2694076553114,29.0849008828981 83.2692264050786,29.0852879448657 83.268815654855,29.0861768201451 83.268236530054,29.0869022572495 83.2678625928552,29.0872476947962 83.2678941547135,29.0872794455131 83.2680586558923,29.0874450069977 83.2683840933203,29.0880106949637 83.2685296546861,29.0886793198239 83.2686134053519,29.0889978198483 83.268669467558,29.0893816325498 83.2687611556782,29.0897227569273 83.2689223428394,29.0902199450038 83.2690956556177,29.0906427569925 83.2690504060124,29.0912313193242 83.2690953435515,29.0915518824034 83.2692695304752,29.0918415698103 83.2694553429905,29.0921742576073 83.2697124055353,29.0924237577169 83.2710480922265,29.0947906947401 83.2712335926756,29.0951706942978 83.2713067178005,29.0955026941101 83.271544343205,29.0958175698495 83.2716271558733,29.0960909443757 83.27152128088,29.0964039450195 83.2712437802445,29.0971040705838 83.2708199052521,29.0978371951299 83.2704027176505,29.0982658194647 83.2694639675302,29.0993006949813 83.2692928428128,29.0995726953368 83.2691775932416,29.0998946946402 83.2690244055883,29.1002660696582 83.2690333430936,29.1003563827083 83.2692009046799,29.1005963823343 83.2694484046877,29.1008798203224 83.2697472175591,29.1011701318618 83.2700089053393,29.1014445073382 83.2703274683167,29.1016199452248 83.2707307802121,29.1017958192846 83.2711424054802,29.1021702574082 83.2714612184703,29.1023118824226 83.2719780307471,29.1024229456296 83.2721597810054,29.1026450072922 83.2729831556487,29.1033284449567 83.2732733430811,29.1035195077393 83.2734031545445,29.1037841956723 83.2738852177505,29.1041838203296 83.2746984677778,29.1049326327245 83.2753169048316,29.1059940068921 83.2756417181271,29.1072996318013 83.2758176551398,29.1077134442311 83.2758449056276,29.10850769509 83.2758510929929,29.1090040081219 83.2760838431492,29.1093346328643 83.2760922176761,29.1094677574461 83.2760715925256,29.1097563818492 83.2759609672905,29.1100941949071 83.2759309055085,29.1103670073543 83.275811154809,29.111318319265 83.2755034053316,29.1136380074804 83.2750445303563,29.1146439444737 83.2749335301021,29.1150403819185 83.2747790932845,29.1155922571311 83.2743714052671,29.1160276947624 83.2743239676007,29.1161018819917 83.2745139673796,29.1165337573913 83.2746715932085,29.1168640080139 83.2746799047826,29.1170038820399 83.2745083429926,29.1173436322468 83.2742424679488,29.1176557569468 83.2739612180218,29.1181978816631 83.2737992178695,29.1184451955103 83.27354284241,29.1187844447924 83.2729086554538,29.1193247573661 83.2724825932998,29.1196788194525 83.2723337179163,29.1201156330531 83.2724454052558,29.1203215697942 83.2727258421918,29.1205711949102 83.2736297802884,29.1211874448023 83.274050842188,29.1214965072961 83.2745666553132,29.1217564440879 83.2750630924522,29.1221043206077 83.2754144682508,29.1223295074294 83.2756670305666,29.1225384443232 83.2760229677484,29.1227952568553 83.2765770921763,29.1229651953613 83.2772341552968,29.1231988196627 83.2781792177887,29.1233031325262 83.2784994049495,29.123264257346 83.2788112805361,29.1230764447289 83.2793016553162,29.1229301324255 83.2800189679063,29.1226361948023 83.2804149053257,29.1225548822103 83.2811814677247,29.1225995697366 83.2820167809254,29.1229266331466 83.2829360930059,29.123369194342 83.2837665309584,29.1237051952573 83.2843959676729,29.1238980701825 83.2851209047518,29.1238455072553 83.2860754056738,29.1239318201018 83.28635290541,29.1239287569962 83.2865556558378,29.1239095698685 83.2872722174905,29.123723820306 83.2876117185839,29.1235790071796 83.2877301544684,29.1235435071713 83.2878855310821,29.1235082571756 83.2880384678233,29.1234910071969 83.2881772176914,29.1234895080198 83.2882989046406,29.1234946323814 83.2884123429686,29.1235313195006 83.2884917175124,29.1236220066705 83.2885334678388,29.1237146948415 83.2886441551275,29.1240130697409 83.2887184682625,29.1241781329988 83.2888354679228,29.1245419446821 83.2888825305701,29.1246550070917 83.2889350305445,29.1247342575283 83.2891409052321,29.1250060699247 83.2892712176203,29.1252097574506 83.2893266556939,29.12536344423 83.289311405817,29.1255303816839 83.2892390307302,29.12578256988 83.2892027797843,29.1262876954109 83.2892295302467,29.1266533821897 83.289240217841,29.1269240704281 83.2891749051641,29.1274516323528 83.2891844677012,29.1275599445205 83.2892194056306,29.127616506752 83.2892684674804,29.1276709447747 83.2893030924442,29.1277275070063 83.2893219054521,29.127793006743 83.2893419055709,29.1279736328433 83.28933815538,29.1285217569657 83.2892504683628,29.1291777570825 83.2892485932673,29.1292612568363 83.2892643431697,29.1293560701155 83.2892962800471,29.1294713196867 83.2893065305688,29.1295706322956 83.2892946549644,29.1297081321001 83.2892305302975,29.1298815078314 83.2891327798185,29.1300389448017 83.2891642805226,29.1307835078796 83.2893621557023,29.1316260075971 83.2895222178063,29.1322201943159 83.2892412178919,29.1325841948578 83.2888746551692,29.1328303827484 83.286829030364,29.1335775071078 83.2837590305767,29.1349328197979 83.2807984680144,29.1363855700015 83.2770440934645,29.1382558819264 83.2753454674366,29.1393273195559 83.2744204680162,29.1401458198504 83.2738464675767,29.1407382573794 83.2734937796609,29.1412528824945 83.273244030438,29.1414523207034 83.2729636555555,29.1415793820269 83.2721517805981,29.1420149446646 83.2714855299596,29.1426181318415 83.270389342869,29.1437356320672 83.2693145300678,29.1447833202864 83.2673649677061,29.1466563823513 83.2672610928146,29.1467211950028 83.2667835927905,29.1470096323461 83.2664148429061,29.1471880703853 83.2662641553801,29.1472865070504 83.2661935924359,29.1473583200582 83.2661286547781,29.1474978199645 83.2660787799373,29.147563007635 83.2660169683379,29.1476235700701 83.2659042179946,29.1476658204221 83.2657299060646,29.1476986952969 83.2654420928539,29.1476948821532 83.2649527181246,29.1476673816527 83.2644274054151,29.1474163823661 83.2640283428368,29.1472991326931 83.2633796551425,29.1471715074919 83.2629105305448,29.1469636318032 83.2621025928383,29.1467358819014 83.2610267799861,29.1464321946812 83.2605101547692,29.1463052574648 83.2598982180462,29.1463019452458 83.2595027176996,29.1463155079865 83.2589459051853,29.1465110080453 83.258271842998,29.1466651948503 83.2575272178666,29.1468009454649 83.2563562805683,29.147297506711 83.2553427172876,29.1482010697885 83.2544969674046,29.1493130076808 83.2543549682704,29.1495378194834 83.2541541558909,29.149857069546 83.2538528428923,29.1505231322254 83.2536905927273,29.1508357578502 83.2535934052265,29.1512661322741 83.2533069050322,29.1518352574655 83.2532194059742,29.1522070075025 83.2532175929323,29.1524618828857 83.2532339678665,29.1529537577422 83.2532312177265,29.1533350073635 83.2528853431072,29.1539850701277 83.2524112173556,29.1544674445006 83.2521317804705,29.1548583825648 83.2510184054547,29.1558741330072 83.2507567806273,29.156244882094 83.2502813427585,29.1569031952783 83.2492613420998,29.1580141951731 83.2499756554365,29.1585663194992 83.2506558420363,29.1593574451989 83.2507188425451,29.1596758822706 83.2508806547382,29.1598572575097 83.2513532804134,29.1602952573218 83.2516397176549,29.1606735697432 83.2519550295674,29.1609618191273 83.2522877803173,29.1613877571743 83.2524222179156,29.1614878198214 83.252718655666,29.1617759450985 83.2531088436919,29.1620149455728 83.2534604047518,29.1624094449693 83.2535982804747,29.1627147572722 83.2537646549503,29.1629435072249 83.254663280726,29.163832819577 83.2552076546575,29.164663757555 83.2552159680303,29.1648035704268 83.2550789682514,29.1650487573671 83.2549024682603,29.1662253820052 83.2547867807172,29.1667661325509 83.2545859674383,29.1674372575383 83.2543552803367,29.1677044446992 83.2537460299015,29.1681116947446 83.2534550933304,29.1683626949305 83.2532006559191,29.1687132577381 83.252913530693,29.1690476947249 83.2528727804174,29.1695302579563 83.2528433427679,29.1697353826057 83.2527287802821,29.1700708825963 83.2526709670876,29.1703413199226 83.2524687805374,29.1705611953228 83.2522684681832,29.1711736941247 83.2523212811232,29.1716003192571 83.2523029051879,29.1721890065952 83.2523000300415,29.1725815076886 83.2523160929095,29.1729425701313 83.2523899051198,29.17308956952 83.2525284049751,29.1732640703085 83.2528258427765,29.1734529450301 83.2532254053803,29.1736514452416 83.2533974060416,29.1737764453091 83.2536745928122,29.1741366956602 83.2539431559424,29.1744336945902 83.2539597179365,29.1747045069357 83.2539396548649,29.1749096954373 83.2537888432318,29.1751051325433 83.2537230305294,29.1751859442105 83.2537124049886,29.1753663823516 83.2536567798552,29.1756390068396 83.2536532805763,29.1761195079157 83.253569467857,29.1764258202695 83.2538349678817,29.1768153203108 83.2539260930235,29.1771045706451 83.2542446560009,29.1773928200291 83.2543574045455,29.1779348826919 83.2545868424828,29.1784685078748 83.2546510930553,29.1792674442239 83.2546472178581,29.1798088818549 83.2545450310022,29.1802594443568 83.2545234678542,29.1808030070959 83.2548126552357,29.1811610702852 83.2552400924597,29.1817273823837 83.2558692180072,29.1826309445619 83.2581795307454,29.1849785073975 83.2609567809196,29.1881160079228 83.2617430925254,29.1890610074618 83.2621618431562,29.1892483200536 83.2625326551959,29.1895661950462 83.262897154864,29.1900103201701 83.2631967177735,29.1904924454296 83.2636491553708,29.1908626324374 83.2642963429887,29.1917256322992 83.2644517807566,29.192013007538 83.2653770301897,29.1931437575389 83.2663746547095,29.1947666953618 83.2667644056628,29.1957320700387 83.2671066550976,29.1968190075578 83.2684732183604,29.1957706952062 83.2695732806482,29.1952758822505 83.2707084049725,29.1947700075808 83.2712045309446,29.1947433200713 83.2719775298224,29.1942760696697 83.2728693432011,29.193543194237 83.2733032178031,29.1932184447937 83.2757522804094,29.1925052574135 83.2761388423515,29.1922817577281 83.2770635926584,29.1918468821758 83.2774372798445,29.1917676317391 83.2778895303819,29.1913391944641 83.2784287178983,29.1909338195141 83.2788497177444,29.1907916953735 83.2793194053204,29.1903543205933 83.2797185929051,29.1899775073489 83.2801872174774,29.1896935702346 83.2805627177054,29.1893976945632 83.2807323423464,29.1893173829214 83.2809552178993,29.1891448822347 83.281224843134,29.1889613827867 83.2815876547665,29.1887805696265 83.2821239671366,29.1888330696009 83.2827912807789,29.1884801946253 83.2838569681157,29.1878700070921 83.2859289674647,29.1862094450519 83.2865365307636,29.1867450703367 83.2868889057138,29.1870920691139 83.2874187798066,29.187381382401 83.2878274678748,29.1876700706564 83.2883011556545,29.1879906328362 83.2885432183351,29.1880821329971 83.2890234675998,29.1882945071162 83.2895826561343,29.1883786948546 83.2900714058317,29.1885752579172 83.2903972803323,29.1886694452652 83.2909452173948,29.1887129447815 83.2914932183095,29.188747444739 83.2920420304165,29.1886691322997 83.2926205931386,29.1885075071665 83.2931233426493,29.1883454449608 83.2931584685379,29.1883366945154 83.2937880302587,29.1883805069972 83.2940802177928,29.1883211325722 83.2952237795969,29.1882459452919 83.2956782181953,29.1883385696108 83.2958872800955,29.1884524450113 83.2964271546973,29.188834257611 83.2965656545527,29.1890696320015 83.296783030725,29.1896663197469 83.29685065557,29.1900230699198 83.2967900922355,29.190331819448 83.2965827804244,29.1908112575203 83.2962893428266,29.1910961946854 83.2959599681479,29.1914734450025 83.2957354684116,29.1919211953108 83.2955912182635,29.1925250075195 83.2953551549889,29.1929343817738 83.2953121554981,29.1934371951367 83.2953070302372,29.1936311951191 83.2953208420913,29.1937688819835 83.2954238428377,29.193843819251 83.2955050304233,29.1938600700782 83.2956172807411,29.1938448202012 83.2958982177026,29.1936929446651 83.2963667181679,29.1934201322178 83.2967414054048,29.1931920081963 83.2968896557565,29.1930867573355 83.2970919052595,29.1929231321005 83.2973046552971,29.1927392576334 83.2980027178067,29.1921586318567 83.2987533432435,29.1915602569751 83.2989904677232,29.1913358822452 83.2991665935944,29.1911405701456 83.2993204674338,29.1909586328274 83.2994586552229,29.1907653199303 83.3001231557724,29.1899793203908 83.3004521554321,29.1896019450674 83.3007705925037,29.1890915701685 83.3012752180092,29.1886452569837 83.3021030928816,29.187839694398 83.3025147802033,29.1873523197707 83.3028550924891,29.1870675696655 83.3034307180113,29.1864343827602 83.3035032172051,29.1860670699993 83.3035739051556,29.1859749448065 83.3041067182469,29.1856393198097 83.3047647184655,29.1849478826373 83.3051544055667,29.1842438198223 83.3056229671861,29.1839484450755 83.3062802803194,29.1833472571011 83.3066205926052,29.1828233824145 83.3071663425061,29.1825645697806 83.3080949050575,29.181960256647 83.3085712170714,29.1815115071871 83.3091696558051,29.1812146323641 83.3098867804361,29.1809881325259 83.3107337183291,29.1808548829378 83.3109725919985,29.1807906944188 83.3114500929219,29.1807480069943 83.3122767177307,29.180817631941 83.3130700305921,29.1809322573797 83.3134494680709,29.1810334450841 83.3137317801024,29.1811973194325 83.314013342995,29.1814356328216 83.314295967992,29.1815611320152 83.3147577181137,29.1816085705809 83.3152495920708,29.1816178822059 83.315425342923,29.181526257938 83.315656968022,29.1814372570049 83.3158581554206,29.1814382579552 83.3164990297675,29.1814618203056 83.3168416560201,29.1815470080948 83.3170866550012,29.1816723822821 83.3174699676772,29.182321757961 83.3175350303414,29.1826311325211 83.3175822170957,29.1828343820751 83.3175576555938,29.1831545701351 83.3176297177149,29.1835339455604 83.3177827803619,29.1840513199162 83.3178669060468,29.1842931316847 83.3180271552106,29.1848579446062 83.3180852175185,29.1851198823992 83.3181516552526,29.1852307567478 83.3186894676991,29.1856395698224 83.3192074059325,29.1861768201898 83.3194662185664,29.186511944262 83.3197513436907,29.1868405698019 83.3200244052514,29.1872480078066 83.3202083426713,29.1876211320143 83.3202512180551,29.1878897571981 83.3203949672784,29.1881206322589 83.3205345301375,29.188448445707 83.3209043430256,29.1889015074368 83.3211661558122,29.1893133827178 83.3215146555652,29.1896310067984 83.3222113430047,29.1902278204494 83.3228009053874,29.1906886955266 83.3231580296801,29.1908213821364 83.3235143427803,29.1910396945074 83.3240794057145,29.1912658822793 83.3245035307196,29.1914304446123 83.3246227795952,29.191424257247 83.324824592925,29.1913283198099 83.3250820304889,29.1912776949309 83.3255069055321,29.1913249446381 83.3261392803458,29.1915311322913 83.326614780268,29.1917501326469 83.3270538430838,29.1918876945049 83.3274143425482,29.1920608831763 83.3278901554361,29.192266319892 83.3282986555451,29.1924578827 83.3287232176229,29.1925570073497 83.3297925310435,29.1925961325427 83.3303077173382,29.1924926947237 83.3306890308117,29.1923186328065 83.3313454680012,29.1922835698707 83.3317746553143,29.1921661951913 83.3321999683295,29.1921434449326 83.3325204675565,29.1921246948775 83.3334915925261,29.191836256635 83.3339284052274,29.1917210700166 83.3346749684071,29.1915804450531 83.3354435929615,29.1914398830424 83.3359619053147,29.1914040691691 83.3365354686816,29.1914655705009 83.3370642806699,29.1915403818628 83.3376896551272,29.1916991327489 83.3385469055956,29.1919650698462 83.3389782800704,29.1921115701088 83.3397363429362,29.1924626329418 83.3400642804914,29.192502569327 83.3404513433582,29.1925902572436 83.3406263423736,29.1926565070185 83.3411767175098,29.1928351321177 83.3418251551914,29.1928451326267 83.3421387170149,29.1928195072217 83.342678468409,29.1928876320921 83.3429617175385,29.1929228829871 83.3437435927674,29.1930778198302 83.3441306556342,29.1931631955786 83.3444356558709,29.1932639453111 83.3449535302522,29.1932980072966 83.3454529054904,29.193354632481 83.34573596756,29.1933672572243 83.3462347798199,29.1934621946106 83.3467705301111,29.1936091328451 83.3471163426769,29.1937597574183 83.3476746552675,29.1939068197599 83.348559405337,29.1942720703654 83.3491732810075,29.1944645073187 83.3495597179433,29.1946943193758 83.3504218427604,29.1950728827092 83.3512438423338,29.1954039454236 83.351668342358,29.1954578825215 83.3519512173678,29.1955495076887 83.3524052800478,29.1956757578199 83.3527554678363,29.1956841944004 83.3535711559373,29.1957873822066 83.3542193427068,29.1958423832076 83.3546890302829,29.1958785073484 83.3550980304174,29.195991007679 83.3556594061136,29.1962688824342 83.356366592289,29.1964550070158 83.3567828436919,29.1966532572146 83.3571989682899,29.1968763198274 83.3574985932529,29.1972184451552 83.3578637800063,29.1972652577898 83.3582202172136,29.1974700074201 83.3587917175258,29.1979193828112 83.3591697799345,29.1982663824877 83.3594029671634,29.1985043199584 83.359550280417,29.1987915701909 83.3597497177266,29.1991331325404 83.3600092803987,29.1993576952295 83.3604330933375,29.1995356952969 83.360626842408,29.1995365694421 83.3610825301707,29.1993808825608 83.3615637803856,29.1993176949921 83.3620262175926,29.1992748205076 83.3626975925928,29.1992260698248 83.3635484056831,29.1991173205845 83.363970030561,29.1990223202453 83.3641718429914,29.1989646329565 83.3645818431769,29.1989868822905 83.3647234061378,29.1989604447938 83.3651123432008,29.1987976325498 83.3655675929915,29.1987163199578 83.366044655943,29.1986982578873 83.3664657187419,29.1987521329317 83.3671138425586,29.1988273822655 83.3677467803505,29.1989611948319 83.3683835303868,29.1990633825872 83.3686886547304,29.1991483203638 83.3692457811096,29.1994915698495 83.3696029674558,29.1996308826959 83.3700490926814,29.1998427576889 83.3705068434988,29.1999351328943 83.3708119678425,29.2000290702296 83.3711917803403,29.2000827573148 83.3715043430122,29.2002150077514 83.3724682796663,29.2004811957607 83.3731825300502,29.2007214445001 83.3736584049915,29.2009063828703 83.3738139057122,29.2010695071804 83.3739985302175,29.2013658828774 83.3745149683745,29.2016954455154 83.3749157171899,29.2019725072796 83.3754139053172,29.2021755697737 83.3757258429574,29.2024206946606 83.3760378435503,29.2025913193525 83.3766728434976,29.2029867576456 83.3769102800435,29.2032111953285 83.377109593246,29.2035256951493 83.3774435311066,29.2038092572444 83.377728780338,29.2040835077146 83.3781137801502,29.2045251947646 83.3783429680748,29.2048466328883 83.3789230938261,29.2051177573 83.3794915301334,29.2054136320721 83.379841530862,29.2055190079394 83.3802347181413,29.2058298825758 83.3808291557721,29.2061846326468 83.3811559682701,29.2064026329516 83.3817472177891,29.2066467568883 83.3821488425482,29.2068380696836 83.3826687799841,29.2071224447697 83.3833369057181,29.2076353206951 83.3838227182156,29.208088757444 83.3842609050876,29.2083524444267 83.3843795927834,29.2084386952197 83.3847966553787,29.2091670074705 83.385011030499,29.2094951329849 83.3855831549437,29.2098248206292 83.3862965932359,29.2102273824865 83.3868502176383,29.2105366949929 83.3870560932252,29.2106143824004 83.3872170933265,29.2106827572836 83.3873339679804,29.2107510080597 83.387527405884,29.2108714449453 83.3877142805037,29.2110031324035 83.3878638420732,29.2111120705024 83.3879457185429,29.2111846326491 83.3880370307446,29.2112888196068 83.3881320931372,29.2114065702046 83.3881894674604,29.2115399447991 83.3882414053558,29.2116710081248 83.3883077180836,29.2117638195036 83.3883744049312,29.2118475692701 83.388745467883,29.2122124448565 83.389005592634,29.2124685703033 83.3892794051322,29.2126998824367 83.3897104054873,29.2129770701067 83.3900642175609,29.2130981949769 83.3901902176793,29.2131620075775 83.3903347798936,29.2132821944504 83.3906280933843,29.2135226320483 83.3908639678004,29.2136951947885 83.3910017796711,29.2137747572915 83.3911249684953,29.2138700696968 83.3912330306503,29.2139698193783 83.3913855923725,29.214096820447 83.3915969682394,29.2142286329116 83.39179721854,29.2143919442816 83.3922358424846,29.2146375700933 83.3927936550497,29.2148950067579 83.3929813435599,29.2150109443138 83.3931500302035,29.2151312570923 83.3937854681226,29.2155333827763 83.3941636555378,29.2158825066616 83.3943341552233,29.2160840699787 83.3945082180399,29.2163262576657 83.394659280585,29.2165502573766 83.3947552180222,29.2166950696036 83.3949205933463,29.2168311331839 83.3951864054372,29.217001570816 83.3954119052244,29.2172551952362 83.395908655329,29.2177808200119 83.3960657181795,29.2179124454167 83.3961980927232,29.217978382226 83.3967081555557,29.2181115077072 83.3969265308796,29.2181981326199 83.3971172806966,29.2182893198153 83.3973015931356,29.2183239447791 83.3975418427743,29.218356632594 83.3976767183445,29.2183911316522 83.3978096558664,29.2184616325428 83.3982178430099,29.2188040699368 83.3986229058937,29.2190811326003 83.3988802175519,29.2192762576401 83.3990672810303,29.2193898821286 83.3993880302699,29.2194612571644 83.3995510304731,29.2195138821451 83.4000724050325,29.2198523202349 83.4007003425699,29.2202205700938 83.4012057181135,29.2205499447726 83.4014949675485,29.2207813198588 83.4017909682263,29.2211819454664 83.4020973426337,29.2214517577609 83.402232155251,29.2216553832333 83.4023524680295,29.22181157014 83.4025063436675,29.2219498820362 83.40292196824,29.2222788825952 83.4031816559184,29.22245369545 83.403445967933,29.2225564452842 83.4037962798285,29.2226300695353 83.4040490930563,29.2227215067433 83.4044729680487,29.2229670075486 83.4047476555914,29.2231645077092 83.4050125296849,29.2233935076746 83.405145531059,29.2234595074368 83.4054280301503,29.2235329455273 83.4055254685632,29.2235852575425 83.4056359058391,29.2236646950391 83.4061109057359,29.2240863828698 83.4067872180377,29.224499945287 83.4074152805814,29.224843319779 83.4076159059011,29.2249480697151 83.40784634299,29.2250686325063 83.4083000927044,29.2252736321494 83.4086875305904,29.225379133023 83.4089420300552,29.2255088203794 83.409155467178,29.2256811951604 83.4092737807541,29.2258531949224 83.4093494680598,29.2259956320285 83.4094027180724,29.2261335077514 83.4096309679996,29.2265225068679 83.409954717392,29.2269186951992 83.4102077176798,29.2271927577101 83.4104291552099,29.2273764451172 83.4106144056462,29.227481070047 83.4110981550891,29.2276794452521 83.4115220300815,29.2278572573603 83.4122399677035,29.2281942574271 83.4126551561026,29.2283946318348 83.4128866552959,29.2285557569425 83.4131722174928,29.2286630699586 83.4133132174755,29.2287403823471 83.4134098428973,29.2288175076756 83.4135186550904,29.2289126950746 83.4137559054758,29.2290806955322 83.413927093146,29.2291626322567 83.4146824679253,29.2294681954717 83.4151954679578,29.2297772570662 83.4155225934213,29.2299230702434 83.4158352802003,29.2300485082828 83.4164631556842,29.2304573204582 83.4169607808333,29.230804632201 83.4175026555369,29.2312400698323 83.4180035299521,29.2316934445276 83.4185732181217,29.2321018825832 83.4187537803698,29.2322313199269 83.4189477812517,29.2323201329007 83.4191705929524,29.2323775072239 83.4196766555814,29.2326030070111 83.4202674059742,29.2329845695981 83.4205867180903,29.2331957575057 83.4208284678054,29.2332644453544 83.42105628066,29.2332835074758 83.4216750927329,29.2333041946798 83.421922717747,29.2333526323971 83.4221739049928,29.2334507578953 83.42263871822,29.233694132693 83.4229137807818,29.2338915699008 83.4232187801191,29.234023695331 83.4236284682383,29.2341833824159 83.4237915934478,29.2342810699421 83.4240028434091,29.2344490074469 83.4242342805489,29.2345717573999 83.4245555927668,29.234606945342 83.4248369056467,29.234664569678 83.4251577178393,29.2347335695929 83.4253700308043,29.2348270078021 83.4257663432427,29.2350858824896 83.4259191558769,29.2351677571605 83.4261243434791,29.2352272574913 83.4266912176566,29.2352229452214 83.4268974053098,29.2352598823533 83.4270747803454,29.2353350705329 83.4274766560165,29.2355081953521 83.4279377811064,29.2357313200184 83.4282410933075,29.2358860077481 83.428540780324,29.2359301331955 83.4294092804657,29.2360330700896 83.4296995929044,29.2361065072808 83.4299744684063,29.2362136943913 83.4303094683713,29.2363933195413 83.4307482182216,29.236652382188 83.4312853426834,29.2370178198534 83.4315190928906,29.2371383826447 83.4318075302338,29.2372523830516 83.4324707807197,29.2373792573153 83.4334582176706,29.2375412574675 83.4340095928578,29.2376158826687 83.4345910307262,29.2376837575265 83.4349284058121,29.2377393197071 83.4351639681619,29.2377561326132 83.4353572181062,29.2377568826514 83.4357506553983,29.2377156944038 83.4361765304924,29.2375663198942 83.4365647175173,29.2374821951087 83.4368560929597,29.2373503196913 83.4370054054158,29.237326132309 83.4371690927042,29.2373245701791 83.4375537804502,29.2373555070056 83.4380081551965,29.2374634441543 83.4384555313851,29.2374968829067 83.4391785933686,29.2375450697119 83.4397964053906,29.2376446323335 83.4399597176599,29.2376475695334 83.4400460305065,29.237625382253 83.4401984681216,29.2375628206154 83.4403510927966,29.2375183201489 83.4405932804837,29.2374990700684 83.4409352799057,29.2375140699326 83.4415430932173,29.2375481319181 83.4421614061642,29.2376702577386 83.4424524056882,29.2376579450615 83.44312459278,29.2375095697035 83.4434716554094,29.2374140072854 83.4436019677977,29.2374010075231 83.4437102799654,29.2374104450538 83.4441159058275,29.2374346944895 83.4444224681941,29.2374088829239 83.4446728433481,29.2373603202003 83.4453296555567,29.2372434455463 83.4458191552922,29.2371033826618 83.4463639060415,29.2370198199552 83.4470432805495,29.236891819735 83.4473716551774,29.2368864453607 83.4478957178232,29.2368908205835 83.448033780606,29.236918445191 83.448107842829,29.236957132412 83.4482582803423,29.2370276953561 83.4484257798752,29.2370870068283 83.4487312801373,29.2371988191742 83.4490890312604,29.2372205693819 83.4496377183611,29.2371236327932 83.450056155127,29.2369763824925 83.4501989672522,29.2369611946691 83.450279967778,29.2369705071934 83.4505108437382,29.2370301325305 83.4510777799692,29.2370121325136 83.4514199673505,29.2369345692131 83.4517349680961,29.2368253199473 83.4524214679668,29.2367514447842 83.4526842799051,29.2367277574275 83.4528079058019,29.2366943204737 83.4529220923693,29.2366316320311 83.4531624679138,29.2364701319043 83.4533655924614,29.2363560073904 83.4536678425581,29.2362895076027 83.4538427183657,29.2362383817989 83.4540735304737,29.2361287575141 83.4543697182114,29.2360443206623 83.454731780705,29.2359870704461 83.4550019680186,29.2359046948503 83.4551749687308,29.2358895070269 83.4553324677546,29.2359082579813 83.4554520934479,29.2359020067639 83.4555602806093,29.2358685698101 83.4558051554834,29.2357748195347 83.4561053425254,29.2357309449993 83.4563149674039,29.235661820078 83.4566440300164,29.2355773832262 83.4568430932062,29.2355060693446 83.4570310928833,29.2354549453395 83.4571895299045,29.2354240076137 83.4574313425724,29.2354069446949 83.4580077181328,29.2353663823784 83.4581564676106,29.2353286322555 83.4583671554928,29.2352505077754 83.4585481557129,29.235174570457 83.4590008424236,29.2350680695325 83.4596759055611,29.2347752578659 83.4600135927133,29.2346322568822 83.4602441557079,29.234565507981 83.4607085930167,29.2344703826356 83.4612360308343,29.2341972581221 83.4617214674134,29.2340210072445 83.4618908429411,29.2339743196163 83.4621077802421,29.2339232576648 83.4623549681836,29.2338768830022 83.4630255301928,29.2337013821628 83.4634125301068,29.2335359456845 83.4636512185149,29.2334444455236 83.4638330308267,29.2334158199659 83.4639824053363,29.2333758197284 83.4640970928285,29.2333333823165 83.4646310930306,29.2330287579983 83.4653224681494,29.232814944957 83.4657050307872,29.232701382522 83.4664214683329,29.2323590701344 83.4670884681103,29.2320797582556 83.4673398433153,29.2320175698385 83.4675216556271,29.2319934454091 83.4676929674043,29.231998694777 83.4680213429315,29.2320405701099 83.468627968233,29.2322956325529 83.4688364060007,29.2323370699139 83.4691124056605,29.2323742570585 83.4694409052948,29.2323845696337 83.4696902803979,29.2323539448735 83.4698438430704,29.2323140075889 83.469955905429,29.2322783205207 83.4700613433497,29.2322200693543 83.4703752801923,29.2320002578062 83.4709850927064,29.2316349451471 83.4715127184833,29.2313189452499 83.472180843318,29.230802695052 83.4723375923037,29.2307040074749 83.4724568429778,29.2306412569788 83.4725869683062,29.2306013205935 83.4729010301552,29.2305393201355 83.4730877806679,29.2304858821637 83.4734606548629,29.2303700705135 83.4738446555235,29.2302158828093 83.4740613428119,29.2301558195003 83.4744774062556,29.2300830082403 83.4746868431749,29.2300567569041 83.4749260927627,29.2299900071037 83.4752992799233,29.2298719444397 83.4755309059216,29.2297825693869 83.4757417188102,29.2297360076644 83.4759983433831,29.2297167575839 83.4764094686258,29.2296754452293 83.4766960938265,29.2296314447882 83.4769289060362,29.2295647579407 83.4772567185852,29.2294621951663 83.477371030159,29.2294175076399 83.4775126551734,29.2293910080896 83.4776927182954,29.2293871949459 83.4777982182696,29.2293763823452 83.4779249684262,29.2293610074619 83.4783217179372,29.2292858822351 83.4784852181658,29.2292481330116 83.4787220305792,29.2291498195542 83.4791339679136,29.2288784442305 83.4794669057233,29.228640570612 83.4795924678698,29.2285485704256 83.4796874052561,29.2284677569597 83.4797569051965,29.2283777568751 83.4798084680728,29.2283035066929 83.4798892806394,29.2282090693322 83.4800525938081,29.2280878833077 83.480139717847,29.2280250698587 83.4804527805444,29.2278390702835 83.4806750931191,29.2277451320488 83.4809327806957,29.2276535698344 83.4810567807123,29.227597757641 83.4811780296896,29.2275305078151 83.4814328430192,29.2273668196273 83.4818203438581,29.2270795702942 83.4819771557966,29.2269718822589 83.4821170298226,29.2269070066546 83.4824504056043,29.2267729449748 83.4827412180684,29.2266748194766 83.4829687809103,29.2266170080808 83.4831290309735,29.2265860694557 83.4832272176258,29.2265593828456 83.4833225920846,29.2265236328244 83.4837425298263,29.2263154450695 83.484026404887,29.2261856327067 83.4841870308685,29.226136694964 83.4844914051741,29.2260881951932 83.4846120300188,29.2260638828046 83.4847216561024,29.2260168822109 83.4848433430516,29.2259090700686 83.4849074686178,29.2258168198694 83.485089780955,29.2254859451143 83.4851387807512,29.225330445293 83.485165342355,29.2251455698756 83.4851678433816,29.2246628204837 83.485190405681,29.2242681322287 83.4852282808103,29.2240110696839 83.4852420306109,29.2235735078438 83.4852522181798,29.2233388816927 83.4852777176792,29.2231878821004 83.4854527184931,29.2227192575281 83.4854868434315,29.2225096317503 83.4855011562104,29.2222863200241 83.4854880934951,29.2220043200589 83.4855039684039,29.2217111324738 83.4855460307967,29.2215961949688 83.4855992808092,29.2214881328138 83.4856962182972,29.2213283198233 83.4857585937743,29.2211954452543 83.4858076547248,29.2210851329847 83.4858882802314,29.2208463204695 83.4860088430227,29.2203256329954 83.4860690924923,29.2201747575101 83.4861508430563,29.2200193826951 83.4862156557077,29.2199090074727 83.4862765931619,29.2196905071425 83.4863246558601,29.2195846321492 83.4865069681973,29.2192560066093 83.4868068431731,29.218869132601 83.4869659052261,29.2186892574382 83.4870410934057,29.2186285699967 83.4871912179535,29.2185051329584 83.4873034682713,29.2184220702773 83.4873680929636,29.2183546324922 83.4874847185041,29.218174632323 83.4875657810834,29.2180350694639 83.4876026561618,29.2179291944706 83.4877219679901,29.2175935074202 83.4878957178411,29.2167120075161 83.4879596554481,29.2162701945603 83.4880239689734,29.2159951949514 83.4881056556852,29.2157925074764 83.4882620305511,29.2156328824451 83.4886214679111,29.2153048828363 83.488759905713,29.2151993819627 83.4888934053138,29.2151141941735 83.4893577805691,29.2148790697956 83.4895485933389,29.2147038198683 83.4897237803135,29.2146390701696 83.4898652812209,29.2146238193934 83.4899491559937,29.214628632588 83.4901740928026,29.2147084451037 83.4902535302992,29.2147178196816 83.4903342799129,29.2146932572803 83.4903638425687,29.2146256944888 83.4904160925304,29.2145311950745 83.4905761555337,29.2143310068274 83.4908917804118,29.2140750072863 83.4911187802754,29.2139337581903 83.4912522798762,29.2138508825691 83.4913004055273,29.2138013206939 83.4913347804784,29.2137428195147 83.491366343236,29.213598570266 83.4914605305841,29.2132740699361 83.4914972186026,29.2131930082561 83.4915836555561,29.2130715074674 83.4918579680798,29.2127905696066 83.4924146555876,29.2123414451276 83.4927175927697,29.2121125072158 83.4929465297822,29.2119644457227 83.4933586550758,29.2117607572974 83.4935784054697,29.2116623206323 83.4937167182652,29.2115747568228 83.4938461556088,29.2114648195724 83.4940279058671,29.2112353204809 83.4941515299653,29.2110057575371 83.4941868438131,29.2108749451235 83.4941939682764,29.2107351952045 83.4941445925618,29.2103740698089 83.4940796558033,29.210051195461 83.4939957801312,29.2097846944861 83.4937702173911,29.2091770070802 83.4935254675234,29.2085421950922 83.4935017801666,29.2084563822711 83.493491342585,29.2083660692209 83.4934928435606,29.2062861324174 83.4935086555165,29.2059410078363 83.4935497808113,29.2056794450624 83.4936514676417,29.2051316941605 83.49365203062,29.2050166316492 83.4936218429324,29.2048789447848 83.4934900304678,29.2045535703096 83.4934636559239,29.2043594453208 83.4934555934632,29.2042376324659 83.4934665931238,29.2040865078672 83.4937352183075,29.203708507512 83.4939221549808,29.2034791325275 83.4940470929948,29.2033645070888 83.4941335308477,29.2033039446537 83.4948376557162,29.2029275693812 83.4950327187024,29.2027952577904 83.4951572178452,29.2026513206079 83.4954114052437,29.2023319455389 83.4955392804575,29.2022015701978 83.4956917801262,29.2021028817213 83.4959922180803,29.2019956946109 83.4962639675238,29.2018884445476 83.4963792179943,29.2018595698764 83.4965125934881,29.2018533204576 83.4967011552441,29.201863008001 83.496890592944,29.2019156320825 83.4973035303293,29.2020006319126 83.4980023428771,29.202118257504 83.4982857179123,29.2021373825782 83.4985924682381,29.2021791329047 83.4989890306892,29.2022483198795 83.4993857810995,29.2023061951275 83.5002355311861,29.2024514453264 83.5010488423676,29.2022807567824 83.5015502806604,29.2021405077372 83.5018910309182,29.2019928203639 83.5021937171881,29.2019443817473 83.5025390306278,29.20186219501 83.5027092803006,29.2018041327022 83.5029742182464,29.201805132753 83.5030684055944,29.2018483202031 83.5032478436846,29.2018399447768 83.5036344676802,29.2019745073814 83.5040214055407,29.2021248828412 83.5044360930151,29.2023090693745 83.5048607809985,29.202425694915 83.5052191553548,29.2025601325133 83.5053701549471,29.2026351318343 83.5055777806231,29.2026945701115 83.5061338430992,29.2029627573233 83.5064213433444,29.2031375081246 83.5068077182266,29.2033374445603 83.5070145309116,29.2035796322473 83.5080225309595,29.2042375074596 83.5083897798682,29.2044711947139 83.5089885306682,29.2047553818408 83.5093849060594,29.2048808828331 83.5097902810095,29.2050651323192 83.5101206557391,29.2051406955179 83.5104977810498,29.2053248820512 83.5110727806408,29.205599944613 83.5117707801976,29.2059092571195 83.512081905746,29.2060502571021 83.5129627806183,29.2065520074612 83.5132267805666,29.206717632798 83.5135095935229,29.2068765698446 83.5139901557531,29.2071513203402 83.5143858431597,29.2074279450318 83.5145457182038,29.2075277576662 83.514809343133,29.2077926947126 83.5149975307693,29.2079693197099 83.515383405626,29.2082842575028 83.5155334681203,29.2084923823049 83.5155657809161,29.2086661951087 83.5156774682556,29.2090410694056 83.5157232808392,29.209348069744 83.5158077806439,29.2095040075373 83.515910155459,29.2098043825386 83.5161540932351,29.2101526952316 83.5163705305107,29.2103361946796 83.5169390927237,29.2110420705366 83.5171454674368,29.2113835078797 83.5173997177882,29.2115986950916 83.5175589057469,29.2118496943782 83.5178321552667,29.2120581941994 83.5181424057706,29.2123909449493 83.5183394059058,29.2126713827847 83.5185274055828,29.2128976326101 83.5187524673981,29.2132955071783 83.5187844681277,29.2135279452683 83.5188012810338,29.2139927575962 83.5187615928626,29.2143738822112 83.5187699053361,29.2146468826176 83.5187957807538,29.215177069676 83.5190022813726,29.2155026950632 83.5192844054448,29.2157270077396 83.5197461555665,29.2160421955452 83.5204632181439,29.2162861944754 83.5207555936373,29.2164541949331 83.5213121552395,29.2166366322766 83.5217839058702,29.2168052577661 83.5222163433487,29.2170820074641</coordinates></LinearRing></outerBoundaryIs></Polygon></MultiGeometry>
  </Placemark>
</Folder>
</Document></kml>
