<?xml version="1.0" encoding="UTF-8"?>
<kml xmlns="http://www.opengis.net/kml/2.2">
  <Document id="root_doc">
    <Schema id="KA_RUKUM_W_Musikot.schema">
      <SimpleField name="ogc_fid" type="int"/>
      <SimpleField name="objectid_1" type="float"/>
      <SimpleField name="dcode" type="int"/>
      <SimpleField name="district" type="string"/>
      <SimpleField name="dan" type="string"/>
      <SimpleField name="das" type="int"/>
      <SimpleField name="gapa_napa" type="string"/>
      <SimpleField name="type_gn" type="string"/>
      <SimpleField name="gn_code" type="float"/>
      <SimpleField name="new_ward_n" type="float"/>
      <SimpleField name="ddgnww" type="float"/>
      <SimpleField name="center" type="string"/>
      <SimpleField name="state_code" type="int"/>
      <SimpleField name="ddgn" type="float"/>
      <SimpleField name="area_sqkm" type="float"/>
      <SimpleField name="shape_leng" type="float"/>
      <SimpleField name="shape_area" type="float"/>
      <SimpleField name="Province" type="string"/>
      <SimpleField name="Address" type="string"/>
    </Schema>
    <Document id="KA_RUKUM_W_Musikot">
      <name>KA_RUKUM_W_Musikot</name>
      <Placemark id="KA_RUKUM_W_Musikot.1">
        <ExtendedData>
          <SchemaData schemaUrl="#KA_RUKUM_W_Musikot.schema">
            <SimpleData name="ogc_fid">1474</SimpleData>
            <SimpleData name="objectid_1">1475</SimpleData>
            <SimpleData name="dcode">54</SimpleData>
            <SimpleData name="district">RUKUM_W</SimpleData>
            <SimpleData name="das">0</SimpleData>
            <SimpleData name="gapa_napa">Musikot</SimpleData>
            <SimpleData name="type_gn">Nagarpalika</SimpleData>
            <SimpleData name="gn_code">4.000000000000000</SimpleData>
            <SimpleData name="new_ward_n">11</SimpleData>
            <SimpleData name="ddgnww">540411.000000000000000</SimpleData>
            <SimpleData name="center">Khalanga</SimpleData>
            <SimpleData name="state_code">6</SimpleData>
            <SimpleData name="ddgn">54004</SimpleData>
            <SimpleData name="area_sqkm">14.931056884400000</SimpleData>
            <SimpleData name="shape_leng">20466.130189700001210</SimpleData>
            <SimpleData name="shape_area">14931056.884400000795722</SimpleData>
            <SimpleData name="Province">KA</SimpleData>
            <SimpleData name="Address">Musikot-11, RUKUM_W, KA</SimpleData>
          </SchemaData>
        </ExtendedData>
        <Polygon>
          <outerBoundaryIs>
            <LinearRing>
              <coordinates>
                82.4764743541866,28.6020103048976,0
                82.4771308975008,28.6016242878123,0
                82.4771337744675,28.6015114859886,0
                82.4771783939317,28.6014546164303,0
                82.4772269541169,28.6012262636194,0
                82.477235522715,28.6008833571793,0
                82.4771984691949,28.600653690949,0
                82.4772474048345,28.6004072764317,0
                82.4772920873979,28.6003526567348,0
                82.4774881249646,28.6002602937725,0
                82.4778137067661,28.6001913050276,0
                82.4781364761931,28.6001991216726,0
                82.4783935653654,28.6002617442476,0
                82.4785211713749,28.6003393012136,0
                82.478713705969,28.6004026107567,0
                82.4790320971204,28.600599847844,0
                82.4794756546722,28.6009716945424,0
                82.4798364775149,28.6011888050065,0
                82.4800689423791,28.601364479744,0
                82.4804539503578,28.6014865996906,0
                82.4810324319163,28.6016336571249,0
                82.4812905840367,28.601637598242,0
                82.4815506122135,28.6015873567755,0
                82.4818123293702,28.6014784953325,0
                82.4820976064932,28.6012746433535,0
                82.4822313424283,28.6011062854616,0
                82.4824578191147,28.6006729535068,0
                82.4826130519038,28.6004863485476,0
                82.483207855825,28.599983590994,0
                82.4839246384305,28.5997501851918,0
                82.4840779941615,28.5996583213789,0
                82.4842545362384,28.5994916515534,0
                82.4843019707983,28.5993197932462,0
                82.4842859774249,28.5990921259469,0
                82.4840838268104,28.5985732958517,0
                82.4839673519277,28.5980558420218,0
                82.484066160831,28.5975427032316,0
                82.484535860819,28.5968677089552,0
                82.4848015176648,28.5965873636872,0
                82.4852249078087,28.5960233592352,0
                82.4854459450606,28.5957998831967,0
                82.4858025925061,28.5953516169864,0
                82.4860704389198,28.5949562205441,0
                82.486386407344,28.5943911516179,0
                82.486524769644,28.5940512475274,0
                82.4865962029395,28.5937662746946,0
                82.4866075850712,28.5933105669575,0
                82.4864968020536,28.5925629466919,0
                82.4865025553948,28.5923350303379,0
                82.4865282425473,28.5921633585463,0
                82.4868024670281,28.5915400453568,0
                82.4868282796588,28.5913706231905,0
                82.4868153498454,28.5910459658453,0
                82.4867558625449,28.5908165482654,0
                82.4862132609272,28.5901187918983,0
                82.4859847361273,28.5897693836131,0
                82.4858025822668,28.5893089852805,0
                82.4856860455992,28.5887915307259,0
                82.4856768692119,28.588277328272,0
                82.4857260537728,28.5880489747131,0
                82.4860705857044,28.5871993707688,0
                82.4861191463065,28.5869710172504,0
                82.4861248997029,28.5867431630046,0
                82.4859684951726,28.586111094545,0
                82.4856736031411,28.5858188039967,0
                82.4852347359064,28.5852755354761,0
                82.4849189091026,28.5849834949614,0
                82.4845424687081,28.5845162195888,0
                82.4841617129937,28.5842429894021,0
                82.4839911746065,28.5841613691329,0
                82.4837342104532,28.5840987458617,0
                82.4832162180431,28.5841066752638,0
                82.4827872778644,28.5840414873075,0
                82.4825951172212,28.5839601169666,0
                82.4823833361587,28.5838045037406,0
                82.4823028521631,28.5835730855891,0
                82.4822856699278,28.5833951020264,0
                82.4821430700433,28.5831124385607,0
                82.4820660239995,28.5827659063885,0
                82.4820887239221,28.5819672303756,0
                82.4821413484801,28.5816238255159,0
                82.4821850445746,28.5808248366336,0
                82.482134373906,28.5803066337761,0
                82.4818166230519,28.5793289690858,0
                82.4818738753424,28.5788140173895,0
                82.4820303568197,28.5786274112479,0
                82.4826431563,28.5782778279411,0
                82.4828421323342,28.5781110955319,0
                82.4830666707691,28.5777725050431,0
                82.4833648920654,28.5771286314929,0
                82.4835420592779,28.5769620240335,0
                82.4839366350219,28.5767209268146,0
                82.4844593183448,28.576505392072,0
                82.4847640297476,28.5764163421188,0
                82.4849415716383,28.5762294875704,0
                82.485072742556,28.5761558708797,0
                82.4853989500352,28.5760485108326,0
                82.4856847278723,28.575844658678,0
                82.4857757190488,28.5756744877886,0
                82.4858020314548,28.5755027540762,0
                82.4856821784548,28.5751567218392,0
                82.485601505993,28.5749636754166,0
                82.4852510018872,28.5743855359885,0
                82.4850776014536,28.5736363526562,0
                82.4849335634304,28.5733853111586,0
                82.4848080200641,28.5732693817834,0
                82.4843819560949,28.5730890803699,0
                82.4838679036992,28.5729616468015,0
                82.4830400239343,28.5725060511379,0
                82.4825277222231,28.5723221859277,0
                82.4816774071425,28.5719051490977,0
                82.4812492796015,28.5717993398296,0
                82.4810798668389,28.5716996593769,0
                82.4802256749988,28.5714157977634,0
                82.4795044687104,28.5709996380494,0
                82.4793575530186,28.5708635857972,0
                82.4790398496702,28.5706640364571,0
                82.4786319693342,28.5705985991721,0
                82.4782873279032,28.5706113431669,0
                82.4776806574942,28.5707126997589,0
                82.4773982569426,28.5708015000261,0
                82.4771786586313,28.5709482329795,0
                82.4769790570223,28.5711556483501,0
                82.476910250833,28.5713052589423,0
                82.4769059988238,28.5714586824666,0
                82.4769024969104,28.571573796442,0
                82.4769623607127,28.5717445314407,0
                82.4772512504305,28.5722105552644,0
                82.4773745415863,28.5724415364081,0
                82.4774516504536,28.5727474469021,0
                82.477439518347,28.5732054671429,0
                82.4773405232484,28.5736621732613,0
                82.4771552267408,28.5741152544538,0
                82.4767958910943,28.5746425129706,0
                82.476638720033,28.5748674900484,0
                82.4763809908718,28.5756236665748,0
                82.4762798694397,28.5761571162004,0
                82.4760428247656,28.576933353882,0
                82.4759522711384,28.5770831515881,0
                82.4757544199954,28.5772318844334,0
                82.4753184765645,28.5773945509937,0
                82.475166933996,28.5774300450757,0
                82.475101004114,28.5774668532242,0
                82.4748403507305,28.5775554038933,0
                82.474134184659,28.5781314656084,0
                82.4738497199637,28.5782969461513,0
                82.4734147762875,28.5784415516992,0
                82.4725481404832,28.5785953368632,0
                82.4722036875688,28.5785877705988,0
                82.4716888840853,28.5784986460482,0
                82.4712628201017,28.5783182810061,0
                82.4709209305317,28.5782159728831,0
                82.4704902393499,28.5782070927902,0
                82.4703601313226,28.5782220893447,0
                82.4701657823783,28.57825577062,0
                82.4700791687741,28.5782747056515,0
                82.469729150323,28.578456682917,0
                82.4691577198774,28.578846326633,0
                82.4688760069892,28.5788967548751,0
                82.4683629540711,28.5787511987169,0
                82.4679368900131,28.5785708341768,0
                82.466993834009,28.5783780254398,0
                82.4664815313485,28.5781964093675,0
                82.4662263184014,28.5780751043001,0
                82.4652555257635,28.5773502815407,0
                82.4650851128045,28.5772686620693,0
                82.4647895323914,28.5770530523219,0
                82.4643011034865,28.5767944438713,0
                82.4636190759544,28.5765310203945,0
                82.4629321079233,28.5764212075863,0
                82.4624151160373,28.576411013855,0
                82.4621577767411,28.5763663886192,0
                82.4618130106391,28.5763791329535,0
                82.4614658063329,28.5764460589876,0
                82.4609477497102,28.5764922348419,0
                82.4601724183697,28.5764577263155,0
                82.4594857005648,28.5763658493635,0
                82.4592286741816,28.5763032266718,0
                82.4584629091203,28.5759438112448,0
                82.458205882282,28.5758811252988,0
                82.4580361570652,28.5757995049761,0
                82.4576109060624,28.575580769512,0
                82.4570986043504,28.5753990907507,0
                82.4563369598254,28.575242593997,0
                82.4560704350758,28.5751868449671,0
                82.4551228759517,28.575167645769,0
                82.4542554900378,28.5753619274713,0
                82.4536458803683,28.5755804612281,0
                82.4533828510686,28.5757276310009,0
                82.4524288506406,28.5759385975025,0
                82.4520830219341,28.575969402374,0
                82.4518427394429,28.5761005112643,0
                82.4515493331898,28.5765525279478,0
                82.4512601158289,28.5768893680006,0
                82.4505310153351,28.5775242986276,0
                82.4502685482479,28.5776714693916,0
                82.4499153404195,28.5779526876701,0
                82.4497416751184,28.578006368473,0
                82.449566259124,28.578116542428,0
                82.4491298772123,28.5782993947491,0
                82.4488699738899,28.5783517609622,0
                82.4481805056545,28.578338877322,0
                82.447754128499,28.5781788230747,0
                82.4475210380018,28.5780413325733,0
                82.4472233310501,28.5779024651141,0
                82.4470516042959,28.5778614040039,0
                82.446706400827,28.5778922093096,0
                82.446278273191,28.5777884624762,0
                82.4460169944064,28.5778792622293,0
                82.445930693303,28.5778778865479,0
                82.445549312088,28.5776405896787,0
                82.4453756474385,28.5776943325161,0
                82.4451339263491,28.5778615631821,0
                82.4448729602081,28.5779343030059,0
                82.4443595948669,28.5778089323054,0
                82.4442294870564,28.5778261159022,0
                82.4440315739168,28.5779747869343,0
                82.443781660979,28.5784286161552,0
                82.4436489901509,28.5785405420257,0
                82.443215797119,28.5786285896857,0
                82.442610565268,28.5786936999771,0
                82.442523451343,28.5787284452253,0
                82.4423726586676,28.5787255057902,0
                82.4421997448749,28.5787431269499,0
                82.4420250798453,28.5788149304983,0
                82.4418521653104,28.5788303010988,0
                82.4410674527364,28.5791408863213,0
                82.4407208733414,28.5792099996249,0
                82.4404627207301,28.579205934001,0
                82.4391740233302,28.5790481794453,0
                82.4389148706962,28.5790621741561,0
                82.4376282996308,28.5788277393642,0
                82.4371117445486,28.5787994215295,0
                82.4367669164562,28.5788121029407,0
                82.4357919194723,28.5789848855048,0
                82.4356415030149,28.5789615729442,0
                82.4346982591784,28.5787933873517,0
                82.4344426077393,28.578692329661,0
                82.4339282422041,28.5785872068448,0
                82.4337578910913,28.5785078373071,0
                82.4333981947491,28.5782725409789,0
                82.4331686677928,28.5780200608213,0
                82.4328946464144,28.5777861406945,0
                82.4326871804346,28.5775154122179,0
                82.4323699144193,28.5772976777055,0
                82.4319660980873,28.57710125269,0
                82.4316245836999,28.5769785089198,0
                82.4311965184602,28.5768770117706,0
                82.4305959145247,28.5767683251586,0
                82.4302514612344,28.5767629459155,0
                82.4298012112305,28.576677447216,0
                82.4296091768648,28.5765982637165,0
                82.4294667016143,28.5763087889707,0
                82.4292897846445,28.5764595224823,0
                82.4284781981559,28.5769575266859,0
                82.4283042196349,28.5770315803649,0
                82.4282117905745,28.5772400596127,0
                82.428250907884,28.5773930464635,0
                82.4283318312085,28.5775658437463,0
                82.4285620454807,28.5778183243892,0
                82.4288796229818,28.5780156859603,0
                82.4290716582761,28.5780948687405,0
                82.4296427613011,28.5784677800526,0
                82.4298352340005,28.5785289651909,0
                82.4307238537938,28.579099238225,0
                82.4314271899607,28.5793805348031,0
                82.4318762517073,28.5795224033017,0
                82.4326626388437,28.5798975680014,0
                82.4331480659639,28.580269103397,0
                82.4337144161027,28.5808157491905,0
                82.433902198911,28.5810483555163,0
                82.4343308124128,28.581894159075,0
                82.4346370575075,28.5832735992784,0
                82.4346220571571,28.5833955881358,0
                82.4345813063255,28.5837320565677,0
                82.4347154645304,28.584344189111,0
                82.4347351956168,28.5851853001726,0
                82.4346387641157,28.5855652635257,0
                82.4344799670682,28.5858668588113,0
                82.4343465449865,28.5860172181625,0
                82.4339946504904,28.5862600651346,0
                82.4345793856635,28.586174894349,0
                82.4353544684968,28.5861892169439,0
                82.4355277573282,28.5861558477341,0
                82.4360511913027,28.5859360006392,0
                82.4362929739672,28.5857687690219,0
                82.4369700755815,28.5854368100417,0
                82.4375715563225,28.5855048744185,0
                82.437917009342,28.5854921933529,0
                82.4383502647673,28.5854063954748,0
                82.4386939054784,28.5854501460803,0
                82.4394639839366,28.5856562015084,0
                82.4396756407342,28.5858118778267,0
                82.4397159458551,28.5859084316839,0
                82.4397315647199,28.5861202874676,0
                82.4397040014605,28.5863483913954,0
                82.4398008552298,28.5867511056168,0
                82.4399223337544,28.5870385180117,0
                82.4398836394818,28.5876682725531,0
                82.4397452139717,28.5880103017793,0
                82.4395415477191,28.5883508295593,0
                82.4392646349365,28.5890327002062,0
                82.4390627826054,28.5893145461025,0
                82.4387752535155,28.5895950165447,0
                82.4384842223929,28.5899905383186,0
                82.4383457348987,28.5903326300438,0
                82.4382682995699,28.590789086969,0
                82.4383023505082,28.591133805954,0
                82.438422077757,28.5914799003471,0
                82.438505439017,28.591596328725,0
                82.4386867807528,28.5920567892167,0
                82.438890933845,28.5924605668017,0
                82.4389896011613,28.5928069117919,0
                82.4389819712744,28.593093447671,0
                82.4387061848362,28.5937189487754,0
                82.4386997433229,28.5939468027255,0
                82.438739673415,28.5940636674184,0
                82.438886150806,28.5942177178419,0
                82.4392269141213,28.5943765206648,0
                82.4395452425148,28.5945738826914,0
                82.4401449711034,28.5947006295646,0
                82.4404041865915,28.5946865720494,0
                82.4407457011508,28.5948070036543,0
                82.4410158442355,28.5951740369354,0
                82.4411420750876,28.5952922774686,0
                82.4415673260899,28.5955087637352,0
                82.441909653621,28.5955931362494,0
                82.4429437000575,28.5956114617393,0
                82.4432007898342,28.5956741475722,0
                82.4436257270716,28.5959109442652,0
                82.4439214957945,28.5961468646442,0
                82.4440889689941,28.5963391000355,0
                82.4442734364959,28.5967453778623,0
                82.4443879725515,28.5973193262884,0
                82.4443839696983,28.5974908101203,0
                82.4444796979127,28.5979521442862,0
                82.4444781811876,28.5988701853361,0
                82.4445687813978,28.5995594357678,0
                82.444647390088,28.5998472852652,0
                82.444932338694,28.6005389758106,0
                82.4452875312026,28.6010044379884,0
                82.4454984995891,28.6012006106305,0
                82.4456206647796,28.6014880233933,0
                82.445593164352,28.6017183772908,0
                82.4453654985222,28.602171831925,0
                82.4451871436507,28.6023971213075,0
                82.4449877920064,28.6025842265357,0
                82.4448558074213,28.6026961512729,0
                82.4446365222338,28.6028270735403,0
                82.4447405680817,28.6029612501015,0
                82.4449935924108,28.6031954196073,0
                82.4452908607694,28.6033929685458,0
                82.4458374637991,28.6039758609114,0
                82.4461553528803,28.6042318419683,0
                82.4462833344938,28.6042914007097,0
                82.4466700931188,28.6043549629046,0
                82.44668752555,28.6045081366981,0
                82.4468274355031,28.6049690335076,0
                82.4470963901068,28.6054330576004,0
                82.4471968711011,28.6057229074066,0
                82.4472716020769,28.6061823038767,0
                82.4472439771185,28.6064104074062,0
                82.4471026125493,28.6068652382701,0
                82.4470029282618,28.6073805023384,0
                82.446910874366,28.6076071052834,0
                82.4469068089537,28.6077785892352,0
                82.4470090410414,28.6080098195823,0
                82.4471986370732,28.6081859939806,0
                82.4478186113635,28.6084274801624,0
                82.4479219692049,28.6086023413542,0
                82.4479799556877,28.6088701296682,0
                82.4479712001655,28.6092130354776,0
                82.4480306260357,28.6094447647313,0
                82.4481140500574,28.6095611305649,0
                82.4483239541965,28.6097731766105,0
                82.4481713493777,28.6098289190426,0
                82.4474883058993,28.6103888573212,0
                82.4472247762932,28.6105564013208,0
                82.4470496727767,28.6106483896584,0
                82.4462662118513,28.6108800448265,0
                82.4454794998315,28.6112471247126,0
                82.4451721622421,28.6114331030013,0
                82.4452797725406,28.6114544148844,0
                82.4460273525698,28.6117735839387,0
                82.4462187624801,28.6118933261165,0
                82.4464122976514,28.6119341370161,0
                82.4469245992061,28.6121541869756,0
                82.4474429659362,28.6121644439798,0
                82.4481579342515,28.6120643387083,0
                82.4492676654624,28.6117208866663,0
                82.4496608648904,28.6115565946453,0
                82.4501174309997,28.6114321130484,0
                82.4503777088641,28.6114000570608,0
                82.4505738714595,28.6113076934034,0
                82.4508348370716,28.6112350163392,0
                82.4514206974964,28.6111317227839,0
                82.4518771383205,28.6110073031798,0
                82.4521366648533,28.6110135563118,0
                82.4523295762151,28.6110543056433,0
                82.4527127693417,28.6112712908876,0
                82.4528411893537,28.6113127270349,0
                82.4531597667956,28.6115281489329,0
                82.4534171684235,28.6116111448805,0
                82.4537401860513,28.6116347099999,0
                82.453868543546,28.6116761462852,0
                82.4543872856595,28.6116660921678,0
                82.4547791724379,28.6115401715417,0
                82.4549763974638,28.6114296846187,0
                82.4553023550598,28.6113405102154,0
                82.4556271244628,28.6113077056796,0
                82.4559490798223,28.6113922027841,0
                82.4562075442384,28.6114142047904,0
                82.4563362132869,28.6114715138986,0
                82.4565276856091,28.6115551335665,0
                82.4571689077494,28.6117579997977,0
                82.4577497648232,28.611808128485,0
                82.4593782410632,28.6113620683234,0
                82.4603615550982,28.6108462555041,0
                82.4616040846211,28.6103163850778,0
                82.4618644874887,28.6102458327579,0
                82.4623187403046,28.6101958442844,0
                82.4625570215075,28.610143664833,0
                82.462665757121,28.6101086699048,0
                82.4631012010869,28.6099438157261,0
                82.4634082883058,28.6097397144784,0
                82.4642319460843,28.6087248824298,0
                82.464672143391,28.6083502359753,0
                82.4648689314536,28.608260121806,0
                82.4650639683516,28.6082241903399,0
                82.4657747469947,28.6082390750366,0
                82.4660322109919,28.6082813871033,0
                82.4662910505695,28.6082875781175,0
                82.4664860881309,28.608251646404,0
                82.466835293579,28.6080877295642,0
                82.4670807039333,28.607767012677,0
                82.4671038895808,28.6076923320293,0
                82.4672804934161,28.6075235381255,0
                82.4674776564561,28.6074131137823,0
                82.4678671049509,28.6073435003884,0
                82.4683210441913,28.6073137595293,0
                82.4686270688349,28.6071277818179,0
                82.4689812149751,28.6067720693946,0
                82.4693082362658,28.6066264005813,0
                82.4694398449957,28.6065325356505,0
                82.4697011865635,28.6064417355728,0
                82.4700260816803,28.6063728090231,0
                82.4701552513924,28.6063758735353,0
                82.4703516641891,28.6063015707607,0
                82.4706095039134,28.6063258846417,0
                82.470804540653,28.6062921407268,0
                82.4714507646347,28.6063054614689,0
                82.4721896063715,28.6060899291207,0
                82.4723868957361,28.6059411332654,0
                82.4734295100029,28.6056546753686,0
                82.4737997121914,28.6054905081728,0
                82.4740411203387,28.6053412753779,0
                82.4743050258425,28.6051173622514,0
                82.4750622541677,28.6041595241899,0
                82.4751742429244,28.6039891039495,0
                82.4752202376175,28.6038939264837,0
                82.4752647957777,28.6038370569393,0
                82.4754054103716,28.603382100772,0
                82.4756580125212,28.602756849969,0
                82.4758591789072,28.6024749413102,0
                82.4762340090523,28.6021393520334,0
                82.47629956306,28.6021227924663,0
                82.4764743541866,28.6020103048976,0
              </coordinates>
            </LinearRing>
          </outerBoundaryIs>
        </Polygon>
      </Placemark>
      <Placemark id="KA_RUKUM_W_Musikot.2">
        <ExtendedData>
          <SchemaData schemaUrl="#KA_RUKUM_W_Musikot.schema">
            <SimpleData name="ogc_fid">1475</SimpleData>
            <SimpleData name="objectid_1">1476</SimpleData>
            <SimpleData name="dcode">54</SimpleData>
            <SimpleData name="district">RUKUM_W</SimpleData>
            <SimpleData name="das">0</SimpleData>
            <SimpleData name="gapa_napa">Musikot</SimpleData>
            <SimpleData name="type_gn">Nagarpalika</SimpleData>
            <SimpleData name="gn_code">4.000000000000000</SimpleData>
            <SimpleData name="new_ward_n">12</SimpleData>
            <SimpleData name="ddgnww">540412.000000000000000</SimpleData>
            <SimpleData name="center">Khalanga</SimpleData>
            <SimpleData name="state_code">6</SimpleData>
            <SimpleData name="ddgn">54004</SimpleData>
            <SimpleData name="area_sqkm">7.321552120470000</SimpleData>
            <SimpleData name="shape_leng">13541.452352700000120</SimpleData>
            <SimpleData name="shape_area">7321552.120470000430942</SimpleData>
            <SimpleData name="Province">KA</SimpleData>
            <SimpleData name="Address">Musikot-12, RUKUM_W, KA</SimpleData>
          </SchemaData>
        </ExtendedData>
        <Polygon>
          <outerBoundaryIs>
            <LinearRing>
              <coordinates>
                82.4357564344284,28.6182050908345,0
                82.4364232321988,28.6174739808398,0
                82.4367988753387,28.6171362050691,0
                82.4376023482597,28.6161194351482,0
                82.4377575799229,28.6159712011801,0
                82.437802888718,28.6158759602565,0
                82.4386414758865,28.6151859114234,0
                82.439481188478,28.6144371177661,0
                82.4397705304302,28.614097965935,0
                82.4400874364496,28.6135329596448,0
                82.4402662286623,28.6132874846839,0
                82.4403336594915,28.6131739958975,0
                82.4405758800352,28.6129864543668,0
                82.4409742705722,28.6126326177017,0
                82.4416312509304,28.6122624115083,0
                82.4417617339704,28.6122272298314,0
                82.4428798456774,28.6115612446199,0
                82.4430980672264,28.6114889423916,0
                82.4433384741573,28.6113601451574,0
                82.443492455047,28.6112660308986,0
                82.4437136794625,28.6110426170831,0
                82.4438021071577,28.610967250027,0
                82.4441011887673,28.611106179566,0
                82.4449361328266,28.6113701671626,0
                82.4451721622421,28.6114331030013,0
                82.4454794998315,28.6112471247126,0
                82.4462662118513,28.6108800448265,0
                82.4470496727767,28.6106483896584,0
                82.4472247762932,28.6105564013208,0
                82.4474883058993,28.6103888573212,0
                82.4481713493777,28.6098289190426,0
                82.4483239541965,28.6097731766105,0
                82.4481140500574,28.6095611305649,0
                82.4480306260357,28.6094447647313,0
                82.4479712001655,28.6092130354776,0
                82.4479799556877,28.6088701296682,0
                82.4479219692049,28.6086023413542,0
                82.4478186113635,28.6084274801624,0
                82.4471986370732,28.6081859939806,0
                82.4470090410414,28.6080098195823,0
                82.4469068089537,28.6077785892352,0
                82.446910874366,28.6076071052834,0
                82.4470029282618,28.6073805023384,0
                82.4471026125493,28.6068652382701,0
                82.4472439771185,28.6064104074062,0
                82.4472716020769,28.6061823038767,0
                82.4471968711011,28.6057229074066,0
                82.4470963901068,28.6054330576004,0
                82.4468274355031,28.6049690335076,0
                82.44668752555,28.6045081366981,0
                82.4466700931188,28.6043549629046,0
                82.4462833344938,28.6042914007097,0
                82.4461553528803,28.6042318419683,0
                82.4458374637991,28.6039758609114,0
                82.4452908607694,28.6033929685458,0
                82.4449935924108,28.6031954196073,0
                82.4447405680817,28.6029612501015,0
                82.4446365222338,28.6028270735403,0
                82.4448558074213,28.6026961512729,0
                82.4449877920064,28.6025842265357,0
                82.4451871436507,28.6023971213075,0
                82.4453654985222,28.602171831925,0
                82.445593164352,28.6017183772908,0
                82.4456206647796,28.6014880233933,0
                82.4454984995891,28.6012006106305,0
                82.4452875312026,28.6010044379884,0
                82.444932338694,28.6005389758106,0
                82.444647390088,28.5998472852652,0
                82.4445687813978,28.5995594357678,0
                82.4444781811876,28.5988701853361,0
                82.4444796979127,28.5979521442862,0
                82.4443839696983,28.5974908101203,0
                82.4443879725515,28.5973193262884,0
                82.4442734364959,28.5967453778623,0
                82.4440889689941,28.5963391000355,0
                82.4439214957945,28.5961468646442,0
                82.4436257270716,28.5959109442652,0
                82.4432007898342,28.5956741475722,0
                82.4429437000575,28.5956114617393,0
                82.441909653621,28.5955931362494,0
                82.4415673260899,28.5955087637352,0
                82.4411420750876,28.5952922774686,0
                82.4410158442355,28.5951740369354,0
                82.4407457011508,28.5948070036543,0
                82.4404041865915,28.5946865720494,0
                82.4401449711034,28.5947006295646,0
                82.4395452425148,28.5945738826914,0
                82.4392269141213,28.5943765206648,0
                82.438886150806,28.5942177178419,0
                82.438739673415,28.5940636674184,0
                82.4386997433229,28.5939468027255,0
                82.4387061848362,28.5937189487754,0
                82.4389819712744,28.593093447671,0
                82.4389896011613,28.5928069117919,0
                82.438890933845,28.5924605668017,0
                82.4386867807528,28.5920567892167,0
                82.438505439017,28.591596328725,0
                82.438422077757,28.5914799003471,0
                82.4383023505082,28.591133805954,0
                82.4382682995699,28.590789086969,0
                82.4383457348987,28.5903326300438,0
                82.4384842223929,28.5899905383186,0
                82.4387752535155,28.5895950165447,0
                82.4390627826054,28.5893145461025,0
                82.4392646349365,28.5890327002062,0
                82.4395415477191,28.5883508295593,0
                82.4397452139717,28.5880103017793,0
                82.4398836394818,28.5876682725531,0
                82.4399223337544,28.5870385180117,0
                82.4398008552298,28.5867511056168,0
                82.4397040014605,28.5863483913954,0
                82.4397315647199,28.5861202874676,0
                82.4397159458551,28.5859084316839,0
                82.4396756407342,28.5858118778267,0
                82.4394639839366,28.5856562015084,0
                82.4386939054784,28.5854501460803,0
                82.4383502647673,28.5854063954748,0
                82.437917009342,28.5854921933529,0
                82.4375715563225,28.5855048744185,0
                82.4369700755815,28.5854368100417,0
                82.4362929739672,28.5857687690219,0
                82.4360511913027,28.5859360006392,0
                82.4355277573282,28.5861558477341,0
                82.4353544684968,28.5861892169439,0
                82.4345793856635,28.586174894349,0
                82.4339946504904,28.5862600651346,0
                82.4336412553702,28.5865772813448,0
                82.433351161807,28.5869547415865,0
                82.4333192837862,28.5873362685816,0
                82.4333650152305,28.588023769188,0
                82.4333403291988,28.5881368205362,0
                82.4332501512605,28.5882685568836,0
                82.4330967952158,28.5883626712928,0
                82.4329235052281,28.5883961031105,0
                82.4325790525549,28.5883907233375,0
                82.4323216500916,28.5883482859188,0
                82.4318946484012,28.5881859197202,0
                82.4309516548151,28.5879973607845,0
                82.4307791159702,28.5879946707687,0
                82.4303458598418,28.5880804692013,0
                82.4299974669681,28.5882081400422,0
                82.4297353752752,28.5883372494695,0
                82.4294493480334,28.588541038817,0
                82.4290716415528,28.5889554951934,0
                82.4286923703484,28.5894444441962,0
                82.4282500475881,28.5898551504698,0
                82.427134188222,28.5904465791365,0
                82.4267158630928,28.590782542193,0
                82.4263605916918,28.5911561905843,0
                82.4262735402021,28.5911931856342,0
                82.4262068602304,28.5912683031478,0
                82.4254215848694,28.5915968859422,0
                82.4250931264233,28.5917807394665,0
                82.4246743639889,28.5921370128127,0
                82.4245409412843,28.5922873094414,0
                82.4244264531915,28.5925140374596,0
                82.4245283099479,28.5927250193325,0
                82.4250307937747,28.5932701020104,0
                82.4252420749983,28.5934460884707,0
                82.4256370112432,28.5939697333501,0
                82.4256971880292,28.5941224707474,0
                82.4258226050529,28.5942767702413,0
                82.4259668937998,28.5945098766303,0
                82.426105428768,28.5949707730562,0
                82.4261162951245,28.5953518640001,0
                82.4259298730406,28.5958838747183,0
                82.425367996343,28.5967131021735,0
                82.4252073231284,28.5970734423634,0
                82.4250652716916,28.5975282730493,0
                82.4248825397855,28.5979068606476,0
                82.4244575084945,28.5992737283999,0
                82.4243800099783,28.5997301850883,0
                82.4243676285081,28.6001881436301,0
                82.4245017863247,28.6008025258161,0
                82.4246439486989,28.6011100628393,0
                82.4246163852275,28.6013381658324,0
                82.4245938881313,28.6013767251509,0
                82.4244209111981,28.6013920960069,0
                82.423474228483,28.6013163389529,0
                82.42253042152,28.6011660889848,0
                82.4217549016657,28.6011313304852,0
                82.4207973379001,28.6014774719394,0
                82.42027765641,28.6015618939777,0
                82.4197617267655,28.6014950808054,0
                82.4189100370036,28.601116039957,0
                82.4183956084751,28.6010109174232,0
                82.4180511554681,28.6010054752425,0
                82.4175305362408,28.6011101454771,0
                82.4166675906819,28.6011305055798,0
                82.4158876309031,28.6012874805001,0
                82.4154524993753,28.6014318980018,0
                82.4146749777612,28.6015324393627,0
                82.4140691857661,28.6014823731335,0
                82.4132961063472,28.601294253873,0
                82.4129503405261,28.60128881221,0
                82.412689125522,28.6013411780616,0
                82.4123385447897,28.6015049701439,0
                82.4121845632958,28.6015967724896,0
                82.4121175080327,28.601692200071,0
                82.4117571718805,28.6022192708991,0
                82.411659928033,28.6025992345505,0
                82.4117186030367,28.6028286520118,0
                82.4118222741442,28.6029832018508,0
                82.4118414573216,28.603080005717,0
                82.4119672497948,28.6032163078386,0
                82.4119863707921,28.6033107995322,0
                82.411957369876,28.6035795243819,0
                82.4118793710539,28.604054041692,0
                82.4118213690354,28.6045869297414,0
                82.4119865134984,28.6056611452775,0
                82.4119821368263,28.6058123191112,0
                82.412274888067,28.6069641552798,0
                82.4124937203145,28.6076565943593,0
                82.4127423660548,28.6080441875428,0
                82.4129311495947,28.6082564830298,0
                82.4135639275752,28.6088431262521,0
                82.4136465385502,28.6089979254525,0
                82.413681278524,28.6093020226976,0
                82.4134331175343,28.6096609863232,0
                82.4131237802588,28.6099033345889,0
                82.4128783074494,28.6101833052748,0
                82.4128054996004,28.6104682781343,0
                82.4126528313246,28.610523958502,0
                82.4122240801404,28.6103818396213,0
                82.4119638018515,28.61041383286,0
                82.4116760868231,28.6106379332438,0
                82.4114132450835,28.610766979635,0
                82.4110431064768,28.6108543413729,0
                82.411382117603,28.6111101353899,0
                82.4118441081707,28.6115947848173,0
                82.4122054297562,28.6118504548287,0
                82.4123758428103,28.6119321372292,0
                82.412549069719,28.6119348264237,0
                82.4131235475454,28.612271679636,0
                82.4138070741203,28.6125893475518,0
                82.4146742634866,28.6128757718608,0
                82.4153481683081,28.6130965736607,0
                82.4155813840097,28.6132362513818,0
                82.4158366594097,28.6133553692763,0
                82.4158780274291,28.6134316128043,0
                82.4156988606137,28.6136568395351,0
                82.415633493933,28.6136935851679,0
                82.4155407515929,28.6139223750425,0
                82.4162082228914,28.6139537574132,0
                82.4169897458745,28.613758349279,0
                82.417767954902,28.6136961161061,0
                82.4180261689925,28.6137024320397,0
                82.4182831958461,28.6137628680925,0
                82.4189282952802,28.6138328083117,0
                82.4191219562283,28.6138375608031,0
                82.4193174305189,28.613783630964,0
                82.4194487268045,28.6137100776478,0
                82.419774683912,28.613620965433,0
                82.4201898818609,28.6134181151262,0
                82.4207389396623,28.6130469702113,0
                82.4212476923926,28.6125792082044,0
                82.421731382651,28.612244932797,0
                82.4219268577585,28.6121909413299,0
                82.4221673275873,28.6120620812279,0
                82.4223007493579,28.6119117845077,0
                82.4228326722348,28.612170144121,0
                82.4231093829405,28.6123093227663,0
                82.4234669529412,28.6126213613533,0
                82.4236373659784,28.6127007319535,0
                82.4240166839383,28.613012583601,0
                82.4243566339716,28.6132097584165,0
                82.4248800530654,28.6137749011236,0
                82.425817839798,28.6150326741667,0
                82.4260709261837,28.6152668438148,0
                82.4269630439769,28.6158393669566,0
                82.427405664516,28.6162475230603,0
                82.4274878994533,28.6164225706768,0
                82.4275016415435,28.6167269187307,0
                82.4275421962832,28.6168437835802,0
                82.4277517261735,28.6170761394347,0
                82.4281120475272,28.6173498070693,0
                82.428257523726,28.6175647899864,0
                82.4283179503809,28.6177378375745,0
                82.4282675137151,28.6180225601205,0
                82.4282641988734,28.6181556734428,0
                82.4286753312752,28.6181265567595,0
                82.4290212225887,28.6180935646243,0
                82.4292826888699,28.6180028269086,0
                82.4302358743788,28.6178890393153,0
                82.4308405424459,28.6179006722728,0
                82.4312712333761,28.6179457994886,0
                82.4316149353921,28.6180301089824,0
                82.4324713767592,28.6183142826925,0
                82.4332438308008,28.6185000896602,0
                82.4335890344833,28.618507719262,0
                82.4343699934384,28.6183686180787,0
                82.4346313978862,28.618277880945,0
                82.4353253679386,28.6181780246752,0
                82.4355842706824,28.6181820905821,0
                82.4357564344284,28.6182050908345,0
              </coordinates>
            </LinearRing>
          </outerBoundaryIs>
        </Polygon>
      </Placemark>
      <Placemark id="KA_RUKUM_W_Musikot.3">
        <ExtendedData>
          <SchemaData schemaUrl="#KA_RUKUM_W_Musikot.schema">
            <SimpleData name="ogc_fid">1481</SimpleData>
            <SimpleData name="objectid_1">1482</SimpleData>
            <SimpleData name="dcode">54</SimpleData>
            <SimpleData name="district">RUKUM_W</SimpleData>
            <SimpleData name="das">0</SimpleData>
            <SimpleData name="gapa_napa">Musikot</SimpleData>
            <SimpleData name="type_gn">Nagarpalika</SimpleData>
            <SimpleData name="gn_code">4.000000000000000</SimpleData>
            <SimpleData name="new_ward_n">13</SimpleData>
            <SimpleData name="ddgnww">540413.000000000000000</SimpleData>
            <SimpleData name="center">Khalanga</SimpleData>
            <SimpleData name="state_code">6</SimpleData>
            <SimpleData name="ddgn">54004</SimpleData>
            <SimpleData name="area_sqkm">9.403421663760000</SimpleData>
            <SimpleData name="shape_leng">15776.753277600000729</SimpleData>
            <SimpleData name="shape_area">9403421.663760000839829</SimpleData>
            <SimpleData name="Province">KA</SimpleData>
            <SimpleData name="Address">Musikot-13, RUKUM_W, KA</SimpleData>
          </SchemaData>
        </ExtendedData>
        <Polygon>
          <outerBoundaryIs>
            <LinearRing>
              <coordinates>
                82.4202208662985,28.6405004371234,0
                82.4204037823069,28.6403158314981,0
                82.4209249162328,28.6394239216377,0
                82.4209747945751,28.6389091565849,0
                82.4215233027793,28.6378252017448,0
                82.4219239438758,28.6373946852116,0
                82.4220332506016,28.6369176684139,0
                82.4225603205445,28.6360955642629,0
                82.4226742451544,28.6359184565173,0
                82.4235033384563,28.6349759306764,0
                82.4252768646515,28.6341182233343,0
                82.4257989888229,28.6337337666933,0
                82.4261865061439,28.6333237468909,0
                82.4265234811956,28.6322465390668,0
                82.4268924022713,28.6304630208341,0
                82.4273102456503,28.6291752083712,0
                82.4275182353667,28.6282031131188,0
                82.4277768955697,28.6278146524398,0
                82.4282267197065,28.6272866447523,0
                82.428507067773,28.626704015163,0
                82.4293142326566,28.6254278320755,0
                82.4294165378128,28.6250568678182,0
                82.4294622849844,28.6248917582182,0
                82.4296720718621,28.6247158403375,0
                82.4304916010098,28.6239290496134,0
                82.4308434338946,28.6236703914044,0
                82.4315892150783,28.6232452534877,0
                82.4319822910837,28.6230606518478,0
                82.432634580551,28.622902675823,0
                82.4331530735381,28.6228723734102,0
                82.4334572207372,28.6228217576667,0
                82.4337639947731,28.6226358418133,0
                82.4338532353785,28.6225243536653,0
                82.4340146587379,28.6221256428841,0
                82.4340639054879,28.6218973521008,0
                82.4340168623322,28.6212099141079,0
                82.4340684242905,28.6208665087163,0
                82.4341623545094,28.6205812243622,0
                82.4343653959044,28.6202408211243,0
                82.4350721249718,28.619624326129,0
                82.435252355641,28.6193427294919,0
                82.4353658436325,28.6191340004937,0
                82.4354108396729,28.6190591330698,0
                82.4354354635246,28.6189438311562,0
                82.4356443831252,28.6183754491318,0
                82.4357564344284,28.6182050908345,0
                82.4355842706824,28.6181820905821,0
                82.4353253679386,28.6181780246752,0
                82.4346313978862,28.618277880945,0
                82.4343699934384,28.6183686180787,0
                82.4335890344833,28.618507719262,0
                82.4332438308008,28.6185000896602,0
                82.4324713767592,28.6183142826925,0
                82.4316149353921,28.6180301089824,0
                82.4312712333761,28.6179457994886,0
                82.4308405424459,28.6179006722728,0
                82.4302358743788,28.6178890393153,0
                82.4292826888699,28.6180028269086,0
                82.4290212225887,28.6180935646243,0
                82.4286753312752,28.6181265567595,0
                82.4282641988734,28.6181556734428,0
                82.4282675137151,28.6180225601205,0
                82.4283179503809,28.6177378375745,0
                82.428257523726,28.6175647899864,0
                82.4281120475272,28.6173498070693,0
                82.4277517261735,28.6170761394347,0
                82.4275421962832,28.6168437835802,0
                82.4275016415435,28.6167269187307,0
                82.4274878994533,28.6164225706768,0
                82.427405664516,28.6162475230603,0
                82.4269630439769,28.6158393669566,0
                82.4260709261837,28.6152668438148,0
                82.425817839798,28.6150326741667,0
                82.4248800530654,28.6137749011236,0
                82.4243566339716,28.6132097584165,0
                82.4240166839383,28.613012583601,0
                82.4236373659784,28.6127007319535,0
                82.4234669529412,28.6126213613533,0
                82.4231093829405,28.6123093227663,0
                82.4228326722348,28.612170144121,0
                82.4223007493579,28.6119117845077,0
                82.4221673275873,28.6120620812279,0
                82.4219268577585,28.6121909413299,0
                82.421731382651,28.612244932797,0
                82.4212476923926,28.6125792082044,0
                82.4207389396623,28.6130469702113,0
                82.4201898818609,28.6134181151262,0
                82.419774683912,28.613620965433,0
                82.4194487268045,28.6137100776478,0
                82.4193174305189,28.613783630964,0
                82.4191219562283,28.6138375608031,0
                82.4189282952802,28.6138328083117,0
                82.4182831958461,28.6137628680925,0
                82.4180261689925,28.6137024320397,0
                82.417767954902,28.6136961161061,0
                82.4169897458745,28.613758349279,0
                82.4162082228914,28.6139537574132,0
                82.4155407515929,28.6139223750425,0
                82.415633493933,28.6136935851679,0
                82.4156988606137,28.6136568395351,0
                82.4158780274291,28.6134316128043,0
                82.4158366594097,28.6133553692763,0
                82.4155813840097,28.6132362513818,0
                82.4153481683081,28.6130965736607,0
                82.4146742634866,28.6128757718608,0
                82.4138070741203,28.6125893475518,0
                82.4131235475454,28.612271679636,0
                82.412549069719,28.6119348264237,0
                82.4123758428103,28.6119321372292,0
                82.4122054297562,28.6118504548287,0
                82.4118441081707,28.6115947848173,0
                82.411382117603,28.6111101353899,0
                82.4110431064768,28.6108543413729,0
                82.4106126037031,28.6107685308157,0
                82.4100152521003,28.6104905478078,0
                82.4093265974739,28.6103624243759,0
                82.4091308738477,28.6103959807194,0
                82.4083989606194,28.6110487225228,0
                82.4078758410022,28.6112097621352,0
                82.4073575986936,28.6111610094414,0
                82.4071875615152,28.6110635783891,0
                82.4068447351559,28.6109407721997,0
                82.4064177342224,28.6107422216775,0
                82.406248135021,28.61062441769,0
                82.4057338954604,28.6104425512202,0
                82.4054761190569,28.6103798030879,0
                82.4051307285778,28.6103540511301,0
                82.4048704508227,28.6103861064686,0
                82.4046079844857,28.6104948427097,0
                82.4042465850489,28.6110421616262,0
                82.4040262369157,28.6111910826546,0
                82.4039394989928,28.6112077669261,0
                82.4038531977187,28.6112063907732,0
                82.4035749255847,28.6110852107434,0
                82.4030884982375,28.6106932398341,0
                82.4026593711337,28.6105713696824,0
                82.4021400038108,28.6105790485369,0
                82.4015313340351,28.6107004032666,0
                82.4012681803307,28.6108113270579,0
                82.4009198511459,28.6108983767933,0
                82.4003949799871,28.6111180983503,0
                82.400133639859,28.611170402401,0
                82.399790000135,28.6110860303171,0
                82.3994519266845,28.6107939898223,0
                82.3992815137586,28.6107123068158,0
                82.3989361232596,28.6106865544094,0
                82.3985863555726,28.6108142248444,0
                82.3979932428315,28.6111451233874,0
                82.3974614307442,28.6116129477608,0
                82.3972409571709,28.6117596807694,0
                82.3971068484232,28.6119099148203,0
                82.3968643152138,28.6120770212331,0
                82.3965141720849,28.6122227525367,0
                82.3963633173132,28.6122198131073,0
                82.3962140273282,28.6121401309163,0
                82.3961302897801,28.6120440131239,0
                82.3960897349501,28.6119271488313,0
                82.3960993027161,28.6115841804884,0
                82.3960395019237,28.6114111327655,0
                82.3958757810185,28.6110654741756,0
                82.395727489745,28.6109654814601,0
                82.3954702140757,28.6108846729175,0
                82.3949533484159,28.6107975479507,0
                82.394719569955,28.6106600573198,0
                82.3945082889313,28.6104840701358,0
                82.3942800139936,28.6101345371286,0
                82.3940359959683,28.6095572739368,0
                82.3939319500295,28.6094207848264,0
                82.3936148726995,28.6091669910535,0
                82.3928671680094,28.6088272610681,0
                82.3926562621531,28.6086309014216,0
                82.392485287284,28.6085515310738,0
                82.3922696287901,28.6085289052373,0
                82.391972485529,28.6083312312726,0
                82.3915234246385,28.6081508662202,0
                82.3911797848621,28.6080664312226,0
                82.3908343954301,28.6080406160537,0
                82.3905749304008,28.6080365506748,0
                82.390487191508,28.6080735453191,0
                82.3898818987918,28.6080594132233,0
                82.3896208705335,28.6081320280181,0
                82.389448330873,28.6081270253866,0
                82.3888395983698,28.6082483178461,0
                82.3883820953358,28.6083928604765,0
                82.3882939814655,28.6084478542048,0
                82.3878376041451,28.6085337768506,0
                82.387531892734,28.6086608860695,0
                82.3870968873089,28.6087668697545,0
                82.3867724307615,28.6087792384212,0
                82.3864188484516,28.6090580206516,0
                82.386036078327,28.6095852789515,0
                82.3855903796569,28.6100544795651,0
                82.3852589823087,28.610315012522,0
                82.3850798143146,28.6105401141394,0
                82.3848796508059,28.610727094171,0
                82.3845711265675,28.6109310085608,0
                82.3842132288982,28.6113632133954,0
                82.384125114538,28.6114182701113,0
                82.3836794788739,28.6118852199667,0
                82.3833617624664,28.6124140421646,0
                82.3833180660334,28.6131768457847,0
                82.3832164452472,28.6137102330802,0
                82.3829784626689,28.6144705347252,0
                82.3827764855364,28.6147140089254,0
                82.3830576973164,28.6147200750127,0
                82.3835776903947,28.6146539642472,0
                82.383707047288,28.614675088834,0
                82.3839193907832,28.6148330776538,0
                82.3841683503368,28.6152004845154,0
                82.3843692504086,28.6157578113915,0
                82.3844729210433,28.6159123612725,0
                82.3848522372958,28.6162829581432,0
                82.3851494435009,28.616480631382,0
                82.3853429787121,28.6165215056552,0
                82.3865188102819,28.6170057287765,0
                82.3868634497092,28.6170698527955,0
                82.3871627823452,28.6171885956899,0
                82.3878080047681,28.6173173431782,0
                82.3882788132203,28.6174974593033,0
                82.3885343387011,28.6176369500845,0
                82.3893975181773,28.6184942590009,0
                82.3895671171542,28.6186120630409,0
                82.3898237058287,28.6187334932887,0
                82.3905960963319,28.6189579207927,0
                82.3911952610741,28.61917959671,0
                82.3915347725747,28.6194354535866,0
                82.3924698847816,28.6200281004331,0
                82.3933673187918,28.6204271393042,0
                82.3936862094728,28.6206246257068,0
                82.3943436743308,28.6210960293681,0
                82.3947224284008,28.6214665633975,0
                82.3947832919661,28.6216216128442,0
                82.3947781015002,28.6218110950373,0
                82.3949234534242,28.6220239524101,0
                82.3956030398138,28.6224770461149,0
                82.3958143201737,28.6226530329246,0
                82.3960009774622,28.622944383265,0
                82.3959928476112,28.623248917639,0
                82.3960330901386,28.623345534876,0
                82.3962001884944,28.6235580799757,0
                82.3967318601711,28.6238931823063,0
                82.3973733932085,28.6241730408029,0
                82.3978250808013,28.624258601876,0
                82.3981869028041,28.6244579011017,0
                82.3984855465697,28.624617203881,0
                82.3985914062287,28.6246950733962,0
                82.3987381332185,28.6248694963432,0
                82.3989729732862,28.6249888638364,0
                82.3990244027239,28.6250582336675,0
                82.3990874556847,28.6251410390809,0
                82.3990358349986,28.625247591352,0
                82.3993207322122,28.6253798961248,0
                82.4001087443012,28.625665068364,0
                82.4008087043823,28.6260638545724,0
                82.4010308583658,28.6262870878366,0
                82.4019970927789,28.6268094288319,0
                82.4025860104154,28.6269250513866,0
                82.4033129028846,28.6274251410177,0
                82.4041848315349,28.628255140383,0
                82.4046608867354,28.6285367461649,0
                82.4058174767038,28.6287119346867,0
                82.4064633804768,28.6291720895277,0
                82.4070775951484,28.6299416525112,0
                82.407479959334,28.6309682519292,0
                82.4079343857042,28.6315950758097,0
                82.4079306313967,28.6318432398588,0
                82.4078762611207,28.6319837262426,0
                82.4076729110163,28.6321166489923,0
                82.4068613943863,28.6321814435225,0
                82.4066562958526,28.6322783061199,0
                82.406578928868,28.632421229855,0
                82.4065659893112,28.632604024846,0
                82.4068898758721,28.6329751209257,0
                82.4070183539875,28.6332128504039,0
                82.4070775841877,28.6338189836296,0
                82.407216060222,28.634140081043,0
                82.4073765348682,28.634287319505,0
                82.4082195361164,28.6348085964781,0
                82.4086064749455,28.635305306257,0
                82.4088233082417,28.635941376133,0
                82.4092493682764,28.6363045989713,0
                82.4098372210264,28.636575957668,0
                82.4098850889153,28.6366205789204,0
                82.4101284272312,28.6368435622579,0
                82.4102968349134,28.6372049687727,0
                82.4103928068268,28.6379730873106,0
                82.4104075416142,28.638694709027,0
                82.4107610180426,28.6407030915607,0
                82.4108994285102,28.6411572389035,0
                82.4109790299587,28.641853363936,0
                82.4112026072751,28.6427465353379,0
                82.4113340092188,28.6436834506728,0
                82.4112566304838,28.6444443799077,0
                82.4111528917277,28.644621424212,0
                82.4128090482521,28.6442838546426,0
                82.4132174964475,28.6440923783463,0
                82.4141633120102,28.6437914825468,0
                82.4146739926166,28.6437884898963,0
                82.4151456784671,28.6437835603829,0
                82.4160561214873,28.6436094020755,0
                82.4169398839573,28.6432076392179,0
                82.4175038775335,28.6428431189166,0
                82.4185021358362,28.6418785970811,0
                82.4197051799129,28.640841960524,0
                82.4199858953871,28.6406607933674,0
                82.4202208662985,28.6405004371234,0
              </coordinates>
            </LinearRing>
          </outerBoundaryIs>
        </Polygon>
      </Placemark>
      <Placemark id="KA_RUKUM_W_Musikot.4">
        <ExtendedData>
          <SchemaData schemaUrl="#KA_RUKUM_W_Musikot.schema">
            <SimpleData name="ogc_fid">1482</SimpleData>
            <SimpleData name="objectid_1">1483</SimpleData>
            <SimpleData name="dcode">54</SimpleData>
            <SimpleData name="district">RUKUM_W</SimpleData>
            <SimpleData name="das">0</SimpleData>
            <SimpleData name="gapa_napa">Musikot</SimpleData>
            <SimpleData name="type_gn">Nagarpalika</SimpleData>
            <SimpleData name="gn_code">4.000000000000000</SimpleData>
            <SimpleData name="new_ward_n">14</SimpleData>
            <SimpleData name="ddgnww">540414.000000000000000</SimpleData>
            <SimpleData name="center">Khalanga</SimpleData>
            <SimpleData name="state_code">6</SimpleData>
            <SimpleData name="ddgn">54004</SimpleData>
            <SimpleData name="area_sqkm">8.452272037040000</SimpleData>
            <SimpleData name="shape_leng">14114.646601500000543</SimpleData>
            <SimpleData name="shape_area">8452272.037040000781417</SimpleData>
            <SimpleData name="Province">KA</SimpleData>
            <SimpleData name="Address">Musikot-14, RUKUM_W, KA</SimpleData>
          </SchemaData>
        </ExtendedData>
        <Polygon>
          <outerBoundaryIs>
            <LinearRing>
              <coordinates>
                82.4111528917277,28.644621424212,0
                82.4112566304838,28.6444443799077,0
                82.4113340092188,28.6436834506728,0
                82.4112026072751,28.6427465353379,0
                82.4109790299587,28.641853363936,0
                82.4108994285102,28.6411572389035,0
                82.4107610180426,28.6407030915607,0
                82.4104075416142,28.638694709027,0
                82.4103928068268,28.6379730873106,0
                82.4102968349134,28.6372049687727,0
                82.4101284272312,28.6368435622579,0
                82.4098850889153,28.6366205789204,0
                82.4098372210264,28.636575957668,0
                82.4092493682764,28.6363045989713,0
                82.4088233082417,28.635941376133,0
                82.4086064749455,28.635305306257,0
                82.4082195361164,28.6348085964781,0
                82.4073765348682,28.634287319505,0
                82.407216060222,28.634140081043,0
                82.4070775841877,28.6338189836296,0
                82.4070183539875,28.6332128504039,0
                82.4068898758721,28.6329751209257,0
                82.4065659893112,28.632604024846,0
                82.406578928868,28.632421229855,0
                82.4066562958526,28.6322783061199,0
                82.4068613943863,28.6321814435225,0
                82.4076729110163,28.6321166489923,0
                82.4078762611207,28.6319837262426,0
                82.4079306313967,28.6318432398588,0
                82.4079343857042,28.6315950758097,0
                82.407479959334,28.6309682519292,0
                82.4070775951484,28.6299416525112,0
                82.4064633804768,28.6291720895277,0
                82.4058174767038,28.6287119346867,0
                82.4046608867354,28.6285367461649,0
                82.4041848315349,28.628255140383,0
                82.4033129028846,28.6274251410177,0
                82.4025860104154,28.6269250513866,0
                82.4019970927789,28.6268094288319,0
                82.4010308583658,28.6262870878366,0
                82.4008087043823,28.6260638545724,0
                82.4001087443012,28.625665068364,0
                82.3993207322122,28.6253798961248,0
                82.3990358349986,28.625247591352,0
                82.3990874556847,28.6251410390809,0
                82.3990244027239,28.6250582336675,0
                82.3989729732862,28.6249888638364,0
                82.3987381332185,28.6248694963432,0
                82.3985914062287,28.6246950733962,0
                82.3984855465697,28.624617203881,0
                82.3981869028041,28.6244579011017,0
                82.3978250808013,28.624258601876,0
                82.3973733932085,28.6241730408029,0
                82.3967318601711,28.6238931823063,0
                82.3962001884944,28.6235580799757,0
                82.3960330901386,28.623345534876,0
                82.3959928476112,28.623248917639,0
                82.3960009774622,28.622944383265,0
                82.3958143201737,28.6226530329246,0
                82.3956030398138,28.6224770461149,0
                82.3949234534242,28.6220239524101,0
                82.3947781015002,28.6218110950373,0
                82.3947832919661,28.6216216128442,0
                82.3947224284008,28.6214665633975,0
                82.3943436743308,28.6210960293681,0
                82.3936862094728,28.6206246257068,0
                82.3933673187918,28.6204271393042,0
                82.3924698847816,28.6200281004331,0
                82.3915347725747,28.6194354535866,0
                82.3911952610741,28.61917959671,0
                82.3905960963319,28.6189579207927,0
                82.3898237058287,28.6187334932887,0
                82.3895671171542,28.6186120630409,0
                82.3893975181773,28.6184942590009,0
                82.3885343387011,28.6176369500845,0
                82.3882788132203,28.6174974593033,0
                82.3878080047681,28.6173173431782,0
                82.3871627823452,28.6171885956899,0
                82.3868634497092,28.6170698527955,0
                82.3865188102819,28.6170057287765,0
                82.3853429787121,28.6165215056552,0
                82.3851494435009,28.616480631382,0
                82.3848522372958,28.6162829581432,0
                82.3844729210433,28.6159123612725,0
                82.3843692504086,28.6157578113915,0
                82.3841683503368,28.6152004845154,0
                82.3839193907832,28.6148330776538,0
                82.383707047288,28.614675088834,0
                82.3835776903947,28.6146539642472,0
                82.3830576973164,28.6147200750127,0
                82.3827764855364,28.6147140089254,0
                82.3825153948581,28.6147842493899,0
                82.3823428554985,28.6147814964921,0
                82.3819129156049,28.61469568557,0
                82.3816381437947,28.6144999496245,0
                82.3815097870755,28.6144584519092,0
                82.3809868062175,28.6138547498653,0
                82.3806066138889,28.6135608956894,0
                82.3801802997465,28.6133599712275,0
                82.3797521734706,28.6132177272931,0
                82.3792326797899,28.6132658407857,0
                82.3787736134126,28.6134464420919,0
                82.3786165683168,28.6136532961841,0
                82.3784740171112,28.6140900661296,0
                82.3783612169654,28.6142581742925,0
                82.3782491667206,28.6143900974106,0
                82.3780946853713,28.6145022104229,0
                82.377941267316,28.6145940124245,0
                82.37785390347,28.614610696653,0
                82.3772510490145,28.614542381662,0
                82.377166562318,28.6144823229604,0
                82.3768225472903,28.6144180738601,0
                82.376652196499,28.6143387037605,0
                82.3763091818661,28.6142542067756,0
                82.3757908151413,28.6142436999494,0
                82.3749338733307,28.6139974600489,0
                82.374763835354,28.6138977173243,0
                82.3744596884515,28.613948145291,0
                82.3742476568466,28.6138104675376,0
                82.37416679642,28.613637606976,0
                82.3741498644295,28.6134640606843,0
                82.3744774613153,28.6126126439328,0
                82.3745552096531,28.6121562493745,0
                82.3745211567533,28.6118498394912,0
                82.3744802898271,28.611753222436,0
                82.3743324369906,28.6116351683923,0
                82.3738836254628,28.6114728020106,0
                82.3735826667257,28.6114284891639,0
                82.3730135575841,28.6113936718712,0
                82.3729560027842,28.6113897340766,0
                82.3728705162229,28.6113049273976,0
                82.3717998523777,28.6110834327024,0
                82.3706355118474,28.6110230462931,0
                82.3702472496549,28.6110990954014,0
                82.3698586118341,28.6112880102785,0
                82.3694700966677,28.6115355440065,0
                82.3692968046351,28.6117244617411,0
                82.3690590799874,28.6120674891892,0
                82.3689503394981,28.6123527740366,0
                82.368777045052,28.6126387452601,0
                82.3686679264868,28.6130955142311,0
                82.3683425828473,28.6137821957101,0
                82.3681483561497,28.6139330546292,0
                82.367803149803,28.6140673490503,0
                82.3673932041687,28.6141413989661,0
                82.3673286509502,28.6141420856512,0
                82.3673280866915,28.6141984554083,0
                82.3673930140191,28.61427451207,0
                82.3676077307472,28.6145227420387,0
                82.3678008837245,28.6149808901371,0
                82.3683161731468,28.6157831993599,0
                82.3685736319017,28.6161257334668,0
                82.3685736303752,28.6162227245121,0
                82.3686159308304,28.6165268220905,0
                82.3686371147928,28.6165852552885,0
                82.3685927351578,28.6171563266079,0
                82.3684171744022,28.6182994693417,0
                82.3683288617067,28.6189837795042,0
                82.3682628612833,28.6194603598158,0
                82.3681759910584,28.6198605715677,0
                82.3680234405981,28.6203176526422,0
                82.3680011861286,28.6207194280859,0
                82.3680653609138,28.6208901631399,0
                82.3683231932198,28.621347687347,0
                82.3684726656748,28.6216913457255,0
                82.3685584651355,28.6218054609698,0
                82.3687087493389,28.6222077382957,0
                82.3690518163864,28.6228358109965,0
                82.3691586067555,28.623236212928,0
                82.3695026141878,28.6236951762713,0
                82.3696748996221,28.6238671626458,0
                82.3699754127178,28.6243241878674,0
                82.3703622897254,28.624782713923,0
                82.3702551775545,28.6248537050534,0
                82.3704252760596,28.6250550023245,0
                82.3712418971325,28.6260279242173,0
                82.3715853402063,28.6265860654557,0
                82.3718436031352,28.6273233141089,0
                82.3719975118713,28.6277615881244,0
                82.3720152506109,28.6282418573855,0
                82.3722551259949,28.6298295896892,0
                82.3727697235072,28.6308687513207,0
                82.3730138197973,28.6306677730517,0
                82.3732357306081,28.6304828565595,0
                82.3736854862827,28.6302707573671,0
                82.3743772695407,28.6301419668118,0
                82.3751778503842,28.6300751717954,0
                82.376567595423,28.6302911100246,0
                82.3774466641966,28.6302596260131,0
                82.3781960012064,28.6302339516468,0
                82.3787281773302,28.6303120153115,0
                82.3809391776608,28.6310135456955,0
                82.3825811981522,28.6313644747106,0
                82.3830186970746,28.6315810236331,0
                82.3832755939391,28.6319212458743,0
                82.3839341668749,28.6332543833213,0
                82.3840884485059,28.6337602762658,0
                82.384233966745,28.6351099045521,0
                82.3844215573608,28.635572676555,0
                82.384710131495,28.6361786879049,0
                82.3852275461424,28.6369808712644,0
                82.3858049446671,28.6382178286815,0
                82.3860890228039,28.6386751036094,0
                82.3863131113395,28.6389953269751,0
                82.3866090658336,28.6392900539975,0
                82.387640785807,28.6401185557003,0
                82.3880229133195,28.640549958935,0
                82.3894107035479,28.6417199340459,0
                82.3902924468434,28.6423717625761,0
                82.3908996037602,28.6429474680192,0
                82.3912344830558,28.6436207241539,0
                82.3915936608998,28.6448259929092,0
                82.3916547051367,28.6453847548408,0
                82.391635621473,28.6466480762148,0
                82.3916708598836,28.6469928570748,0
                82.3918780190542,28.6469952347299,0
                82.3928535140962,28.6469040082683,0
                82.395075593833,28.6465720713933,0
                82.3957284463074,28.6463939723357,0
                82.3966521356177,28.6462987439715,0
                82.3995106922291,28.646003063233,0
                82.4003220847991,28.6458773997174,0
                82.4011647873053,28.6456521203978,0
                82.4025572317716,28.6451888705802,0
                82.403698648668,28.6447394917848,0
                82.4049079921217,28.6443502327385,0
                82.4055370346205,28.6442106298782,0
                82.4059656649481,28.6441882003842,0
                82.4069815865525,28.6443512625445,0
                82.4077771615383,28.6445731293218,0
                82.409458995036,28.6446706448045,0
                82.4111286445435,28.6446261731118,0
                82.4111528917277,28.644621424212,0
              </coordinates>
            </LinearRing>
          </outerBoundaryIs>
        </Polygon>
      </Placemark>
      <Placemark id="KA_RUKUM_W_Musikot.5">
        <ExtendedData>
          <SchemaData schemaUrl="#KA_RUKUM_W_Musikot.schema">
            <SimpleData name="ogc_fid">1483</SimpleData>
            <SimpleData name="objectid_1">1484</SimpleData>
            <SimpleData name="dcode">54</SimpleData>
            <SimpleData name="district">RUKUM_W</SimpleData>
            <SimpleData name="das">0</SimpleData>
            <SimpleData name="gapa_napa">Musikot</SimpleData>
            <SimpleData name="type_gn">Nagarpalika</SimpleData>
            <SimpleData name="gn_code">4.000000000000000</SimpleData>
            <SimpleData name="new_ward_n">9</SimpleData>
            <SimpleData name="ddgnww">540409.000000000000000</SimpleData>
            <SimpleData name="center">Khalanga</SimpleData>
            <SimpleData name="state_code">6</SimpleData>
            <SimpleData name="ddgn">54004</SimpleData>
            <SimpleData name="area_sqkm">8.293300646770000</SimpleData>
            <SimpleData name="shape_leng">16658.179166699999769</SimpleData>
            <SimpleData name="shape_area">8293300.646770000457764</SimpleData>
            <SimpleData name="Province">KA</SimpleData>
            <SimpleData name="Address">Musikot-9, RUKUM_W, KA</SimpleData>
          </SchemaData>
        </ExtendedData>
        <Polygon>
          <outerBoundaryIs>
            <LinearRing>
              <coordinates>
                82.5152838405717,28.5960326152719,0
                82.516251963773,28.5958379601398,0
                82.5165103043672,28.595779906539,0
                82.5168115759455,28.5957786611859,0
                82.5169618070926,28.5957013581413,0
                82.5170478595533,28.595625615862,0
                82.5187896374821,28.5949115822827,0
                82.5202520726847,28.5945260767567,0
                82.5209183644722,28.5941408727885,0
                82.5213694970203,28.5937961606968,0
                82.5215629749629,28.5936223666001,0
                82.5217775126151,28.5933540197136,0
                82.5221425935049,28.5930851125749,0
                82.5227655830607,28.5925099243148,0
                82.5230014937857,28.592223829532,0
                82.523237096858,28.5916873199227,0
                82.5233009679583,28.5914579043923,0
                82.523364779529,28.5910751905811,0
                82.5233639725133,28.5907683430085,0
                82.5234066567803,28.5906154830839,0
                82.5238792882628,28.5902124642151,0
                82.5242018107786,28.590037673248,0
                82.5246743777286,28.5897112720426,0
                82.5250182716803,28.5895391060258,0
                82.5250828895457,28.5894631134561,0
                82.5251686914306,28.5894234311341,0
                82.5258342395967,28.588733691941,0
                82.5260267843937,28.5882734247239,0
                82.5260904101559,28.5878139675827,0
                82.5261972134874,28.5875083720624,0
                82.526303460887,28.5868959925692,0
                82.526560621871,28.5864364137652,0
                82.5266031838314,28.5862068107662,0
                82.5265790814943,28.5851351585447,0
                82.5266215804028,28.5849055557015,0
                82.5267930645828,28.5845217183181,0
                82.5271999602516,28.5838336625904,0
                82.5273038916942,28.5833950169682,0
                82.5273275780593,28.5832959635533,0
                82.5273472700606,28.5829149991244,0
                82.5273896421911,28.5827620764172,0
                82.527388895655,28.5826087153587,0
                82.5269921715106,28.580777377242,0
                82.5269914243952,28.5806240170506,0
                82.5266851100789,28.5796327279971,0
                82.5265970679789,28.5791738943586,0
                82.5266375710884,28.5787164369893,0
                82.5266801297679,28.5786199460967,0
                82.5265296503223,28.5786025083384,0
                82.5252401309316,28.5789290838686,0
                82.5249816035467,28.5789127694925,0
                82.5248956156396,28.578873459274,0
                82.5242928848645,28.5788759496405,0
                82.5233453293651,28.5787054513177,0
                82.523087238455,28.5787071979256,0
                82.5218592856098,28.578423142718,0
                82.52129948661,28.5783673898318,0
                82.5209977175677,28.5782738939893,0
                82.5205450930965,28.578160710609,0
                82.5204591054899,28.5781214003407,0
                82.5200500994539,28.5780853972089,0
                82.5198354379905,28.578200320837,0
                82.5196203410487,28.5782588747425,0
                82.5188676917653,28.5783362947399,0
                82.5185884772434,28.5784527797141,0
                82.5180527284439,28.5788936062338,0
                82.5178606247531,28.5791802017601,0
                82.5177756314959,28.5794093670688,0
                82.5176687677509,28.5795818493485,0
                82.5170910837415,28.5802319063261,0
                82.5168766092103,28.5804032629182,0
                82.5164698435502,28.5808454034699,0
                82.5161911899101,28.5810160714295,0
                82.5156109525933,28.5812104198898,0
                82.5150092816351,28.5813640213875,0
                82.5148800493782,28.5813062122733,0
                82.5146853922424,28.5811349125088,0
                82.5144686774503,28.5808302498457,0
                82.5141447879812,28.5806034539305,0
                82.5138221440017,28.5806043863507,0
                82.5136070472187,28.5806606902642,0
                82.5128133325892,28.581159507684,0
                82.5121272901396,28.5816775123398,0
                82.5118701329927,28.5819272980891,0
                82.511612851448,28.5820981538159,0
                82.5112482724372,28.5823106914676,0
                82.5109687459329,28.5824068658093,0
                82.5107113402963,28.5825394127809,0
                82.5104533740955,28.5825974657195,0
                82.5101090453491,28.582618459104,0
                82.5095923048684,28.5825248347521,0
                82.509333901608,28.5825242688705,0
                82.5088170993153,28.5824125838675,0
                82.5079355281153,28.5825472458159,0
                82.5067303159182,28.5825700387633,0
                82.5063858010132,28.5824941032324,0
                82.5060415970852,28.582533156407,0
                82.5055251045632,28.582534211879,0
                82.5051806519648,28.5824965849594,0
                82.5045775488979,28.5823659001715,0
                82.5042335942616,28.5824049542035,0
                82.5038888288552,28.5823673277916,0
                82.5035230664163,28.5823497615862,0
                82.5033294679332,28.5823498838626,0
                82.5031573038723,28.5823502559268,0
                82.5028987768836,28.5822932570357,0
                82.5022962334876,28.5822956231602,0
                82.5018437346028,28.5821823770466,0
                82.5014997797996,28.5822214304444,0
                82.5006388969584,28.5822051074081,0
                82.5002950669674,28.5822802830533,0
                82.5000366645858,28.5822819035929,0
                82.4997781375981,28.582224905113,0
                82.4993478835068,28.5822449595763,0
                82.4991760937639,28.5822837029859,0
                82.4988317026341,28.5822482639078,0
                82.4985522402476,28.5822677578762,0
                82.4979979376896,28.5824194859299,0
                82.4977819012156,28.5825887793768,0
                82.4975629904595,28.582737825521,0
                82.4967989622377,28.5831026551811,0
                82.4966881627264,28.5832143939455,0
                82.496525243843,28.5833943742922,0
                82.496332765746,28.5836062268953,0
                82.4962432754827,28.5837380890725,0
                82.4959330611131,28.5840753034858,0
                82.4960588694233,28.5833949927343,0
                82.4961088052108,28.5831260178669,0
                82.4961399954531,28.5827625515708,0
                82.4960839457114,28.5824563913724,0
                82.4958991650334,28.5821291688075,0
                82.4956207805662,28.5812841175477,0
                82.4956036611973,28.581110633285,0
                82.495305094508,28.5801891508252,0
                82.4953388487372,28.5797331933085,0
                82.4954382823375,28.579220054455,0
                82.4954457865874,28.578935768462,0
                82.4953258717802,28.5785897360704,0
                82.4951397144891,28.5782985724606,0
                82.4949307474096,28.5780662779003,0
                82.4948490747408,28.5778935425041,0
                82.4948137101014,28.5776051936721,0
                82.494822902792,28.5772622876567,0
                82.4949366414471,28.5770376855457,0
                82.4952033616961,28.5767009699918,0
                82.4952787960397,28.576300883412,0
                82.4952616773157,28.5761296482613,0
                82.4951817544694,28.5758982314149,0
                82.4949756643566,28.5755508846056,0
                82.4949168009841,28.5753214677805,0
                82.4948579382169,28.5751303591323,0
                82.4948190719857,28.5749571251225,0
                82.494963062389,28.5743894289862,0
                82.4951416053031,28.5741438290073,0
                82.4953187727216,28.5739772226054,0
                82.495580489801,28.5738299894709,0
                82.4958407687411,28.5737594374899,0
                82.4960347428447,28.5737460038852,0
                82.4962753999017,28.5735990212967,0
                82.4964325705589,28.5733739191952,0
                82.4965490610867,28.5730321395261,0
                82.4966239338546,28.5726343020192,0
                82.4968046655131,28.5723142718283,0
                82.4965052071544,28.5722319003373,0
                82.4958240549894,28.5719484157166,0
                82.4955716558135,28.5717143712969,0
                82.495364439759,28.5714234572042,0
                82.4947789061284,28.570762259203,0
                82.4945050098835,28.570546462679,0
                82.4934345495609,28.5695139168774,0
                82.4930566067109,28.569161756624,0
                82.4924653823222,28.5687284125538,0
                82.4921488051192,28.5684747439084,0
                82.4919152768037,28.568355500718,0
                82.4916838115505,28.5681595779558,0
                82.4912802452428,28.5679407169297,0
                82.4908177531539,28.5675307482544,0
                82.490650153896,28.5673746976275,0
                82.4904205656832,28.5670840336767,0
                82.4901109921,28.5666001985638,0
                82.4900471888603,28.5665603259947,0
                82.4896738115606,28.566036618242,0
                82.4891283329843,28.5654922859089,0
                82.4883881294996,28.5649973821389,0
                82.4877695297978,28.5647943917559,0
                82.4875585613157,28.5646365910612,0
                82.4873923387214,28.5644037975385,0
                82.4872536157816,28.5639429625912,0
                82.4872194391969,28.5636004938591,0
                82.4872425154307,28.5627431349477,0
                82.4871625923213,28.5625116550364,0
                82.4870418029411,28.5621859338825,0
                82.4869330666118,28.562220928477,0
                82.4865854859814,28.5623465371803,0
                82.4860606132881,28.5626771865286,0
                82.4858157657477,28.5629775304985,0
                82.4855904769784,28.5633544298028,0
                82.4854514262541,28.563732643061,0
                82.4853801029015,28.5647980436299,0
                82.4851153690316,28.5658587550607,0
                82.4850836162939,28.5662403443714,0
                82.4849916240339,28.5664668853899,0
                82.4847212771138,28.5669164648575,0
                82.4846504698215,28.5671450050943,0
                82.4846468422222,28.5672961788797,0
                82.4845331663644,28.5675229690528,0
                82.4844668614152,28.5675778375486,0
                82.4842953230047,28.5675548998422,0
                82.4839559353383,28.567357850736,0
                82.483700409115,28.5672569182381,0
                82.4833552051142,28.5672877856573,0
                82.4830938001126,28.5674146447791,0
                82.4826378599219,28.5675571874774,0
                82.4824188868199,28.5677039832661,0
                82.4822621532227,28.5679109625211,0
                82.4819609927534,28.5686675755254,0
                82.4817393303271,28.5688910518596,0
                82.4810437950858,28.56912414547,0
                82.4806976539871,28.5691753855214,0
                82.4800082471099,28.5691603138781,0
                82.4798132728168,28.5691940584888,0
                82.4795733664361,28.5693026695281,0
                82.4794827503219,28.5694525298067,0
                82.4794119429905,28.5696810073333,0
                82.4793774389315,28.5701370903076,0
                82.4792377636717,28.5705175526682,0
                82.4791710839493,28.5705904828962,0
                82.4790398496702,28.5706640364571,0
                82.4793575530186,28.5708635857972,0
                82.4795044687104,28.5709996380494,0
                82.4802256749988,28.5714157977634,0
                82.4810798668389,28.5716996593769,0
                82.4812492796015,28.5717993398296,0
                82.4816774071425,28.5719051490977,0
                82.4825277222231,28.5723221859277,0
                82.4830400239343,28.5725060511379,0
                82.4838679036992,28.5729616468015,0
                82.4843819560949,28.5730890803699,0
                82.4848080200641,28.5732693817834,0
                82.4849335634304,28.5733853111586,0
                82.4850776014536,28.5736363526562,0
                82.4852510018872,28.5743855359885,0
                82.485601505993,28.5749636754166,0
                82.4856821784548,28.5751567218392,0
                82.4858020314548,28.5755027540762,0
                82.4857757190488,28.5756744877886,0
                82.4856847278723,28.575844658678,0
                82.4853989500352,28.5760485108326,0
                82.485072742556,28.5761558708797,0
                82.4849415716383,28.5762294875704,0
                82.4847640297476,28.5764163421188,0
                82.4844593183448,28.576505392072,0
                82.4839366350219,28.5767209268146,0
                82.4835420592779,28.5769620240335,0
                82.4833648920654,28.5771286314929,0
                82.4830666707691,28.5777725050431,0
                82.4828421323342,28.5781110955319,0
                82.4826431563,28.5782778279411,0
                82.4820303568197,28.5786274112479,0
                82.4818738753424,28.5788140173895,0
                82.4818166230519,28.5793289690858,0
                82.482134373906,28.5803066337761,0
                82.4821850445746,28.5808248366336,0
                82.4821413484801,28.5816238255159,0
                82.4820887239221,28.5819672303756,0
                82.4820660239995,28.5827659063885,0
                82.4821430700433,28.5831124385607,0
                82.4822856699278,28.5833951020264,0
                82.4823028521631,28.5835730855891,0
                82.4823833361587,28.5838045037406,0
                82.4825951172212,28.5839601169666,0
                82.4827872778644,28.5840414873075,0
                82.4832162180431,28.5841066752638,0
                82.4837342104532,28.5840987458617,0
                82.4839911746065,28.5841613691329,0
                82.4841617129937,28.5842429894021,0
                82.4845424687081,28.5845162195888,0
                82.4849189091026,28.5849834949614,0
                82.4852347359064,28.5852755354761,0
                82.4856736031411,28.5858188039967,0
                82.4859684951726,28.586111094545,0
                82.4861248997029,28.5867431630046,0
                82.4861191463065,28.5869710172504,0
                82.4860705857044,28.5871993707688,0
                82.4857260537728,28.5880489747131,0
                82.4856768692119,28.588277328272,0
                82.4856860455992,28.5887915307259,0
                82.4858025822668,28.5893089852805,0
                82.4859847361273,28.5897693836131,0
                82.4862132609272,28.5901187918983,0
                82.4867558625449,28.5908165482654,0
                82.4868153498454,28.5910459658453,0
                82.4871761718694,28.5912630763967,0
                82.4873452090879,28.5913807548706,0
                82.4875344920102,28.5915748654073,0
                82.4880949004131,28.5924461686529,0
                82.4885747610285,28.5930838042046,0
                82.4888086643098,28.5932232327014,0
                82.4890864368798,28.5933059166825,0
                82.4897767815297,28.593282553988,0
                82.4901201092676,28.5933464275393,0
                82.4903768227708,28.5934292993808,0
                82.4906314102382,28.5935866637447,0
                82.4910577868483,28.593784963692,0
                82.4914853510415,28.5939292066803,0
                82.491824487881,28.594146442083,0
                82.4927404814186,28.5945852273858,0
                82.4927817866863,28.5946614716899,0
                82.4929925673543,28.5948372706366,0
                82.4932652740004,28.5951478717057,0
                82.4936193414211,28.5956514550927,0
                82.4936663971026,28.5957253865874,0
                82.4938264954451,28.5959807407541,0
                82.4940824580967,28.5960997329943,0
                82.4945880684947,28.596567822852,0
                82.4947752876666,28.5968386757754,0
                82.4948141540019,28.5970119103916,0
                82.4950638018228,28.5973587575307,0
                82.4952477685158,28.5977627227448,0
                82.4953728742226,28.5979372705745,0
                82.4958375539228,28.598308805936,0
                82.4961801928036,28.5984133018003,0
                82.496418724608,28.5983408122821,0
                82.4969864653157,28.5980480345949,0
                82.4977647997706,28.5979695534815,0
                82.4979319027327,28.5978999996478,0
                82.4979972696967,28.5978722533901,0
                82.4981136280193,28.5979141257305,0
                82.498371656801,28.5978944442623,0
                82.4990600662415,28.5977396562664,0
                82.4993395933809,28.5976051728626,0
                82.4996406192477,28.5973738861072,0
                82.500092124597,28.5971623490626,0
                82.500522256461,28.5970656149032,0
                82.5018993234546,28.5968710899736,0
                82.5020283686256,28.5968702176419,0
                82.5022005327021,28.5968495964632,0
                82.5026310378535,28.5968114812279,0
                82.5031470954814,28.5967134355011,0
                82.5040074829535,28.5965019058564,0
                82.5052128202535,28.5964790507095,0
                82.5060738904364,28.5965156226435,0
                82.5066762472613,28.5964568863324,0
                82.5070204522505,28.596379461461,0
                82.5080533145632,28.5962802985039,0
                82.5082255408047,28.5963002358595,0
                82.508526751144,28.596260682036,0
                82.5091291075426,28.5962019464684,0
                82.5093013338222,28.5962195718759,0
                82.5105063620178,28.5960636663561,0
                82.5124862808397,28.5960583213866,0
                82.5128306108341,28.5959989571479,0
                82.5133468539351,28.5959977771859,0
                82.5139493988216,28.5958826721782,0
                82.5143797159653,28.5958806160685,0
                82.5146380570245,28.5958428109946,0
                82.5148962090018,28.5958411273547,0
                82.5151116168911,28.5958796265212,0
                82.5152838405717,28.5960326152719,0
              </coordinates>
            </LinearRing>
          </outerBoundaryIs>
        </Polygon>
      </Placemark>
      <Placemark id="KA_RUKUM_W_Musikot.6">
        <ExtendedData>
          <SchemaData schemaUrl="#KA_RUKUM_W_Musikot.schema">
            <SimpleData name="ogc_fid">1484</SimpleData>
            <SimpleData name="objectid_1">1485</SimpleData>
            <SimpleData name="dcode">54</SimpleData>
            <SimpleData name="district">RUKUM_W</SimpleData>
            <SimpleData name="das">0</SimpleData>
            <SimpleData name="gapa_napa">Musikot</SimpleData>
            <SimpleData name="type_gn">Nagarpalika</SimpleData>
            <SimpleData name="gn_code">4.000000000000000</SimpleData>
            <SimpleData name="new_ward_n">8</SimpleData>
            <SimpleData name="ddgnww">540408.000000000000000</SimpleData>
            <SimpleData name="center">Khalanga</SimpleData>
            <SimpleData name="state_code">6</SimpleData>
            <SimpleData name="ddgn">54004</SimpleData>
            <SimpleData name="area_sqkm">16.045571576000000</SimpleData>
            <SimpleData name="shape_leng">22468.732998899999075</SimpleData>
            <SimpleData name="shape_area">16045571.575999997556210</SimpleData>
            <SimpleData name="Province">KA</SimpleData>
            <SimpleData name="Address">Musikot-8, RUKUM_W, KA</SimpleData>
          </SchemaData>
        </ExtendedData>
        <Polygon>
          <outerBoundaryIs>
            <LinearRing>
              <coordinates>
                82.5440852569834,28.5729704100341,0
                82.5434802211411,28.5726098090451,0
                82.5432861857797,28.5725535614347,0
                82.5417962766129,28.5718338556185,0
                82.5408257869923,28.5715911149506,0
                82.5399625971099,28.5713066274542,0
                82.539659325196,28.5712965617339,0
                82.5394461039846,28.5712898087259,0
                82.5390580335675,28.5711953744473,0
                82.5389290505954,28.571196246542,0
                82.5384776732665,28.5712928560901,0
                82.5380261702241,28.5713331582833,0
                82.5376394082605,28.5714485175287,0
                82.5374458089062,28.5714487025762,0
                82.5370578636039,28.5713745785271,0
                82.5363464643141,28.5711075290458,0
                82.5358942146673,28.5710146571396,0
                82.5357220506097,28.5710150908977,0
                82.5355074528031,28.5711300147903,0
                82.5353577820455,28.5713223701022,0
                82.5351459233271,28.5719336231776,0
                82.5347840204562,28.5726988600082,0
                82.5345929736021,28.5732336202951,0
                82.5344224284424,28.5735385273697,0
                82.5340586580571,28.5739225496918,0
                82.5338867422115,28.573999602627,0
                82.5337583821867,28.5741335883502,0
                82.5333508700155,28.5743637482473,0
                82.5330723411821,28.5745930983215,0
                82.532664579175,28.5748413195476,0
                82.5325786528826,28.5748606911868,0
                82.5325143476007,28.5749389332683,0
                82.5321068978374,28.5752074652389,0
                82.5315916513572,28.5754183759899,0
                82.5310122228088,28.5757437120718,0
                82.5305827157994,28.5758788805262,0
                82.5300663472627,28.575918432264,0
                82.5298946203045,28.5759774239457,0
                82.5290339232084,28.5760177205086,0
                82.5282606482966,28.5762484373466,0
                82.5279390006077,28.5764591630576,0
                82.5277676450799,28.5766513308376,0
                82.5274486743584,28.5773380750871,0
                82.5268720477577,28.5782566074439,0
                82.5267656831413,28.5784877717565,0
                82.5266801297679,28.5786199460967,0
                82.5266375710884,28.5787164369893,0
                82.5265970679789,28.5791738943586,0
                82.5266851100789,28.5796327279971,0
                82.5269914243952,28.5806240170506,0
                82.5269921715106,28.580777377242,0
                82.527388895655,28.5826087153587,0
                82.5273896421911,28.5827620764172,0
                82.5273472700606,28.5829149991244,0
                82.5273275780593,28.5832959635533,0
                82.5273038916942,28.5833950169682,0
                82.5271999602516,28.5838336625904,0
                82.5267930645828,28.5845217183181,0
                82.5266215804028,28.5849055557015,0
                82.5265790814943,28.5851351585447,0
                82.5266031838314,28.5862068107662,0
                82.526560621871,28.5864364137652,0
                82.526303460887,28.5868959925692,0
                82.5261972134874,28.5875083720624,0
                82.5260904101559,28.5878139675827,0
                82.5260267843937,28.5882734247239,0
                82.5258342395967,28.588733691941,0
                82.5251686914306,28.5894234311341,0
                82.5250828895457,28.5894631134561,0
                82.5250182716803,28.5895391060258,0
                82.5246743777286,28.5897112720426,0
                82.5242018107786,28.590037673248,0
                82.5238792882628,28.5902124642151,0
                82.5234066567803,28.5906154830839,0
                82.5233639725133,28.5907683430085,0
                82.523364779529,28.5910751905811,0
                82.5233009679583,28.5914579043923,0
                82.523237096858,28.5916873199227,0
                82.5230014937857,28.592223829532,0
                82.5227655830607,28.5925099243148,0
                82.5221425935049,28.5930851125749,0
                82.5217775126151,28.5933540197136,0
                82.5215629749629,28.5936223666001,0
                82.5213694970203,28.5937961606968,0
                82.5209183644722,28.5941408727885,0
                82.5202520726847,28.5945260767567,0
                82.5187896374821,28.5949115822827,0
                82.5170478595533,28.595625615862,0
                82.5169618070926,28.5957013581413,0
                82.5168115759455,28.5957786611859,0
                82.5165103043672,28.595779906539,0
                82.516251963773,28.5958379601398,0
                82.5152838405717,28.5960326152719,0
                82.5152420873221,28.5965283188918,0
                82.5151146527681,28.5972758105707,0
                82.5150723991358,28.5977355180747,0
                82.5150730198768,28.5979633093043,0
                82.5151385040138,28.5983271519736,0
                82.515268477992,28.598786487108,0
                82.5153549644567,28.5988821671966,0
                82.5153765848936,28.5989590980428,0
                82.5156354200702,28.5992258266586,0
                82.515829391551,28.5993587547332,0
                82.5164540542955,28.5995099378099,0
                82.5165830369517,28.5994707562715,0
                82.5170135405249,28.599527319597,0
                82.5171858905446,28.5995833792139,0
                82.51806944897,28.6001365914556,0
                82.5186727981287,28.6004409478521,0
                82.5192973994132,28.6005537585787,0
                82.5195340528098,28.6006691266492,0
                82.5197283989545,28.600802055207,0
                82.5199224944712,28.6009914155783,0
                82.5201818852626,28.6015851771454,0
                82.5202684963371,28.6016988558044,0
                82.5206995559986,28.602080264717,0
                82.5209797026718,28.6021938827224,0
                82.5210444432708,28.6022509416462,0
                82.5212167318924,28.6022889403691,0
                82.5216469864409,28.6022485754199,0
                82.5218192752519,28.6022662012309,0
                82.522077616362,28.602226146638,0
                82.5225079353019,28.6020909778353,0
                82.5229383144109,28.6021092319433,0
                82.5232826437857,28.602067866125,0
                82.5236272835536,28.6021438015309,0
                82.5241878248397,28.6025400860265,0
                82.5245115861143,28.6029203062221,0
                82.5247273672878,28.6030714829819,0
                82.5249647677186,28.6033199637453,0
                82.5252887150193,28.6037565532095,0
                82.5256768437172,28.6040990903577,0
                82.5259787370384,28.6043076382646,0
                82.5266901948433,28.6047032997659,0
                82.5270778301622,28.6047210539561,0
                82.5274649029887,28.6046801880738,0
                82.5275512660625,28.6047194353031,0
                82.5279612044633,28.6050599727145,0
                82.5282849654755,28.6054401924283,0
                82.5283495810905,28.605476940318,0
                82.5284786886844,28.6054761303519,0
                82.5285643687481,28.6052672755714,0
                82.5285636242127,28.6049988626814,0
                82.5284329641174,28.6044471611262,0
                82.5282601809206,28.6041226256727,0
                82.5281307019772,28.6039701384585,0
                82.5277855037969,28.6037047198981,0
                82.5275052937288,28.6035934138705,0
                82.5267509042652,28.6031183214166,0
                82.5264920671855,28.6030072645372,0
                82.5261473678739,28.6027779687382,0
                82.5258885949783,28.6025315501685,0
                82.5257801772823,28.6022845086666,0
                82.5256929471459,28.6018279236291,0
                82.5256477815022,28.6009883758933,0
                82.5255612358682,28.6007596453601,0
                82.5254964959227,28.6006822136679,0
                82.5253238966023,28.6005495360347,0
                82.5254744402542,28.6004541717451,0
                82.5265281784608,28.6001250306938,0
                82.5271740304764,28.6000643583643,0
                82.5279490488619,28.600153986328,0
                82.5284652940405,28.6000197562419,0
                82.5288526800946,28.5999585802691,0
                82.5291105847601,28.5998620930996,0
                82.529884425794,28.5994397053893,0
                82.5307876214659,28.599111061818,0
                82.5315627671777,28.5991060108964,0
                82.5321435036526,28.5989499093257,0
                82.533176677062,28.5989452999362,0
                82.5338220918139,28.5988462553844,0
                82.5341452333517,28.5989219414577,0
                82.5345970481383,28.5988997628213,0
                82.5351783433111,28.5989533906533,0
                82.5354367461304,28.5989336470362,0
                82.5362112062515,28.5988156694018,0
                82.536856747175,28.5986580680917,0
                82.5374376077919,28.5985605227573,0
                82.5380399669713,28.5983662373364,0
                82.5383191844723,28.5981369497194,0
                82.5385334742275,28.5977716116766,0
                82.5387041485244,28.5972569116617,0
                82.5388312089883,28.5964530499667,0
                82.5388741419553,28.5963971180616,0
                82.5389590762555,28.5959379116424,0
                82.5389583954511,28.5955951307119,0
                82.5390010805383,28.595421834551,0
                82.5392793657996,28.5948857633302,0
                82.5395372100207,28.5946741616727,0
                82.5396588188904,28.5946822876237,0
                82.5397953627251,28.594692788346,0
                82.5399464648552,28.5947869070007,0
                82.5404425196387,28.5949772096356,0
                82.5408307767174,28.5951077031976,0
                82.5410246880185,28.5951278296045,0
                82.5412834017195,28.5952027638472,0
                82.5421885266539,28.5953117673599,0
                82.5430288490643,28.5953658998574,0
                82.5441276379902,28.5953799772037,0
                82.5451615002698,28.595298499773,0
                82.5456781810776,28.5952207022792,0
                82.546259978201,28.5952178983932,0
                82.5467770316825,28.5952527780609,0
                82.5474235678686,28.595345404056,0
                82.5478117014279,28.5954397757039,0
                82.5485228527163,28.5955511510424,0
                82.5495571496325,28.5956050366354,0
                82.5501389452204,28.5956022332718,0
                82.5505268921174,28.5956379855791,0
                82.551173180682,28.5956155597612,0
                82.5519479544494,28.5954208392581,0
                82.5524646997838,28.5952662358981,0
                82.552465072442,28.5953812253177,0
                82.5524876249189,28.5957626910578,0
                82.5525962289182,28.5960683515724,0
                82.5526621490848,28.5965246860443,0
                82.5527918777137,28.596753854471,0
                82.5529657191768,28.5972880579306,0
                82.5535068780744,28.5982006066596,0
                82.5536151077847,28.59850620556,0
                82.5538750008623,28.5989623546117,0
                82.5542640018835,28.5994379415391,0
                82.5544374099402,28.599742103686,0
                82.5547614227855,28.6000657666551,0
                82.5549776381082,28.6003499931412,0
                82.555193481109,28.6005214809603,0
                82.5553230225784,28.6006739692033,0
                82.555647656611,28.6011871769748,0
                82.555734578333,28.6014159697467,0
                82.5558004979461,28.6018745529358,0
                82.5559090387695,28.6022546450293,0
                82.5559099703078,28.6025613666562,0
                82.5560624396355,28.6030952575219,0
                82.5562355977803,28.6033994193468,0
                82.5563868869671,28.6035499079116,0
                82.556624598339,28.6038749439458,0
                82.5567977570838,28.6041790437477,0
                82.5568413725546,28.6043306556535,0
                82.5570143448571,28.6045783224227,0
                82.5570795811419,28.6048068655223,0
                82.5572527395623,28.6051109647719,0
                82.557403966064,28.6052637026573,0
                82.5577934646794,28.6058723405784,0
                82.5581410245569,28.6068075721232,0
                82.5583795460255,28.60726347129,0
                82.5584896436084,28.6079503473714,0
                82.5586860415913,28.6086358492245,0
                82.558860632303,28.6091700534601,0
                82.5590341027682,28.6094944007843,0
                82.5594256543108,28.6105609333926,0
                82.5595166391754,28.610731106843,0
                82.5595985660962,28.6106935487701,0
                82.5600935673377,28.6103853345281,0
                82.5607394226151,28.6101147442671,0
                82.5611270597303,28.6100173837566,0
                82.5617737238455,28.6099204652532,0
                82.5622263513115,28.6098801623035,0
                82.562743718796,28.6098766703832,0
                82.5630672987913,28.6099522311365,0
                82.5635851021173,28.6100073584682,0
                82.5638441289266,28.6100822929208,0
                82.5643616203573,28.610137358067,0
                82.5646207705784,28.6102303531921,0
                82.5648796722442,28.6102691663166,0
                82.5652679303945,28.6103815995142,0
                82.5659145330021,28.6102440593157,0
                82.5661080723116,28.6101107612864,0
                82.5661726256643,28.6101092002263,0
                82.5666245075145,28.6098411067215,0
                82.5673351027027,28.6096072636103,0
                82.5679171498836,28.6095479648281,0
                82.5686289274963,28.6096411551501,0
                82.5690174973326,28.6097535250053,0
                82.5695354858101,28.6099597642467,0
                82.569945803071,28.6100723844231,0
                82.5701400877114,28.6101668158956,0
                82.5705932741467,28.6102979985865,0
                82.5709820306708,28.6104690513843,0
                82.5712413053513,28.6106206036347,0
                82.5716296251724,28.6107532222002,0
                82.572213102995,28.6110548901479,0
                82.5730552322407,28.6113953091531,0
                82.5738966764931,28.6116387367988,0
                82.5740260961898,28.6116378634302,0
                82.5743716092641,28.6117700447465,0
                82.5747173716233,28.6119587192391,0
                82.5747607392277,28.61203577556,0
                82.5751714276927,28.6123581899342,0
                82.5768585460099,28.6138397656306,0
                82.5769235357096,28.6139328833711,0
                82.5771827479982,28.6140844988325,0
                82.5773775930294,28.6142556726375,0
                82.5776371782829,28.6144839682403,0
                82.5778092190415,28.614424914256,0
                82.5785632465505,28.6142117576167,0
                82.5787999046107,28.6140766478035,0
                82.5792084184106,28.6137313108129,0
                82.5792945948007,28.613693878196,0
                82.5795951851582,28.6133880353992,0
                82.5798318433843,28.6132326162443,0
                82.5803472215848,28.6126583014988,0
                82.5804971449311,28.6123711426692,0
                82.5804954046385,28.6118568770972,0
                82.5802998141443,28.6114555989866,0
                82.5802122702518,28.6110554468583,0
                82.5801874150337,28.610195775537,0
                82.5802297270615,28.6099684220308,0
                82.5802494837066,28.6094520942919,0
                82.5802485514395,28.6091656210561,0
                82.5802046241781,28.6089373913944,0
                82.5802020127487,28.6082493915118,0
                82.5801579624715,28.6079647303609,0
                82.5799834328283,28.6074485871103,0
                82.5799614387462,28.6072769152989,0
                82.579657242968,28.6065925986186,0
                82.5796565578184,28.606477546787,0
                82.579591631381,28.6063640558469,0
                82.5795693254199,28.606192446563,0
                82.5796064497013,28.6059740295205,0
                82.5796116989896,28.6059425325174,0
                82.5795464597833,28.6058493529634,0
                82.5793936181907,28.6052184086635,0
                82.5793485700381,28.6047623250614,0
                82.5792830205789,28.6045338450324,0
                82.5792811570803,28.6039608973874,0
                82.579128684776,28.6035600568047,0
                82.5788034900749,28.6029882297085,0
                82.5786289615101,28.6024743989674,0
                82.5785847237567,28.6021311180703,0
                82.5789481900075,28.6013273846337,0
                82.5791840403733,28.6009464231561,0
                82.5796356732094,28.6006195848625,0
                82.5799585688286,28.6004831016778,0
                82.5804322575577,28.6003482461074,0
                82.5805830520256,28.6002505699598,0
                82.5807117247178,28.6001165844459,0
                82.5807544082879,28.5999839092651,0
                82.5809044553862,28.5997531832502,0
                82.5809247713194,28.5994105269827,0
                82.5808376621772,28.5991817966391,0
                82.5808157313708,28.5990101876945,0
                82.5807286851225,28.5987814570383,0
                82.5803818027511,28.5983244314601,0
                82.5803812443721,28.5981530101082,0
                82.5806374094637,28.5974654516591,0
                82.5808088306693,28.5971198611682,0
                82.5809149498642,28.596663154431,0
                82.5809145777701,28.5965481029844,0
                82.5806101319761,28.5958614739011,0
                82.5805448319858,28.5956330564292,0
                82.5805440243681,28.5954051398725,0
                82.5807140140129,28.5947166426947,0
                82.5807132684062,28.5944866642412,0
                82.5808187028158,28.5939148430509,0
                82.5809469425028,28.5935710016144,0
                82.5809670092569,28.5931697891522,0
                82.5810725696666,28.5925393479827,0
                82.5810919548038,28.5919079689765,0
                82.5810480269178,28.5916796769154,0
                82.580917114364,28.5913173958793,0
                82.580722270758,28.5910334192607,0
                82.5805708556665,28.5909371134451,0
                82.580354513676,28.5907295661326,0
                82.5796417426141,28.5903319045702,0
                82.5794255873974,28.5901807907951,0
                82.5790360855292,28.5897616985462,0
                82.5791434499057,28.5895710920853,0
                82.5794228544192,28.589339430537,0
                82.5797025690277,28.5892047592155,0
                82.5799176655698,28.5891483301636,0
                82.5803264279596,28.5888977342738,0
                82.5806053972429,28.5885330219376,0
                82.5807122619208,28.5883040449073,0
                82.5807973821898,28.5879598277486,0
                82.5808818169586,28.5875006837553,0
                82.5808806987687,28.5871577150742,0
                82.5808149002749,28.5868728647252,0
                82.5806628036103,28.5864720248093,0
                82.5804673998114,28.5861090548685,0
                82.5801857566057,28.5857677694352,0
                82.579904799491,28.5855212253936,0
                82.5790412380079,28.5850295078517,0
                82.5784375727742,28.5848608270307,0
                82.5780924339859,28.5847285839947,0
                82.5775527636458,28.584407168457,0
                82.5772288137585,28.5840834430038,0
                82.5768828693216,28.5836084193635,0
                82.5767960721624,28.5834360587026,0
                82.5767806375314,28.5833953124044,0
                82.5767087753155,28.5832073905472,0
                82.5766002312197,28.5830370301022,0
                82.5763372815635,28.5822357867974,0
                82.5757499427014,28.5812078730005,0
                82.5756193409223,28.5809222722614,0
                82.5754654354657,28.580350072467,0
                82.5751822341556,28.5797966813043,0
                82.5750086371216,28.5795693251493,0
                82.5745762011233,28.5792850321271,0
                82.574317051013,28.5791717886124,0
                82.5738859226831,28.5790973518135,0
                82.5735617203666,28.578906739314,0
                82.5727850794369,28.5786820604753,0
                82.572525991907,28.5785687547231,0
                82.5720085011502,28.5784753179638,0
                82.5717501606369,28.5784951876048,0
                82.5711470552557,28.578459494161,0
                82.5706289414214,28.578291564331,0
                82.5700252745742,28.578197314012,0
                82.5693351210764,28.5780479427264,0
                82.568904491472,28.5780321254357,0
                82.5681276013704,28.5778254452111,0
                82.5674381949658,28.5777707527261,0
                82.5670075030505,28.5777729960231,0
                82.5667486644314,28.5777364332983,0
                82.5662321077364,28.5778144180378,0
                82.5657159867587,28.5779510857769,0
                82.5650282614896,28.5782596091928,0
                82.5647920409408,28.578412716719,0
                82.5642759213438,28.5785290740958,0
                82.5635008367093,28.5785908064068,0
                82.563156507299,28.5786886051289,0
                82.5628126132005,28.5788428981844,0
                82.5622118730893,28.5792830989597,0
                82.5619542796859,28.5794382683062,0
                82.561782301637,28.5795154464145,0
                82.5610937669965,28.5796524858166,0
                82.5604047973583,28.5796744734059,0
                82.5599740425284,28.5797330243611,0
                82.5592850733471,28.5797370139311,0
                82.5589399329134,28.5796995124444,0
                82.558336951311,28.5797224390146,0
                82.5579920619158,28.5796465658705,0
                82.5567852894115,28.5795773665576,0
                82.5563339708111,28.5797890899432,0
                82.5557330453119,28.5801729211249,0
                82.5556468068078,28.580192355473,0
                82.555068061914,28.58072973496,0
                82.5546602372191,28.580980268746,0
                82.5544672600136,28.5811721858028,0
                82.5538449610219,28.5815760769851,0
                82.5535868069658,28.581652253505,0
                82.5535005064148,28.5816536267326,0
                82.5533064089825,28.5815770686665,0
                82.553111688381,28.5814261418368,0
                82.553089132455,28.581234159198,0
                82.5527421255597,28.5807974444823,0
                82.5524828513964,28.5806277058561,0
                82.5522445123556,28.5803996606845,0
                82.5518976297542,28.5799808815842,0
                82.5515518072593,28.5796952776687,0
                82.5512482921826,28.5793717411514,0
                82.5501893227211,28.578728846605,0
                82.5491302292009,28.5780070219524,0
                82.5484392039413,28.5776657938056,0
                82.5478772872708,28.5773260038187,0
                82.5470340380235,28.5766989241866,0
                82.5468388184727,28.5764509440274,0
                82.5464926212871,28.5761675900971,0
                82.5461456764267,28.5757105011586,0
                82.5459941998606,28.5755780111732,0
                82.5457341161374,28.5752347264981,0
                82.5454297298803,28.5747193947538,0
                82.5451912675545,28.5744348550158,0
                82.5448868199337,28.5738632151107,0
                82.5446049890627,28.5735015567193,0
                82.5442368582219,28.5731412093472,0
                82.5440852569834,28.5729704100341,0
              </coordinates>
            </LinearRing>
          </outerBoundaryIs>
        </Polygon>
      </Placemark>
      <Placemark id="KA_RUKUM_W_Musikot.7">
        <ExtendedData>
          <SchemaData schemaUrl="#KA_RUKUM_W_Musikot.schema">
            <SimpleData name="ogc_fid">1485</SimpleData>
            <SimpleData name="objectid_1">1486</SimpleData>
            <SimpleData name="dcode">54</SimpleData>
            <SimpleData name="district">RUKUM_W</SimpleData>
            <SimpleData name="das">0</SimpleData>
            <SimpleData name="gapa_napa">Musikot</SimpleData>
            <SimpleData name="type_gn">Nagarpalika</SimpleData>
            <SimpleData name="gn_code">4.000000000000000</SimpleData>
            <SimpleData name="new_ward_n">10</SimpleData>
            <SimpleData name="ddgnww">540410.000000000000000</SimpleData>
            <SimpleData name="center">Khalanga</SimpleData>
            <SimpleData name="state_code">6</SimpleData>
            <SimpleData name="ddgn">54004</SimpleData>
            <SimpleData name="area_sqkm">11.180675845900000</SimpleData>
            <SimpleData name="shape_leng">14390.998585100000128</SimpleData>
            <SimpleData name="shape_area">11180675.845899999141693</SimpleData>
            <SimpleData name="Province">KA</SimpleData>
            <SimpleData name="Address">Musikot-10, RUKUM_W, KA</SimpleData>
          </SchemaData>
        </ExtendedData>
        <Polygon>
          <outerBoundaryIs>
            <LinearRing>
              <coordinates>
                82.5266801297679,28.5786199460967,0
                82.5267656831413,28.5784877717565,0
                82.5268720477577,28.5782566074439,0
                82.5274486743584,28.5773380750871,0
                82.5277676450799,28.5766513308376,0
                82.5279390006077,28.5764591630576,0
                82.5282606482966,28.5762484373466,0
                82.5290339232084,28.5760177205086,0
                82.5298946203045,28.5759774239457,0
                82.5300663472627,28.575918432264,0
                82.5305827157994,28.5758788805262,0
                82.5310122228088,28.5757437120718,0
                82.5315916513572,28.5754183759899,0
                82.5321068978374,28.5752074652389,0
                82.5325143476007,28.5749389332683,0
                82.5325786528826,28.5748606911868,0
                82.532664579175,28.5748413195476,0
                82.5330723411821,28.5745930983215,0
                82.5333508700155,28.5743637482473,0
                82.5337583821867,28.5741335883502,0
                82.5338867422115,28.573999602627,0
                82.5340586580571,28.5739225496918,0
                82.5344224284424,28.5735385273697,0
                82.5345929736021,28.5732336202951,0
                82.5347840204562,28.5726988600082,0
                82.5351459233271,28.5719336231776,0
                82.5353577820455,28.5713223701022,0
                82.5355074528031,28.5711300147903,0
                82.5357220506097,28.5710150908977,0
                82.5354633382025,28.5709017215341,0
                82.5348800511946,28.5704261962915,0
                82.5344903623817,28.5699687319611,0
                82.5342309636164,28.5697403738934,0
                82.5341004252485,28.5694344635385,0
                82.5339921296754,28.5692821631126,0
                82.5338612164363,28.5689762511969,0
                82.5336441901617,28.5685949702634,0
                82.533557018503,28.5683661786434,0
                82.5333366301017,28.5673736411532,0
                82.5332918305631,28.5669919258758,0
                82.5331604199195,28.5665349027784,0
                82.5329212733044,28.5660766922489,0
                82.5326618751191,28.5658302733024,0
                82.5324244107614,28.5656788448929,0
                82.5323164896417,28.5655626679599,0
                82.5319490445065,28.5652969983934,0
                82.5308918860343,28.5647284714295,0
                82.530762779451,28.5646887244452,0
                82.530546686538,28.5645194869115,0
                82.5303304083621,28.5642712570027,0
                82.5302434225385,28.5640988952404,0
                82.5301556908661,28.5637933610419,0
                82.5301768138091,28.563716930244,0
                82.5301327623185,28.5634887001391,0
                82.530216198473,28.5629527503137,0
                82.5301912773395,28.5622668142491,0
                82.5300803040978,28.5616566183249,0
                82.5300369367247,28.5615613758516,0
                82.5300141318227,28.5612927132901,0
                82.5298172326243,28.5606838275077,0
                82.5295564661484,28.5601487482444,0
                82.529403246186,28.559614732866,0
                82.5292942660545,28.5593857519586,0
                82.5290312572379,28.5583927774806,0
                82.528945090998,28.5581866362654,0
                82.5289440861888,28.558184231763,0
                82.528492895099,28.5582989020378,0
                82.5283638494111,28.5582997755368,0
                82.5282994822217,28.5583373960985,0
                82.5280459379636,28.5583767643009,0
                82.5280415168932,28.5583774507651,0
                82.5280414006658,28.55837743146,0
                82.5275893916292,28.558302575943,0
                82.5270084710986,28.5582850693533,0
                82.5269471598943,28.5582672823385,0
                82.5266865583422,28.5581906270159,0
                82.5265803819437,28.5581781333652,0
                82.5262332662441,28.5581345095035,0
                82.5258473137997,28.5579845513444,0
                82.5257801688459,28.5579384688449,0
                82.5256509124676,28.557848464229,0
                82.5256208500989,28.557812052163,0
                82.5251990448356,28.5572980482185,0
                82.5246993936945,28.5569356778222,0
                82.5246396839127,28.5569087333505,0
                82.5240747738948,28.5566517388292,0
                82.5237518820193,28.5565399941847,0
                82.5234932933406,28.5564649345717,0
                82.5231706502973,28.5564276205055,0
                82.5225889840112,28.556143825523,0
                82.5223732034744,28.5559745879805,0
                82.5221779251155,28.5555754964358,0
                82.5221778066854,28.5555746840442,0
                82.5220905316736,28.554967436282,0
                82.5220355103615,28.5547776888653,0
                82.5219803459435,28.5545853973921,0
                82.5219355099295,28.5544908131778,0
                82.5218731342731,28.554357137518,0
                82.5216137744241,28.554109201174,0
                82.5215541120943,28.5540734005536,0
                82.5214618016755,28.5540158795367,0
                82.5212368024376,28.5539171653051,0
                82.5212056612761,28.5539032204442,0
                82.5212043685284,28.5539029356917,0
                82.5212034016622,28.5539025110355,0
                82.5209452495668,28.5538455745412,0
                82.5202780924197,28.553734512624,0
                82.5201396554866,28.5537217300266,0
                82.5200844938142,28.5537166364141,0
                82.5200420940427,28.5537232295294,0
                82.5198269030681,28.5537566915059,0
                82.5195690610655,28.5538328053618,0
                82.5191400533175,28.5540266568435,0
                82.51830253646,28.5542971816846,0
                82.5179159007774,28.5543357972488,0
                82.5178300988609,28.554375480353,0
                82.5173139815125,28.554358536705,0
                82.5166696898519,28.5545319486036,0
                82.5165853573845,28.5545325192291,0
                82.5165407072946,28.5545328215841,0
                82.516380119689,28.554486186027,0
                82.5160892746573,28.5544017232627,0
                82.5157666332534,28.5541739590328,0
                82.5155301590215,28.5539107650576,0
                82.515442436109,28.5537391180485,0
                82.5152479170515,28.553510254743,0
                82.5149658710584,28.5532518907766,0
                82.5147930958886,28.5530926783808,0
                82.5145289037137,28.5529255136974,0
                82.5144049955122,28.5528465463482,0
                82.5142493287892,28.5527913053523,0
                82.513931283294,28.5526772658582,0
                82.5136085786999,28.5526015805485,0
                82.5133504888431,28.5525852035363,0
                82.5129703775449,28.5524748172309,0
                82.5128984017887,28.5524536456218,0
                82.5127789209282,28.5523989636163,0
                82.5124461167816,28.5522459714335,0
                82.5122526352331,28.5521897751417,0
                82.5122358212062,28.552180167108,0
                82.5116921012766,28.5518678072465,0
                82.5113690212983,28.5517739986177,0
                82.5112397905912,28.5516981910334,0
                82.5111406248425,28.5516631553403,0
                82.5109188578292,28.5515839460505,0
                82.5107183735804,28.5515348777698,0
                82.5100129002545,28.551359892116,0
                82.509238507706,28.5512498901727,0
                82.5089158019473,28.5511742056009,0
                82.5082713250501,28.5512731242303,0
                82.5075626669999,28.5514864065049,0
                82.50711184939,28.5516596338175,0
                82.5069169415734,28.5518073683956,0
                82.5068332582394,28.5518707981028,0
                82.506800576994,28.5518807311648,0
                82.5067043373608,28.5519099799442,0
                82.5062540815972,28.5521577008028,0
                82.5056097899754,28.55233330031,0
                82.5052338295347,28.552495943904,0
                82.5050302389956,28.5525840188367,0
                82.5032264738724,28.5530490736662,0
                82.5023235940705,28.55312936554,0
                82.5022877672113,28.5531406431837,0
                82.5018943999688,28.5532644718905,0
                82.5015994516185,28.5533900138909,0
                82.5014863891837,28.5534381380407,0
                82.5012835740547,28.5535292057338,0
                82.5009715792336,28.5536692959067,0
                82.5007137383525,28.5537454105687,0
                82.4999573068892,28.5538892831176,0
                82.4996827490209,28.5539415024392,0
                82.4995940211251,28.5539473469588,0
                82.4993602294944,28.5539627454577,0
                82.4991666318761,28.553924558431,0
                82.49884423611,28.5539841108374,0
                82.4981354097912,28.5539853494808,0
                82.4981055262251,28.5539645961224,0
                82.4979981656433,28.5538890451857,0
                82.4976567747954,28.5538657293147,0
                82.4973106635855,28.553793602466,0
                82.4971458076326,28.5537579204701,0
                82.496732919113,28.553710874355,0
                82.4965423658744,28.5536886668072,0
                82.4961348920114,28.5537569205042,0
                82.4958510822465,28.5538044588668,0
                82.4957376716586,28.553806211836,0
                82.4953339021156,28.5538124502806,0
                82.4949908866034,28.5537665740306,0
                82.4949905947607,28.5537692756536,0
                82.4949621358355,28.5540330492379,0
                82.4947760887213,28.554562872506,0
                82.4942828284766,28.5553149213482,0
                82.4940090411024,28.5559179243315,0
                82.4939619824049,28.5560695346076,0
                82.4939948452443,28.5564526248499,0
                82.4938986643411,28.5568304017874,0
                82.4938690995971,28.5571351857288,0
                82.4937774834133,28.5573414776143,0
                82.4934884534051,28.5576784428171,0
                82.4930043858201,28.5580875234049,0
                82.4918429660263,28.5588807457077,0
                82.4914939473861,28.5590447256285,0
                82.4909695753341,28.5593572514901,0
                82.4906839840927,28.5595791640695,0
                82.4897218536099,28.5601490980845,0
                82.4891981691614,28.5604232521393,0
                82.4890024446627,28.560495304965,0
                82.48880465581,28.560644101612,0
                82.4883390844051,28.5611476731082,0
                82.4879422560866,28.5614993850046,0
                82.487636044031,28.5617035489551,0
                82.4872838356813,28.5620005790672,0
                82.4870418029411,28.5621859338825,0
                82.4871625923213,28.5625116550364,0
                82.4872425154307,28.5627431349477,0
                82.4872194391969,28.5636004938591,0
                82.4872536157816,28.5639429625912,0
                82.4873923387214,28.5644037975385,0
                82.4875585613157,28.5646365910612,0
                82.4877695297978,28.5647943917559,0
                82.4883881294996,28.5649973821389,0
                82.4891283329843,28.5654922859089,0
                82.4896738115606,28.566036618242,0
                82.4900471888603,28.5665603259947,0
                82.4901109921,28.5666001985638,0
                82.4904205656832,28.5670840336767,0
                82.490650153896,28.5673746976275,0
                82.4908177531539,28.5675307482544,0
                82.4912802452428,28.5679407169297,0
                82.4916838115505,28.5681595779558,0
                82.4919152768037,28.568355500718,0
                82.4921488051192,28.5684747439084,0
                82.4924653823222,28.5687284125538,0
                82.4930566067109,28.569161756624,0
                82.4934345495609,28.5695139168774,0
                82.4945050098835,28.570546462679,0
                82.4947789061284,28.570762259203,0
                82.495364439759,28.5714234572042,0
                82.4955716558135,28.5717143712969,0
                82.4958240549894,28.5719484157166,0
                82.4965052071544,28.5722319003373,0
                82.4968046655131,28.5723142718283,0
                82.4966239338546,28.5726343020192,0
                82.4965490610867,28.5730321395261,0
                82.4964325705589,28.5733739191952,0
                82.4962753999017,28.5735990212967,0
                82.4960347428447,28.5737460038852,0
                82.4958407687411,28.5737594374899,0
                82.495580489801,28.5738299894709,0
                82.4953187727216,28.5739772226054,0
                82.4951416053031,28.5741438290073,0
                82.494963062389,28.5743894289862,0
                82.4948190719857,28.5749571251225,0
                82.4948579382169,28.5751303591323,0
                82.4949168009841,28.5753214677805,0
                82.4949756643566,28.5755508846056,0
                82.4951817544694,28.5758982314149,0
                82.4952616773157,28.5761296482613,0
                82.4952787960397,28.576300883412,0
                82.4952033616961,28.5767009699918,0
                82.4949366414471,28.5770376855457,0
                82.494822902792,28.5772622876567,0
                82.4948137101014,28.5776051936721,0
                82.4948490747408,28.5778935425041,0
                82.4949307474096,28.5780662779003,0
                82.4951397144891,28.5782985724606,0
                82.4953258717802,28.5785897360704,0
                82.4954457865874,28.578935768462,0
                82.4954382823375,28.579220054455,0
                82.4953388487372,28.5797331933085,0
                82.495305094508,28.5801891508252,0
                82.4956036611973,28.581110633285,0
                82.4956207805662,28.5812841175477,0
                82.4958991650334,28.5821291688075,0
                82.4960839457114,28.5824563913724,0
                82.4961399954531,28.5827625515708,0
                82.4961088052108,28.5831260178669,0
                82.4960588694233,28.5833949927343,0
                82.4959330611131,28.5840753034858,0
                82.4962432754827,28.5837380890725,0
                82.496332765746,28.5836062268953,0
                82.496525243843,28.5833943742922,0
                82.4966881627264,28.5832143939455,0
                82.4967989622377,28.5831026551811,0
                82.4975629904595,28.582737825521,0
                82.4977819012156,28.5825887793768,0
                82.4979979376896,28.5824194859299,0
                82.4985522402476,28.5822677578762,0
                82.4988317026341,28.5822482639078,0
                82.4991760937639,28.5822837029859,0
                82.4993478835068,28.5822449595763,0
                82.4997781375981,28.582224905113,0
                82.5000366645858,28.5822819035929,0
                82.5002950669674,28.5822802830533,0
                82.5006388969584,28.5822051074081,0
                82.5014997797996,28.5822214304444,0
                82.5018437346028,28.5821823770466,0
                82.5022962334876,28.5822956231602,0
                82.5028987768836,28.5822932570357,0
                82.5031573038723,28.5823502559268,0
                82.5033294679332,28.5823498838626,0
                82.5035230664163,28.5823497615862,0
                82.5038888288552,28.5823673277916,0
                82.5042335942616,28.5824049542035,0
                82.5045775488979,28.5823659001715,0
                82.5051806519648,28.5824965849594,0
                82.5055251045632,28.582534211879,0
                82.5060415970852,28.582533156407,0
                82.5063858010132,28.5824941032324,0
                82.5067303159182,28.5825700387633,0
                82.5079355281153,28.5825472458159,0
                82.5088170993153,28.5824125838675,0
                82.509333901608,28.5825242688705,0
                82.5095923048684,28.5825248347521,0
                82.5101090453491,28.582618459104,0
                82.5104533740955,28.5825974657195,0
                82.5107113402963,28.5825394127809,0
                82.5109687459329,28.5824068658093,0
                82.5112482724372,28.5823106914676,0
                82.511612851448,28.5820981538159,0
                82.5118701329927,28.5819272980891,0
                82.5121272901396,28.5816775123398,0
                82.5128133325892,28.581159507684,0
                82.5136070472187,28.5806606902642,0
                82.5138221440017,28.5806043863507,0
                82.5141447879812,28.5806034539305,0
                82.5144686774503,28.5808302498457,0
                82.5146853922424,28.5811349125088,0
                82.5148800493782,28.5813062122733,0
                82.5150092816351,28.5813640213875,0
                82.5156109525933,28.5812104198898,0
                82.5161911899101,28.5810160714295,0
                82.5164698435502,28.5808454034699,0
                82.5168766092103,28.5804032629182,0
                82.5170910837415,28.5802319063261,0
                82.5176687677509,28.5795818493485,0
                82.5177756314959,28.5794093670688,0
                82.5178606247531,28.5791802017601,0
                82.5180527284439,28.5788936062338,0
                82.5185884772434,28.5784527797141,0
                82.5188676917653,28.5783362947399,0
                82.5196203410487,28.5782588747425,0
                82.5198354379905,28.578200320837,0
                82.5200500994539,28.5780853972089,0
                82.5204591054899,28.5781214003407,0
                82.5205450930965,28.578160710609,0
                82.5209977175677,28.5782738939893,0
                82.52129948661,28.5783673898318,0
                82.5218592856098,28.578423142718,0
                82.523087238455,28.5787071979256,0
                82.5233453293651,28.5787054513177,0
                82.5242928848645,28.5788759496405,0
                82.5248956156396,28.578873459274,0
                82.5249816035467,28.5789127694925,0
                82.5252401309316,28.5789290838686,0
                82.5265296503223,28.5786025083384,0
                82.5266801297679,28.5786199460967,0
              </coordinates>
            </LinearRing>
          </outerBoundaryIs>
        </Polygon>
      </Placemark>
      <Placemark id="KA_RUKUM_W_Musikot.8">
        <ExtendedData>
          <SchemaData schemaUrl="#KA_RUKUM_W_Musikot.schema">
            <SimpleData name="ogc_fid">1512</SimpleData>
            <SimpleData name="objectid_1">1513</SimpleData>
            <SimpleData name="dcode">54</SimpleData>
            <SimpleData name="district">RUKUM_W</SimpleData>
            <SimpleData name="das">0</SimpleData>
            <SimpleData name="gapa_napa">Musikot</SimpleData>
            <SimpleData name="type_gn">Nagarpalika</SimpleData>
            <SimpleData name="gn_code">4.000000000000000</SimpleData>
            <SimpleData name="new_ward_n">1</SimpleData>
            <SimpleData name="ddgnww">540401.000000000000000</SimpleData>
            <SimpleData name="center">Khalanga</SimpleData>
            <SimpleData name="state_code">6</SimpleData>
            <SimpleData name="ddgn">54004</SimpleData>
            <SimpleData name="area_sqkm">18.063993185499999</SimpleData>
            <SimpleData name="shape_leng">22669.082453600003646</SimpleData>
            <SimpleData name="shape_area">18063993.185499999672174</SimpleData>
            <SimpleData name="Province">KA</SimpleData>
            <SimpleData name="Address">Musikot-1, RUKUM_W, KA</SimpleData>
          </SchemaData>
        </ExtendedData>
        <Polygon>
          <outerBoundaryIs>
            <LinearRing>
              <coordinates>
                82.5012871864471,28.6676880065143,0
                82.501222701185,28.6673444750995,0
                82.5011577830962,28.666809210529,0
                82.5011257890882,28.666720843184,0
                82.5008345940236,28.6659124133406,0
                82.5007484265746,28.6654535793309,0
                82.5006830801328,28.6643837393764,0
                82.5005102404297,28.6637706050814,0
                82.500272471864,28.6631589708445,0
                82.5000134524576,28.6627388183537,0
                82.4997118124503,28.6623949079666,0
                82.4996040151484,28.662357597186,0
                82.4991298353009,28.6620523684099,0
                82.498375756758,28.6616695794973,0
                82.4979548788484,28.6615801443388,0
                82.4975645569385,28.6615551407222,0
                82.4967841603838,28.6616607448344,0
                82.4965836857983,28.6617667317238,0
                82.4959544446837,28.6624751575629,0
                82.4955968630771,28.6627316912461,0
                82.4952712192496,28.6627600586814,0
                82.4946154986002,28.6625959392331,0
                82.4941985576934,28.6624516963783,0
                82.4929723006694,28.6617276817914,0
                82.4924813749148,28.6612774657877,0
                82.4922514748324,28.660982239928,0
                82.4917592359887,28.6605748950316,0
                82.4909869758577,28.6600375579485,0
                82.4900742942681,28.6596438935778,0
                82.4899636870029,28.659509778634,0
                82.4898205864212,28.6592451759242,0
                82.4896209496903,28.6580113493425,0
                82.4894982200601,28.6577871803779,0
                82.4894417342607,28.6574540229492,0
                82.4893515325985,28.6555490718699,0
                82.489773682805,28.6545271720573,0
                82.4907539433722,28.6535532762803,0
                82.4909312366428,28.6532941773638,0
                82.4910539152935,28.6528845921909,0
                82.4910589207562,28.6525597466244,0
                82.4909331405747,28.6517581317434,0
                82.4907508663723,28.6510744418312,0
                82.4901414092646,28.6498361087155,0
                82.4884829369587,28.6470552777287,0
                82.487967839248,28.6459759948066,0
                82.4875624129467,28.6450173265532,0
                82.487023461937,28.6429661948954,0
                82.4866453438666,28.6420297752495,0
                82.4857018118422,28.6405740830268,0
                82.4851506924181,28.6408823588963,0
                82.485047955788,28.6409397894775,0
                82.4842691100722,28.6416453380474,0
                82.4835528828625,28.642255396642,0
                82.4830223241059,28.6425724843624,0
                82.4826490514927,28.6431156792042,0
                82.4825050059928,28.6432367910475,0
                82.4822623574155,28.642937127278,0
                82.4810517269312,28.6419805726348,0
                82.4805148718514,28.6414383016381,0
                82.4798157352405,28.6404467571807,0
                82.4788577747655,28.6386392849959,0
                82.477361893475,28.6364315903679,0
                82.4759269451312,28.6340969719495,0
                82.475097694664,28.6334383952709,0
                82.4745276529333,28.6331242906889,0
                82.4726902249202,28.6325330056489,0
                82.4722038581425,28.6323082690049,0
                82.4718447889451,28.6319039252449,0
                82.4716758203898,28.6314748996833,0
                82.4717255727667,28.6309646352861,0
                82.4716917077339,28.6306920973701,0
                82.4712069808349,28.6296598101207,0
                82.4700970439686,28.6276576030253,0
                82.4695627003029,28.6265085756616,0
                82.4688954925684,28.6257286372771,0
                82.4682750188879,28.625505273569,0
                82.4666638013918,28.6253603264112,0
                82.4661824918147,28.6253542569789,0
                82.4655783839025,28.6254803615576,0
                82.4651301960613,28.625424297789,0
                82.4648772860093,28.6257585754123,0
                82.4644621470781,28.6261465333055,0
                82.4641305022813,28.6262877032848,0
                82.4630522070677,28.6265046051354,0
                82.4626629412083,28.6267794489454,0
                82.4623722923918,28.6268390015129,0
                82.4622202540324,28.6266534538381,0
                82.4621674564331,28.6262593021722,0
                82.461978303382,28.6257583454219,0
                82.4616391049794,28.625486802937,0
                82.4612239755327,28.6253694945357,0
                82.4599691474084,28.6252566740286,0
                82.4593844113519,28.6253960907904,0
                82.4589758378578,28.6256147514972,0
                82.4586186962034,28.6257156123551,0
                82.4580895205597,28.625574680229,0
                82.4575317221383,28.6255355506355,0
                82.4568265674945,28.6255657243506,0
                82.4563354418243,28.6257762606837,0
                82.4559249943435,28.6259520503943,0
                82.4551348460843,28.6262132022298,0
                82.4535863658324,28.6263561041775,0
                82.4533167732307,28.6265890787387,0
                82.4531592241765,28.6269876643444,0
                82.4531548446129,28.6272742007763,0
                82.4529281123402,28.6279398240503,0
                82.4525022200224,28.6286120681666,0
                82.4520002041254,28.629749644016,0
                82.4517608593298,28.6298650671853,0
                82.4514902718106,28.6298025064827,0
                82.4510843305026,28.6296106426871,0
                82.4503503733975,28.629266601044,0
                82.4498794400462,28.629134043676,0
                82.4498121336241,28.6293062148694,0
                82.4501775102689,28.6298931661121,0
                82.4505312622282,28.6305706718873,0
                82.4505706303273,28.6306446650283,0
                82.450317897361,28.6315518279308,0
                82.4500756098443,28.6319672241408,0
                82.4496445231281,28.6330589292106,0
                82.4494972199563,28.6335951276278,0
                82.4489057135964,28.6348758768722,0
                82.4487254145717,28.635430385462,0
                82.4483991085155,28.6374548193284,0
                82.4483920379725,28.6379150895502,0
                82.4485121409004,28.6381844410332,0
                82.4487065495126,28.6383357423647,0
                82.4490344405759,28.6384743602247,0
                82.449993043476,28.6393482310397,0
                82.4502908111745,28.6396202732441,0
                82.450814227365,28.6402664712106,0
                82.4509167712889,28.6405179494128,0
                82.4509118290882,28.6408112974569,0
                82.450828772956,28.6410918954838,0
                82.4504241294856,28.6416465881298,0
                82.4500091159094,28.6420051118074,0
                82.4497438947738,28.6423778863484,0
                82.4497665706053,28.6428670912295,0
                82.4501278307954,28.6430165830465,0
                82.4508411083139,28.6431037109212,0
                82.4517089913757,28.6430470413267,0
                82.4521894854423,28.6432155330506,0
                82.4531372218205,28.6437579969078,0
                82.4535292287143,28.6439094260435,0
                82.4545730840966,28.6441012365111,0
                82.4557617291075,28.6444019758906,0
                82.4561148659226,28.6445628417688,0
                82.4563355834018,28.6447138307181,0
                82.4564846233644,28.6448160117794,0
                82.4569911143207,28.6450180625714,0
                82.4577071390836,28.6451637470351,0
                82.4599906391631,28.6453669495775,0
                82.4601024991154,28.645365763717,0
                82.4600290059508,28.6455041252922,0
                82.4600910490613,28.6461079453327,0
                82.4600008635213,28.6466141477123,0
                82.4598120109013,28.6467763174664,0
                82.4597223262175,28.6472712702939,0
                82.4592551296624,28.6478311496541,0
                82.4585064046372,28.64855650974,0
                82.4581471939851,28.6490182120382,0
                82.458010329281,28.6494753553878,0
                82.4579951889566,28.6503709601362,0
                82.4579186330252,28.650563504084,0
                82.4577394062097,28.6506398690272,0
                82.4573763318798,28.6505558090238,0
                82.4570618793169,28.6503245756731,0
                82.4565943842069,28.6500770289462,0
                82.4563353577244,28.6500662764832,0
                82.4562579301593,28.6500625881279,0
                82.4557175040384,28.6500390192152,0
                82.4554047986927,28.6498958405594,0
                82.4548462524672,28.6497642820159,0
                82.4546324081891,28.6496469767922,0
                82.4545219863894,28.6496166028292,0
                82.4542997683801,28.6495377949525,0
                82.4542135300901,28.6495364182716,0
                82.4537960144107,28.6499988070223,0
                82.4534078041399,28.6506818642077,0
                82.4532054520797,28.6509344003379,0
                82.4527925628004,28.6513538549867,0
                82.4520398447131,28.6517521825896,0
                82.4517856804713,28.6523255632976,0
                82.4511817424908,28.6533582724195,0
                82.4503887648252,28.6545464015011,0
                82.4497024111702,28.6550274716324,0
                82.4494393198518,28.6551385199419,0
                82.4470258962668,28.6551711066153,0
                82.4464977152508,28.6553053366641,0
                82.4457231877468,28.6556970393734,0
                82.4445502697348,28.6564538895616,0
                82.4437729937366,28.6567847229511,0
                82.4429632865748,28.6569940661781,0
                82.4421593317193,28.6570590488728,0
                82.4405775492553,28.6569044774903,0
                82.4393412148335,28.6570033247057,0
                82.4388134723808,28.6570698104702,0
                82.439009569328,28.6571511810168,0
                82.4405553409707,28.658129426209,0
                82.4408976029511,28.658382970649,0
                82.4415153205473,28.6589583016297,0
                82.4419176301475,28.6595291928282,0
                82.4427379897305,28.6610790627202,0
                82.4432468461865,28.6617254479352,0
                82.4436079787522,28.6620554230697,0
                82.4440729658882,28.6627226181711,0
                82.4442756172134,28.6631377709196,0
                82.4443611025285,28.663312756056,0
                82.4445070745226,28.6637465308649,0
                82.44460736459,28.664205614221,0
                82.445151828662,28.665539562011,0
                82.4460184456681,28.6663536254357,0
                82.4464965609528,28.6667206611625,0
                82.4467472743646,28.6669119596085,0
                82.4470573517028,28.6671905638214,0
                82.4473947356537,28.66759746877,0
                82.447815850561,28.6684162742754,0
                82.4483433734988,28.6700458820862,0
                82.4487844895116,28.6706479584121,0
                82.44915118379,28.6709484987016,0
                82.4498259626566,28.6712006728761,0
                82.4508065157674,28.6713254887867,0
                82.4512426436015,28.6713298069448,0
                82.4520058570696,28.6711298989466,0
                82.4530279150877,28.6706452088114,0
                82.4537688806061,28.670454612308,0
                82.4547744395505,28.6700739121773,0
                82.4563347367366,28.6696308511384,0
                82.4564959026039,28.669586232772,0
                82.4568251720967,28.6694924958793,0
                82.459271350051,28.6690308245985,0
                82.4603219586528,28.668994717992,0
                82.4609003147642,28.6691620861101,0
                82.4611941426098,28.6695130589046,0
                82.4612746855287,28.66997233032,0
                82.4612437452001,28.6703650433064,0
                82.4613082235993,28.6710523559279,0
                82.4617198382328,28.6719185950317,0
                82.4619689240449,28.6722203833225,0
                82.4624058000738,28.6723713130177,0
                82.4627620016903,28.6723741936993,0
                82.463167700894,28.6721194728854,0
                82.4634193603428,28.6718303157239,0
                82.4637745740732,28.6712174394723,0
                82.4644406214661,28.6705561350794,0
                82.4651411573094,28.6702169895577,0
                82.4656557785096,28.6700760722237,0
                82.4661129049658,28.6700305208257,0
                82.4677320594339,28.6700491058751,0
                82.468662179974,28.6702667872433,0
                82.4703165049694,28.6709751210496,0
                82.4705004804894,28.6709663742653,0
                82.4714818478206,28.6709150811425,0
                82.4719076679305,28.6707796628451,0
                82.4734169056468,28.6705286453576,0
                82.4739950109981,28.6707186367583,0
                82.4747845212609,28.6711678565098,0
                82.4753605596422,28.6716217608603,0
                82.4754108649088,28.6716527586904,0
                82.4764125293701,28.6722801534058,0
                82.4773220259051,28.6725701406553,0
                82.4779498761931,28.6727054494984,0
                82.479257315358,28.6731581151902,0
                82.4813529010649,28.6734554307533,0
                82.4830795386635,28.6736124422179,0
                82.4843645526985,28.6736028995397,0
                82.486082264446,28.6732186479218,0
                82.4866568167245,28.6729732417664,0
                82.4880256357479,28.6727417202731,0
                82.4880777541725,28.6727208479517,0
                82.489118870346,28.6723236503374,0
                82.4924122703282,28.6705709848744,0
                82.4934940741641,28.6698936257012,0
                82.4950713109312,28.6692154619794,0
                82.4954973217502,28.6689151833231,0
                82.4962245982012,28.6688913832028,0
                82.4973826236909,28.6691740625179,0
                82.4977841947671,28.6691335096876,0
                82.4979962316849,28.668982275921,0
                82.4984274873263,28.6689374744909,0
                82.4989436061812,28.6688597392357,0
                82.4994596011024,28.6687233841703,0
                82.4995887083567,28.668724760959,0
                82.4999759088399,28.6686072779175,0
                82.5001048929861,28.6685320364357,0
                82.5006424487434,28.6683394996567,0
                82.5009863450872,28.6680523438353,0
                82.5011367653828,28.6678600506808,0
                82.5012871864471,28.6676880065143,0
              </coordinates>
            </LinearRing>
          </outerBoundaryIs>
        </Polygon>
      </Placemark>
      <Placemark id="KA_RUKUM_W_Musikot.9">
        <ExtendedData>
          <SchemaData schemaUrl="#KA_RUKUM_W_Musikot.schema">
            <SimpleData name="ogc_fid">1513</SimpleData>
            <SimpleData name="objectid_1">1514</SimpleData>
            <SimpleData name="dcode">54</SimpleData>
            <SimpleData name="district">RUKUM_W</SimpleData>
            <SimpleData name="das">0</SimpleData>
            <SimpleData name="gapa_napa">Musikot</SimpleData>
            <SimpleData name="type_gn">Nagarpalika</SimpleData>
            <SimpleData name="gn_code">4.000000000000000</SimpleData>
            <SimpleData name="new_ward_n">5</SimpleData>
            <SimpleData name="ddgnww">540405.000000000000000</SimpleData>
            <SimpleData name="center">Khalanga</SimpleData>
            <SimpleData name="state_code">6</SimpleData>
            <SimpleData name="ddgn">54004</SimpleData>
            <SimpleData name="area_sqkm">3.860072628690000</SimpleData>
            <SimpleData name="shape_leng">12067.558596299999408</SimpleData>
            <SimpleData name="shape_area">3860072.628690000157803</SimpleData>
            <SimpleData name="Province">KA</SimpleData>
            <SimpleData name="Address">Musikot-5, RUKUM_W, KA</SimpleData>
          </SchemaData>
        </ExtendedData>
        <Polygon>
          <outerBoundaryIs>
            <LinearRing>
              <coordinates>
                82.4851506924181,28.6408823588963,0
                82.4849971579662,28.640509578155,0
                82.4846361648643,28.6394309222195,0
                82.4842184845616,28.6387272303096,0
                82.4839137298037,28.6378734925395,0
                82.4838855243128,28.6357355638479,0
                82.4840693831645,28.6352689220583,0
                82.4843763480771,28.6349158964209,0
                82.4847531774474,28.6346208036073,0
                82.4849522196768,28.6342803381082,0
                82.485067023577,28.6338978753752,0
                82.4851397164211,28.6331143852163,0
                82.4849836303015,28.632198092274,0
                82.4845945734953,28.6313430403603,0
                82.4830191552242,28.6283942254904,0
                82.4820161299913,28.6270112759975,0
                82.4818179171051,28.6265036947357,0
                82.4809418751421,28.625058439147,0
                82.4808797608481,28.6249553854282,0
                82.4809056990516,28.6247114707331,0
                82.4808022785543,28.6245367353557,0
                82.4805206450908,28.6237300550124,0
                82.480052104478,28.6226322119324,0
                82.4799300632447,28.6223606098056,0
                82.4797283516254,28.6217854100425,0
                82.4795736350186,28.6210945958214,0
                82.4795405228247,28.620691257961,0
                82.4794260496217,28.6200969983598,0
                82.4792225864956,28.6196165390614,0
                82.4789065713893,28.6193245617963,0
                82.4786515464389,28.6191851959981,0
                82.4785667465799,28.6191072017309,0
                82.4783109709409,28.6190062068688,0
                82.4777368679614,28.6186696668435,0
                82.4775472089749,28.6184958055267,0
                82.4771442062714,28.6182385105875,0
                82.4769966033653,28.6181025834941,0
                82.4764569885148,28.6181310102336,0
                82.4758775064632,28.61800420085,0
                82.4756217935752,28.6179032685025,0
                82.4751036754824,28.6179133849375,0
                82.4746539888768,28.6177897024305,0
                82.4741381841304,28.6177411994724,0
                82.4734239047552,28.6178414293664,0
                82.4728372304527,28.6180215294946,0
                82.471992029721,28.618177314994,0
                82.4716011428923,28.6182852992392,0
                82.4703603018939,28.6187566126511,0
                82.4694482946262,28.6190259493847,0
                82.4688655607081,28.6190345027904,0
                82.4684154987964,28.618931130258,0
                82.468287142646,28.6188896325417,0
                82.4675132486969,28.6187987545104,0
                82.4672535958042,28.6188309349222,0
                82.4667322264941,28.6189741643536,0
                82.4662796624111,28.6189655332741,0
                82.4656901114916,28.6192583099724,0
                82.4653644039855,28.6193677950919,0
                82.4649046487877,28.6196254525091,0
                82.4644484580797,28.6197702448185,0
                82.4640604476451,28.6197631775684,0
                82.4636103857965,28.6196574930057,0
                82.4634802152349,28.6196746767271,0
                82.4631585101487,28.6196104902229,0
                82.4627701872548,28.6196237334215,0
                82.4624034868995,28.6196343527036,0
                82.4621420828743,28.6197252152706,0
                82.4619455451377,28.6198355766369,0
                82.4612936304935,28.6200140509409,0
                82.4607115215065,28.620022604154,0
                82.4600043703492,28.619856546815,0
                82.4593574582641,28.6198431632691,0
                82.4591616077917,28.6199152161956,0
                82.4588373391247,28.6199480206437,0
                82.4581194934355,28.620201612366,0
                82.4579247698927,28.6202172325657,0
                82.4575330704578,28.6203612761613,0
                82.4572031098119,28.6206219970698,0
                82.4569409557953,28.6207511069463,0
                82.4567422281718,28.6209382113766,0
                82.4563360907686,28.6212403028706,0
                82.4561925451337,28.6213478533898,0
                82.4555780585983,28.6217379327736,0
                82.4552502250518,28.6218835399573,0
                82.4549893213505,28.621956217379,0
                82.4542108012947,28.6219984513256,0
                82.4538851561714,28.6220673152193,0
                82.4534907683882,28.622290351784,0
                82.4530266982179,28.622701307349,0
                82.4528744052533,28.6227368018411,0
                82.452615190999,28.6227508587964,0
                82.4524215928621,28.6227077972853,0
                82.4521676935723,28.6225120617029,0
                82.4519211733508,28.6220117288476,0
                82.451870315808,28.6214754026898,0
                82.4518507574532,28.6213989719935,0
                82.451787328858,28.6213409764695,0
                82.4515049288887,28.6213913427225,0
                82.451241399534,28.621558885596,0
                82.4508504500348,28.6216668073619,0
                82.4505241803137,28.6217356713416,0
                82.450395009979,28.6217347944001,0
                82.4498080872387,28.6218944590433,0
                82.4492229152033,28.6219593819234,0
                82.4489597601542,28.622106551863,0
                82.4487164131575,28.622350526032,0
                82.4480409846467,28.6234268542018,0
                82.4479071873442,28.623597461967,0
                82.4476860882397,28.6237825035526,0
                82.4474456186133,28.6239114260325,0
                82.4468176397787,28.6239767228637,0
                82.4464881179208,28.6241810123018,0
                82.4461780914784,28.6245001030853,0
                82.4460246731514,28.6245919671061,0
                82.4458927517096,28.6246655210058,0
                82.4459996735174,28.624725329796,0
                82.4462748824685,28.6249410639152,0
                82.4462515080703,28.6250564283289,0
                82.4462473833911,28.6250790506446,0
                82.4463166216883,28.6251887915995,0
                82.4465813318949,28.6254318361876,0
                82.4471279383909,28.6257733752707,0
                82.4477253478743,28.6263173337723,0
                82.4493484798869,28.6275157470915,0
                82.449931891496,28.6280192726645,0
                82.4510843305026,28.6296106426871,0
                82.4514902718106,28.6298025064827,0
                82.4517608593298,28.6298650671853,0
                82.4520002041254,28.629749644016,0
                82.4525022200224,28.6286120681666,0
                82.4529281123402,28.6279398240503,0
                82.4531548446129,28.6272742007763,0
                82.4531592241765,28.6269876643444,0
                82.4533167732307,28.6265890787387,0
                82.4535863658324,28.6263561041775,0
                82.4551348460843,28.6262132022298,0
                82.4559249943435,28.6259520503943,0
                82.4563354418243,28.6257762606837,0
                82.4568265674945,28.6255657243506,0
                82.4575317221383,28.6255355506355,0
                82.4580895205597,28.625574680229,0
                82.4586186962034,28.6257156123551,0
                82.4589758378578,28.6256147514972,0
                82.4593844113519,28.6253960907904,0
                82.4599691474084,28.6252566740286,0
                82.4612239755327,28.6253694945357,0
                82.4616391049794,28.625486802937,0
                82.461978303382,28.6257583454219,0
                82.4621674564331,28.6262593021722,0
                82.4622202540324,28.6266534538381,0
                82.4623722923918,28.6268390015129,0
                82.4626629412083,28.6267794489454,0
                82.4630522070677,28.6265046051354,0
                82.4641305022813,28.6262877032848,0
                82.4644621470781,28.6261465333055,0
                82.4648772860093,28.6257585754123,0
                82.4651301960613,28.625424297789,0
                82.4655783839025,28.6254803615576,0
                82.4661824918147,28.6253542569789,0
                82.4666638013918,28.6253603264112,0
                82.4682750188879,28.625505273569,0
                82.4688954925684,28.6257286372771,0
                82.4695627003029,28.6265085756616,0
                82.4700970439686,28.6276576030253,0
                82.4712069808349,28.6296598101207,0
                82.4716917077339,28.6306920973701,0
                82.4717255727667,28.6309646352861,0
                82.4716758203898,28.6314748996833,0
                82.4718447889451,28.6319039252449,0
                82.4722038581425,28.6323082690049,0
                82.4726902249202,28.6325330056489,0
                82.4745276529333,28.6331242906889,0
                82.475097694664,28.6334383952709,0
                82.4759269451312,28.6340969719495,0
                82.477361893475,28.6364315903679,0
                82.4788577747655,28.6386392849959,0
                82.4798157352405,28.6404467571807,0
                82.4805148718514,28.6414383016381,0
                82.4810517269312,28.6419805726348,0
                82.4822623574155,28.642937127278,0
                82.4825050059928,28.6432367910475,0
                82.4826490514927,28.6431156792042,0
                82.4830223241059,28.6425724843624,0
                82.4835528828625,28.642255396642,0
                82.4842691100722,28.6416453380474,0
                82.485047955788,28.6409397894775,0
                82.4851506924181,28.6408823588963,0
              </coordinates>
            </LinearRing>
          </outerBoundaryIs>
        </Polygon>
      </Placemark>
      <Placemark id="KA_RUKUM_W_Musikot.10">
        <ExtendedData>
          <SchemaData schemaUrl="#KA_RUKUM_W_Musikot.schema">
            <SimpleData name="ogc_fid">1514</SimpleData>
            <SimpleData name="objectid_1">1515</SimpleData>
            <SimpleData name="dcode">54</SimpleData>
            <SimpleData name="district">RUKUM_W</SimpleData>
            <SimpleData name="das">0</SimpleData>
            <SimpleData name="gapa_napa">Musikot</SimpleData>
            <SimpleData name="type_gn">Nagarpalika</SimpleData>
            <SimpleData name="gn_code">4.000000000000000</SimpleData>
            <SimpleData name="new_ward_n">3</SimpleData>
            <SimpleData name="ddgnww">540403.000000000000000</SimpleData>
            <SimpleData name="center">Khalanga</SimpleData>
            <SimpleData name="state_code">6</SimpleData>
            <SimpleData name="ddgn">54004</SimpleData>
            <SimpleData name="area_sqkm">3.040502477180000</SimpleData>
            <SimpleData name="shape_leng">10193.696259299998928</SimpleData>
            <SimpleData name="shape_area">3040502.477179999928921</SimpleData>
            <SimpleData name="Province">KA</SimpleData>
            <SimpleData name="Address">Musikot-3, RUKUM_W, KA</SimpleData>
          </SchemaData>
        </ExtendedData>
        <Polygon>
          <outerBoundaryIs>
            <LinearRing>
              <coordinates>
                82.4505312622282,28.6305706718873,0
                82.4501775102689,28.6298931661121,0
                82.4498121336241,28.6293062148694,0
                82.4498794400462,28.629134043676,0
                82.4503503733975,28.629266601044,0
                82.4510843305026,28.6296106426871,0
                82.449931891496,28.6280192726645,0
                82.4493484798869,28.6275157470915,0
                82.4477253478743,28.6263173337723,0
                82.4471279383909,28.6257733752707,0
                82.4465813318949,28.6254318361876,0
                82.4463166216883,28.6251887915995,0
                82.4462473833911,28.6250790506446,0
                82.4462515080703,28.6250564283289,0
                82.4462748824685,28.6249410639152,0
                82.4459996735174,28.624725329796,0
                82.4458927517096,28.6246655210058,0
                82.4455529892414,28.6244480983724,0
                82.4436872518166,28.6239176824403,0
                82.4429834159481,28.623577766354,0
                82.4423467609516,28.6231469833158,0
                82.4417762220128,28.6226387720402,0
                82.4416086243875,28.6224443496023,0
                82.4408889190704,28.6218768292159,0
                82.4398060171342,28.621148505187,0
                82.4392309760863,28.6208320882951,0
                82.4386581241671,28.6204389287756,0
                82.4379547887167,28.620080951037,0
                82.4378895466427,28.6200793879846,0
                82.4376977619688,28.6199799562612,0
                82.4374410483407,28.6198992099815,0
                82.4373134427565,28.6198216525932,0
                82.4369919258541,28.6197190323538,0
                82.4367362750108,28.6195796044293,0
                82.4362864014623,28.6194377981346,0
                82.4359027693201,28.6192388733515,0
                82.4353658436325,28.6191340004937,0
                82.435252355641,28.6193427294919,0
                82.4350721249718,28.619624326129,0
                82.4343653959044,28.6202408211243,0
                82.4341623545094,28.6205812243622,0
                82.4340684242905,28.6208665087163,0
                82.4340168623322,28.6212099141079,0
                82.4340639054879,28.6218973521008,0
                82.4340146587379,28.6221256428841,0
                82.4338532353785,28.6225243536653,0
                82.4337639947731,28.6226358418133,0
                82.4334572207372,28.6228217576667,0
                82.4331530735381,28.6228723734102,0
                82.432634580551,28.622902675823,0
                82.4319822910837,28.6230606518478,0
                82.4315892150783,28.6232452534877,0
                82.4308434338946,28.6236703914044,0
                82.4304916010098,28.6239290496134,0
                82.4296720718621,28.6247158403375,0
                82.4294622849844,28.6248917582182,0
                82.4294165378128,28.6250568678182,0
                82.4293142326566,28.6254278320755,0
                82.428507067773,28.626704015163,0
                82.4282267197065,28.6272866447523,0
                82.4277768955697,28.6278146524398,0
                82.4275182353667,28.6282031131188,0
                82.4273102456503,28.6291752083712,0
                82.4268924022713,28.6304630208341,0
                82.4265234811956,28.6322465390668,0
                82.4261865061439,28.6333237468909,0
                82.4257989888229,28.6337337666933,0
                82.4252768646515,28.6341182233343,0
                82.4235033384563,28.6349759306764,0
                82.4226742451544,28.6359184565173,0
                82.4225603205445,28.6360955642629,0
                82.4220332506016,28.6369176684139,0
                82.4219239438758,28.6373946852116,0
                82.4215233027793,28.6378252017448,0
                82.4209747945751,28.6389091565849,0
                82.4209249162328,28.6394239216377,0
                82.4204037823069,28.6403158314981,0
                82.4202208662985,28.6405004371234,0
                82.420403204374,28.6411278193455,0
                82.4208306900672,28.6421157970261,0
                82.4209925398856,28.6423125935463,0
                82.421102334812,28.6424467709034,0
                82.4215747657775,28.6427328136682,0
                82.4224252065113,28.6430937930627,0
                82.4231791002214,28.643300160443,0
                82.4249299752026,28.6439674370814,0
                82.4256791836899,28.644106185465,0
                82.4263550247154,28.6443652339696,0
                82.4270421751772,28.6447391470647,0
                82.4291393753145,28.6455403547478,0
                82.4298239004709,28.6459571383897,0
                82.4303827571899,28.6462061238978,0
                82.4306730242387,28.6464940395638,0
                82.4305137432972,28.6459656478199,0
                82.4303483358591,28.6455997414734,0
                82.4284699954378,28.6439729888859,0
                82.4277549826247,28.6431888628431,0
                82.4268409969885,28.6423458640323,0
                82.4268379389974,28.6421180731299,0
                82.4270002331383,28.6419246552653,0
                82.4277792615517,28.6414901442343,0
                82.4282029566105,28.6413413514716,0
                82.4285537265244,28.6410962546502,0
                82.4290174832103,28.6406966734563,0
                82.4298242628591,28.6400001865712,0
                82.4303383283048,28.6394466203793,0
                82.4307056009971,28.6389059879905,0
                82.4310585838525,28.6373188265389,0
                82.4318616227685,28.6361126365599,0
                82.4321748341656,28.6358770378402,0
                82.4330812836373,28.6353689735099,0
                82.4335002955772,28.6350667571725,0
                82.433572225768,28.6349058980049,0
                82.4336131039168,28.6344813753905,0
                82.4338063953553,28.6342177144553,0
                82.4340354297931,28.6340438587413,0
                82.4349814357826,28.6335804782285,0
                82.4355358061571,28.6331302775722,0
                82.4361354172511,28.632900620176,0
                82.4372783929488,28.632588478127,0
                82.437684716752,28.6323856899983,0
                82.4387966359555,28.6319994923617,0
                82.4390085491714,28.6317919517571,0
                82.439557167265,28.6315267346607,0
                82.4399968653767,28.6311070290789,0
                82.4403225119295,28.6309434245914,0
                82.4410390503449,28.6303854866125,0
                82.4415775509846,28.6298045479463,0
                82.4419171365194,28.6294942063055,0
                82.4420036875397,28.6294662102325,0
                82.4421431728157,28.6292459197892,0
                82.4423087137249,28.6291990518188,0
                82.4438669432659,28.6290628990969,0
                82.4448581209609,28.6291042225203,0
                82.4456242587518,28.6295088222217,0
                82.4459491509757,28.6295707588036,0
                82.4462754188131,28.6295943858106,0
                82.4480756774369,28.6294939216359,0
                82.4495084727955,28.6300447677098,0
                82.4504080929211,28.6304884901344,0
                82.4505312622282,28.6305706718873,0
              </coordinates>
            </LinearRing>
          </outerBoundaryIs>
        </Polygon>
      </Placemark>
      <Placemark id="KA_RUKUM_W_Musikot.11">
        <ExtendedData>
          <SchemaData schemaUrl="#KA_RUKUM_W_Musikot.schema">
            <SimpleData name="ogc_fid">1515</SimpleData>
            <SimpleData name="objectid_1">1516</SimpleData>
            <SimpleData name="dcode">54</SimpleData>
            <SimpleData name="district">RUKUM_W</SimpleData>
            <SimpleData name="das">0</SimpleData>
            <SimpleData name="gapa_napa">Musikot</SimpleData>
            <SimpleData name="type_gn">Nagarpalika</SimpleData>
            <SimpleData name="gn_code">4.000000000000000</SimpleData>
            <SimpleData name="new_ward_n">4</SimpleData>
            <SimpleData name="ddgnww">540404.000000000000000</SimpleData>
            <SimpleData name="center">Khalanga</SimpleData>
            <SimpleData name="state_code">6</SimpleData>
            <SimpleData name="ddgn">54004</SimpleData>
            <SimpleData name="area_sqkm">5.209746923790000</SimpleData>
            <SimpleData name="shape_leng">12205.572160899999290</SimpleData>
            <SimpleData name="shape_area">5209746.923790000379086</SimpleData>
            <SimpleData name="Province">KA</SimpleData>
            <SimpleData name="Address">Musikot-4, RUKUM_W, KA</SimpleData>
          </SchemaData>
        </ExtendedData>
        <Polygon>
          <outerBoundaryIs>
            <LinearRing>
              <coordinates>
                82.4769966033653,28.6181025834941,0
                82.4769777331859,28.6179877187179,0
                82.476896060386,28.6178149210758,0
                82.4768618214378,28.6174702018826,0
                82.4770441168954,28.6170713040803,0
                82.4773145262821,28.6166194744541,0
                82.4775008237659,28.6160490296501,0
                82.4775271362811,28.6158772955153,0
                82.4778500462734,28.6150234414496,0
                82.478719950124,28.6138952456887,0
                82.4791577252639,28.6127581694506,0
                82.4798642036028,28.6121031146457,0
                82.4800442472192,28.6118192059252,0
                82.4802294198541,28.6113074433907,0
                82.4803197230705,28.6111372730349,0
                82.4803691591831,28.6108886086654,0
                82.4804624013562,28.610605636142,0
                82.4804670287511,28.6104319023605,0
                82.4805368982355,28.6102236721543,0
                82.4806485111019,28.6100735628465,0
                82.4807580608894,28.6099979466232,0
                82.480888543547,28.6099627015457,0
                82.4819263432276,28.6098295414059,0
                82.4826434377626,28.6096141967858,0
                82.4834950805419,28.6091943731838,0
                82.4841894896195,28.6089995262768,0
                82.4844961389965,28.6088157349562,0
                82.4845468254252,28.6085129517544,0
                82.484236002346,28.6079907445803,0
                82.4837941954328,28.6075625899415,0
                82.4832235939383,28.6071109357305,0
                82.4827179840726,28.6066428465425,0
                82.4818704853966,28.6060340773417,0
                82.4815541579249,28.6057600977121,0
                82.4814083691714,28.6055677381287,0
                82.4811765922559,28.6053536922076,0
                82.4805915600918,28.6045977527619,0
                82.4802396813931,28.6040173641822,0
                82.479968349383,28.6036684542122,0
                82.4798439332823,28.6034555348782,0
                82.4792977052106,28.6029111391354,0
                82.4787461618044,28.6025359780262,0
                82.4784904480055,28.6024350454822,0
                82.4776328803835,28.6022458628761,0
                82.4768590497608,28.6021527980035,0
                82.4764743541866,28.6020103048976,0
                82.47629956306,28.6021227924663,0
                82.4762340090523,28.6021393520334,0
                82.4758591789072,28.6024749413102,0
                82.4756580125212,28.602756849969,0
                82.4754054103716,28.603382100772,0
                82.4752647957777,28.6038370569393,0
                82.4752202376175,28.6038939264837,0
                82.4751742429244,28.6039891039495,0
                82.4750622541677,28.6041595241899,0
                82.4743050258425,28.6051173622514,0
                82.4740411203387,28.6053412753779,0
                82.4737997121914,28.6054905081728,0
                82.4734295100029,28.6056546753686,0
                82.4723868957361,28.6059411332654,0
                82.4721896063715,28.6060899291207,0
                82.4714507646347,28.6063054614689,0
                82.470804540653,28.6062921407268,0
                82.4706095039134,28.6063258846417,0
                82.4703516641891,28.6063015707607,0
                82.4701552513924,28.6063758735353,0
                82.4700260816803,28.6063728090231,0
                82.4697011865635,28.6064417355728,0
                82.4694398449957,28.6065325356505,0
                82.4693082362658,28.6066264005813,0
                82.4689812149751,28.6067720693946,0
                82.4686270688349,28.6071277818179,0
                82.4683210441913,28.6073137595293,0
                82.4678671049509,28.6073435003884,0
                82.4674776564561,28.6074131137823,0
                82.4672804934161,28.6075235381255,0
                82.4671038895808,28.6076923320293,0
                82.4670807039333,28.607767012677,0
                82.466835293579,28.6080877295642,0
                82.4664860881309,28.608251646404,0
                82.4662910505695,28.6082875781175,0
                82.4660322109919,28.6082813871033,0
                82.4657747469947,28.6082390750366,0
                82.4650639683516,28.6082241903399,0
                82.4648689314536,28.608260121806,0
                82.464672143391,28.6083502359753,0
                82.4642319460843,28.6087248824298,0
                82.4634082883058,28.6097397144784,0
                82.4631012010869,28.6099438157261,0
                82.462665757121,28.6101086699048,0
                82.4625570215075,28.610143664833,0
                82.4623187403046,28.6101958442844,0
                82.4618644874887,28.6102458327579,0
                82.4616040846211,28.6103163850778,0
                82.4603615550982,28.6108462555041,0
                82.4593782410632,28.6113620683234,0
                82.4577497648232,28.611808128485,0
                82.4571689077494,28.6117579997977,0
                82.4565276856091,28.6115551335665,0
                82.4563362132869,28.6114715138986,0
                82.4562075442384,28.6114142047904,0
                82.4559490798223,28.6113922027841,0
                82.4556271244628,28.6113077056796,0
                82.4553023550598,28.6113405102154,0
                82.4549763974638,28.6114296846187,0
                82.4547791724379,28.6115401715417,0
                82.4543872856595,28.6116660921678,0
                82.453868543546,28.6116761462852,0
                82.4537401860513,28.6116347099999,0
                82.4534171684235,28.6116111448805,0
                82.4531597667956,28.6115281489329,0
                82.4528411893537,28.6113127270349,0
                82.4527127693417,28.6112712908876,0
                82.4523295762151,28.6110543056433,0
                82.4521366648533,28.6110135563118,0
                82.4518771383205,28.6110073031798,0
                82.4514206974964,28.6111317227839,0
                82.4508348370716,28.6112350163392,0
                82.4505738714595,28.6113076934034,0
                82.4503777088641,28.6114000570608,0
                82.4501174309997,28.6114321130484,0
                82.4496608648904,28.6115565946453,0
                82.4492676654624,28.6117208866663,0
                82.4481579342515,28.6120643387083,0
                82.4474429659362,28.6121644439798,0
                82.4469245992061,28.6121541869756,0
                82.4464122976514,28.6119341370161,0
                82.4462187624801,28.6118933261165,0
                82.4460273525698,28.6117735839387,0
                82.4452797725406,28.6114544148844,0
                82.4451721622421,28.6114331030013,0
                82.4449361328266,28.6113701671626,0
                82.4441011887673,28.611106179566,0
                82.4438021071577,28.610967250027,0
                82.4437136794625,28.6110426170831,0
                82.443492455047,28.6112660308986,0
                82.4433384741573,28.6113601451574,0
                82.4430980672264,28.6114889423916,0
                82.4428798456774,28.6115612446199,0
                82.4417617339704,28.6122272298314,0
                82.4416312509304,28.6122624115083,0
                82.4409742705722,28.6126326177017,0
                82.4405758800352,28.6129864543668,0
                82.4403336594915,28.6131739958975,0
                82.4402662286623,28.6132874846839,0
                82.4400874364496,28.6135329596448,0
                82.4397705304302,28.614097965935,0
                82.439481188478,28.6144371177661,0
                82.4386414758865,28.6151859114234,0
                82.437802888718,28.6158759602565,0
                82.4377575799229,28.6159712011801,0
                82.4376023482597,28.6161194351482,0
                82.4367988753387,28.6171362050691,0
                82.4364232321988,28.6174739808398,0
                82.4357564344284,28.6182050908345,0
                82.4356443831252,28.6183754491318,0
                82.4354354635246,28.6189438311562,0
                82.4354108396729,28.6190591330698,0
                82.4353658436325,28.6191340004937,0
                82.4359027693201,28.6192388733515,0
                82.4362864014623,28.6194377981346,0
                82.4367362750108,28.6195796044293,0
                82.4369919258541,28.6197190323538,0
                82.4373134427565,28.6198216525932,0
                82.4374410483407,28.6198992099815,0
                82.4376977619688,28.6199799562612,0
                82.4378895466427,28.6200793879846,0
                82.4379547887167,28.620080951037,0
                82.4386581241671,28.6204389287756,0
                82.4392309760863,28.6208320882951,0
                82.4398060171342,28.621148505187,0
                82.4408889190704,28.6218768292159,0
                82.4416086243875,28.6224443496023,0
                82.4417762220128,28.6226387720402,0
                82.4423467609516,28.6231469833158,0
                82.4429834159481,28.623577766354,0
                82.4436872518166,28.6239176824403,0
                82.4455529892414,28.6244480983724,0
                82.4458927517096,28.6246655210058,0
                82.4460246731514,28.6245919671061,0
                82.4461780914784,28.6245001030853,0
                82.4464881179208,28.6241810123018,0
                82.4468176397787,28.6239767228637,0
                82.4474456186133,28.6239114260325,0
                82.4476860882397,28.6237825035526,0
                82.4479071873442,28.623597461967,0
                82.4480409846467,28.6234268542018,0
                82.4487164131575,28.622350526032,0
                82.4489597601542,28.622106551863,0
                82.4492229152033,28.6219593819234,0
                82.4498080872387,28.6218944590433,0
                82.450395009979,28.6217347944001,0
                82.4505241803137,28.6217356713416,0
                82.4508504500348,28.6216668073619,0
                82.451241399534,28.621558885596,0
                82.4515049288887,28.6213913427225,0
                82.451787328858,28.6213409764695,0
                82.4518507574532,28.6213989719935,0
                82.451870315808,28.6214754026898,0
                82.4519211733508,28.6220117288476,0
                82.4521676935723,28.6225120617029,0
                82.4524215928621,28.6227077972853,0
                82.452615190999,28.6227508587964,0
                82.4528744052533,28.6227368018411,0
                82.4530266982179,28.622701307349,0
                82.4534907683882,28.622290351784,0
                82.4538851561714,28.6220673152193,0
                82.4542108012947,28.6219984513256,0
                82.4549893213505,28.621956217379,0
                82.4552502250518,28.6218835399573,0
                82.4555780585983,28.6217379327736,0
                82.4561925451337,28.6213478533898,0
                82.4563360907686,28.6212403028706,0
                82.4567422281718,28.6209382113766,0
                82.4569409557953,28.6207511069463,0
                82.4572031098119,28.6206219970698,0
                82.4575330704578,28.6203612761613,0
                82.4579247698927,28.6202172325657,0
                82.4581194934355,28.620201612366,0
                82.4588373391247,28.6199480206437,0
                82.4591616077917,28.6199152161956,0
                82.4593574582641,28.6198431632691,0
                82.4600043703492,28.619856546815,0
                82.4607115215065,28.620022604154,0
                82.4612936304935,28.6200140509409,0
                82.4619455451377,28.6198355766369,0
                82.4621420828743,28.6197252152706,0
                82.4624034868995,28.6196343527036,0
                82.4627701872548,28.6196237334215,0
                82.4631585101487,28.6196104902229,0
                82.4634802152349,28.6196746767271,0
                82.4636103857965,28.6196574930057,0
                82.4640604476451,28.6197631775684,0
                82.4644484580797,28.6197702448185,0
                82.4649046487877,28.6196254525091,0
                82.4653644039855,28.6193677950919,0
                82.4656901114916,28.6192583099724,0
                82.4662796624111,28.6189655332741,0
                82.4667322264941,28.6189741643536,0
                82.4672535958042,28.6188309349222,0
                82.4675132486969,28.6187987545104,0
                82.468287142646,28.6188896325417,0
                82.4684154987964,28.618931130258,0
                82.4688655607081,28.6190345027904,0
                82.4694482946262,28.6190259493847,0
                82.4703603018939,28.6187566126511,0
                82.4716011428923,28.6182852992392,0
                82.471992029721,28.618177314994,0
                82.4728372304527,28.6180215294946,0
                82.4734239047552,28.6178414293664,0
                82.4741381841304,28.6177411994724,0
                82.4746539888768,28.6177897024305,0
                82.4751036754824,28.6179133849375,0
                82.4756217935752,28.6179032685025,0
                82.4758775064632,28.61800420085,0
                82.4764569885148,28.6181310102336,0
                82.4769966033653,28.6181025834941,0
              </coordinates>
            </LinearRing>
          </outerBoundaryIs>
        </Polygon>
      </Placemark>
      <Placemark id="KA_RUKUM_W_Musikot.12">
        <ExtendedData>
          <SchemaData schemaUrl="#KA_RUKUM_W_Musikot.schema">
            <SimpleData name="ogc_fid">1516</SimpleData>
            <SimpleData name="objectid_1">1517</SimpleData>
            <SimpleData name="dcode">54</SimpleData>
            <SimpleData name="district">RUKUM_W</SimpleData>
            <SimpleData name="das">0</SimpleData>
            <SimpleData name="gapa_napa">Musikot</SimpleData>
            <SimpleData name="type_gn">Nagarpalika</SimpleData>
            <SimpleData name="gn_code">4.000000000000000</SimpleData>
            <SimpleData name="new_ward_n">2</SimpleData>
            <SimpleData name="ddgnww">540402.000000000000000</SimpleData>
            <SimpleData name="center">Khalanga</SimpleData>
            <SimpleData name="state_code">6</SimpleData>
            <SimpleData name="ddgn">54004</SimpleData>
            <SimpleData name="area_sqkm">5.673247692320000</SimpleData>
            <SimpleData name="shape_leng">10692.143493100002161</SimpleData>
            <SimpleData name="shape_area">5673247.692320000380278</SimpleData>
            <SimpleData name="Province">KA</SimpleData>
            <SimpleData name="Address">Musikot-2, RUKUM_W, KA</SimpleData>
          </SchemaData>
        </ExtendedData>
        <Polygon>
          <outerBoundaryIs>
            <LinearRing>
              <coordinates>
                82.4505312622282,28.6305706718873,0
                82.4504080929211,28.6304884901344,0
                82.4495084727955,28.6300447677098,0
                82.4480756774369,28.6294939216359,0
                82.4462754188131,28.6295943858106,0
                82.4459491509757,28.6295707588036,0
                82.4456242587518,28.6295088222217,0
                82.4448581209609,28.6291042225203,0
                82.4438669432659,28.6290628990969,0
                82.4423087137249,28.6291990518188,0
                82.4421431728157,28.6292459197892,0
                82.4420036875397,28.6294662102325,0
                82.4419171365194,28.6294942063055,0
                82.4415775509846,28.6298045479463,0
                82.4410390503449,28.6303854866125,0
                82.4403225119295,28.6309434245914,0
                82.4399968653767,28.6311070290789,0
                82.439557167265,28.6315267346607,0
                82.4390085491714,28.6317919517571,0
                82.4387966359555,28.6319994923617,0
                82.437684716752,28.6323856899983,0
                82.4372783929488,28.632588478127,0
                82.4361354172511,28.632900620176,0
                82.4355358061571,28.6331302775722,0
                82.4349814357826,28.6335804782285,0
                82.4340354297931,28.6340438587413,0
                82.4338063953553,28.6342177144553,0
                82.4336131039168,28.6344813753905,0
                82.433572225768,28.6349058980049,0
                82.4335002955772,28.6350667571725,0
                82.4330812836373,28.6353689735099,0
                82.4321748341656,28.6358770378402,0
                82.4318616227685,28.6361126365599,0
                82.4310585838525,28.6373188265389,0
                82.4307056009971,28.6389059879905,0
                82.4303383283048,28.6394466203793,0
                82.4298242628591,28.6400001865712,0
                82.4290174832103,28.6406966734563,0
                82.4285537265244,28.6410962546502,0
                82.4282029566105,28.6413413514716,0
                82.4277792615517,28.6414901442343,0
                82.4270002331383,28.6419246552653,0
                82.4268379389974,28.6421180731299,0
                82.4268409969885,28.6423458640323,0
                82.4277549826247,28.6431888628431,0
                82.4284699954378,28.6439729888859,0
                82.4303483358591,28.6455997414734,0
                82.4305137432972,28.6459656478199,0
                82.4306730242387,28.6464940395638,0
                82.431036531811,28.6468555740934,0
                82.4321290950066,28.6488876529297,0
                82.4324459739653,28.6497187688703,0
                82.4324580965892,28.649766014576,0
                82.4330445963305,28.652186800596,0
                82.4332909851151,28.6529556081493,0
                82.4336267394717,28.653673797385,0
                82.4343263750989,28.6546791522195,0
                82.4351295048138,28.6553022316785,0
                82.4359959399658,28.6558366329171,0
                82.4371083415054,28.6563549144822,0
                82.4388134723808,28.6570698104702,0
                82.4393412148335,28.6570033247057,0
                82.4405775492553,28.6569044774903,0
                82.4421593317193,28.6570590488728,0
                82.4429632865748,28.6569940661781,0
                82.4437729937366,28.6567847229511,0
                82.4445502697348,28.6564538895616,0
                82.4457231877468,28.6556970393734,0
                82.4464977152508,28.6553053366641,0
                82.4470258962668,28.6551711066153,0
                82.4494393198518,28.6551385199419,0
                82.4497024111702,28.6550274716324,0
                82.4503887648252,28.6545464015011,0
                82.4511817424908,28.6533582724195,0
                82.4517856804713,28.6523255632976,0
                82.4520398447131,28.6517521825896,0
                82.4527925628004,28.6513538549867,0
                82.4532054520797,28.6509344003379,0
                82.4534078041399,28.6506818642077,0
                82.4537960144107,28.6499988070223,0
                82.4542135300901,28.6495364182716,0
                82.4542997683801,28.6495377949525,0
                82.4545219863894,28.6496166028292,0
                82.4546324081891,28.6496469767922,0
                82.4548462524672,28.6497642820159,0
                82.4554047986927,28.6498958405594,0
                82.4557175040384,28.6500390192152,0
                82.4562579301593,28.6500625881279,0
                82.4563353577244,28.6500662764832,0
                82.4565943842069,28.6500770289462,0
                82.4570618793169,28.6503245756731,0
                82.4573763318798,28.6505558090238,0
                82.4577394062097,28.6506398690272,0
                82.4579186330252,28.650563504084,0
                82.4579951889566,28.6503709601362,0
                82.458010329281,28.6494753553878,0
                82.4581471939851,28.6490182120382,0
                82.4585064046372,28.64855650974,0
                82.4592551296624,28.6478311496541,0
                82.4597223262175,28.6472712702939,0
                82.4598120109013,28.6467763174664,0
                82.4600008635213,28.6466141477123,0
                82.4600910490613,28.6461079453327,0
                82.4600290059508,28.6455041252922,0
                82.4601024991154,28.645365763717,0
                82.4599906391631,28.6453669495775,0
                82.4577071390836,28.6451637470351,0
                82.4569911143207,28.6450180625714,0
                82.4564846233644,28.6448160117794,0
                82.4563355834018,28.6447138307181,0
                82.4561148659226,28.6445628417688,0
                82.4557617291075,28.6444019758906,0
                82.4545730840966,28.6441012365111,0
                82.4535292287143,28.6439094260435,0
                82.4531372218205,28.6437579969078,0
                82.4521894854423,28.6432155330506,0
                82.4517089913757,28.6430470413267,0
                82.4508411083139,28.6431037109212,0
                82.4501278307954,28.6430165830465,0
                82.4497665706053,28.6428670912295,0
                82.4497438947738,28.6423778863484,0
                82.4500091159094,28.6420051118074,0
                82.4504241294856,28.6416465881298,0
                82.450828772956,28.6410918954838,0
                82.4509118290882,28.6408112974569,0
                82.4509167712889,28.6405179494128,0
                82.450814227365,28.6402664712106,0
                82.4502908111745,28.6396202732441,0
                82.449993043476,28.6393482310397,0
                82.4490344405759,28.6384743602247,0
                82.4487065495126,28.6383357423647,0
                82.4485121409004,28.6381844410332,0
                82.4483920379725,28.6379150895502,0
                82.4483991085155,28.6374548193284,0
                82.4487254145717,28.635430385462,0
                82.4489057135964,28.6348758768722,0
                82.4494972199563,28.6335951276278,0
                82.4496445231281,28.6330589292106,0
                82.4500756098443,28.6319672241408,0
                82.450317897361,28.6315518279308,0
                82.4505706303273,28.6306446650283,0
                82.4505312622282,28.6305706718873,0
              </coordinates>
            </LinearRing>
          </outerBoundaryIs>
        </Polygon>
      </Placemark>
      <Placemark id="KA_RUKUM_W_Musikot.13">
        <ExtendedData>
          <SchemaData schemaUrl="#KA_RUKUM_W_Musikot.schema">
            <SimpleData name="ogc_fid">1528</SimpleData>
            <SimpleData name="objectid_1">1529</SimpleData>
            <SimpleData name="dcode">54</SimpleData>
            <SimpleData name="district">RUKUM_W</SimpleData>
            <SimpleData name="das">0</SimpleData>
            <SimpleData name="gapa_napa">Musikot</SimpleData>
            <SimpleData name="type_gn">Nagarpalika</SimpleData>
            <SimpleData name="gn_code">4.000000000000000</SimpleData>
            <SimpleData name="new_ward_n">7</SimpleData>
            <SimpleData name="ddgnww">540407.000000000000000</SimpleData>
            <SimpleData name="center">Khalanga</SimpleData>
            <SimpleData name="state_code">6</SimpleData>
            <SimpleData name="ddgn">54004</SimpleData>
            <SimpleData name="area_sqkm">15.512288801000000</SimpleData>
            <SimpleData name="shape_leng">22313.800830200001656</SimpleData>
            <SimpleData name="shape_area">15512288.801000000908971</SimpleData>
            <SimpleData name="Province">KA</SimpleData>
            <SimpleData name="Address">Musikot-7, RUKUM_W, KA</SimpleData>
          </SchemaData>
        </ExtendedData>
        <Polygon>
          <outerBoundaryIs>
            <LinearRing>
              <coordinates>
                82.5595166391754,28.610731106843,0
                82.5594256543108,28.6105609333926,0
                82.5590341027682,28.6094944007843,0
                82.558860632303,28.6091700534601,0
                82.5586860415913,28.6086358492245,0
                82.5584896436084,28.6079503473714,0
                82.5583795460255,28.60726347129,0
                82.5581410245569,28.6068075721232,0
                82.5577934646794,28.6058723405784,0
                82.557403966064,28.6052637026573,0
                82.5572527395623,28.6051109647719,0
                82.5570795811419,28.6048068655223,0
                82.5570143448571,28.6045783224227,0
                82.5568413725546,28.6043306556535,0
                82.5567977570838,28.6041790437477,0
                82.556624598339,28.6038749439458,0
                82.5563868869671,28.6035499079116,0
                82.5562355977803,28.6033994193468,0
                82.5560624396355,28.6030952575219,0
                82.5559099703078,28.6025613666562,0
                82.5559090387695,28.6022546450293,0
                82.5558004979461,28.6018745529358,0
                82.555734578333,28.6014159697467,0
                82.555647656611,28.6011871769748,0
                82.5553230225784,28.6006739692033,0
                82.555193481109,28.6005214809603,0
                82.5549776381082,28.6003499931412,0
                82.5547614227855,28.6000657666551,0
                82.5544374099402,28.599742103686,0
                82.5542640018835,28.5994379415391,0
                82.5538750008623,28.5989623546117,0
                82.5536151077847,28.59850620556,0
                82.5535068780744,28.5982006066596,0
                82.5529657191768,28.5972880579306,0
                82.5527918777137,28.596753854471,0
                82.5526621490848,28.5965246860443,0
                82.5525962289182,28.5960683515724,0
                82.5524876249189,28.5957626910578,0
                82.552465072442,28.5953812253177,0
                82.5524646997838,28.5952662358981,0
                82.5519479544494,28.5954208392581,0
                82.551173180682,28.5956155597612,0
                82.5505268921174,28.5956379855791,0
                82.5501389452204,28.5956022332718,0
                82.5495571496325,28.5956050366354,0
                82.5485228527163,28.5955511510424,0
                82.5478117014279,28.5954397757039,0
                82.5474235678686,28.595345404056,0
                82.5467770316825,28.5952527780609,0
                82.546259978201,28.5952178983932,0
                82.5456781810776,28.5952207022792,0
                82.5451615002698,28.595298499773,0
                82.5441276379902,28.5953799772037,0
                82.5430288490643,28.5953658998574,0
                82.5421885266539,28.5953117673599,0
                82.5412834017195,28.5952027638472,0
                82.5410246880185,28.5951278296045,0
                82.5408307767174,28.5951077031976,0
                82.5404425196387,28.5949772096356,0
                82.5399464648552,28.5947869070007,0
                82.5397953627251,28.594692788346,0
                82.5396588188904,28.5946822876237,0
                82.5395372100207,28.5946741616727,0
                82.5392793657996,28.5948857633302,0
                82.5390010805383,28.595421834551,0
                82.5389583954511,28.5955951307119,0
                82.5389590762555,28.5959379116424,0
                82.5388741419553,28.5963971180616,0
                82.5388312089883,28.5964530499667,0
                82.5387041485244,28.5972569116617,0
                82.5385334742275,28.5977716116766,0
                82.5383191844723,28.5981369497194,0
                82.5380399669713,28.5983662373364,0
                82.5374376077919,28.5985605227573,0
                82.536856747175,28.5986580680917,0
                82.5362112062515,28.5988156694018,0
                82.5354367461304,28.5989336470362,0
                82.5351783433111,28.5989533906533,0
                82.5345970481383,28.5988997628213,0
                82.5341452333517,28.5989219414577,0
                82.5338220918139,28.5988462553844,0
                82.533176677062,28.5989452999362,0
                82.5321435036526,28.5989499093257,0
                82.5315627671777,28.5991060108964,0
                82.5307876214659,28.599111061818,0
                82.529884425794,28.5994397053893,0
                82.5291105847601,28.5998620930996,0
                82.5288526800946,28.5999585802691,0
                82.5284652940405,28.6000197562419,0
                82.5279490488619,28.600153986328,0
                82.5271740304764,28.6000643583643,0
                82.5265281784608,28.6001250306938,0
                82.5254744402542,28.6004541717451,0
                82.5253238966023,28.6005495360347,0
                82.5254964959227,28.6006822136679,0
                82.5255612358682,28.6007596453601,0
                82.5256477815022,28.6009883758933,0
                82.5256929471459,28.6018279236291,0
                82.5257801772823,28.6022845086666,0
                82.5258885949783,28.6025315501685,0
                82.5261473678739,28.6027779687382,0
                82.5264920671855,28.6030072645372,0
                82.5267509042652,28.6031183214166,0
                82.5275052937288,28.6035934138705,0
                82.5277855037969,28.6037047198981,0
                82.5281307019772,28.6039701384585,0
                82.5282601809206,28.6041226256727,0
                82.5284329641174,28.6044471611262,0
                82.5285636242127,28.6049988626814,0
                82.5285643687481,28.6052672755714,0
                82.5284786886844,28.6054761303519,0
                82.5283495810905,28.605476940318,0
                82.5282849654755,28.6054401924283,0
                82.5279612044633,28.6050599727145,0
                82.5275512660625,28.6047194353031,0
                82.5274649029887,28.6046801880738,0
                82.5270778301622,28.6047210539561,0
                82.5266901948433,28.6047032997659,0
                82.5259787370384,28.6043076382646,0
                82.5256768437172,28.6040990903577,0
                82.5252887150193,28.6037565532095,0
                82.5249647677186,28.6033199637453,0
                82.5247273672878,28.6030714829819,0
                82.5245115861143,28.6029203062221,0
                82.5241878248397,28.6025400860265,0
                82.5236272835536,28.6021438015309,0
                82.5232826437857,28.602067866125,0
                82.5229383144109,28.6021092319433,0
                82.5225079353019,28.6020909778353,0
                82.522077616362,28.602226146638,0
                82.5218192752519,28.6022662012309,0
                82.5216469864409,28.6022485754199,0
                82.5212167318924,28.6022889403691,0
                82.5210444432708,28.6022509416462,0
                82.5209797026718,28.6021938827224,0
                82.5206995559986,28.602080264717,0
                82.5202684963371,28.6016988558044,0
                82.5201818852626,28.6015851771454,0
                82.5199224944712,28.6009914155783,0
                82.5197283989545,28.600802055207,0
                82.5195340528098,28.6006691266492,0
                82.5192973994132,28.6005537585787,0
                82.5186727981287,28.6004409478521,0
                82.51806944897,28.6001365914556,0
                82.5171858905446,28.5995833792139,0
                82.5170135405249,28.599527319597,0
                82.5165830369517,28.5994707562715,0
                82.5164540542955,28.5995099378099,0
                82.515829391551,28.5993587547332,0
                82.5156354200702,28.5992258266586,0
                82.5153765848936,28.5989590980428,0
                82.5153549644567,28.5988821671966,0
                82.515268477992,28.598786487108,0
                82.5151385040138,28.5983271519736,0
                82.5150730198768,28.5979633093043,0
                82.5150723991358,28.5977355180747,0
                82.5151146527681,28.5972758105707,0
                82.5152420873221,28.5965283188918,0
                82.5152838405717,28.5960326152719,0
                82.5151116168911,28.5958796265212,0
                82.5148962090018,28.5958411273547,0
                82.5146380570245,28.5958428109946,0
                82.5143797159653,28.5958806160685,0
                82.5139493988216,28.5958826721782,0
                82.5133468539351,28.5959977771859,0
                82.5128306108341,28.5959989571479,0
                82.5124862808397,28.5960583213866,0
                82.5105063620178,28.5960636663561,0
                82.5093013338222,28.5962195718759,0
                82.5091291075426,28.5962019464684,0
                82.508526751144,28.596260682036,0
                82.5082255408047,28.5963002358595,0
                82.5080533145632,28.5962802985039,0
                82.5070204522505,28.596379461461,0
                82.5066762472613,28.5964568863324,0
                82.5060738904364,28.5965156226435,0
                82.5052128202535,28.5964790507095,0
                82.5040074829535,28.5965019058564,0
                82.5031470954814,28.5967134355011,0
                82.5026310378535,28.5968114812279,0
                82.5022005327021,28.5968495964632,0
                82.5020283686256,28.5968702176419,0
                82.5018993234546,28.5968710899736,0
                82.500522256461,28.5970656149032,0
                82.500092124597,28.5971623490626,0
                82.4996406192477,28.5973738861072,0
                82.4993395933809,28.5976051728626,0
                82.4990600662415,28.5977396562664,0
                82.498371656801,28.5978944442623,0
                82.4981136280193,28.5979141257305,0
                82.4979972696967,28.5978722533901,0
                82.4979319027327,28.5978999996478,0
                82.4977647997706,28.5979695534815,0
                82.4969864653157,28.5980480345949,0
                82.496418724608,28.5983408122821,0
                82.4961801928036,28.5984133018003,0
                82.4958375539228,28.598308805936,0
                82.4953728742226,28.5979372705745,0
                82.4952477685158,28.5977627227448,0
                82.4950638018228,28.5973587575307,0
                82.4948141540019,28.5970119103916,0
                82.4947752876666,28.5968386757754,0
                82.4945880684947,28.596567822852,0
                82.4940824580967,28.5960997329943,0
                82.4938264954451,28.5959807407541,0
                82.4936663971026,28.5957253865874,0
                82.4933548114051,28.5958754306889,0
                82.4931807704807,28.5959472340345,0
                82.4930487858956,28.5960592218566,0
                82.4929371733965,28.5962093317091,0
                82.4929318575202,28.5964191243236,0
                82.4930324013819,28.596706724887,0
                82.4930466440295,28.5969930731003,0
                82.4931689347437,28.5972804235329,0
                82.4931632435332,28.5975105271477,0
                82.4931158094558,28.597680198431,0
                82.4928943345851,28.5979239858377,0
                82.4925886852336,28.5980875287968,0
                82.4916976132235,28.5983747391302,0
                82.491566379507,28.5984483552868,0
                82.4913898370575,28.5986149628356,0
                82.4912946564448,28.5989746155991,0
                82.4911152370802,28.5992562745253,0
                82.4911312304732,28.599486190626,0
                82.4914026247017,28.5998350383231,0
                82.4916340271162,28.6000693321272,0
                82.4919941604466,28.6003247517848,0
                82.4926260019012,28.6009087700797,0
                82.4928560275166,28.6011814358289,0
                82.4930834891733,28.6015871521016,0
                82.4930777986656,28.6018150677026,0
                82.4929183764446,28.6021551593422,0
                82.492431181625,28.6026770414506,0
                82.4918802469164,28.6031612390084,0
                82.4917237020775,28.6033862790912,0
                82.4911734549876,28.603832166868,0
                82.490908174221,28.6040944517441,0
                82.490616767146,28.6045442807099,0
                82.4906138905852,28.6046593323776,0
                82.49082573317,28.6048171340094,0
                82.4911915584556,28.6048424492576,0
                82.4915382001386,28.6047732109723,0
                82.4917126161615,28.6046833466719,0
                82.4920606341248,28.6045757367318,0
                82.4922325478607,28.6045783641725,0
                82.4924896368673,28.604643174496,0
                82.4929140116239,28.6049182176357,0
                82.4931888447179,28.6051520128805,0
                82.4944654554158,28.6066852657884,0
                82.494719042084,28.6069012497041,0
                82.4950336179681,28.6072315991826,0
                82.4952438359654,28.607463830479,0
                82.4953227574546,28.6077516801515,0
                82.4953359361229,28.6080943990763,0
                82.4952839370651,28.6084378047175,0
                82.4955227639089,28.6092426710805,0
                82.4955730592838,28.6098149949722,0
                82.4959884905641,28.6104532542235,0
                82.4962827575817,28.6107454817904,0
                82.496617579866,28.6111522624867,0
                82.4967199363906,28.6113834920706,0
                82.4969902674776,28.6117909587382,0
                82.4975063044475,28.6127168191376,0
                82.497820505581,28.6130652288656,0
                82.497996791094,28.613239215699,0
                82.4980588451381,28.6132173434173,0
                82.498769310537,28.6132725989277,0
                82.499372288532,28.6134235938708,0
                82.4994367807353,28.6134040341578,0
                82.4997599229609,28.6134617835955,0
                82.5008572762213,28.613363371504,0
                82.5014171994513,28.6134191874537,0
                82.5017614668674,28.6133417621283,0
                82.5022348415862,28.613281649654,0
                82.5024285014093,28.613340147145,0
                82.5029244902153,28.6137020579238,0
                82.503118460944,28.6138529844569,0
                82.5032479410825,28.6140055353604,0
                82.5033992292267,28.6141966449295,0
                82.5035505160144,28.6144848083572,0
                82.504262714552,28.6153813615402,0
                82.5045869078491,28.616088613588,0
                82.5048246187624,28.616449896476,0
                82.504889296353,28.6165092665732,0
                82.5052133049522,28.6170248493978,0
                82.5059686221299,28.6179962708629,0
                82.506271134821,28.6184326731897,0
                82.5064875360876,28.6188320139214,0
                82.5066821868405,28.6193461570997,0
                82.5068335999639,28.6195756383706,0
                82.5069203317984,28.6198811115046,0
                82.5069426354961,28.6202242054599,0
                82.5072009123354,28.6202608935167,0
                82.5084950940199,28.6212269492284,0
                82.5092711679414,28.6216617957443,0
                82.5094003372341,28.6216812950975,0
                82.5100249988658,28.6219069090936,0
                82.5106494762436,28.6219227295232,0
                82.5112518367281,28.6216723235246,0
                82.5115745438292,28.6216510183264,0
                82.511962240299,28.6216868325149,0
                82.5124141809728,28.6216083470369,0
                82.5129956633483,28.6216824108649,0
                82.513662885118,28.6216784839242,0
                82.5140720812949,28.6216198699818,0
                82.5145675110553,28.6217695511255,0
                82.5148262842234,28.6219979712297,0
                82.5147407930408,28.6221503940971,0
                82.5146334898701,28.6224176177297,0
                82.5142470336321,28.6228780692648,0
                82.5140113083792,28.6232611562869,0
                82.5139471864712,28.6235468790266,0
                82.5140124844721,28.6238341029865,0
                82.513926990742,28.6241195759993,0
                82.5136480839941,28.6245022238753,0
                82.513286189162,28.6248546233157,0
                82.513304057148,28.6250578550256,0
                82.5133995862934,28.6261460692173,0
                82.5136214328303,28.6260515189967,0
                82.5148467181492,28.6253612249822,0
                82.5159076416216,28.6251315120449,0
                82.5161054286629,28.625059208965,0
                82.5162972785838,28.6249869064476,0
                82.5165556816122,28.6249468511554,0
                82.5169430074452,28.6248112441379,0
                82.517136605941,28.6247908117707,0
                82.5176528519726,28.6246160225426,0
                82.5182987041745,28.6244989801873,0
                82.5190737865488,28.6245323013384,0
                82.5196553924344,28.6246649852969,0
                82.5197200707057,28.6247017958594,0
                82.5201723218233,28.6247382983347,0
                82.5212057451093,28.624713504063,0
                82.5215928191275,28.6246162061469,0
                82.5219158387198,28.624594900652,0
                82.5223678408887,28.6245164143642,0
                82.5232073529918,28.6245119898027,0
                82.5235950486678,28.6245681151686,0
                82.5240476729726,28.6246993598097,0
                82.5243708757686,28.6248494756477,0
                82.5246075946784,28.6248294813399,0
                82.5248226920903,28.6247326185778,0
                82.5249517371544,28.6247317451402,0
                82.5252105756328,28.6248067424798,0
                82.5257272564176,28.6247853140446,0
                82.5260500245581,28.6248226284678,0
                82.5268252335136,28.6247611448372,0
                82.5270832620707,28.6247030289946,0
                82.5276113787514,28.6246614158954,0
                82.5277075528873,28.6246624797349,0
                82.528030573028,28.624620863296,0
                82.5286759263908,28.6244474518707,0
                82.5293215896918,28.6243867793848,0
                82.5300964880272,28.6242485532233,0
                82.5302899004729,28.6241717508685,0
                82.5306128579555,28.6241120731907,0
                82.5308063330366,28.6240352085065,0
                82.5317748319564,28.6238021187068,0
                82.5322266467782,28.6237596300875,0
                82.5324204338815,28.6237031376695,0
                82.5326140947273,28.6237007037728,0
                82.5334533604695,28.623506796044,0
                82.5338408707208,28.6234658679663,0
                82.5344216083496,28.6232713944677,0
                82.5346796991753,28.6232335898528,0
                82.5349379164854,28.6231168543646,0
                82.5357125034681,28.6228838869445,0
                82.5363575465039,28.6225931108965,0
                82.5367448096646,28.6224777519462,0
                82.5373253599938,28.6222268459189,0
                82.5376047636079,28.6220336801491,0
                82.5378630429451,28.6219371935615,0
                82.5383144242507,28.6216691619829,0
                82.5387446203119,28.6214753112127,0
                82.5391526339969,28.6211300994496,0
                82.5393028672907,28.6209196828591,0
                82.5395177790097,28.6207460772487,0
                82.5396581982384,28.6207137073727,0
                82.539776120677,28.6206879617837,0
                82.5399700941688,28.6206855269039,0
                82.5401859990932,28.6208570149004,0
                82.5415456120092,28.6217107057988,0
                82.5420204188956,28.6219188192586,0
                82.5425166583495,28.6222219238977,0
                82.5425815248478,28.6222203623107,0
                82.5429700310722,28.6224094756156,0
                82.5432076845238,28.6224842218246,0
                82.5435102022205,28.6226746467936,0
                82.543704734617,28.6228639450585,0
                82.5437917194868,28.6230927371634,0
                82.5437497813907,28.6233990208109,0
                82.5435571737917,28.6238571011083,0
                82.5434070637831,28.6241058258482,0
                82.5431288389855,28.624795321117,0
                82.5430429102732,28.6249297452035,0
                82.543043032857,28.6250582952506,0
                82.5430440878415,28.6254440105091,0
                82.5431446916446,28.6258194776028,0
                82.5432525497351,28.6259717774754,0
                82.5434033394148,28.6260862068904,0
                82.5434464573369,28.6261813857076,0
                82.5439632555895,28.6265252370207,0
                82.5447384569874,28.6268493439949,0
                82.5448892480953,28.6269050903349,0
                82.5451904548697,28.6270008365011,0
                82.5459652219907,28.6271715197031,0
                82.546481838427,28.6272289597385,0
                82.5475146381933,28.6271114859495,0
                82.5478588436903,28.6270362474772,0
                82.5482675425787,28.6268060248317,0
                82.5483966522697,28.6266900998622,0
                82.5487188040693,28.6262898294761,0
                82.5490838292667,28.6256576422216,0
                82.549234498522,28.6255058465061,0
                82.5495142129526,28.625427608037,0
                82.5496861271855,28.6254272980005,0
                82.5503749695597,28.6255045510581,0
                82.5511494924264,28.6253888232118,0
                82.55134303109,28.62523521519,0
                82.5513790899537,28.6251702218355,0
                82.551276106051,28.6250586056247,0
                82.5511942435431,28.6249697373847,0
                82.5510215809941,28.6249114896764,0
                82.5507836790291,28.6247600624637,0
                82.550610827808,28.6247041282375,0
                82.5502870002108,28.6245337637361,0
                82.5495094266066,28.6240787944681,0
                82.5490774258059,28.6238892428766,0
                82.5485378771295,28.6237391237808,0
                82.548019141621,28.6233793988819,0
                82.5477161885773,28.6230761721812,0
                82.5472405725156,28.6226966371166,0
                82.5468509453748,28.6222594221194,0
                82.546699283966,28.6219735709089,0
                82.5465033222008,28.6214008081135,0
                82.5464167110748,28.6212871300583,0
                82.5461555093795,28.6206008763964,0
                82.5459143157419,28.6193442387094,0
                82.5456106199338,28.6186575470648,0
                82.5456743658862,28.6183897597923,0
                82.5457817908419,28.6182939584936,0
                82.5466218067043,28.6180413063784,0
                82.5469442673218,28.6178508287421,0
                82.5472671637681,28.6176963474288,0
                82.5474613259941,28.6176375435145,0
                82.547784160963,28.6174650635884,0
                82.5482366019211,28.6173278334342,0
                82.5488173431356,28.6169438148023,0
                82.5497214174779,28.6164640592547,0
                82.5502590395629,28.6160796025429,0
                82.5508402801353,28.6157722648338,0
                82.5511634257383,28.6156742161877,0
                82.5514867565583,28.6156528480172,0
                82.5522625287861,28.6155348704696,0
                82.5527153425209,28.6155532503397,0
                82.5533185760443,28.6154175839211,0
                82.5537492100933,28.6151673012911,0
                82.5541139822271,28.6147065361775,0
                82.5542212224666,28.6144573112465,0
                82.5543285845483,28.6143434476877,0
                82.5547805291639,28.6140730418286,0
                82.5555546851533,28.6135174169618,0
                82.5558556498253,28.6131913261157,0
                82.5560921218764,28.6129998473987,0
                82.5562857227198,28.6128846109021,0
                82.5564795104401,28.6128258068221,0
                82.556694796531,28.6126905095476,0
                82.556866401327,28.6125005924833,0
                82.5570815637489,28.6123269864626,0
                82.5576626795862,28.6119609667433,0
                82.5580496328593,28.611653812982,0
                82.5585228870276,28.611365595961,0
                82.5588884677081,28.6110582547969,0
                82.5591464984771,28.6109053352925,0
                82.5595166391754,28.610731106843,0
              </coordinates>
            </LinearRing>
          </outerBoundaryIs>
        </Polygon>
      </Placemark>
      <Placemark id="KA_RUKUM_W_Musikot.14">
        <ExtendedData>
          <SchemaData schemaUrl="#KA_RUKUM_W_Musikot.schema">
            <SimpleData name="ogc_fid">1529</SimpleData>
            <SimpleData name="objectid_1">1530</SimpleData>
            <SimpleData name="dcode">54</SimpleData>
            <SimpleData name="district">RUKUM_W</SimpleData>
            <SimpleData name="das">0</SimpleData>
            <SimpleData name="gapa_napa">Musikot</SimpleData>
            <SimpleData name="type_gn">Nagarpalika</SimpleData>
            <SimpleData name="gn_code">4.000000000000000</SimpleData>
            <SimpleData name="new_ward_n">6</SimpleData>
            <SimpleData name="ddgnww">540406.000000000000000</SimpleData>
            <SimpleData name="center">Khalanga</SimpleData>
            <SimpleData name="state_code">6</SimpleData>
            <SimpleData name="ddgn">54004</SimpleData>
            <SimpleData name="area_sqkm">9.092447663020000</SimpleData>
            <SimpleData name="shape_leng">17000.042091800001799</SimpleData>
            <SimpleData name="shape_area">9092447.663019999861717</SimpleData>
            <SimpleData name="Province">KA</SimpleData>
            <SimpleData name="Address">Musikot-6, RUKUM_W, KA</SimpleData>
          </SchemaData>
        </ExtendedData>
        <Polygon>
          <outerBoundaryIs>
            <LinearRing>
              <coordinates>
                82.4857018118422,28.6405740830268,0
                82.4858533549182,28.6404889682588,0
                82.4865638267097,28.6401969429876,0
                82.4885337554444,28.63978738461,0
                82.4889652621387,28.6396585901843,0
                82.4900028886859,28.6387675002608,0
                82.4904371474481,28.6384717840697,0
                82.4911501844913,28.6380466459852,0
                82.4923250973723,28.6375172121428,0
                82.4931309986673,28.6370098325136,0
                82.4939084048342,28.6363945262178,0
                82.4942174285677,28.6362354829528,0
                82.4952642917325,28.6360028946218,0
                82.4963775870636,28.6355011442661,0
                82.4975819963283,28.6350254564882,0
                82.4979968820466,28.6347592369957,0
                82.4980546295371,28.6345253219553,0
                82.4982696024041,28.6343720886752,0
                82.4990005132094,28.6338748951968,0
                82.5001619900289,28.6334141420808,0
                82.5006780502825,28.6331469245351,0
                82.5011941083245,28.6329925094784,0
                82.5032587839764,28.6320724987721,0
                82.5036457962558,28.631936830153,0
                82.5041619809751,28.6317057961313,0
                82.5044845011222,28.6316101227319,0
                82.5051942874233,28.6312661016054,0
                82.5056458535251,28.6311312457172,0
                82.5059685624241,28.6309972005148,0
                82.506613481786,28.6306321187195,0
                82.5068069569311,28.6305553162286,0
                82.506957501613,28.6304419536466,0
                82.5071295445454,28.6302497865492,0
                82.5070643709602,28.6299807481176,0
                82.5070630749074,28.6291213890007,0
                82.5071270710206,28.6288920365881,0
                82.5072990518246,28.6286615604429,0
                82.5079650383555,28.6279336370798,0
                82.5082443790463,28.6277043498035,0
                82.5083734250461,28.6276651679865,0
                82.5091478221903,28.6275879986197,0
                82.5096000105536,28.6275861926824,0
                82.5106326249913,28.6273945385857,0
                82.51095514496,28.6272989268063,0
                82.5111484958539,28.6271836902012,0
                82.5113422833136,28.6271249485361,0
                82.5117289233461,28.626876539865,0
                82.5121805543752,28.6266650035217,0
                82.5127613540714,28.6264728419205,0
                82.5132129220507,28.6262635559695,0
                82.5133995862934,28.6261460692173,0
                82.513304057148,28.6250578550256,0
                82.513286189162,28.6248546233157,0
                82.5136480839941,28.6245022238753,0
                82.513926990742,28.6241195759993,0
                82.5140124844721,28.6238341029865,0
                82.5139471864712,28.6235468790266,0
                82.5140113083792,28.6232611562869,0
                82.5142470336321,28.6228780692648,0
                82.5146334898701,28.6224176177297,0
                82.5147407930408,28.6221503940971,0
                82.5148262842234,28.6219979712297,0
                82.5145675110553,28.6217695511255,0
                82.5140720812949,28.6216198699818,0
                82.513662885118,28.6216784839242,0
                82.5129956633483,28.6216824108649,0
                82.5124141809728,28.6216083470369,0
                82.511962240299,28.6216868325149,0
                82.5115745438292,28.6216510183264,0
                82.5112518367281,28.6216723235246,0
                82.5106494762436,28.6219227295232,0
                82.5100249988658,28.6219069090936,0
                82.5094003372341,28.6216812950975,0
                82.5092711679414,28.6216617957443,0
                82.5084950940199,28.6212269492284,0
                82.5072009123354,28.6202608935167,0
                82.5069426354961,28.6202242054599,0
                82.5069203317984,28.6198811115046,0
                82.5068335999639,28.6195756383706,0
                82.5066821868405,28.6193461570997,0
                82.5064875360876,28.6188320139214,0
                82.506271134821,28.6184326731897,0
                82.5059686221299,28.6179962708629,0
                82.5052133049522,28.6170248493978,0
                82.504889296353,28.6165092665732,0
                82.5048246187624,28.616449896476,0
                82.5045869078491,28.616088613588,0
                82.504262714552,28.6153813615402,0
                82.5035505160144,28.6144848083572,0
                82.5033992292267,28.6141966449295,0
                82.5032479410825,28.6140055353604,0
                82.503118460944,28.6138529844569,0
                82.5029244902153,28.6137020579238,0
                82.5024285014093,28.613340147145,0
                82.5022348415862,28.613281649654,0
                82.5017614668674,28.6133417621283,0
                82.5014171994513,28.6134191874537,0
                82.5008572762213,28.613363371504,0
                82.4997599229609,28.6134617835955,0
                82.4994367807353,28.6134040341578,0
                82.499372288532,28.6134235938708,0
                82.498769310537,28.6132725989277,0
                82.4980588451381,28.6132173434173,0
                82.497996791094,28.613239215699,0
                82.497820505581,28.6130652288656,0
                82.4975063044475,28.6127168191376,0
                82.4969902674776,28.6117909587382,0
                82.4967199363906,28.6113834920706,0
                82.496617579866,28.6111522624867,0
                82.4962827575817,28.6107454817904,0
                82.4959884905641,28.6104532542235,0
                82.4955730592838,28.6098149949722,0
                82.4955227639089,28.6092426710805,0
                82.4952839370651,28.6084378047175,0
                82.4953359361229,28.6080943990763,0
                82.4953227574546,28.6077516801515,0
                82.4952438359654,28.607463830479,0
                82.4950336179681,28.6072315991826,0
                82.494719042084,28.6069012497041,0
                82.4944654554158,28.6066852657884,0
                82.4931888447179,28.6051520128805,0
                82.4929140116239,28.6049182176357,0
                82.4924896368673,28.604643174496,0
                82.4922325478607,28.6045783641725,0
                82.4920606341248,28.6045757367318,0
                82.4917126161615,28.6046833466719,0
                82.4915382001386,28.6047732109723,0
                82.4911915584556,28.6048424492576,0
                82.49082573317,28.6048171340094,0
                82.4906138905852,28.6046593323776,0
                82.490616767146,28.6045442807099,0
                82.490908174221,28.6040944517441,0
                82.4911734549876,28.603832166868,0
                82.4917237020775,28.6033862790912,0
                82.4918802469164,28.6031612390084,0
                82.492431181625,28.6026770414506,0
                82.4929183764446,28.6021551593422,0
                82.4930777986656,28.6018150677026,0
                82.4930834891733,28.6015871521016,0
                82.4928560275166,28.6011814358289,0
                82.4926260019012,28.6009087700797,0
                82.4919941604466,28.6003247517848,0
                82.4916340271162,28.6000693321272,0
                82.4914026247017,28.5998350383231,0
                82.4911312304732,28.599486190626,0
                82.4911152370802,28.5992562745253,0
                82.4912946564448,28.5989746155991,0
                82.4913898370575,28.5986149628356,0
                82.491566379507,28.5984483552868,0
                82.4916976132235,28.5983747391302,0
                82.4925886852336,28.5980875287968,0
                82.4928943345851,28.5979239858377,0
                82.4931158094558,28.597680198431,0
                82.4931632435332,28.5975105271477,0
                82.4931689347437,28.5972804235329,0
                82.4930466440295,28.5969930731003,0
                82.4930324013819,28.596706724887,0
                82.4929318575202,28.5964191243236,0
                82.4929371733965,28.5962093317091,0
                82.4930487858956,28.5960592218566,0
                82.4931807704807,28.5959472340345,0
                82.4933548114051,28.5958754306889,0
                82.4936663971026,28.5957253865874,0
                82.4936193414211,28.5956514550927,0
                82.4932652740004,28.5951478717057,0
                82.4929925673543,28.5948372706366,0
                82.4927817866863,28.5946614716899,0
                82.4927404814186,28.5945852273858,0
                82.491824487881,28.594146442083,0
                82.4914853510415,28.5939292066803,0
                82.4910577868483,28.593784963692,0
                82.4906314102382,28.5935866637447,0
                82.4903768227708,28.5934292993808,0
                82.4901201092676,28.5933464275393,0
                82.4897767815297,28.593282553988,0
                82.4890864368798,28.5933059166825,0
                82.4888086643098,28.5932232327014,0
                82.4885747610285,28.5930838042046,0
                82.4880949004131,28.5924461686529,0
                82.4875344920102,28.5915748654073,0
                82.4873452090879,28.5913807548706,0
                82.4871761718694,28.5912630763967,0
                82.4868153498454,28.5910459658453,0
                82.4868282796588,28.5913706231905,0
                82.4868024670281,28.5915400453568,0
                82.4865282425473,28.5921633585463,0
                82.4865025553948,28.5923350303379,0
                82.4864968020536,28.5925629466919,0
                82.4866075850712,28.5933105669575,0
                82.4865962029395,28.5937662746946,0
                82.486524769644,28.5940512475274,0
                82.486386407344,28.5943911516179,0
                82.4860704389198,28.5949562205441,0
                82.4858025925061,28.5953516169864,0
                82.4854459450606,28.5957998831967,0
                82.4852249078087,28.5960233592352,0
                82.4848015176648,28.5965873636872,0
                82.484535860819,28.5968677089552,0
                82.484066160831,28.5975427032316,0
                82.4839673519277,28.5980558420218,0
                82.4840838268104,28.5985732958517,0
                82.4842859774249,28.5990921259469,0
                82.4843019707983,28.5993197932462,0
                82.4842545362384,28.5994916515534,0
                82.4840779941615,28.5996583213789,0
                82.4839246384305,28.5997501851918,0
                82.483207855825,28.599983590994,0
                82.4826130519038,28.6004863485476,0
                82.4824578191147,28.6006729535068,0
                82.4822313424283,28.6011062854616,0
                82.4820976064932,28.6012746433535,0
                82.4818123293702,28.6014784953325,0
                82.4815506122135,28.6015873567755,0
                82.4812905840367,28.601637598242,0
                82.4810324319163,28.6016336571249,0
                82.4804539503578,28.6014865996906,0
                82.4800689423791,28.601364479744,0
                82.4798364775149,28.6011888050065,0
                82.4794756546722,28.6009716945424,0
                82.4790320971204,28.600599847844,0
                82.478713705969,28.6004026107567,0
                82.4785211713749,28.6003393012136,0
                82.4783935653654,28.6002617442476,0
                82.4781364761931,28.6001991216726,0
                82.4778137067661,28.6001913050276,0
                82.4774881249646,28.6002602937725,0
                82.4772920873979,28.6003526567348,0
                82.4772474048345,28.6004072764317,0
                82.4771984691949,28.600653690949,0
                82.477235522715,28.6008833571793,0
                82.4772269541169,28.6012262636194,0
                82.4771783939317,28.6014546164303,0
                82.4771337744675,28.6015114859886,0
                82.4771308975008,28.6016242878123,0
                82.4764743541866,28.6020103048976,0
                82.4768590497608,28.6021527980035,0
                82.4776328803835,28.6022458628761,0
                82.4784904480055,28.6024350454822,0
                82.4787461618044,28.6025359780262,0
                82.4792977052106,28.6029111391354,0
                82.4798439332823,28.6034555348782,0
                82.479968349383,28.6036684542122,0
                82.4802396813931,28.6040173641822,0
                82.4805915600918,28.6045977527619,0
                82.4811765922559,28.6053536922076,0
                82.4814083691714,28.6055677381287,0
                82.4815541579249,28.6057600977121,0
                82.4818704853966,28.6060340773417,0
                82.4827179840726,28.6066428465425,0
                82.4832235939383,28.6071109357305,0
                82.4837941954328,28.6075625899415,0
                82.484236002346,28.6079907445803,0
                82.4845468254252,28.6085129517544,0
                82.4844961389965,28.6088157349562,0
                82.4841894896195,28.6089995262768,0
                82.4834950805419,28.6091943731838,0
                82.4826434377626,28.6096141967858,0
                82.4819263432276,28.6098295414059,0
                82.480888543547,28.6099627015457,0
                82.4807580608894,28.6099979466232,0
                82.4806485111019,28.6100735628465,0
                82.4805368982355,28.6102236721543,0
                82.4804670287511,28.6104319023605,0
                82.4804624013562,28.610605636142,0
                82.4803691591831,28.6108886086654,0
                82.4803197230705,28.6111372730349,0
                82.4802294198541,28.6113074433907,0
                82.4800442472192,28.6118192059252,0
                82.4798642036028,28.6121031146457,0
                82.4791577252639,28.6127581694506,0
                82.478719950124,28.6138952456887,0
                82.4778500462734,28.6150234414496,0
                82.4775271362811,28.6158772955153,0
                82.4775008237659,28.6160490296501,0
                82.4773145262821,28.6166194744541,0
                82.4770441168954,28.6170713040803,0
                82.4768618214378,28.6174702018826,0
                82.476896060386,28.6178149210758,0
                82.4769777331859,28.6179877187179,0
                82.4769966033653,28.6181025834941,0
                82.4771442062714,28.6182385105875,0
                82.4775472089749,28.6184958055267,0
                82.4777368679614,28.6186696668435,0
                82.4783109709409,28.6190062068688,0
                82.4785667465799,28.6191072017309,0
                82.4786515464389,28.6191851959981,0
                82.4789065713893,28.6193245617963,0
                82.4792225864956,28.6196165390614,0
                82.4794260496217,28.6200969983598,0
                82.4795405228247,28.620691257961,0
                82.4795736350186,28.6210945958214,0
                82.4797283516254,28.6217854100425,0
                82.4799300632447,28.6223606098056,0
                82.480052104478,28.6226322119324,0
                82.4805206450908,28.6237300550124,0
                82.4808022785543,28.6245367353557,0
                82.4809056990516,28.6247114707331,0
                82.4808797608481,28.6249553854282,0
                82.4809418751421,28.625058439147,0
                82.4818179171051,28.6265036947357,0
                82.4820161299913,28.6270112759975,0
                82.4830191552242,28.6283942254904,0
                82.4845945734953,28.6313430403603,0
                82.4849836303015,28.632198092274,0
                82.4851397164211,28.6331143852163,0
                82.485067023577,28.6338978753752,0
                82.4849522196768,28.6342803381082,0
                82.4847531774474,28.6346208036073,0
                82.4843763480771,28.6349158964209,0
                82.4840693831645,28.6352689220583,0
                82.4838855243128,28.6357355638479,0
                82.4839137298037,28.6378734925395,0
                82.4842184845616,28.6387272303096,0
                82.4846361648643,28.6394309222195,0
                82.4849971579662,28.640509578155,0
                82.4851506924181,28.6408823588963,0
                82.4857018118422,28.6405740830268,0
              </coordinates>
            </LinearRing>
          </outerBoundaryIs>
        </Polygon>
      </Placemark>
    </Document>
  </Document>
</kml>
