<?xml version="1.0" encoding="UTF-8"?>
<kml xmlns="http://www.opengis.net/kml/2.2">
  <Document id="root_doc">
    <Schema id="MA_PARSA_Parsa_Wildlife_Resrved_Area.schema">
      <SimpleField name="ogc_fid" type="int"/>
      <SimpleField name="objectid_1" type="float"/>
      <SimpleField name="dcode" type="int"/>
      <SimpleField name="district" type="string"/>
      <SimpleField name="dan" type="string"/>
      <SimpleField name="das" type="int"/>
      <SimpleField name="gapa_napa" type="string"/>
      <SimpleField name="type_gn" type="string"/>
      <SimpleField name="gn_code" type="float"/>
      <SimpleField name="new_ward_n" type="float"/>
      <SimpleField name="ddgnww" type="float"/>
      <SimpleField name="center" type="string"/>
      <SimpleField name="state_code" type="int"/>
      <SimpleField name="ddgn" type="float"/>
      <SimpleField name="area_sqkm" type="float"/>
      <SimpleField name="shape_leng" type="float"/>
      <SimpleField name="shape_area" type="float"/>
      <SimpleField name="Province" type="string"/>
      <SimpleField name="Address" type="string"/>
    </Schema>
    <Document id="MA_PARSA_Parsa_Wildlife_Resrved_Area">
      <name>MA_PARSA_Parsa_Wildlife_Resrved_Area</name>
      <Placemark id="MA_PARSA_Parsa_Wildlife_Resrved_Area.1">
        <ExtendedData>
          <SchemaData schemaUrl="#MA_PARSA_Parsa_Wildlife_Resrved_Area.schema">
            <SimpleData name="ogc_fid">4961</SimpleData>
            <SimpleData name="objectid_1">4962</SimpleData>
            <SimpleData name="dcode">34</SimpleData>
            <SimpleData name="district">PARSA</SimpleData>
            <SimpleData name="das">0</SimpleData>
            <SimpleData name="gapa_napa">Parsa Wildlife Resrved Area</SimpleData>
            <SimpleData name="type_gn">Wildlife Reserve</SimpleData>
            <SimpleData name="gn_code">99.000000000000000</SimpleData>
            <SimpleData name="new_ward_n">99</SimpleData>
            <SimpleData name="ddgnww">349999.000000000058208</SimpleData>
            <SimpleData name="state_code">2</SimpleData>
            <SimpleData name="ddgn">34099</SimpleData>
            <SimpleData name="area_sqkm">475.225540512000009</SimpleData>
            <SimpleData name="shape_leng">111264.400787999999011</SimpleData>
            <SimpleData name="shape_area">475225540.512000024318695</SimpleData>
            <SimpleData name="Province">MA</SimpleData>
            <SimpleData name="Address">Parsa Wildlife Resrved Area-99, PARSA, MA</SimpleData>
          </SchemaData>
        </ExtendedData>
        <Polygon>
          <outerBoundaryIs>
            <LinearRing>
              <coordinates>
                84.7286167694501,27.4439036528435,0
                84.7288716750975,27.4438233513557,0
                84.7292125672482,27.4438396049911,0
                84.7295538951109,27.4439325404948,0
                84.730321291422,27.444002984293,0
                84.7307481704218,27.4441136058449,0
                84.7309187107454,27.4440923609875,0
                84.7313452154939,27.4441465505746,0
                84.7316011175329,27.4442196728874,0
                84.7318566465002,27.4442363628,0
                84.7328783876352,27.4441520123784,0
                84.733899005643,27.4439909808741,0
                84.7340698577464,27.4440081072924,0
                84.7343263823967,27.4441759714618,0
                84.7344334931247,27.4442137827841,0
                84.7345825358684,27.4441949742938,0
                84.7346667760701,27.4441177946784,0
                84.734534055478,27.4435454060407,0
                84.73451050286,27.4432409329541,0
                84.7342292997132,27.4427866562413,0
                84.734225621335,27.4423286353226,0
                84.7342884913074,27.4421748998239,0
                84.7343937929727,27.4420412260387,0
                84.7345847065806,27.4419432376569,0
                84.7346909429901,27.4419426766596,0
                84.734860608886,27.4418830602823,0
                84.7355422065596,27.4418975698846,0
                84.7360542610666,27.4419873202176,0
                84.7363102882592,27.4420626931139,0
                84.736481513745,27.4421565618515,0
                84.7369083930122,27.4422671221511,0
                84.737590239,27.4423176912652,0
                84.7380161832147,27.4422950747557,0
                84.7381641657356,27.4421995236075,0
                84.7382484701562,27.4420456638235,0
                84.7382430456177,27.4414162191835,0
                84.738303670217,27.4410345671334,0
                84.7383664144758,27.4409575750191,0
                84.7386628790641,27.4407642219894,0
                84.7391502572572,27.4404728187225,0
                84.7393414831841,27.4404154516265,0
                84.7395121479572,27.4404144548712,0
                84.7398536634609,27.4405255756438,0
                84.7402390446969,27.4407694351123,0
                84.7414195547305,27.4418257975794,0
                84.7416766413524,27.4419959113494,0
                84.7422735603683,27.4421055364348,0
                84.7425289639004,27.4421019158273,0
                84.7426140789773,27.4420631080692,0
                84.7430400229404,27.442040492474,0
                84.7432098137417,27.4420012490434,0
                84.7436976290873,27.4417685276603,0
                84.7439086057569,27.4415575501037,0
                84.7440573372758,27.4414981200994,0
                84.7441835726288,27.4413643218856,0
                84.7444593522439,27.4411890917302,0
                84.744501160848,27.4411121618337,0
                84.7454739229452,27.4403218108563,0
                84.7457500145554,27.4402052629567,0
                84.7460252304835,27.4400503442838,0
                84.7461092838395,27.4399551667575,0
                84.7462795131485,27.4398775513931,0
                84.7463634422266,27.4397620005939,0
                84.746617412836,27.4395508356526,0
                84.7471011123869,27.4388984642646,0
                84.7473550832759,27.4386849876178,0
                84.7475245002239,27.4385893117112,0
                84.7477194130509,27.438529632833,0
                84.7478973337935,27.4381947275434,0
                84.7479283915023,27.4382013530238,0
                84.7480142556425,27.4381851057456,0
                84.7481873608267,27.4380736183219,0
                84.7484285830936,27.4378512049228,0
                84.7486676797129,27.4376829737949,0
                84.7490130748896,27.4375186193655,0
                84.7493553426006,27.437469441763,0
                84.7496107462302,27.4374748197251,0
                84.7502944072729,27.437414711323,0
                84.7510715613904,27.4370698798801,0
                84.7511782982532,27.4370511960599,0
                84.751263661291,27.4370552601058,0
                84.7516008644783,27.4371775671788,0
                84.751772029123,27.4371608214272,0
                84.7520529948512,27.4370149011728,0
                84.7525536865821,27.4366444423166,0
                84.7536679810641,27.436419605801,0
                84.7540996781632,27.4362209431093,0
                84.7542100411758,27.4360895187069,0
                84.7544282655176,27.4359213501802,0
                84.7546883593415,27.4357755548172,0
                84.7552027934763,27.4356531995114,0
                84.7553735209272,27.4356567641497,0
                84.7557106610369,27.4357790092937,0
                84.7557730266831,27.4358373800553,0
                84.7560156104282,27.4362827810382,0
                84.7562434512594,27.4364981412763,0
                84.7566188954704,27.4367736225867,0
                84.7569555982962,27.4369161775957,0
                84.7577939771094,27.4373922110822,0
                84.7582164813845,27.4375162700066,0
                84.7584724475767,27.437503587836,0
                84.7587298522932,27.4374322236395,0
                84.7590716830383,27.4374032936855,0
                84.7594125126619,27.4374104860852,0
                84.7596030490585,27.4374522979762,0
                84.7601144813324,27.4374449950879,0
                84.7603714484583,27.437393940845,0
                84.7607413425854,27.4371347200318,0
                84.7610274363371,27.4368150656706,0
                84.7611138001386,27.4367806955203,0
                84.761220036418,27.4367823841359,0
                84.7614933728553,27.4369027534172,0
                84.7617820776694,27.4372351029732,0
                84.762034917164,27.4373352238884,0
                84.7626342149693,27.4372349294763,0
                84.7629749197287,27.4372421219716,0
                84.7638240546869,27.4373366903716,0
                84.7642455580242,27.4374991202693,0
                84.7648097260713,27.4378953442538,0
                84.7651703644976,27.4379407832437,0
                84.7654283319267,27.4378513583216,0
                84.7657762280323,27.4376102606674,0
                84.7663397859579,27.4372800493672,0
                84.7664476471109,27.4372433664665,0
                84.7666182502899,27.4372288708493,0
                84.7672942190862,27.437434987985,0
                84.7674642585387,27.4374385532808,0
                84.767722225911,27.4373491277608,0
                84.7679434531961,27.4370681564596,0
                84.768008944716,27.4370294107984,0
                84.7682433520833,27.4370168538862,0
                84.7685166879354,27.4371371596285,0
                84.7685979248759,27.4372720870677,0
                84.7686338518671,27.4375223770951,0
                84.768604162644,27.4378090393069,0
                84.7686629635989,27.4379824616343,0
                84.7689525438399,27.4382741907334,0
                84.7692453767013,27.4384711153427,0
                84.7696070162215,27.4384804331214,0
                84.7701721833843,27.4388360354282,0
                84.7702575473879,27.4388377864485,0
                84.7706237520006,27.4386936177411,0
                84.7709047800069,27.4385476982762,0
                84.7710136425539,27.4384726441454,0
                84.7714422743671,27.4383867834707,0
                84.7724640768795,27.4384081735408,0
                84.7728927092607,27.438322312933,0
                84.773062936171,27.4383461889997,0
                84.7739023784007,27.4387837887019,0
                84.7741573440837,27.4388094156226,0
                84.7743295721724,27.4387565483956,0
                84.7745471717388,27.4385883793449,0
                84.7746354757835,27.4384750781494,0
                84.7748812012287,27.4380811170737,0
                84.7749777588437,27.4376992780475,0
                84.775022128788,27.4376245984174,0
                84.7750869959914,27.4375881651164,0
                84.7752163546514,27.4375536076128,0
                84.7755780571489,27.4375606127439,0
                84.7759453242888,27.4373780729619,0
                84.7762254141795,27.4372885230625,0
                84.7766416803401,27.436877816259,0
                84.7769012109151,27.436750019257,0
                84.7769865743545,27.4367517706932,0
                84.7775750542049,27.4370125073631,0
                84.777745280974,27.4370340700626,0
                84.77793888193,27.4369630798891,0
                84.7780041869447,27.4369063358778,0
                84.7781186772945,27.436641674145,0
                84.7783362766504,27.4364757546001,0
                84.7788047771115,27.4364844490223,0
                84.7791910398008,27.4363987761922,0
                84.7793642690403,27.4363075991621,0
                84.779452634697,27.4361942359733,0
                84.7794766334176,27.4360993700978,0
                84.7794826996593,27.4358895136002,0
                84.7794044648228,27.4356395345898,0
                84.7794768986925,27.4353345003307,0
                84.7796956237537,27.435148208624,0
                84.7799336570764,27.4350205985237,0
                84.7802964846577,27.4350095426559,0
                84.7806346258468,27.4350933539661,0
                84.7811594259565,27.435372462181,0
                84.7815026944236,27.435284725357,0
                84.7823017207204,27.4349193341433,0
                84.7824713231403,27.4349432095006,0
                84.7830802988204,27.4352421302689,0
                84.7833338257872,27.4353241893724,0
                84.7837598940649,27.4353330705001,0
                84.7841890275096,27.4352290876153,0
                84.7843591294669,27.4352326518397,0
                84.7845277309163,27.4352926497387,0
                84.7850704013049,27.435686685454,0
                84.7853193007843,27.4359221684601,0
                84.785587572006,27.4362320206101,0
                84.7857711037851,27.4365243101767,0
                84.7861035545453,27.4367976664289,0
                84.7864015767034,27.4368230434373,0
                84.7866580432328,27.4367923002763,0
                84.7873401409604,27.4367861875576,0
                84.7885177864741,27.4373097223087,0
                84.7891110799352,27.4374372203662,0
                84.7893802936639,27.4375056565824,0
                84.7895341471114,27.4375431561007,0
                84.7908317852747,27.4376846645451,0
                84.7910688181241,27.4375953013415,0
                84.7911336222411,27.4375588682284,0
                84.7917387356072,27.4373050255049,0
                84.7919543332167,27.4372135372026,0
                84.7921061899909,27.4371404841126,0
                84.7923901575952,27.436897385611,0
                84.792735051673,27.4367714024136,0
                84.792992143796,27.4367405971338,0
                84.7934996979767,27.4369046530237,0
                84.7936709256998,27.4368879069832,0
                84.7941476798669,27.4366325006853,0
                84.794471578161,27.4364862682326,0
                84.7948185985702,27.4363037910169,0
                84.7955736917599,27.4359948928103,0
                84.7958552204896,27.4358488485141,0
                84.7963304736284,27.4356476242821,0
                84.7967647970407,27.4353901538733,0
                84.7968951560038,27.4353172257573,0
                84.7970688230571,27.4352056760578,0
                84.7974417811272,27.4348515885406,0
                84.7975341486091,27.4346051122303,0
                84.7975298490336,27.4339937293429,0
                84.7974551163459,27.433628634958,0
                84.7974003183944,27.433303976138,0
                84.7973430184288,27.433071933173,0
                84.7973112177311,27.4326908419037,0
                84.7974909508938,27.4323694357617,0
                84.7976882403832,27.432201329314,0
                84.7981649945052,27.4319459221949,0
                84.7983821562499,27.4318160621331,0
                84.7985563236239,27.4316864516907,0
                84.7986871832793,27.431593212196,0
                84.7990335159197,27.4314107340604,0
                84.799251615983,27.4312425025243,0
                84.7995937118278,27.4304667029926,0
                84.7996876428095,27.4301637936164,0
                84.7997540727919,27.4300889887907,0
                84.799992106181,27.4299612546099,0
                84.8003339992105,27.4299480107793,0
                84.8004413599578,27.4299316395402,0
                84.8013023767672,27.4296649274597,0
                84.8015204759173,27.4294968205973,0
                84.801697769808,27.4292723440657,0
                84.8020461045938,27.429013122955,0
                84.8022627656618,27.4289035739333,0
                84.8027403956397,27.4286075452652,0
                84.8034131904604,27.4282020303163,0
                84.8039347526428,27.4278696304467,0
                84.8045104415718,27.427137518502,0
                84.804816406157,27.42687629606,0
                84.8053570899773,27.4266408259771,0
                84.8056419955746,27.4263593560813,0
                84.8060813216725,27.4259304016508,0
                84.8066018840606,27.4256183127676,0
                84.8067096821906,27.4255815677989,0
                84.8068180442451,27.4255268247815,0
                84.8070330804265,27.42545564714,0
                84.8073145462739,27.4253074145256,0
                84.8075747015472,27.4251794934601,0
                84.8080078364201,27.4249423340299,0
                84.8085473323562,27.4247248623719,0
                84.8091313233505,27.4244507086784,0
                84.8092196262975,27.4243374077297,0
                84.8092447505077,27.4242244184491,0
                84.8091853243514,27.4240510580191,0
                84.8089971644538,27.4239122545906,0
                84.8086583987588,27.4238285063723,0
                84.8085541639657,27.4237501369937,0
                84.8085137960631,27.4236736425227,0
                84.8086132301125,27.4231789384096,0
                84.8086452342611,27.4227974733355,0
                84.8087651648285,27.4223410158436,0
                84.808844040795,27.4218081273808,0
                84.808984844009,27.4213515458574,0
                84.8090852791276,27.4208207197381,0
                84.8092665751442,27.420460942023,0
                84.8095762444776,27.4193219866037,0
                84.8096858098307,27.4184843133102,0
                84.8096585901878,27.4171848656495,0
                84.8097511472508,27.4168707079955,0
                84.8097764581343,27.4167848408391,0
                84.8099047694375,27.4160056622595,0
                84.8100140694649,27.4159125475243,0
                84.8102700983488,27.4159178637599,0
                84.8103972680923,27.4159396769646,0
                84.8113423201315,27.4164756441172,0
                84.8117015820216,27.4165976397991,0
                84.8123138087844,27.4168219416955,0
                84.8123986719909,27.4168440663081,0
                84.8129780355265,27.4167210871025,0
                84.8131477001689,27.4167629604774,0
                84.8132546834992,27.4168706404754,0
                84.8134584646398,27.4170770004627,0
                84.8135827581378,27.417213928106,0
                84.8144338158867,27.4180347437663,0
                84.8145984143893,27.4182481022286,0
                84.8150345981878,27.4186787579124,0
                84.8153682991344,27.4189341158405,0
                84.8155583972706,27.4189938009265,0
                84.8160673908432,27.4191014250812,0
                84.8164067813485,27.4191851734887,0
                84.8166616839642,27.4192106748961,0
                84.8168558472894,27.4191373727438,0
                84.817051449832,27.4190076374876,0
                84.8172235531469,27.4189547700709,0
                84.8182471672669,27.4189780971132,0
                84.8186273013241,27.4190999674934,0
                84.8191099187793,27.4193971989387,0
                84.8192794584526,27.4194210121187,0
                84.8196447866602,27.4193330879552,0
                84.8200340521135,27.4191503611128,0
                84.8202905806897,27.4191375537947,0
                84.8206284081772,27.4192596729956,0
                84.8213120064832,27.4192172513111,0
                84.8218270024896,27.4191127057431,0
                84.8223444379841,27.418915607442,0
                84.8224298020201,27.4189173583209,0
                84.8227690681785,27.4189807958862,0
                84.8230226578159,27.4190831031107,0
                84.82370025215,27.4192505368662,0
                84.8239761526686,27.4192940380741,0
                84.8242091824193,27.4193558482232,0
                84.8243768454155,27.4194564046821,0
                84.8246313105643,27.419518028704,0
                84.8251638025479,27.4195487222157,0
                84.8255061950533,27.4195196676392,0
                84.8267946717148,27.41845828358,0
                84.8271180064732,27.4183323623888,0
                84.8277708040865,27.417888537987,0
                84.8281639468133,27.4175522618503,0
                84.8282753723986,27.4174027150414,0
                84.8287135105491,27.4169916960353,0
                84.8288231860144,27.4168692085086,0
                84.8292200172071,27.4164291920416,0
                84.8294584262265,27.4162810838867,0
                84.8296525899885,27.4162099688684,0
                84.8300796591593,27.4161803533203,0
                84.8302708202811,27.4162221030559,0
                84.8309249781532,27.4164664041489,0
                84.8310415244127,27.4165040281782,0
                84.8315787624896,27.4166723342672,0
                84.8318033540621,27.4168695079936,0
                84.831869532023,27.4169278162405,0
                84.8327053476199,27.417461969901,0
                84.8331062296078,27.4175656550005,0
                84.833592476142,27.4176733401014,0
                84.8337920174268,27.4173923684,0
                84.8338807586644,27.4172608816599,0
                84.8339250663919,27.4171840146124,0
                84.8340143082302,27.4170345292392,0
                84.8342077854652,27.4168709226239,0
                84.8342542180104,27.416830051921,0
                84.8347089762566,27.4165340233663,0
                84.8354156365532,27.4163606129645,0
                84.8358384542852,27.4164460495456,0
                84.8361631020332,27.4162432603484,0
                84.8362952132916,27.4160755272256,0
                84.8364595165549,27.4154879579375,0
                84.836770109642,27.415019067309,0
                84.8374247238388,27.4144036323397,0
                84.8375972030552,27.4143123938656,0
                84.8378964767321,27.4142609654223,0
                84.8380660161441,27.4142847792976,0
                84.8383187932788,27.4143667134564,0
                84.8385911291864,27.4145252660092,0
                84.8392653473879,27.4147513819051,0
                84.8394983163821,27.4147950693886,0
                84.8398588922216,27.4148402585645,0
                84.840029433019,27.4148257002746,0
                84.8402866501458,27.4147361500283,0
                84.8407209125548,27.4144041245014,0
                84.8409213303426,27.4140824689066,0
                84.8409291481422,27.4137779333498,0
                84.8408887174484,27.413701439804,0
                84.840681248552,27.4135063913499,0
                84.8406413181368,27.4134096492673,0
                84.8406463213379,27.4132380395947,0
                84.840532909824,27.4127018359375,0
                84.8405628492724,27.4123970505578,0
                84.8406325328286,27.412168760255,0
                84.8407650815211,27.4119807162472,0
                84.841002928215,27.4118348581947,0
                84.8413011392197,27.4118218017255,0
                84.8418072565032,27.4119676716963,0
                84.8419977930143,27.4120093586533,0
                84.8424586013767,27.4122682806154,0
                84.8425439654222,27.4122700318912,0
                84.8428430525845,27.4122005434735,0
                84.8430778967837,27.4121675503596,0
                84.844019338817,27.4119610216621,0
                84.8441714462219,27.4118495961874,0
                84.8444564773931,27.4115139438672,0
                84.8445252846108,27.4113420226133,0
                84.8444907335695,27.4110376740065,0
                84.8445171088814,27.4108480042424,0
                84.8448085819203,27.4102821840389,0
                84.8451191755832,27.4098109811684,0
                84.8452995345821,27.4094330808133,0
                84.8454988891316,27.4091340478096,0
                84.8456082512381,27.4090409332725,0
                84.8460968745623,27.409051503181,0
                84.846780848623,27.4089142135226,0
                84.8472101702122,27.4087717334946,0
                84.8473836498601,27.4086420609825,0
                84.8474704523445,27.4085873790218,0
                84.847513759881,27.4085510083313,0
                84.8477345490367,27.4082496010838,0
                84.8478116742833,27.407755021953,0
                84.847947725333,27.4074338028389,0
                84.8480792111886,27.4072841303526,0
                84.8482961230671,27.407138397322,0
                84.8485432871347,27.4066473201585,0
                84.8488303827356,27.4062529850327,0
                84.8490916027763,27.4060302590878,0
                84.8491997151141,27.4059573921322,0
                84.85035320778,27.4049711869534,0
                84.8505266252786,27.404841513708,0
                84.8507902841536,27.4045240468025,0
                84.8509866373527,27.4043378792394,0
                84.8512318633389,27.4039234825292,0
                84.8512552992069,27.4038488646586,0
                84.851173500249,27.4037320607505,0
                84.8507935524857,27.4036283135962,0
                84.8506254509313,27.4035481306575,0
                84.8504389169813,27.4033710184284,0
                84.8502966908399,27.4031191636767,0
                84.8503030079096,27.4028731854179,0
                84.8503309466741,27.4026428940867,0
                84.8505624306008,27.4019240242887,0
                84.8508339693023,27.4013199576332,0
                84.8509209756748,27.4004643484978,0
                84.85103753094,27.40008457201,0
                84.8513250635303,27.3996721758374,0
                84.8513946215505,27.3994438846243,0
                84.8514474972979,27.3990644820151,0
                84.8515638648597,27.3986847675822,0
                84.851630232689,27.3985918396147,0
                84.8517818396323,27.3985006626884,0
                84.8520819272295,27.3984108628609,0
                84.8523376441531,27.3983776828913,0
                84.8526767228052,27.398425246341,0
                84.8529309388881,27.3984485609988,0
                84.8533518798143,27.3986129281093,0
                84.8538589980321,27.3987384252589,0
                84.8542628817681,27.3987472442353,0
                84.8546019611516,27.3987925575819,0
                84.8547925593575,27.3988364949937,0
                84.8550682722799,27.3988618715443,0
                84.8553247389828,27.3988467528533,0
                84.8555815811495,27.398795573518,0
                84.8560284595811,27.3988063302244,0
                84.8566285074058,27.398687600453,0
                84.8568869126781,27.3985979876578,0
                84.8574001584383,27.3985316896788,0
                84.8579543352614,27.3985260115426,0
                84.8581663065729,27.398549513289,0
                84.8586810537143,27.3984290324655,0
                84.859107998057,27.3983993543225,0
                84.8597080457123,27.3982805626525,0
                84.8598596525037,27.3981893860846,0
                84.8601694318712,27.397794926259,0
                84.8603869688696,27.3976468804431,0
                84.8607534867704,27.3974844635422,0
                84.8611794921276,27.3974930944624,0
                84.8620218740358,27.397817329522,0
                84.862233908275,27.3978611414234,0
                84.8624469421541,27.3978665822322,0
                84.8626174202908,27.3978497111596,0
                84.8629221961345,27.3976289864013,0
                84.8632080395511,27.3973293927712,0
                84.8634074568037,27.3970484211181,0
                84.8636235546884,27.3969591201061,0
                84.8638160299266,27.396924001263,0
                84.8639860075427,27.3969275034074,0
                84.8642399106537,27.3969913768812,0
                84.8647437133108,27.3972499252362,0
                84.8650819786897,27.3973539211033,0
                84.8655931617211,27.397346180716,0
                84.8660156653051,27.397469925836,0
                84.8663558700946,27.3974971792119,0
                84.8674048594393,27.397330461315,0
                84.8679974040264,27.3974575849469,0
                84.8684174687995,27.3976783846163,0
                84.8688394722476,27.397820128748,0
                84.8695113769572,27.3981611724234,0
                84.8698475157724,27.3983214757474,0
                84.8700156176374,27.3984016589337,0
                84.8701842184209,27.3984615943088,0
                84.8704984233954,27.3986400834101,0
                84.8709764133465,27.3990725528288,0
                84.8713984171543,27.3992142971626,0
                84.8717016315135,27.399029630955,0
                84.8720098476996,27.3986937904999,0
                84.8721439593496,27.3984673756621,0
                84.8723409371296,27.3982810826991,0
                84.8725783453562,27.3981735967199,0
                84.8726730205147,27.3981572245413,0
                84.8727033918001,27.3981682866791,0
                84.872908112676,27.3982437203159,0
                84.8729717925636,27.3982252856904,0
                84.8732268199543,27.3982665365566,0
                84.8738011816346,27.3982539221611,0
                84.8743126791531,27.398124379479,0
                84.8748687989015,27.3978817231604,0
                84.8756369513536,27.397680627878,0
                84.8763387962458,27.3976491423004,0
                84.8766157607152,27.3975955273649,0
                84.876872604583,27.3974652931162,0
                84.8776475169944,27.3967654302146,0
                84.878332746677,27.3963889130707,0
                84.8785042262851,27.3962569896313,0
                84.8786561479448,27.3960483861742,0
                84.8786793980145,27.3958768394817,0
                84.87863984585,27.3956649828226,0
                84.8783663866461,27.3954523718338,0
                84.8780918621196,27.3953345032287,0
                84.8780288094732,27.3952762568287,0
                84.8779247650012,27.3950648365158,0
                84.877948202715,27.3949112887287,0
                84.878123374791,27.3945288875148,0
                84.8782153736946,27.3940138728421,0
                84.8782186903199,27.3937837054868,0
                84.8784174264828,27.3931935747222,0
                84.8786559648656,27.3928311103514,0
                84.8790881053539,27.39233878686,0
                84.8794775647001,27.3918060905524,0
                84.8797822236,27.3912559568399,0
                84.8798707782324,27.3910274791973,0
                84.880217743952,27.3904747836148,0
                84.8803711681106,27.3901331294084,0
                84.8806104579733,27.3897142329254,0
                84.8808300643293,27.3891984073577,0
                84.8810686033966,27.3888381942414,0
                84.881178030644,27.38860959118,0
                84.8813948830782,27.3883059340692,0
                84.8817387811809,27.3880036542029,0
                84.8823581416007,27.3877809345778,0
                84.8825494913214,27.3877638767561,0
                84.8833351362132,27.387867255229,0
                84.8839707983145,27.3880278763949,0
                84.8840979690655,27.3880473764758,0
                84.8841398379753,27.3880674377678,0
                84.88502765005,27.3884611680691,0
                84.8855357041531,27.3886204118919,0
                84.8858538487228,27.3886612258712,0
                84.8859174016343,27.3887014105563,0
                84.8872560372283,27.3887335546886,0
                84.8875739930128,27.3888330515881,0
                84.8878690752299,27.3889891047176,0
                84.8883134504563,27.3891667841204,0
                84.8886313438773,27.3892482194104,0
                84.8889494886991,27.3892890957634,0
                84.8895233501434,27.389296730059,0
                84.8897790048917,27.3892612369697,0
                84.8900782177065,27.3891487519431,0
                84.8902075156015,27.3890351394496,0
                84.890383000319,27.3886166167655,0
                84.8907082804775,27.3881226667192,0
                84.8910362517313,27.3874166093671,0
                84.8912091072761,27.3872282540801,0
                84.8915300056935,27.3870592747881,0
                84.8918493404581,27.3870054099083,0
                84.8922317889774,27.3870277270675,0
                84.8927398436895,27.3871869085127,0
                84.8928662627839,27.3872650910253,0
                84.8930574240396,27.3873044657016,0
                84.8933120780624,27.3873073443114,0
                84.8935681701502,27.3872537910504,0
                84.8940385496743,27.387047754836,0
                84.8945095555462,27.3867649751104,0
                84.894746592036,27.3865378116367,0
                84.8949414469568,27.3862545277245,0
                84.8951566719665,27.3860636730903,0
                84.8953923941892,27.3859131908354,0
                84.8957139177174,27.3857442738624,0
                84.8963533362162,27.3855798609587,0
                84.8965892453881,27.3854475018392,0
                84.8967829738726,27.3852590219333,0
                84.896914024801,27.3849738621231,0
                84.8971739352727,27.3846134605803,0
                84.897218369491,27.3844800986934,0
                84.8972218752805,27.3842115601878,0
                84.8972650577321,27.3841548783797,0
                84.897584738485,27.3824335993256,0
                84.8976965445057,27.3820335115848,0
                84.8976184410856,27.381515119081,0
                84.8974327250222,27.3810537821328,0
                84.8973729885776,27.3807653696472,0
                84.8974240572808,27.3801355516534,0
                84.8976667900203,27.3794481174416,0
                84.897712351027,27.3792199505725,0
                84.8978656499134,27.3788760458659,0
                84.8981693704213,27.3783822202494,0
                84.898542026053,27.377504429917,0
                84.8987160095268,27.3772190208029,0
                84.8990179134646,27.3768966792276,0
                84.8995115438995,27.3765212204866,0
                84.8997491436163,27.3762173766306,0
                84.9001200469702,27.3755133211203,0
                84.9002696537258,27.3754175820899,0
                84.9004138889308,27.3752090403182,0
                84.9004913189061,27.3750979886033,0
                84.9005356254483,27.3751022395038,0
                84.9007071683025,27.3749116340363,0
                84.9011554902919,27.3746447272868,0
                84.9014117080736,27.3745303049914,0
                84.9016036208684,27.3745109968115,0
                84.9021153024806,27.3745708749806,0
                84.9023488955142,27.3746302490261,0
                84.9029647400543,27.3751497122786,0
                84.9030195441855,27.3752080207661,0
                84.9031833312349,27.3753851955096,0
                84.9035622149997,27.3755880584001,0
                84.9038158662603,27.3757059892961,0
                84.9040064024871,27.375745364193,0
                84.9044924578225,27.3759994120785,0
                84.9051018675285,27.3765053772012,0
                84.9053321439114,27.3767746069788,0
                84.9059224322962,27.3771837046085,0
                84.9063243136082,27.3773412602816,0
                84.9065790919663,27.3773644498527,0
                84.9068552423169,27.3773671410345,0
                84.9072606286192,27.3772561581092,0
                84.9075149689732,27.3772974083469,0
                84.907961034934,27.377301290947,0
                84.9083455495687,27.3771904939254,0
                84.9086018299919,27.3770805082147,0
                84.9088585487888,27.3769480239724,0
                84.9095059783419,27.3762285990939,0
                84.9096345887965,27.3761149238499,0
                84.9099558625374,27.3759255712678,0
                84.9099994829912,27.3758508286598,0
                84.9104073735616,27.3755097403834,0
                84.9105809813234,27.375262702813,0
                84.911013362373,27.3752079650914,0
                84.9117019604277,27.3751222337145,0
                84.9119370595275,27.3748928207462,0
                84.9128586483013,27.3737858097068,0
                84.9131164306511,27.3735584593233,0
                84.9135886295549,27.3730455125075,0
                84.9140391387138,27.3727424848679,0
                84.9142310511983,27.3727254264402,0
                84.9143652201149,27.3727448650812,0
                84.9147434818291,27.372803303024,0
                84.915127742815,27.3728233082197,0
                84.9154484506452,27.3727873792896,0
                84.9160265650916,27.3726369018594,0
                84.9163481510114,27.3724859206556,0
                84.9165410016757,27.3724282413355,0
                84.9166692965869,27.3724296811865,0
                84.9168608948735,27.3725254879874,0
                84.9169886897541,27.3725448630899,0
                84.9173107761437,27.3723758214067,0
                84.9176977314534,27.3720325458416,0
                84.9182129829887,27.3716907726469,0
                84.918728549351,27.3712338843024,0
                84.9189862066908,27.3710629660879,0
                84.9193076658605,27.3709706040625,0
                84.9195003902665,27.3709715447831,0
                84.9198855910743,27.3708765594733,0
                84.9202708538467,27.3708581931681,0
                84.9205281325903,27.3708023271821,0
                84.9209134575633,27.3707862726547,0
                84.9211063078519,27.3707285934272,0
                84.9212989706473,27.3707295961535,0
                84.9216200559483,27.3705966134527,0
                84.9218355316804,27.3703695744777,0
                84.9220958241418,27.3696819532623,0
                84.9221182621898,27.3694922826686,0
                84.9222046922687,27.369320237081,0
                84.9223760470061,27.3691882517723,0
                84.9227617488252,27.3690751425949,0
                84.9229549126783,27.3689790917151,0
                84.9232343169175,27.3687696775045,0
                84.9235788450744,27.3682552922105,0
                84.923945873317,27.3675692338394,0
                84.9243988274482,27.3668848653523,0
                84.9251086255436,27.3660859476135,0
                84.9253673484906,27.3657412953781,0
                84.9256909412565,27.3652269715765,0
                84.9259069846651,27.3647698285052,0
                84.925929736045,27.3645417863346,0
                84.9260162937335,27.3642366905404,0
                84.9260593517337,27.3641776959594,0
                84.9261236553986,27.3641591990532,0
                84.9262520763421,27.3641786365928,0
                84.9267230766321,27.3641439601288,0
                84.9272578800941,27.3641832776166,0
                84.9274497908161,27.3642429011702,0
                84.9277060033825,27.3644329502616,0
                84.9279621551493,27.3645485700477,0
                84.9281545656,27.3645878817154,0
                84.9284114073289,27.364552389574,0
                84.9287959807942,27.3646106404929,0
                84.9293719593895,27.3649566187028,0
                84.9294356997514,27.3650329880377,0
                84.9296279228656,27.3651286081262,0
                84.9300115525711,27.3654554602076,0
                84.9303320708708,27.3655526440817,0
                84.9305242943925,27.3655738950879,0
                84.9307168302147,27.3656312681389,0
                84.9308444995146,27.3657071392701,0
                84.931165894632,27.3656892078919,0
                84.9316157140866,27.3655395414398,0
                84.9320667870173,27.3651597703155,0
                84.9322608921368,27.3648741738023,0
                84.9323464441626,27.3648352417323,0
                84.9324546203449,27.3647013802636,0
                84.9325833555358,27.364608077716,0
                84.9327119017374,27.3645688338407,0
                84.933289138258,27.3645537194217,0
                84.9337373236621,27.3648033918505,0
                84.933801187231,27.3649563795769,0
                84.9337998061881,27.36524291646,0
                84.934097698808,27.3655117101192,0
                84.9342254300082,27.3656078283989,0
                84.9343540368691,27.3656453274862,0
                84.9345458221724,27.3657613829363,0
                84.9349304556353,27.3658964397949,0
                84.935442254727,27.3662810385377,0
                84.9357625847651,27.3664345924217,0
                84.9360839812571,27.366339919269,0
                84.9362122156336,27.3662646148772,0
                84.9364913076082,27.3660935103407,0
                84.9367925867232,27.3657891671607,0
                84.937049868271,27.3656566209306,0
                84.9380770451129,27.3656429519103,0
                84.938461618243,27.3657012653696,0
                84.9390394171946,27.3656657778552,0
                84.9396810170657,27.3657832777491,0
                84.9399377964005,27.3657454734485,0
                84.9403231837215,27.365747478875,0
                84.9405160338348,27.3656896747587,0
                84.9407726870986,27.3657105524174,0
                84.9410511523978,27.3656161283647,0
                84.9411590169054,27.3654439577289,0
                84.9411400297329,27.3649296903248,0
                84.9408870814972,27.3640695129676,0
                84.9407388576596,27.3637230411483,0
                84.9407409892066,27.3633800720425,0
                84.9408703528233,27.3631332834397,0
                84.9412563049088,27.3629818038301,0
                84.9416414419663,27.3629633745043,0
                84.9419629010285,27.3628687002574,0
                84.9424110870722,27.363120622502,0
                84.9427944053153,27.3634068539949,0
                84.9431152362049,27.3634656041492,0
                84.9435010639031,27.3632960001943,0
                84.9436939129621,27.3633150638245,0
                84.9440789271656,27.3632018929354,0
                84.9442939636677,27.36306959578,0
                84.9445949935948,27.3627471296721,0
                84.9446588601985,27.362746693023,0
                84.9448523992684,27.3626325818923,0
                84.945045249569,27.3625771523674,0
                84.9453240299374,27.3623676755634,0
                84.9454103347093,27.3621956296781,0
                84.9454117153728,27.3619090931155,0
                84.9452206830035,27.3616599873053,0
                84.9450285864847,27.361505559999,0
                84.9449012327839,27.3613146376086,0
                84.9448156192623,27.3612768897362,0
                84.9446455209381,27.3611042770067,0
                84.9445401029436,27.3608162383321,0
                84.9445198600694,27.3605885080493,0
                84.9445633593324,27.3603580921424,0
                84.9446496003706,27.3602446656858,0
                84.944842264155,27.3601689257179,0
                84.9450992286511,27.3602258628345,0
                84.945610904112,27.3605924009991,0
                84.9458029394327,27.3606700217917,0
                84.9462509356001,27.3609761276792,0
                84.9463788554603,27.3610158756783,0
                84.9466573190562,27.3609981944998,0
                84.9468279207717,27.3610737535282,0
                84.9469977681361,27.3612846744507,0
                84.9471257479403,27.3614778468053,0
                84.9472539183055,27.3614769745403,0
                84.9473395946476,27.3614402914608,0
                84.9475109488241,27.3613826742471,0
                84.9477676022348,27.3614035518485,0
                84.9483439558629,27.3617290318707,0
                84.9487284659185,27.3618459659466,0
                84.9490482950418,27.3620197677522,0
                84.9493042561344,27.3622504394168,0
                84.9494957256996,27.3624792343613,0
                84.9499626485247,27.363227425754,0
                84.9500050153354,27.3633805375364,0
                84.9500038228973,27.3636083918257,0
                84.9501511675501,27.364144409771,0
                84.95010704154,27.3644492567105,0
                84.9501046559534,27.3649840211441,0
                84.9501881374503,27.3653669886811,0
                84.9502943679018,27.3655964075786,0
                84.9504642167969,27.3658073293018,0
                84.9508674612377,27.366497212004,0
                84.9512295929795,27.3668804959993,0
                84.9514215037934,27.3669379311304,0
                84.951678657454,27.3669384353216,0
                84.9527710831,27.3665812357511,0
                84.9529637455342,27.366582175937,0
                84.953092291416,27.3665429314423,0
                84.9535416694979,27.3665647501198,0
                84.9540131091413,27.3664328316662,0
                84.9540777276043,27.3663760250962,0
                84.9542703911098,27.3663002856377,0
                84.9546365398373,27.365823958748,0
                84.9553881403105,27.3652164631069,0
                84.955602867037,27.3649871123006,0
                84.9559693291873,27.3644724138773,0
                84.9560261360221,27.3643976086283,0
                84.9561841815029,27.3641866927895,0
                84.956292298459,27.3639016574354,0
                84.956293995344,27.3634436986735,0
                84.9560259729373,27.3632017777787,0
                84.9559750433647,27.3631547809121,0
                84.9553986883216,27.3628473617738,0
                84.9548873265538,27.36244476378,0
                84.9537359328478,27.3616561900334,0
                84.953671756344,27.3615415745801,0
                84.9536725089247,27.3614084615734,0
                84.9538229918664,27.3612742887041,0
                84.9540800845879,27.361200362009,0
                84.9546576948482,27.3612211820245,0
                84.9548506702304,27.3611838129911,0
                84.9551924378961,27.3611836943341,0
                84.9555147113693,27.3609762175418,0
                84.9557510610927,27.3606903093478,0
                84.9557949327437,27.3605749452638,0
                84.9560260333906,27.3602687271567,0
                84.9562678212797,27.359946697219,0
                84.9563751243517,27.3597180945358,0
                84.9565054282943,27.359297570899,0
                84.9565912946243,27.3591458361109,0
                84.9566554750743,27.3591070285516,0
                84.9568478866647,27.3590875955756,0
                84.9571031640561,27.3591648431219,0
                84.9574228687457,27.3593183344064,0
                84.9576141549279,27.3593778944891,0
                84.9582951808333,27.359817742091,0
                84.9585930745783,27.3600097300717,0
                84.9587207435789,27.3600855998964,0
                84.9589968901216,27.3603160842585,0
                84.9591242461924,27.3604325130505,0
                84.9591452406732,27.3605271304447,0
                84.9592936544676,27.3607381769243,0
                84.9595488042318,27.3609485366196,0
                84.9612078746504,27.3620607151998,0
                84.9617821625376,27.3625779287948,0
                84.9621011163107,27.3627877898826,0
                84.963058416127,27.3633249459719,0
                84.9633779956194,27.3634603763442,0
                84.9638258087716,27.363594809706,0
                84.9640813989939,27.3636337473435,0
                84.9644241716377,27.3633854630734,0
                84.9646591435572,27.3632327304304,0
                84.9647886930228,27.3630241887456,0
                84.9646849726827,27.3622781909427,0
                84.9646871682193,27.3618764767426,0
                84.9647305413202,27.3617047422824,0
                84.9648377180168,27.3615347598967,0
                84.9648602808584,27.361363150257,0
                84.9646707549614,27.3607891357722,0
                84.9646083957941,27.3604443533348,0
                84.9646097139887,27.3601578160704,0
                84.9648037622755,27.3595856823384,0
                84.9651472273037,27.3591275421387,0
                84.9652337199731,27.3588990632948,0
                84.9654702596516,27.358498165359,0
                84.9655774350899,27.3584026130359,0
                84.965706044029,27.3583656192067,0
                84.9660041920392,27.3583658111242,0
                84.9663044066234,27.3581561476432,0
                84.9664967598812,27.3579856033795,0
                84.9669267158369,27.3573757274598,0
                84.9673981632885,27.3568783422147,0
                84.968296054674,27.3564028366808,0
                84.9686169516366,27.3563284112939,0
                84.9691286336643,27.3563293569338,0
                84.9693639179436,27.3562149334801,0
                84.9693005531727,27.3561183782299,0
                84.96917445241,27.3557176618781,0
                84.9691135371803,27.3550299097831,0
                84.9690298071492,27.3546288819853,0
                84.9690105051197,27.354227416949,0
                84.9689052135967,27.3538829459536,0
                84.9687778594618,27.3536920863689,0
                84.9685866392231,27.353501600174,0
                84.9681828865862,27.3531929951918,0
                84.9679490464694,27.3529645747659,0
                84.967716146771,27.3526209763678,0
                84.9676119225723,27.3520464010967,0
                84.9674431406633,27.3516639945753,0
                84.9672514817952,27.35149156884,0
                84.9668899096264,27.3512436478548,0
                84.9667421227789,27.350955920708,0
                84.9667230102051,27.3504980237415,0
                84.9667448852365,27.3503264147829,0
                84.9668529400682,27.3500391292474,0
                84.9670039255268,27.3497537826999,0
                84.96745425212,27.3492385229924,0
                84.9676044872895,27.3490096082349,0
                84.9676069973894,27.3484929051742,0
                84.9675650683506,27.3483217318017,0
                84.9675452685179,27.3478638973555,0
                84.9674205489451,27.3471743320232,0
                84.9674228705223,27.3467163099449,0
                84.9673810058217,27.3464864543835,0
                84.9672756509288,27.3462006663292,0
                84.966979452365,27.3456273994617,0
                84.9667693054745,27.3449948898017,0
                84.9666002099881,27.3446508552413,0
                84.9661551571198,27.3440199040761,0
                84.9660704222716,27.3437903607473,0
                84.9660499287456,27.343619062833,0
                84.9661169947079,27.3430454899967,0
                84.9662254273376,27.3425867832248,0
                84.966226619527,27.3423588655902,0
                84.966548712853,27.3418422296439,0
                84.9667855042578,27.3413284666674,0
                84.9668726862994,27.3410413064386,0
                84.9669167508274,27.3406597162609,0
                84.9668746959677,27.3405449128275,0
                84.9666203614644,27.3402015022297,0
                84.9660470756159,27.3395692361478,0
                84.9653041264434,27.3388230409552,0
                84.9650062328572,27.3386310523334,0
                84.9645814847333,27.338227894097,0
                84.9643477720276,27.3379407278619,0
                84.9642207305671,27.3377114344932,0
                84.9639677142063,27.3370814858565,0
                84.9639259124308,27.336851631019,0
                84.9639282960475,27.3363936094474,0
                84.9638874345257,27.3360487021473,0
                84.9639981249711,27.3351905303406,0
                84.963999506309,27.3348453730314,0
                84.9639576411684,27.3346742003132,0
                84.9639822788623,27.3338707725403,0
                84.9640305923345,27.3335478018159,0
                84.964136904697,27.3328409285875,0
                84.9641402921061,27.3322114228588,0
                84.9641857352352,27.3316944067328,0
                84.9643174820269,27.3310076580383,0
                84.964409243128,27.3298631986387,0
                84.9644526158445,27.3296913400921,0
                84.9644558779412,27.3291182660008,0
                84.9646558190191,27.3276300267759,0
                84.9647861214372,27.3272861847004,0
                84.9651090294164,27.3266567453738,0
                84.9656247257735,27.3259695656312,0
                84.9658393896083,27.3257424644152,0
                84.96599131507,27.3253420651126,0
                84.9669365916484,27.3240833177661,0
                84.9672149342662,27.3238535303015,0
                84.9674726564087,27.3235696849499,0
                84.9677737504077,27.3231118551216,0
                84.9678192568604,27.3225384701504,0
                84.9679293798974,27.321908215576,0
                84.9681020530277,27.321507691062,0
                84.9684461431284,27.3209931805472,0
                84.9687698652959,27.3203050590193,0
                84.9689211034804,27.3199046595301,0
                84.9689228594231,27.3195978120378,0
                84.9688386242644,27.3194268890711,0
                84.9685199829733,27.3192328384029,0
                84.9677102182391,27.3190759637096,0
                84.9675826736107,27.3190001559852,0
                84.9674561955915,27.3187709239423,0
                84.9673733407709,27.3183112136008,0
                84.9673559819507,27.3176208997783,0
                84.9673798013871,27.3171626909299,0
                84.9675135546261,27.316130722935,0
                84.9674110834092,27.3153846003461,0
                84.9674983917104,27.3150411316766,0
                84.9676355328701,27.3133773450065,0
                84.9675945449718,27.3130888697347,0
                84.9674890644305,27.3128007686377,0
                84.9673833940945,27.3126300325619,0
                84.9672566010812,27.3124955417309,0
                84.9666601199989,27.3123778549316,0
                84.9664035283327,27.3124337833325,0
                84.9658067943787,27.3124310867426,0
                84.9654655259813,27.3124673278798,0
                84.9649523406543,27.3126378040409,0
                84.9643551676141,27.3127321605744,0
                84.9640132723613,27.3128450826036,0
                84.9636715040813,27.3129015717778,0
                84.9629039190029,27.3128595003184,0
                84.9625637167115,27.3127241945139,0
                84.9623722451158,27.3125698928692,0
                84.9621605275871,27.3123388471334,0
                84.9620971015506,27.3122242933015,0
                84.9620561125174,27.3119380686749,0
                84.9621425435366,27.3117073404608,0
                84.9623140864439,27.3115369211326,0
                84.9626157438706,27.3110790916737,0
                84.9626805515514,27.3109071705384,0
                84.9627248011463,27.3106203220321,0
                84.96268393923,27.3102754146995,0
                84.9626428238071,27.3100455590667,0
                84.9626007707585,27.3098540752068,0
                84.9618158886859,27.3092006832463,0
                84.961220474979,27.3088347687786,0
                84.9608805233105,27.3086610905453,0
                84.960029204584,27.3083511046016,0
                84.9595187150044,27.3080996179092,0
                84.9589664200831,27.3077537024913,0
                84.9587109554475,27.3076381465505,0
                84.9586258432394,27.3075800869823,0
                84.958457309435,27.3072924223892,0
                84.9583098993303,27.3068895815979,0
                84.9582689729041,27.3066033558992,0
                84.9583171108645,27.3056846888341,0
                84.9585117848265,27.305112555504,0
                84.9587278899928,27.3046914090034,0
                84.958708839142,27.3042335744765,0
                84.9586259845237,27.3037738634405,0
                84.95856324657,27.303600565871,0
                84.958015216561,27.302507778727,0
                84.9578050059507,27.3019135781165,0
                84.9575763075437,27.3008796041349,0
                84.9574945197001,27.3002484086308,0
                84.9575840857165,27.2995032266116,0
                84.9580396176119,27.2980696743703,0
                84.9580429412943,27.2974966004853,0
                84.9581733698488,27.2970963258062,0
                84.958239681057,27.2967326095441,0
                84.9587825214208,27.2949555265151,0
                84.958825640967,27.2948988446546,0
                84.9588690776411,27.2946683658944,0
                84.9589338219006,27.2945551269422,0
                84.9591957462914,27.2935222855625,0
                84.9592845608125,27.2928357857668,0
                84.9595864700257,27.2922628417355,0
                84.9597094617963,27.2918830027681,0
                84.959716961627,27.2918603793002,0
                84.960023204403,27.290260902312,0
                84.9601743157497,27.2899168726397,0
                84.9604104782766,27.2896309644191,0
                84.9606470819497,27.2891758841177,0
                84.9608208204783,27.2886038754836,0
                84.9609301923214,27.2880323025421,0
                84.9611247415843,27.287460107205,0
                84.9612757901454,27.2871748221241,0
                84.9614701496749,27.2866613088777,0
                84.9615778890604,27.2864890756419,0
                84.9616859434285,27.2862040405674,0
                84.9621382776164,27.2852894423823,0
                84.9625478053714,27.2843187230875,0
                84.9629781385525,27.2836343527661,0
                84.9638364870857,27.2824349111871,0
                84.9641580142203,27.2820941973383,0
                84.9645220337001,27.2818481003738,0
                84.9653161393913,27.2807438988144,0
                84.9660236854822,27.2800034761668,0
                84.9667082307356,27.2795091564858,0
                84.9672649157428,27.2790743294217,0
                84.9676287498704,27.278731115948,0
                84.9677787946864,27.2786375644847,0
                84.9679936487478,27.2782954112989,0
                84.9681655688041,27.2780279998724,0
                84.9682087526924,27.277914886078,0
                84.9685735283392,27.2774001873432,0
                84.9687881291862,27.277173086018,0
                84.9693895075238,27.2762009952012,0
                84.9697564777239,27.2752869573036,0
                84.9698858407891,27.2750604803278,0
                84.9707231924726,27.2738611008736,0
                84.9710459121814,27.2732339115017,0
                84.9714970541775,27.2725471674532,0
                84.9717767797538,27.271976660317,0
                84.9720562522052,27.2715212057095,0
                84.9722081164623,27.2710621239303,0
                84.9727039508,27.2698628636499,0
                84.9729424977329,27.2690625016827,0
                84.9729450085733,27.2685481099631,0
                84.9730116970463,27.2680896519486,0
                84.9730130143501,27.2678053016944,0
                84.9730788877568,27.2674619584051,0
                84.9730812734126,27.2669475042782,0
                84.9730219230718,27.2661469497024,0
                84.9728371578392,27.2650043607617,0
                84.9728209290934,27.2640884420121,0
                84.9727798144174,27.2638608369449,0
                84.972382208084,27.2624873273311,0
                84.9723412186965,27.2622010398227,0
                84.9721114536526,27.2613994199243,0
                84.9720499077,27.2610005167722,0
                84.9719651092099,27.2608274053141,0
                84.9718409516274,27.2601987724431,0
                84.9716306136989,27.2597399346868,0
                84.9715680015786,27.2595125784572,0
                84.9713775960216,27.2591686064705,0
                84.9710412838588,27.258309114408,0
                84.9704339638589,27.2564767672309,0
                84.9703113123884,27.2555051646543,0
                84.9703125047185,27.2552773093815,0
                84.9701676632258,27.2545901181197,0
                84.9699586438068,27.2538469939083,0
                84.9695600957708,27.2526449068191,0
                84.9694124339751,27.2523571798223,0
                84.9691825424236,27.2516142418962,0
                84.968570082483,27.2505625757458,0
                84.9684850319846,27.2505045169456,0
                84.9682947497781,27.2502576601258,0
                84.968699759754,27.2502209825217,0
                84.9680205396213,27.2500632357589,0
                84.967764018533,27.2497378856963,0
                84.967592798163,27.249355478787,0
                84.9674853226607,27.2488959558186,0
                84.9675066387549,27.2485889836272,0
                84.9674636490401,27.248359128416,0
                84.9672278845539,27.2475169489177,0
                84.9668430688382,27.2470954179113,0
                84.9662011709502,27.2462718555525,0
                84.9658379818682,27.245660653478,0
                84.9653669328168,27.2449712073908,0
                84.9651957754005,27.2445888633476,0
                84.965110418116,27.2442825768962,0
                84.9650242616961,27.2433626571481,0
                84.9649383401124,27.2431331138833,0
                84.9649167850983,27.2429031342258,0
                84.9647455094998,27.2422138178389,0
                84.9647881404003,27.241658555082,0
                84.9646589885716,27.2407411970593,0
                84.9645307025286,27.2402795480914,0
                84.9644021794036,27.239208704391,0
                84.9641448007781,27.2379831214614,0
                84.9641018159265,27.2375231615005,0
                84.9639306588822,27.2371408179174,0
                84.9637802519741,27.236604862981,0
                84.9636948975557,27.2361451528299,0
                84.963694659523,27.2356081380869,0
                84.9637795993538,27.2349193882226,0
                84.9638215509288,27.2340008452893,0
                84.9634575664818,27.2325458431888,0
                84.9634148970749,27.2319143991993,0
                84.9634318980257,27.2317653497578,0
                84.9623889711957,27.2318560127761,0
                84.9585418499011,27.2320876785,0
                84.9577727620739,27.2321651589791,0
                84.9561056055704,27.232242000042,0
                84.9560292406806,27.2322492475853,0
                84.9552714017039,27.2323176045593,0
                84.954566056845,27.2323360285513,0
                84.9537963440819,27.2324133841328,0
                84.9525137628848,27.2324492342562,0
                84.9503973511899,27.2326011865179,0
                84.9502258733662,27.2326204314369,0
                84.949135829745,27.2326571607989,0
                84.9486870751804,27.2327143353449,0
                84.9393865423839,27.2332418233564,0
                84.9379115469683,27.2333577263991,0
                84.9374629191013,27.2333584692495,0
                84.9359241824215,27.233474807839,0
                84.9348341378859,27.2335136615794,0
                84.9342572127199,27.2335694596756,0
                84.9332315343515,27.2336101269225,0
                84.9329750055472,27.2336479321794,0
                84.9325900559635,27.23364823794,0
                84.9318209062725,27.2337255307715,0
                84.9302817958237,27.2338011860382,0
                84.9300896946461,27.2338408675578,0
                84.9297053706683,27.2338411107052,0
                84.9295126457391,27.2338785420488,0
                84.9293843501638,27.2338590412983,0
                84.9286151373601,27.2339363973253,0
                84.9281665094386,27.2339371393118,0
                84.9271406427709,27.234034114184,0
                84.9265632193696,27.2340334175702,0
                84.9260507229537,27.2340909659238,0
                84.9256657118193,27.2340912720341,0
                84.9253450655012,27.2341497616969,0
                84.9251530905403,27.234130760811,0
                84.9236137908178,27.2342650353078,0
                84.9221397969192,27.2343423793669,0
                84.9220113757695,27.2343793743328,0
                84.9212417266379,27.2344002345316,0
                84.9207291683156,27.2344577214741,0
                84.9188696622414,27.2345534318655,0
                84.9178437954531,27.2346504065497,0
                84.9177798664541,27.2346305319627,0
                84.91720281701,27.2346703940604,0
                84.9164973461104,27.2347471886841,0
                84.9154072390475,27.2347858549278,0
                84.9149584218979,27.2348430296351,0
                84.9148944937745,27.2348230932507,0
                84.9144882964325,27.2348438340077,0
                84.9143678124574,27.234849144891,0
                84.9124816847867,27.2349381053341,0
                84.9118410804671,27.2349964644605,0
                84.9112649698447,27.2349957053202,0
                84.9098555904419,27.2351109219659,0
                84.9083188545082,27.2351705164319,0
                84.9080629502607,27.2352082586676,0
                84.9076143221638,27.2352089394077,0
                84.9054371069098,27.235342578898,0
                84.900313528984,27.2355538512959,0
                84.89960912113,27.2356102724296,0
                84.8988407221681,27.2356309448229,0
                84.8985848178286,27.2356687501315,0
                84.8982646728786,27.2356483090883,0
                84.8967924909368,27.2357254032798,0
                84.8964935301447,27.235743083996,0
                84.8964296635128,27.2357254599678,0
                84.8957895597598,27.2357814440053,0
                84.894188644091,27.2358570987425,0
                84.8934635524619,27.2358572121545,0
                84.8933910626146,27.2358622105608,0
                84.8933993728477,27.2358757094867,0
                84.8929936747549,27.2359730684494,0
                84.8925459827832,27.2360097453552,0
                84.8922896428697,27.2359910554105,0
                84.8915853593726,27.2360677246055,0
                84.8911373553147,27.2360660923878,0
                84.890689163319,27.2361253299634,0
                84.8903692059796,27.2361250748481,0
                84.8889610147125,27.2362378540754,0
                84.8872962951212,27.2363138198377,0
                84.8855678332593,27.2364669031645,0
                84.8838394963609,27.2365613036731,0
                84.8832631963833,27.2366191022499,0
                84.8831354001359,27.236655971242,0
                84.8794650645512,27.2370378146332,0
                84.8760080756408,27.2374204741765,0
                84.8749838345465,27.2374945758135,0
                84.872812366489,27.2377360189198,0
                84.8727070059078,27.2377367044171,0
                84.8722311938609,27.2377396335381,0
                84.8719114229795,27.2377619392421,0
                84.871272504788,27.237880980308,0
                84.8706325271865,27.2378669086016,0
                84.869928556648,27.2379096433492,0
                84.8692258965416,27.2380291216094,0
                84.8682659600281,27.2380937248181,0
                84.8671800372352,27.2382719416551,0
                84.8661564833612,27.2383549798638,0
                84.8657084177637,27.2383577224692,0
                84.8652611622308,27.2384575183803,0
                84.8646217447725,27.2385201276875,0
                84.8643666523276,27.238578117924,0
                84.8639822657402,27.2385804863292,0
                84.8637907902205,27.238620042875,0
                84.8629590877201,27.2386251533455,0
                84.8621920618136,27.2387449425807,0
                84.8616156383116,27.2387123739,0
                84.8609754094509,27.2387546715788,0
                84.8589276728459,27.2390764226111,0
                84.8580312899175,27.2391428394784,0
                84.8573908734079,27.2392233836576,0
                84.8569421194914,27.2392284390684,0
                84.856046859551,27.2394075330628,0
                84.8550434904133,27.2394926963042,0
                84.8548298942176,27.2394556962134,0
                84.8535920555752,27.2395805400505,0
                84.8528872105163,27.2395870909109,0
                84.8523746520055,27.2396466390165,0
                84.8517978531258,27.2396523796803,0
                84.8505180813637,27.2398158440694,0
                84.8496855648839,27.2398795743336,0
                84.8487238793969,27.2398876832032,0
                84.8477641276707,27.2400672137572,0
                84.8473799899848,27.2400898307148,0
                84.8467397620314,27.2401343161593,0
                84.8462268290008,27.2401374329798,0
                84.845330757851,27.2402398463912,0
                84.8447540215739,27.2402455865936,0
                84.8444339382143,27.2403062007777,0
                84.8432170972779,27.240372174518,0
                84.8430249337833,27.2404116681643,0
                84.8425123770169,27.2403967235174,0
                84.8407832272008,27.2405650557925,0
                84.8394380298796,27.2405934063276,0
                84.8392458667586,27.240635211547,0
                84.8387973627845,27.2406582024913,0
                84.8380298982396,27.2408162381135,0
                84.8374532866561,27.2408399769321,0
                84.8374317898241,27.2408401009777,0
                84.835937609786,27.2409483170142,0
                84.8354887938732,27.2409329363743,0
                84.8349766730263,27.240974361954,0
                84.8345921603959,27.2410352873738,0
                84.83433600672,27.2410368454035,0
                84.834080226998,27.2410969608375,0
                84.8336317232589,27.2411200137964,0
                84.8333122018868,27.2411805659488,0
                84.8328635731954,27.2411832457962,0
                84.8325433645819,27.2412437975832,0
                84.8310455613041,27.2412887696551,0
                84.8308777085389,27.2412942665184,0
                84.8301728000217,27.2413751848708,0
                84.8292106144935,27.2413989170788,0
                84.8288268507186,27.241477904052,0
                84.8283130439256,27.2414606468654,0
                84.8281216300688,27.2415204510486,0
                84.8278004230895,27.24152232047,0
                84.8276726266495,27.2415614397104,0
                84.8271596939655,27.2415825550025,0
                84.826775118548,27.2416412311294,0
                84.8258771747641,27.2416464658649,0
                84.8253008747048,27.241708575401,0
                84.824724261088,27.2418248060592,0
                84.8241468369701,27.2418281713923,0
                84.8235061698193,27.2418906550966,0
                84.8223087029289,27.2419337564737,0
                84.8217303422798,27.241898813062,0
                84.8208956399795,27.2419239223256,0
                84.819869272682,27.2420631431025,0
                84.8196766108729,27.2420439537155,0
                84.8192915976857,27.2421229409559,0
                84.8185213856853,27.2421657991976,0
                84.8173026680466,27.2423263272444,0
                84.8171738111315,27.2423067646969,0
                84.8165965117256,27.2423304407711,0
                84.8162113742769,27.2423891165529,0
                84.8155052174067,27.2423932300002,0
                84.8152488126471,27.2424510956021,0
                84.8148631761078,27.2424533393645,0
                84.8144143585446,27.2425146388625,0
                84.8130660361096,27.2425585503855,0
                84.8125528523447,27.2426382850145,0
                84.8108192050636,27.2427046879797,0
                84.8106913465042,27.2427438075332,0
                84.8103701389403,27.2427456767372,0
                84.8100493669368,27.2428061661529,0
                84.8097924015612,27.2427874136558,0
                84.8094715673867,27.2428456539601,0
                84.809214726249,27.2428471493135,0
                84.8088940172303,27.242925699481,0
                84.808060251482,27.2429891802434,0
                84.8071619298095,27.2431274654781,0
                84.8063915933849,27.2431499513877,0
                84.8063272273857,27.2431503247571,0
                84.8053007969331,27.2432893583134,0
                84.8044016650183,27.243314841966,0
                84.8038249273829,27.2434128860485,0
                84.8021559574952,27.2435352853442,0
                84.801194081615,27.2436941931098,0
                84.8003594405981,27.2437373627604,0
                84.7997173371863,27.2437974095776,0
                84.7995896035584,27.2438365291844,0
                84.7992683957523,27.2438383359669,0
                84.7986911573672,27.2439566909427,0
                84.7984343161739,27.2439581873181,0
                84.7979853737013,27.2440171120194,0
                84.7972160354123,27.2441749601791,0
                84.7969590689938,27.2441763931983,0
                84.796573931559,27.244235007084,0
                84.7961246149684,27.2442375615869,0
                84.7959961312972,27.2442766813024,0
                84.794777103153,27.2443987132366,0
                84.794327162295,27.2444012059588,0
                84.7938144145361,27.2445372478897,0
                84.7931085071388,27.2445796075622,0
                84.7924031607338,27.2446963979326,0
                84.791889602499,27.2447196378269,0
                84.7912476854555,27.2447998702019,0
                84.790862736749,27.244802113592,0
                84.790477412047,27.2448426038271,0
                84.7901567653815,27.2449189043516,0
                84.7893846790077,27.2449706366565,0
                84.7891947656426,27.2449830075605,0
                84.7884905447954,27.2450839870194,0
                84.7877220200496,27.2451086598613,0
                84.7874022499556,27.2451307153695,0
                84.7870821032341,27.2451889549185,0
                84.7864413759448,27.2451745084918,0
                84.7859289436493,27.2451796239542,0
                84.7856092971818,27.2452198034653,0
                84.785523433998,27.2452201768935,0
                84.7843287770134,27.2453058998557,0
                84.7841364271399,27.2453250825141,0
                84.7836891715445,27.2454448762869,0
                84.7831772380711,27.245524485911,0
                84.7829210215876,27.2455259819768,0
                84.7826016243528,27.2456044071985,0
                84.7820891926694,27.245609523075,0
                84.7815773203731,27.2456890705782,0
                84.7813852197476,27.2457488747374,0
                84.7809372165586,27.2457693657787,0
                84.7802974241045,27.2458699710148,0
                84.7797207495176,27.2458934594488,0
                84.7781214554802,27.2461550973744,0
                84.7775448434229,27.2461785864536,0
                84.7774809147605,27.2461586493236,0
                84.7773743043355,27.246159210585,0
                84.7760940328777,27.2462836785343,0
                84.7759015585857,27.2462846748758,0
                84.7756457167926,27.2463447278582,0
                84.7754538662803,27.2463458500924,0
                84.7749419329257,27.2464253972531,0
                84.7741735958388,27.2464702554089,0
                84.7735338030793,27.2465888594144,0
                84.7729573157011,27.2466326590017,0
                84.7721903517343,27.2467903193867,0
                84.7708454026079,27.246876727596,0
                84.7706538022615,27.2469162204338,0
                84.769180246597,27.2469265083385,0
                84.7683484791278,27.2470281110132,0
                84.7680277719641,27.2470117950145,0
                84.7673876677076,27.2470739664721,0
                84.7665751526917,27.2469452765001,0
                84.7665111625353,27.2469095289229,0
                84.7653798736429,27.2469540691548,0
                84.7635867341425,27.2470247832632,0
                84.7628826367841,27.2471459484789,0
                84.7624988107459,27.2472247477304,0
                84.7621156705344,27.2473983515015,0
                84.7606456059993,27.2478304767862,0
                84.7600065606692,27.2480641329527,0
                84.7593672677997,27.2481646131969,0
                84.7591752294204,27.2482242929041,0
                84.7585349384434,27.2482661536446,0
                84.7580230049053,27.2483456383249,0
                84.7571917356699,27.2485239213929,0
                84.7566154358672,27.2486059665294,0
                84.7534771620887,27.2486477245516,0
                84.7529643555427,27.2485940336537,0
                84.7524521731519,27.2486351469197,0
                84.7520031700522,27.248599205041,0
                84.7516835239484,27.2486415709108,0
                84.7512990131735,27.2486233164056,0
                84.7511067876489,27.2486626849011,0
                84.7493129621884,27.2486384704976,0
                84.748608929751,27.2486805801182,0
                84.7481607389909,27.2486626989796,0
                84.7479691388768,27.248702004788,0
                84.7477772889649,27.2487030647839,0
                84.7477227971918,27.248678565462,0
                84.7476759913745,27.2486585042681,0
                84.7473201668274,27.2484934508936,0
                84.7464219731384,27.2484756251946,0
                84.7460176533141,27.2484101247106,0
                84.7455893333503,27.248441739936,0
                84.7445410350172,27.2484405352053,0
                84.7439641111469,27.2484300894984,0
                84.743258955366,27.2483977060107,0
                84.7403057810485,27.2484765258524,0
                84.7376758790632,27.248465608456,0
                84.736519781754,27.2485010240725,0
                84.7344673036336,27.2484801800898,0
                84.7332469639531,27.2485159697648,0
                84.7326067993057,27.248485462031,0
                84.7322851532841,27.2485164540174,0
                84.731771971715,27.2485078845531,0
                84.7308947128474,27.2485101817266,0
                84.730060572212,27.2485326040012,0
                84.7285210266275,27.248502268961,0
                84.728328052035,27.2485190769766,0
                84.7275370936696,27.2485028781158,0
                84.7248418245067,27.2485303946937,0
                84.7236235485417,27.2485073141038,0
                84.722146931088,27.2485352881251,0
                84.7220193231922,27.2485155998287,0
                84.7214418990616,27.2485230898961,0
                84.7211845580758,27.2485560824375,0
                84.7199239752757,27.2485128790357,0
                84.7194730337442,27.248562554121,0
                84.7192816225386,27.2485386785746,0
                84.7183819279729,27.2485794726258,0
                84.7167577060873,27.2485291386011,0
                84.7159871827507,27.2485533733674,0
                84.7154108218346,27.2485224922171,0
                84.7143835192154,27.2485412863637,0
                84.7113904787102,27.2485046157706,0
                84.7113690435154,27.2485047409272,0
                84.7111771319647,27.2485011752882,0
                84.7099154865079,27.2484962803739,0
                84.7077985792575,27.2484754351352,0
                84.7070293676698,27.2484951085933,0
                84.7065179355996,27.2484661029506,0
                84.7060617457126,27.2484751569163,0
                84.7047182352832,27.2485045077647,0
                84.7046543697653,27.2484845080113,0
                84.7040107663336,27.2485103078962,0
                84.7025326495404,27.248499660422,0
                84.7018194277632,27.2486950686161,0
                84.7008320573307,27.2487519222221,0
                84.7002528206687,27.2487773483538,0
                84.6998698731298,27.2486935369927,0
                84.6992905118255,27.2487009643557,0
                84.6991634044838,27.2486609657544,0
                84.6975580558893,27.2485900087277,0
                84.6960118822298,27.2487127852701,0
                84.6949831440979,27.248711081509,0
                84.6946848715591,27.2486471450549,0
                84.6944264674092,27.2487003229602,0
                84.6942714851412,27.2488499953413,0
                84.6942208607305,27.2491345313952,0
                84.69425703865,27.2493667608633,0
                84.6942057903311,27.2496513604577,0
                84.6943063339531,27.249883278848,0
                84.6942402111823,27.2502152480426,0
                84.6942236498417,27.2502988027589,0
                84.6942167748865,27.2503056148006,0
                84.6943189431785,27.2505984021079,0
                84.6955679446142,27.2516098324643,0
                84.6959650751489,27.2518266944845,0
                84.6975404693694,27.252958307094,0
                84.6988935801457,27.2540616684544,0
                84.6994428678231,27.2547899248979,0
                84.7006471696247,27.256717584911,0
                84.7015611491336,27.2579291796457,0
                84.7019528303539,27.2587868588004,0
                84.7023251157333,27.2607795626898,0
                84.7023630103747,27.2625957134754,0
                84.7023223536769,27.2644573596519,0
                84.7026386616232,27.2656786938198,0
                84.7026630869689,27.2661455894792,0
                84.7027829356196,27.2666346104639,0
                84.7032439720964,27.2679748115024,0
                84.7034949782933,27.2691422737706,0
                84.7036022476843,27.2705405880588,0
                84.7034846206892,27.2714144459105,0
                84.7035708775005,27.2735800674643,0
                84.703382191181,27.2747903939558,0
                84.7031580856752,27.2752901578068,0
                84.7027068800107,27.2760234598791,0
                84.7023192377963,27.2763187403639,0
                84.7013833525732,27.2767701848836,0
                84.7009770921666,27.276812799076,0
                84.7003082409924,27.2769628377227,0
                84.7000877687498,27.2770338899683,0
                84.699383603794,27.2774006586713,0
                84.6989513464465,27.2775223908946,0
                84.6983489143006,27.2780985171688,0
                84.6978885939178,27.2783918586173,0
                84.696883033344,27.2787082511184,0
                84.6963840289996,27.2790627112681,0
                84.6962736026546,27.279273066005,0
                84.6958846288174,27.2804776402197,0
                84.6958198704165,27.2813353747375,0
                84.695644754849,27.2819973130749,0
                84.6950107685274,27.2823885800665,0
                84.69408001759,27.2823525688006,0
                84.6932789391062,27.2821580102586,0
                84.6927983825605,27.2819347096226,0
                84.6922533328414,27.281793026334,0
                84.6911519276591,27.281225371187,0
                84.6903651675194,27.280687719555,0
                84.6897260771659,27.2800410790004,0
                84.6889533921429,27.278817550647,0
                84.6887294358961,27.2781258587194,0
                84.6887411231001,27.2780761751892,0
                84.6883117029131,27.2769253336554,0
                84.6881881598539,27.276752222381,0
                84.6869935750548,27.276406109056,0
                84.6861563132029,27.2762838556626,0
                84.6854611538559,27.2763617129806,0
                84.6852014991571,27.2764329518918,0
                84.6849791501277,27.2766235565483,0
                84.6846191256603,27.2770991332849,0
                84.6843022112722,27.2780280457961,0
                84.6840632978672,27.2783946963724,0
                84.683664194663,27.2799241784289,0
                84.6830913623217,27.2815334636975,0
                84.6822901870539,27.2830761875711,0
                84.6822425564324,27.2836562604906,0
                84.6820510757362,27.283930232875,0
                84.681909092457,27.2840414703089,0
                84.6817571742431,27.2840873386217,0
                84.6814260314577,27.2840325256139,0
                84.6808383036939,27.2837240438957,0
                84.6801718930797,27.2836618511936,0
                84.6800462863749,27.283565420124,0
                84.6786162968891,27.28314593416,0
                84.6777866690668,27.2825204766595,0
                84.6770111534474,27.2821587460095,0
                84.6759984821433,27.2818296344031,0
                84.6752281483938,27.2817047580092,0
                84.6747645831929,27.2817791811161,0
                84.6733278893145,27.2822351170711,0
                84.6725241834129,27.2822209182594,0
                84.6714460092863,27.2824495049132,0
                84.6710728664383,27.282661105582,0
                84.6705579880645,27.2831238679711,0
                84.6704231880309,27.2833885297052,0
                84.670414243153,27.283790118996,0
                84.6705763326502,27.2845069326433,0
                84.6714999992725,27.2856599703165,0
                84.672120342869,27.2862458654242,0
                84.6732860456157,27.2871269927156,0
                84.6741349154189,27.2880118656352,0
                84.6741657172644,27.2883118387666,0
                84.6739841051045,27.2888677246118,0
                84.6734811452382,27.2901652880937,0
                84.6731138705527,27.2907108582383,0
                84.6730534294401,27.29126618306,0
                84.6731780292781,27.291716831947,0
                84.673310321207,27.2918786325809,0
                84.6735329110387,27.2921527988693,0
                84.6741362593048,27.2926260165644,0
                84.6749612046242,27.2929988715148,0
                84.6753084671,27.2932160454513,0
                84.6756450991028,27.2937559406256,0
                84.6760200950466,27.2945821850878,0
                84.6764380916326,27.2951013329903,0
                84.6766315631305,27.2952515727099,0
                84.6771158716164,27.2953462594101,0
                84.6785599969449,27.2951745481422,0
                84.6794709949603,27.29547247431,0
                84.6801022774227,27.2959567534628,0
                84.6805405228613,27.2963968468484,0
                84.681271407823,27.2972935914566,0
                84.6823478052667,27.2983938855148,0
                84.6833006067855,27.2989014185736,0
                84.6839978843491,27.2991529692546,0
                84.684744462229,27.2997021204719,0
                84.6857096968392,27.3002862709191,0
                84.6866790480082,27.3013397559407,0
                84.6875571054576,27.3020100225406,0
                84.68804496463,27.3026935315756,0
                84.6887656659923,27.3034457892092,0
                84.6895758009834,27.3038570153375,0
                84.6910572190659,27.3043777431316,0
                84.6919600297184,27.3047612862018,0
                84.692771037977,27.3051927605494,0
                84.6930098142572,27.3054149320308,0
                84.6940320438373,27.3059107796966,0
                84.6943135677263,27.3059996515944,0
                84.6946737026516,27.3062234502308,0
                84.6970138395604,27.3088584400876,0
                84.6974713238039,27.3097180590467,0
                84.6982699420533,27.3109978950827,0
                84.6989955638374,27.312614324891,0
                84.6990197430374,27.3128511168833,0
                84.6995394524607,27.3145564731307,0
                84.6997512781045,27.3156091330153,0
                84.6999827651905,27.3177740058283,0
                84.7002225283917,27.3186482445248,0
                84.7011206851577,27.3204758460735,0
                84.7023909246001,27.3219202378153,0
                84.7033464056295,27.3228111119042,0
                84.7041347198318,27.3237390411702,0
                84.7045558374876,27.3244138007115,0
                84.7050271919706,27.3254493411914,0
                84.7052130707684,27.3270774484514,0
                84.7051068679863,27.3285535651111,0
                84.705247002226,27.3302428544164,0
                84.7052322183282,27.3319960107266,0
                84.7051167113517,27.3331044720709,0
                84.7051797571349,27.3334876888659,0
                84.7051788186136,27.3335418713792,0
                84.7051351307229,27.3369196950226,0
                84.7051613477864,27.338365878341,0
                84.7052283307629,27.3387716557372,0
                84.7056463848779,27.3395547183233,0
                84.7059624967704,27.3411798281553,0
                84.7060599022205,27.3421134342681,0
                84.7061406255685,27.3428847412259,0
                84.7064950623408,27.3436997370435,0
                84.7066486568721,27.3442156309217,0
                84.706639495369,27.3460568410686,0
                84.706327457614,27.3468503285287,0
                84.7061226650287,27.3472281664214,0
                84.7060942988162,27.350032853167,0
                84.7062460099611,27.3509436494275,0
                84.7065530182105,27.351639279518,0
                84.7070651071777,27.3530987199385,0
                84.7075607160392,27.3537437959092,0
                84.7079096008039,27.3540691474522,0
                84.7087113493451,27.3550804453796,0
                84.7109193951963,27.3568967563715,0
                84.7109722596009,27.357047681678,0
                84.7112071008181,27.3572179821168,0
                84.711602851504,27.3576582001343,0
                84.7133438392345,27.3592264008911,0
                84.7139741790095,27.3598956012367,0
                84.7147897372325,27.3609698938373,0
                84.7160032445514,27.3619293899536,0
                84.716712634936,27.3627041450445,0
                84.7169312831294,27.3631994173135,0
                84.7172519186911,27.363644445271,0
                84.7177202138272,27.3645513715405,0
                84.7183854178032,27.3655181713684,0
                84.7188674074132,27.3659961989331,0
                84.7194012034939,27.3663770485048,0
                84.7200803561669,27.3667683996112,0
                84.7215525955944,27.3668939128709,0
                84.7218354325619,27.3669555989921,0
                84.722346048249,27.3671695888828,0
                84.7229325240194,27.3675861863664,0
                84.7243057450692,27.3692870562241,0
                84.7247816656709,27.3700878676301,0
                84.7249427659718,27.3702787907603,0
                84.7271614291491,27.3723610787877,0
                84.7275534872579,27.373096831992,0
                84.7278233083819,27.3739663217853,0
                84.7277601116336,27.3748353049887,0
                84.7278189748716,27.3750448500429,0
                84.727883212488,27.3752069612195,0
                84.7279462016553,27.3753645735728,0
                84.7282497734843,27.3759902723992,0
                84.7283139513559,27.3760462690815,0
                84.7286171494362,27.3766155353984,0
                84.7287268150058,27.3769579439401,0
                84.7287515545087,27.3773571589898,0
                84.728668186155,27.3775493906952,0
                84.72797132461,27.3783336837391,0
                84.7277817193464,27.3786189684038,0
                84.7276811563357,27.3792850321276,0
                84.7275969143947,27.3794389546745,0
                84.7275769139103,27.3795721294438,0
                84.7274308011483,27.3799339077669,0
                84.7273900514229,27.3801823220895,0
                84.727265062143,27.3804875430642,0
                84.7270327750963,27.3807166435838,0
                84.7266939398759,27.3809846766421,0
                84.726205873683,27.3812353966804,0
                84.725993151119,27.3812725142835,0
                84.7258444823579,27.3813500671937,0
                84.7257178087821,27.3814838659893,0
                84.7256342531931,27.3816557869308,0
                84.7256150015696,27.3819041394922,0
                84.7256591166124,27.3820753125974,0
                84.7256397391258,27.3823032917941,0
                84.7256878446093,27.3829889187092,0
                84.7258469246318,27.3841297566617,0
                84.7258505398651,27.3845855288669,0
                84.7258105395913,27.3848519418671,0
                84.7258325353022,27.3849285609479,0
                84.7257063598345,27.3851571009707,0
                84.7255163185385,27.3853679535927,0
                84.725282721055,27.3855022501371,0
                84.7241975493381,27.3856590935771,0
                84.723942269043,27.3857573931013,0
                84.7236461159738,27.3859868049663,0
                84.723561686483,27.3861203547611,0
                84.7234580072448,27.3864052024236,0
                84.7233565701217,27.3870352068999,0
                84.7232932639279,27.3871122613527,0
                84.7232297719419,27.3871690059151,0
                84.723017360219,27.3872468077561,0
                84.7228682552521,27.3872476173113,0
                84.722654035428,27.3871516853434,0
                84.7223750149555,27.3869072026341,0
                84.722074808615,27.386698903828,0
                84.721902835518,27.3864899815828,0
                84.7217487429676,27.3859199680924,0
                84.7216362091384,27.3852345899598,0
                84.7214390621557,27.384552084995,0
                84.7213710177639,27.384094374805,0
                84.7210235792936,27.383335749034,0
                84.7208943494604,27.3831830109572,0
                84.720594143105,27.3829950222249,0
                84.7201190966187,27.3822168340511,0
                84.7198188284436,27.382008535747,0
                84.7196478524048,27.3819529749813,0
                84.7194563156699,27.3819336616783,0
                84.7191802872982,27.3820502087999,0
                84.7189899335161,27.3822226275242,0
                84.718885317424,27.3824691042267,0
                84.7188868757782,27.3826992085135,0
                84.7189531734068,27.3829832468175,0
                84.7190620288489,27.3832104787959,0
                84.7191065183517,27.3834403961165,0
                84.7192369939477,27.383780430557,0
                84.7196910441368,27.3845226838568,0
                84.7197350976413,27.3846916697308,0
                84.7196504194359,27.3847890967183,0
                84.7194809394905,27.3848644624218,0
                84.7192889645397,27.384885707931,0
                84.7188410263122,27.3847932714073,0
                84.7183292803821,27.3848139487072,0
                84.7181381179108,27.3848533170435,0
                84.718009698196,27.3848336914219,0
                84.71788227676,27.3848726853809,0
                84.7176258741946,27.3847972508285,0
                84.7174975190028,27.3846851340111,0
                84.7174105952572,27.3845321462701,0
                84.7173224271107,27.3841896751601,0
                84.7172145696377,27.3840210010694,0
                84.7171712636117,27.3839625681142,0
                84.7170001629298,27.3838866966403,0
                84.7168724921914,27.3838873823684,0
                84.7166813914997,27.3839469987648,0
                84.7164263601571,27.3840814204811,0
                84.71579199453,27.3846736067627,0
                84.7153667981918,27.3847908393519,0
                84.7150469665524,27.3847743978861,0
                84.7147905644265,27.3846990257769,0
                84.7141484057686,27.3843796685266,0
                84.7138921280628,27.3843245444937,0
                84.7133810085383,27.3843294111097,0
                84.7131256648615,27.3844255234605,0
                84.712893752466,27.3847132436561,0
                84.7127896346462,27.3850386500116,0
                84.7127734367055,27.3856682186156,0
                84.7129260345193,27.3860104411485,0
                84.7131619353873,27.3862371116191,0
                84.7133765921189,27.3863894147507,0
                84.713547567631,27.3864630359051,0
                84.7140833640794,27.3868415730232,0
                84.7142558371668,27.3870302467418,0
                84.714341387094,27.3870681191726,0
                84.7146635890352,27.3873530367665,0
                84.7149217980671,27.3877126965229,0
                84.7152263682516,27.3883970780656,0
                84.7153413930363,27.3894839202336,0
                84.7154939906815,27.3898260800241,0
                84.7159029887532,27.3903384783507,0
                84.7160319074887,27.3904325967679,0
                84.7163309277694,27.3905460912781,0
                84.716587205863,27.3906012159765,0
                84.7169279742901,27.3905227281983,0
                84.7173540428865,27.3905566698745,0
                84.7176961189968,27.390688038843,0
                84.7179757652762,27.3909347711936,0
                84.718083496995,27.3910853841798,0
                84.7182360315711,27.391504224927,0
                84.7182850719511,27.3922485967952,0
                84.7182223896935,27.3924203923082,0
                84.7180327208316,27.39270786358,0
                84.7179057358238,27.3928032906963,0
                84.7175015361539,27.3929407716481,0
                84.7172463203724,27.3929601412602,0
                84.7171180244184,27.3929630137276,0
                84.7169262387307,27.3929053286167,0
                84.7167333914233,27.3927935228915,0
                84.7164771136393,27.3927384608222,0
                84.7162843911395,27.3926446533398,0
                84.7158355154338,27.3925138452802,0
                84.7156440412345,27.3925148420406,0
                84.7155159944292,27.3925538362371,0
                84.7148556450691,27.3925595128645,0
                84.7143462683201,27.3928486657977,0
                84.7142409668299,27.392982277214,0
                84.7138805720896,27.3932526228216,0
                84.7132052700056,27.3940773500699,0
                84.7131225868067,27.3943846337126,0
                84.7131691335278,27.3948401570727,0
                84.7131500679328,27.3951268181765,0
                84.7129390896676,27.3954347249865,0
                84.7119838942873,27.3958796069311,0
                84.7118350379895,27.3959187256685,0
                84.711642876292,27.395919723234,0
                84.7111304461842,27.3958275356557,0
                84.7108736702876,27.3956979805258,0
                84.7108098030907,27.3956982915267,0
                84.7104246080515,27.3955288629332,0
                84.7102107640059,27.3953967459208,0
                84.7099542994801,27.3953213115001,0
                84.7098255050801,27.3952475654298,0
                84.7093768796407,27.3951550665231,0
                84.7088022042363,27.3952167396439,0
                84.708610540239,27.3952943539301,0
                84.7085264872054,27.3953895319829,0
                84.7084226181719,27.3957533098923,0
                84.7084056721138,27.3962678264704,0
                84.7084924684292,27.396495307468,0
                84.7086649422571,27.3966861682096,0
                84.7090101358845,27.3971988779715,0
                84.7093329601171,27.3975785371268,0
                84.709614163011,27.3980711848933,0
                84.7099592946557,27.3985838951074,0
                84.7103090392393,27.3996109966129,0
                84.7103752750182,27.399897159678,0
                84.7107885754776,27.400867516942,0
                84.7107050806447,27.4011544905347,0
                84.7103062445677,27.4018446721382,0
                84.710266865376,27.4023006309547,0
                84.7103979660178,27.4026451650076,0
                84.7107429099238,27.4031195028758,0
                84.7109362555471,27.4033080519666,0
                84.7112580218624,27.403516226071,0
                84.7115356700113,27.4036479064019,0
                84.7119227363842,27.4039866320318,0
                84.7123942302709,27.404288799981,0
                84.712586327899,27.4043826075173,0
                84.7130137688837,27.4045135401924,0
                84.7135285056175,27.4048538313314,0
                84.7141097283345,27.4054984077584,0
                84.7146701391529,27.4062559117564,0
                84.7147998667894,27.4064853937836,0
                84.7148887833251,27.4069429790764,0
                84.7148581949381,27.4083736010754,0
                84.7148187532143,27.4088318089783,0
                84.7148229938307,27.4092897685755,0
                84.7148879189136,27.4094609416239,0
                84.7152334267668,27.4099149067602,0
                84.7156637351364,27.4103888088515,0
                84.7163516287768,27.4111095056135,0
                84.716480547141,27.4112036248021,0
                84.7170192741179,27.411925069046,0
                84.7173843436222,27.4122841680576,0
                84.7176647987568,27.4126460155777,0
                84.7179240062281,27.4130441088922,0
                84.7182725039488,27.4139560331788,0
                84.7183401746469,27.4143573105774,0
                84.7183434158404,27.4147565877952,0
                84.7182806700317,27.4149306964007,0
                84.7181121252859,27.4151594231743,0
                84.717836034981,27.4152759703984,0
                84.7176874893942,27.4153737095718,0
                84.7172433520913,27.4157956645573,0
                84.7170313146144,27.4159502098759,0
                84.7168625831359,27.4161428144711,0
                84.7166732889214,27.4164867808205,0
                84.7164201280285,27.4168309965721,0
                84.7164203766148,27.4168693677808,0
                84.7164205015959,27.4168896787987,0
                84.7163160743118,27.4170616614121,0
                84.7162328308873,27.417292264398,0
                84.716148902356,27.4174055657392,0
                84.7158984859407,27.4179821348616,0
                84.7156874469949,27.4181930503977,0
                84.715119006524,27.4189405366196,0
                84.7148212936811,27.41903908565,0
                84.7146522505346,27.4191933817018,0
                84.714570254727,27.4195186630535,0
                84.7145928731073,27.4196900238629,0
                84.7147029153611,27.4199940606342,0
                84.7148318337482,27.4200881792991,0
                84.7149172593192,27.4201080538312,0
                84.7155333701262,27.4198747097348,0
                84.715874886641,27.4199090872273,0
                84.7160676714476,27.4200028325638,0
                84.7166917020989,27.4206111009496,0
                84.7169733423773,27.4210676269762,0
                84.7171665638132,27.4212358652829,0
                84.7173806592489,27.4212934262218,0
                84.7177208030723,27.4212150010143,0
                84.7179769559674,27.4212316914408,0
                84.7182344200436,27.4213634956094,0
                84.7184715064647,27.4216668475229,0
                84.7185152492278,27.4217817132604,0
                84.7184967457249,27.4220480638509,0
                84.7182236487942,27.4224330249764,0
                84.7179481809534,27.4226441891366,0
                84.7179074336366,27.4227979248643,0
                84.7179331702807,27.4232558222139,0
                84.7179768500444,27.4233706252431,0
                84.7181276394236,27.423521051397,0
                84.7187044975055,27.4236692354094,0
                84.7188764099411,27.4237631050492,0
                84.7190278222591,27.4240105230189,0
                84.7191171150369,27.4244297368869,0
                84.7192897755617,27.4246386580466,0
                84.7193117708915,27.4247152145046,0
                84.7192510226147,27.4250021253565,0
                84.7190631004981,27.4254610811876,0
                84.7190665931156,27.4258063003835,0
                84.7191322061568,27.4259774113241,0
                84.7194574023372,27.4265104941997,0
                84.7195458220152,27.4267942823247,0
                84.7195158617532,27.4281121013195,0
                84.7195609135615,27.4283420192821,0
                84.7194829706502,27.4290869517214,0
                84.7194599328891,27.4310928971564,0
                84.7193985594527,27.4313797452026,0
                84.7193564395069,27.4314183034013,0
                84.7193150048808,27.4315516663247,0
                84.7192325104487,27.4318002680461,0
                84.7192115116928,27.4318770733544,0
                84.7192126351889,27.4319538159483,0
                84.7190445265389,27.4322412253854,0
                84.7187951092603,27.4328922884572,0
                84.7187767924223,27.433178949328,0
                84.7188677694198,27.4337492754142,0
                84.71902042928,27.4340936841183,0
                84.7191932140876,27.4343206668415,0
                84.7192573299029,27.434358727297,0
                84.7197102588625,27.4348888750323,0
                84.7201608814433,27.435173044016,0
                84.7203548523354,27.43534353223,0
                84.7206351208349,27.4356670074576,0
                84.7207224174791,27.4358763657991,0
                84.7208320212114,27.4361984632174,0
                84.7208337671712,27.4363698852595,0
                84.7206024796319,27.4366779790197,0
                84.7204994844261,27.4370800043781,0
                84.7205009192583,27.4371951817154,0
                84.7206974461701,27.4376702045325,0
                84.7212157389091,27.4383354040191,0
                84.7213245946802,27.4385626975023,0
                84.7215846144233,27.4389629784958,0
                84.7219069411017,27.4392455836949,0
                84.7223143198182,27.4394713205097,0
                84.7230014071093,27.4399438520526,0
                84.7234745228742,27.4403610725291,0
                84.7241403003077,27.4408517272142,0
                84.7246134763354,27.4413817498913,0
                84.7247646381824,27.4416855379897,0
                84.7248528690763,27.4420280084369,0
                84.724877607357,27.4424294731332,0
                84.724922470516,27.4427135736648,0
                84.7250323233606,27.4430762303666,0
                84.7250333826575,27.4432477152336,0
                84.7250768132301,27.4433038979122,0
                84.72512342275,27.4437616708674,0
                84.7251665393411,27.4438742241009,0
                84.7253388245926,27.4441215171668,0
                84.725639965302,27.4444426183156,0
                84.7259609821896,27.4446124211075,0
                84.7266846366387,27.4445679986477,0
                84.7271093326961,27.4444484541712,0
                84.7273421177853,27.4442757859049,0
                84.727639143579,27.4441591759989,0
                84.7277666279686,27.4441201821307,0
                84.7279370437181,27.4440809376933,0
                84.7286167694501,27.4439036528435,0
              </coordinates>
            </LinearRing>
          </outerBoundaryIs>
        </Polygon>
      </Placemark>
    </Document>
  </Document>
</kml>
