<?xml version="1.0" encoding="UTF-8"?>
<kml xmlns="http://www.opengis.net/kml/2.2">
  <Document id="root_doc">
    <Schema id="KO_JHAPA_Kankai.schema">
      <SimpleField name="ogc_fid" type="int"/>
      <SimpleField name="objectid_1" type="float"/>
      <SimpleField name="dcode" type="int"/>
      <SimpleField name="district" type="string"/>
      <SimpleField name="dan" type="string"/>
      <SimpleField name="das" type="int"/>
      <SimpleField name="gapa_napa" type="string"/>
      <SimpleField name="type_gn" type="string"/>
      <SimpleField name="gn_code" type="float"/>
      <SimpleField name="new_ward_n" type="float"/>
      <SimpleField name="ddgnww" type="float"/>
      <SimpleField name="center" type="string"/>
      <SimpleField name="state_code" type="int"/>
      <SimpleField name="ddgn" type="float"/>
      <SimpleField name="area_sqkm" type="float"/>
      <SimpleField name="shape_leng" type="float"/>
      <SimpleField name="shape_area" type="float"/>
      <SimpleField name="Province" type="string"/>
      <SimpleField name="Address" type="string"/>
    </Schema>
    <Document id="KO_JHAPA_Kankai">
      <name>KO_JHAPA_Kankai</name>
      <Placemark id="KO_JHAPA_Kankai.1">
        <ExtendedData>
          <SchemaData schemaUrl="#KO_JHAPA_Kankai.schema">
            <SimpleData name="ogc_fid">6335</SimpleData>
            <SimpleData name="objectid_1">6336</SimpleData>
            <SimpleData name="dcode">4</SimpleData>
            <SimpleData name="district">JHAPA</SimpleData>
            <SimpleData name="das">0</SimpleData>
            <SimpleData name="gapa_napa">Kankai</SimpleData>
            <SimpleData name="type_gn">Nagarpalika</SimpleData>
            <SimpleData name="gn_code">13.000000000000000</SimpleData>
            <SimpleData name="new_ward_n">7</SimpleData>
            <SimpleData name="ddgnww">41307.000000000000000</SimpleData>
            <SimpleData name="center">Kalimuda</SimpleData>
            <SimpleData name="state_code">1</SimpleData>
            <SimpleData name="ddgn">4013</SimpleData>
            <SimpleData name="area_sqkm">3.325324263850000</SimpleData>
            <SimpleData name="shape_leng">12277.418811699999424</SimpleData>
            <SimpleData name="shape_area">3325324.263850000221282</SimpleData>
            <SimpleData name="Province">KO</SimpleData>
            <SimpleData name="Address">Kankai-7, JHAPA, KO</SimpleData>
          </SchemaData>
        </ExtendedData>
        <Polygon>
          <outerBoundaryIs>
            <LinearRing>
              <coordinates>
                87.9341128284747,26.6403413143288,0
                87.9340930211529,26.640226386332,0
                87.9337220849211,26.6395338767301,0
                87.9333893889635,26.6390689734527,0
                87.9332222265404,26.6388962970197,0
                87.9330363208538,26.6385680725014,0
                87.933058444749,26.6385115148285,0
                87.9331459365983,26.6383778402497,0
                87.9332745464245,26.6383047868649,0
                87.9336590623843,26.6381939285314,0
                87.9341106356591,26.6379134615824,0
                87.9346243233063,26.6377114885517,0
                87.9350127810328,26.6373907737981,0
                87.9354846014912,26.6371304298184,0
                87.9357225136891,26.6369032668969,0
                87.9361749004255,26.63656630415,0
                87.9363679403926,26.6364545054136,0
                87.9365465538544,26.6359591761422,0
                87.9366837371768,26.6353896030818,0
                87.936782118372,26.6345879242461,0
                87.9369221796194,26.6338446155177,0
                87.9369290010093,26.6334429628965,0
                87.9369991888577,26.6330431236319,0
                87.9371547408109,26.6326427237901,0
                87.9372476765782,26.6321863280369,0
                87.9372994957305,26.6316128158626,0
                87.9373454322967,26.631402646821,0
                87.9371748912543,26.631419642942,0
                87.9367913139248,26.6314920667973,0
                87.9351728333801,26.6316020262841,0
                87.9342336989134,26.6318180531957,0
                87.9337225138483,26.631868788859,0
                87.9332953168151,26.6319776461079,0
                87.9321876449657,26.6320773663931,0
                87.9318452490714,26.6321879759078,0
                87.9313332496193,26.6322950815911,0
                87.9309900400955,26.6324620612819,0
                87.9303922396771,26.6325879140505,0
                87.9301356450973,26.6326798390445,0
                87.9295383453061,26.6327874426231,0
                87.929026784,26.6328562400621,0
                87.9285163501619,26.6328482938786,0
                87.9280904671574,26.6328804080016,0
                87.927496545874,26.6327962785868,0
                87.9268170095236,26.6327488328506,0
                87.9261360351863,26.6327577562304,0
                87.9258810056711,26.6327368786284,0
                87.9247758997122,26.6326831123705,0
                87.9243499539514,26.6327152268931,0
                87.9237514638741,26.6329154476514,0
                87.9230659208783,26.6332132222912,0
                87.9220350393769,26.6338110882406,0
                87.92049203587,26.6344957498008,0
                87.9192091294389,26.6348989407245,0
                87.918355610475,26.6350782846874,0
                87.9171621981521,26.6352145006901,0
                87.9169055417002,26.6353064254126,0
                87.9157953668568,26.635557257299,0
                87.9156251387666,26.6355561289702,0
                87.9144432419083,26.6350041543861,0
                87.9139891816544,26.634734044808,0
                87.9136851002704,26.634553179466,0
                87.9131379922139,26.6341843881958,0
                87.9127577316361,26.6340447063018,0
                87.9128464754186,26.633836538328,0
                87.9129137215699,26.6336081842427,0
                87.9130229610087,26.6334563245351,0
                87.9133866668438,26.6333275920784,0
                87.9138122369145,26.6333339118768,0
                87.9139894654914,26.6332831072361,0
                87.9140683931681,26.633259985515,0
                87.9141766947978,26.6331465602533,0
                87.9143084332304,26.6328997715007,0
                87.9144422372996,26.6325198072593,0
                87.9144756866769,26.6318314291159,0
                87.9144231473811,26.6311434878777,0
                87.9142488805912,26.6301472581531,0
                87.9142560767745,26.6297072334837,0
                87.9141136666151,26.6293245143273,0
                87.9139896878576,26.6291267789389,0
                87.9139686904872,26.6290930937128,0
                87.9137176659493,26.6288599841005,0
                87.9130225787591,26.6284289457912,0
                87.9125800786215,26.6281948955147,0
                87.9118864921032,26.6277074249122,0
                87.911506858473,26.6274932487438,0
                87.9114029995512,26.6273765687576,0
                87.9110652965162,26.6272185134428,0
                87.910687540642,26.6269073463651,0
                87.9103712101551,26.6267514156169,0
                87.9097411150024,26.6262838196257,0
                87.9090504692226,26.6256248632853,0
                87.9088431271253,26.6253599448262,0
                87.9088027575701,26.6253285720241,0
                87.9082349666208,26.6248741630702,0
                87.9076435490335,26.6246184235465,0
                87.9073517191483,26.6243088831355,0
                87.9072289290533,26.6240208426473,0
                87.9070424586729,26.6237693613948,0
                87.9069188557021,26.6235376907874,0
                87.9067769458056,26.6231347234025,0
                87.906781450194,26.622904555805,0
                87.9068500100737,26.6226197694233,0
                87.9068310155889,26.6225048414304,0
                87.9067086640414,26.6221964908618,0
                87.906437017085,26.6219634434898,0
                87.9063546566407,26.6217903316804,0
                87.90635547029,26.6217338991652,0
                87.9064430241372,26.6216182851751,0
                87.906681498342,26.6213730609012,0
                87.9066448865303,26.6210280904919,0
                87.9067362579213,26.6206844963595,0
                87.9067667655541,26.6201697916836,0
                87.9067057776576,26.6199964301837,0
                87.9064364473892,26.6195920231353,0
                87.9061876745945,26.6192438604656,0
                87.9059992656254,26.6190690601487,0
                87.9057710519618,26.6187793932419,0
                87.9056482615432,26.6184913531596,0
                87.905462605483,26.6181835010133,0
                87.905336812053,26.6180668838105,0
                87.9050214816375,26.6178725823654,0
                87.904619974669,26.6177329614179,0
                87.9043633804832,26.6178249494955,0
                87.9038259434598,26.618123912955,0
                87.903631964751,26.618276271611,0
                87.9031990109958,26.6186897270407,0
                87.9027635533076,26.619258857575,0
                87.9026338803201,26.6193724700081,0
                87.9023119806532,26.6195415125955,0
                87.9015972434094,26.6202771224137,0
                87.9002172720646,26.6213328802403,0
                87.8995076654346,26.6217638295661,0
                87.8989691007311,26.6221575984444,0
                87.8982993619712,26.6227236617351,0
                87.8976536859863,26.6231361763155,0
                87.8978604005279,26.6234845874554,0
                87.8982127809068,26.6240036120564,0
                87.8985415982698,26.6246401260361,0
                87.8987754902517,26.6253291336587,0
                87.8988037339203,26.6254124394599,0
                87.8992002971074,26.6258770309824,0
                87.8997675901607,26.6262660087274,0
                87.8998946980214,26.6263058200178,0
                87.9000203669066,26.6264043138025,0
                87.9003374478523,26.6265038740661,0
                87.9006112836535,26.6266804258061,0
                87.9011350804897,26.6271260846584,0
                87.9013852916072,26.6274156274111,0
                87.9015916313174,26.6278001600975,0
                87.9015903791936,26.6278769039301,0
                87.9018718843769,26.6287979540077,0
                87.901908183224,26.6291813591379,0
                87.9019903568396,26.6293342850349,0
                87.9021728832435,26.6298723675587,0
                87.9022472969371,26.6304856906478,0
                87.9023683347423,26.6308684722711,0
                87.9024842411574,26.6315582276793,0
                87.9026240230019,26.6320966211273,0
                87.9028912261909,26.6326342045792,0
                87.9029708333559,26.6329406169492,0
                87.9030941233593,26.6332105962462,0
                87.9033280937814,26.6331932897206,0
                87.9038410312595,26.6330478738698,0
                87.9042913529074,26.6328442127012,0
                87.9050003963873,26.6324132005491,0
                87.905771679769,26.6320788688181,0
                87.9060915759606,26.6320452528707,0
                87.9065395215788,26.6319363331558,0
                87.9073701650505,26.631890353504,0
                87.9076246933777,26.631931667047,0
                87.907919714769,26.6320899714819,0
                87.9084211373914,26.6326306211882,0
                87.9085251209084,26.6327652993573,0
                87.9086274146302,26.6329970932711,0
                87.9088572540601,26.6332483260364,0
                87.9096179606964,26.6335639385023,0
                87.9101261423395,26.6336847500324,0
                87.9104024814314,26.6337077536144,0
                87.9107010055895,26.6336742621356,0
                87.9106748779194,26.6339407380101,0
                87.9106082576682,26.6340922859452,0
                87.9105159467751,26.634550994829,0
                87.9104441950637,26.6350094538751,0
                87.9104088051277,26.6358491309987,0
                87.9102693070838,26.6365359436656,0
                87.9102615480373,26.6369940293486,0
                87.9103775789934,26.6376837845419,0
                87.9103297034206,26.6379886946424,0
                87.9104539944885,26.6382203015527,0
                87.9108286229662,26.6386827686933,0
                87.9110742028226,26.6392588484662,0
                87.9112847976608,26.6393770923368,0
                87.9116687492428,26.6393430405765,0
                87.9127589285217,26.6390133396008,0
                87.913078825184,26.6389797235267,0
                87.913269676,26.6389829766859,0
                87.9137149283201,26.639083913266,0
                87.9139890805215,26.6390618579327,0
                87.9143541597185,26.6390346802872,0
                87.9146718041617,26.6391161163004,0
                87.914987258231,26.6393126676973,0
                87.9160166073684,26.6400913073615,0
                87.9162036408057,26.6403224780511,0
                87.9163938641298,26.6404024129903,0
                87.916714199411,26.6403485486673,0
                87.9169691036575,26.6403514275053,0
                87.917800186116,26.640269325699,0
                87.9182465031798,26.6402754585561,0
                87.9193326138683,26.6402142965906,0
                87.9197784936048,26.64023849022,0
                87.9202245603526,26.6402829950283,0
                87.9208410429226,26.6402925060273,0
                87.9216695589341,26.6403593910923,0
                87.923328219303,26.640382482884,0
                87.9254358870169,26.6402784689497,0
                87.9262650303702,26.6402708602949,0
                87.9278602618239,26.6402920133073,0
                87.929644278052,26.6404519084117,0
                87.9304739208716,26.6404238632839,0
                87.9312393838397,26.6404549379078,0
                87.932005473801,26.6404070812674,0
                87.9330262164955,26.6404206621514,0
                87.9335375891376,26.6403902364369,0
                87.9341128284747,26.6403413143288,0
              </coordinates>
            </LinearRing>
          </outerBoundaryIs>
        </Polygon>
      </Placemark>
      <Placemark id="KO_JHAPA_Kankai.2">
        <ExtendedData>
          <SchemaData schemaUrl="#KO_JHAPA_Kankai.schema">
            <SimpleData name="ogc_fid">6336</SimpleData>
            <SimpleData name="objectid_1">6337</SimpleData>
            <SimpleData name="dcode">4</SimpleData>
            <SimpleData name="district">JHAPA</SimpleData>
            <SimpleData name="das">0</SimpleData>
            <SimpleData name="gapa_napa">Kankai</SimpleData>
            <SimpleData name="type_gn">Nagarpalika</SimpleData>
            <SimpleData name="gn_code">13.000000000000000</SimpleData>
            <SimpleData name="new_ward_n">6</SimpleData>
            <SimpleData name="ddgnww">41306.000000000000000</SimpleData>
            <SimpleData name="center">Kalimuda</SimpleData>
            <SimpleData name="state_code">1</SimpleData>
            <SimpleData name="ddgn">4013</SimpleData>
            <SimpleData name="area_sqkm">9.411368432430001</SimpleData>
            <SimpleData name="shape_leng">17573.108406499999546</SimpleData>
            <SimpleData name="shape_area">9411368.432429999113083</SimpleData>
            <SimpleData name="Province">KO</SimpleData>
            <SimpleData name="Address">Kankai-6, JHAPA, KO</SimpleData>
          </SchemaData>
        </ExtendedData>
        <Polygon>
          <outerBoundaryIs>
            <LinearRing>
              <coordinates>
                87.9373454322967,26.631402646821,0
                87.9373341977392,26.6307912619375,0
                87.9372753993486,26.6305050360515,0
                87.9369662027144,26.6299272051496,0
                87.9366961852561,26.6295206099725,0
                87.9363824822898,26.6292315662409,0
                87.9361111496042,26.6289016523057,0
                87.9349580717497,26.6278916556673,0
                87.9346457461346,26.6275258687437,0
                87.934414843756,26.627310758252,0
                87.9341248289737,26.6268477925611,0
                87.9341270191077,26.6267350518178,0
                87.9341934517759,26.626563068756,0
                87.9342582571307,26.6265062616236,0
                87.9344343678226,26.6261643575917,0
                87.9345874165194,26.6259196317077,0
                87.9349343804647,26.625522485096,0
                87.9351286725091,26.625329442111,0
                87.9351467334257,26.6253112569853,0
                87.935045185062,26.6252555101316,0
                87.9349851326617,26.6251318316654,0
                87.9349424532724,26.6250440886034,0
                87.9345010177304,26.6247131089589,0
                87.9344602127854,26.6246365519487,0
                87.9341459476659,26.6243453214264,0
                87.9335361604573,26.6239183464816,0
                87.9329441187723,26.6236627326518,0
                87.9321808453943,26.6234984823329,0
                87.9319266307812,26.6234189217549,0
                87.9315889279383,26.6232609294719,0
                87.9311263693467,26.622950322821,0
                87.930937897675,26.6227755837351,0
                87.930705868674,26.6226394662961,0
                87.9301817591518,26.6221735589958,0
                87.9300360321832,26.6220007589275,0
                87.9299550478641,26.6217688396683,0
                87.9299580517571,26.6215973549193,0
                87.930185854874,26.6207406831319,0
                87.9302352956824,26.620338781312,0
                87.9302199306504,26.619995811015,0
                87.9301625710426,26.6196509641386,0
                87.9300817112969,26.6194191080497,0
                87.9298329402697,26.6190145755618,0
                87.9296445315901,26.6188420243768,0
                87.9289154592603,26.6179329645184,0
                87.9287052403243,26.6177785988772,0
                87.9281825692524,26.6172540087547,0
                87.9281215819379,26.6170829601781,0
                87.9279560475059,26.6167929197326,0
                87.9278354476522,26.6163898275381,0
                87.9276910957444,26.6161583440747,0
                87.9274072141874,26.6153524085267,0
                87.9272208706632,26.615044493841,0
                87.926887047159,26.6146585211865,0
                87.9266146501982,26.6144255991358,0
                87.9258142652726,26.6139366881471,0
                87.9236284588495,26.6123782192421,0
                87.9227865790026,26.6118691849533,0
                87.9225326766812,26.6117489407189,0
                87.9229834985498,26.611545216318,0
                87.9237536544877,26.6113258754754,0
                87.9244575035373,26.6112220221044,0
                87.924842643578,26.6111134765129,0
                87.9260596796672,26.610900205532,0
                87.9274659371604,26.6108053028083,0
                87.9278514531451,26.6106764456033,0
                87.9281089852627,26.610546149473,0
                87.9286873526923,26.6103618638208,0
                87.9291819210757,26.6100630241677,0
                87.9290595690966,26.6097546731143,0
                87.9286813391453,26.6082949797992,0
                87.9286443512883,26.6079906304978,0
                87.9284235222819,26.6072203172736,0
                87.9284078445007,26.6069158437408,0
                87.9283495460397,26.6066070564833,0
                87.9281437067288,26.6062225860519,0
                87.9279651224715,26.605474584226,0
                87.9278653317884,26.6050893033971,0
                87.9277831580768,26.6049364405644,0
                87.9275467137393,26.6038617159078,0
                87.9273670026634,26.6032085188714,0
                87.9273118304759,26.6028298009662,0
                87.9271172293457,26.6028987289134,0
                87.9267309616367,26.603086330576,0
                87.9262175245732,26.6032318077387,0
                87.9250489903956,26.6031378561179,0
                87.9240302514175,26.6029527284788,0
                87.9221877503376,26.6024682358079,0
                87.9218057387702,26.6024052341411,0
                87.921361548665,26.6022637377588,0
                87.9205979630754,26.6021197360651,0
                87.920512348493,26.6021564186466,0
                87.9205087819874,26.6023482144743,0
                87.9206815487728,26.6033828160654,0
                87.9206990408078,26.6036128583315,0
                87.9208335045617,26.6044197913608,0
                87.9208260587379,26.6048214441857,0
                87.9209031633827,26.6052812812058,0
                87.9209337679654,26.6059692844745,0
                87.9211278438694,26.6070060113898,0
                87.9211026547785,26.6072339908127,0
                87.9209291098621,26.6074224711287,0
                87.9208646179553,26.6074409684751,0
                87.9203358781977,26.6072435379235,0
                87.9201454037288,26.6072019136065,0
                87.9198291352142,26.6070437335391,0
                87.9197650815788,26.6070441701209,0
                87.9193852593219,26.606866115537,0
                87.918940945148,26.6067064959012,0
                87.9183724011268,26.6063942621158,0
                87.9181818020098,26.6063323268714,0
                87.9178655338781,26.6061763962995,0
                87.9169765300939,26.6058955918897,0
                87.9163448086264,26.6055227993807,0
                87.9160281020668,26.6053849300075,0
                87.9154598091635,26.6050320748249,0
                87.9150159950705,26.6048544572889,0
                87.9141949251503,26.6043452357427,0
                87.9139897058602,26.6041863701164,0
                87.9139429622571,26.6041505605566,0
                87.9136271953903,26.6039743193216,0
                87.9126782025268,26.6035607126457,0
                87.9121705208896,26.6034015291989,0
                87.9113889409717,26.6031244760643,0
                87.9109865581857,26.6030232273553,0
                87.9098547602783,26.6032967448673,0
                87.9094676166182,26.6035406539238,0
                87.9090827262019,26.6036693849477,0
                87.9088237546471,26.6038584267373,0
                87.9083092531578,26.6041008956325,0
                87.9079887922991,26.6042112556916,0
                87.9075397224426,26.6043201750876,0
                87.9070930301473,26.6043342908823,0
                87.9066455230375,26.6044048387755,0
                87.9053602389694,26.604945517976,0
                87.9038855453707,26.6053475178817,0
                87.9033736714353,26.6054545617029,0
                87.9030526477614,26.6055671702565,0
                87.9028612350741,26.6055638546241,0
                87.9025467188871,26.6053108707379,0
                87.9019151831771,26.6049583892439,0
                87.9009625620042,26.6047184541933,0
                87.9003257085097,26.6046525105442,0
                87.8997480909882,26.604856982669,0
                87.8994901207385,26.6050053396825,0
                87.8988481351656,26.605246306933,0
                87.8978902577445,26.6052929718114,0
                87.8975067430101,26.605363083736,0
                87.8969960584172,26.6053775729139,0
                87.8962277799561,26.6055200463042,0
                87.8957172194651,26.6055525967418,0
                87.8951404154803,26.6056983853581,0
                87.8947572139805,26.6057323754742,0
                87.8944377557506,26.6057276201232,0
                87.8940541163604,26.6057796706652,0
                87.892970257131,26.6057661511935,0
                87.8922695354899,26.6057187049275,0
                87.8920138183416,26.6057541343974,0
                87.8919276401861,26.605811065782,0
                87.8919022635814,26.6060211095415,0
                87.891767959608,26.6064213219984,0
                87.8915491045469,26.6067634135916,0
                87.8914371122124,26.6070484490372,0
                87.8914332329502,26.6072786171002,0
                87.8915750169038,26.6076816468253,0
                87.8919663258623,26.6083741575611,0
                87.892147164317,26.6089506734706,0
                87.8921432837974,26.6091807783456,0
                87.8920983498335,26.6092939554834,0
                87.8919679249636,26.6094662502038,0
                87.8918163794173,26.6095981110102,0
                87.8915589715296,26.6097283452969,0
                87.8910448458884,26.60995044135,0
                87.8901468302989,26.6102087770387,0
                87.8898879839087,26.6104156923019,0
                87.8895616420841,26.6108126518554,0
                87.8894928937857,26.6110996249733,0
                87.8896314878528,26.6116561427624,0
                87.8896697903582,26.6119040592674,0
                87.8897720217223,26.612135853735,0
                87.8900611604941,26.6125988816089,0
                87.8903960486361,26.6128878629813,0
                87.8907341268097,26.6130279193959,0
                87.8910728313556,26.6130889833899,0
                87.8913712940549,26.6130532416101,0
                87.8916496983371,26.6129431945511,0
                87.8919907172675,26.6128891431841,0
                87.8927564308287,26.6129001561922,0
                87.8929873354409,26.6130543972991,0
                87.8931108760339,26.6132860672019,0
                87.8932108556077,26.6136306640782,0
                87.8934841277465,26.6138275272126,0
                87.8940765482034,26.6139862750997,0
                87.8944131875648,26.6141827018446,0
                87.8945566624151,26.6144706165139,0
                87.8945544099979,26.6145857322884,0
                87.8942919966065,26.6149845048322,0
                87.893967844961,26.6152663493219,0
                87.8937939245222,26.6154953267357,0
                87.8937268663863,26.6156649977714,0
                87.8937642298504,26.6159535987105,0
                87.8938885848018,26.6161265242542,0
                87.8944967451771,26.6166123679045,0
                87.8949186234465,26.6167902354255,0
                87.8952589545805,26.6168129275102,0
                87.8956811467034,26.6169524236688,0
                87.8958513737861,26.6169738622636,0
                87.8960827781859,26.6171101053878,0
                87.8961644515036,26.6172832787977,0
                87.8962241883312,26.6175333841037,0
                87.8961929923415,26.6180503384394,0
                87.8961479320153,26.6182198226118,0
                87.896159480934,26.6187364662795,0
                87.8961973443087,26.6190047556964,0
                87.8962981371713,26.6192929829101,0
                87.8965088574153,26.6194315373187,0
                87.8970145991926,26.6196652769027,0
                87.897778184601,26.6197913430894,0
                87.8982013775992,26.6198924671641,0
                87.898348356743,26.6199885864053,0
                87.8985125140849,26.6203553083532,0
                87.898528568715,26.6206417838936,0
                87.898524719537,26.6206516380135,0
                87.8985249360451,26.6206555017159,0
                87.8984356928884,26.6208839804902,0
                87.8982611468909,26.6211107071518,0
                87.8980666057513,26.621281188818,0
                87.8976307722681,26.6218886281997,0
                87.8975203489552,26.6222412046179,0
                87.8974737854847,26.6225212888908,0
                87.897490653528,26.6227513318784,0
                87.8976536859863,26.6231361763155,0
                87.8982993619712,26.6227236617351,0
                87.8989691007311,26.6221575984444,0
                87.8995076654346,26.6217638295661,0
                87.9002172720646,26.6213328802403,0
                87.9015972434094,26.6202771224137,0
                87.9023119806532,26.6195415125955,0
                87.9026338803201,26.6193724700081,0
                87.9027635533076,26.619258857575,0
                87.9031990109958,26.6186897270407,0
                87.903631964751,26.618276271611,0
                87.9038259434598,26.618123912955,0
                87.9043633804832,26.6178249494955,0
                87.904619974669,26.6177329614179,0
                87.9050214816375,26.6178725823654,0
                87.905336812053,26.6180668838105,0
                87.905462605483,26.6181835010133,0
                87.9056482615432,26.6184913531596,0
                87.9057710519618,26.6187793932419,0
                87.9059992656254,26.6190690601487,0
                87.9061876745945,26.6192438604656,0
                87.9064364473892,26.6195920231353,0
                87.9067057776576,26.6199964301837,0
                87.9067667655541,26.6201697916836,0
                87.9067362579213,26.6206844963595,0
                87.9066448865303,26.6210280904919,0
                87.906681498342,26.6213730609012,0
                87.9064430241372,26.6216182851751,0
                87.90635547029,26.6217338991652,0
                87.9063546566407,26.6217903316804,0
                87.906437017085,26.6219634434898,0
                87.9067086640414,26.6221964908618,0
                87.9068310155889,26.6225048414304,0
                87.9068500100737,26.6226197694233,0
                87.906781450194,26.622904555805,0
                87.9067769458056,26.6231347234025,0
                87.9069188557021,26.6235376907874,0
                87.9070424586729,26.6237693613948,0
                87.9072289290533,26.6240208426473,0
                87.9073517191483,26.6243088831355,0
                87.9076435490335,26.6246184235465,0
                87.9082349666208,26.6248741630702,0
                87.9088027575701,26.6253285720241,0
                87.9088431271253,26.6253599448262,0
                87.9090504692226,26.6256248632853,0
                87.9097411150024,26.6262838196257,0
                87.9103712101551,26.6267514156169,0
                87.910687540642,26.6269073463651,0
                87.9110652965162,26.6272185134428,0
                87.9114029995512,26.6273765687576,0
                87.911506858473,26.6274932487438,0
                87.9118864921032,26.6277074249122,0
                87.9125800786215,26.6281948955147,0
                87.9130225787591,26.6284289457912,0
                87.9137176659493,26.6288599841005,0
                87.9139686904872,26.6290930937128,0
                87.9139896878576,26.6291267789389,0
                87.9141136666151,26.6293245143273,0
                87.9142560767745,26.6297072334837,0
                87.9142488805912,26.6301472581531,0
                87.9144231473811,26.6311434878777,0
                87.9144756866769,26.6318314291159,0
                87.9144422372996,26.6325198072593,0
                87.9143084332304,26.6328997715007,0
                87.9141766947978,26.6331465602533,0
                87.9140683931681,26.633259985515,0
                87.9139894654914,26.6332831072361,0
                87.9138122369145,26.6333339118768,0
                87.9133866668438,26.6333275920784,0
                87.9130229610087,26.6334563245351,0
                87.9129137215699,26.6336081842427,0
                87.9128464754186,26.633836538328,0
                87.9127577316361,26.6340447063018,0
                87.9131379922139,26.6341843881958,0
                87.9136851002704,26.634553179466,0
                87.9139891816544,26.634734044808,0
                87.9144432419083,26.6350041543861,0
                87.9156251387666,26.6355561289702,0
                87.9157953668568,26.635557257299,0
                87.9169055417002,26.6353064254126,0
                87.9171621981521,26.6352145006901,0
                87.918355610475,26.6350782846874,0
                87.9192091294389,26.6348989407245,0
                87.92049203587,26.6344957498008,0
                87.9220350393769,26.6338110882406,0
                87.9230659208783,26.6332132222912,0
                87.9237514638741,26.6329154476514,0
                87.9243499539514,26.6327152268931,0
                87.9247758997122,26.6326831123705,0
                87.9258810056711,26.6327368786284,0
                87.9261360351863,26.6327577562304,0
                87.9268170095236,26.6327488328506,0
                87.927496545874,26.6327962785868,0
                87.9280904671574,26.6328804080016,0
                87.9285163501619,26.6328482938786,0
                87.929026784,26.6328562400621,0
                87.9295383453061,26.6327874426231,0
                87.9301356450973,26.6326798390445,0
                87.9303922396771,26.6325879140505,0
                87.9309900400955,26.6324620612819,0
                87.9313332496193,26.6322950815911,0
                87.9318452490714,26.6321879759078,0
                87.9321876449657,26.6320773663931,0
                87.9332953168151,26.6319776461079,0
                87.9337225138483,26.631868788859,0
                87.9342336989134,26.6318180531957,0
                87.9351728333801,26.6316020262841,0
                87.9367913139248,26.6314920667973,0
                87.9371748912543,26.631419642942,0
                87.9373454322967,26.631402646821,0
              </coordinates>
            </LinearRing>
          </outerBoundaryIs>
        </Polygon>
      </Placemark>
      <Placemark id="KO_JHAPA_Kankai.3">
        <ExtendedData>
          <SchemaData schemaUrl="#KO_JHAPA_Kankai.schema">
            <SimpleData name="ogc_fid">6337</SimpleData>
            <SimpleData name="objectid_1">6338</SimpleData>
            <SimpleData name="dcode">4</SimpleData>
            <SimpleData name="district">JHAPA</SimpleData>
            <SimpleData name="das">0</SimpleData>
            <SimpleData name="gapa_napa">Kankai</SimpleData>
            <SimpleData name="type_gn">Nagarpalika</SimpleData>
            <SimpleData name="gn_code">13.000000000000000</SimpleData>
            <SimpleData name="new_ward_n">9</SimpleData>
            <SimpleData name="ddgnww">41309.000000000000000</SimpleData>
            <SimpleData name="center">Kalimuda</SimpleData>
            <SimpleData name="state_code">1</SimpleData>
            <SimpleData name="ddgn">4013</SimpleData>
            <SimpleData name="area_sqkm">3.222481475400000</SimpleData>
            <SimpleData name="shape_leng">9540.361489479999364</SimpleData>
            <SimpleData name="shape_area">3222481.475399999879301</SimpleData>
            <SimpleData name="Province">KO</SimpleData>
            <SimpleData name="Address">Kankai-9, JHAPA, KO</SimpleData>
          </SchemaData>
        </ExtendedData>
        <Polygon>
          <outerBoundaryIs>
            <LinearRing>
              <coordinates>
                87.9456754249776,26.6150899625905,0
                87.9453834076163,26.6147624860552,0
                87.9453223577328,26.6145891249367,0
                87.9452075767672,26.613843062245,0
                87.945220967611,26.6130983136188,0
                87.9452917177319,26.612696224788,0
                87.9454250834488,26.6123546320096,0
                87.9454972732125,26.6118960477117,0
                87.9455032176896,26.6115530775443,0
                87.9454443564784,26.6112668509607,0
                87.945447360872,26.6110931160921,0
                87.9453884993521,26.6108069525478,0
                87.9452251552936,26.6104018595363,0
                87.9448512776393,26.6098830840919,0
                87.9446658101099,26.6095368608075,0
                87.9442218712801,26.6093570552079,0
                87.9433716079903,26.6092904828773,0
                87.9430730835823,26.6093059760849,0
                87.9429439101478,26.6093993405219,0
                87.9427907375915,26.609626005495,0
                87.9425750117515,26.6097966742572,0
                87.9422326150129,26.609904971018,0
                87.9418924720009,26.6099004645009,0
                87.9417226202204,26.6098609652556,0
                87.9415538937473,26.6097830935314,0
                87.9413649841987,26.6096264160311,0
                87.9410963415346,26.6091656378745,0
                87.9410352911036,26.6089922767651,0
                87.9410374813409,26.6088772243705,0
                87.940772656612,26.6081862794634,0
                87.9405224456926,26.6078967991062,0
                87.9404605814062,26.6077798707895,0
                87.9401766361941,26.6069739354385,0
                87.9401503488135,26.6060580132441,0
                87.9403285861751,26.6056010565025,0
                87.9406327423397,26.6052605289398,0
                87.9407630422622,26.6050905462543,0
                87.9407644183033,26.6050318017192,0
                87.9407891075142,26.6048217575994,0
                87.9408155488252,26.6045372820901,0
                87.9409047301941,26.604308804012,0
                87.9409062942839,26.6041936887203,0
                87.9407265208991,26.6035405546282,0
                87.9405403013383,26.6032529510738,0
                87.9404792510828,26.6030795893124,0
                87.9404020835478,26.602619815187,0
                87.9404698308441,26.6023914612297,0
                87.9407313042196,26.6020512451319,0
                87.9409073520641,26.6017094037592,0
                87.9409103559389,26.6015378559262,0
                87.9407689458081,26.6011348256573,0
                87.940794887391,26.6008481628802,0
                87.9408840057729,26.6006196849314,0
                87.9409517524421,26.6003913309043,0
                87.9406992892205,26.6002147159252,0
                87.940509628373,26.6001167206399,0
                87.9401925461543,26.6000172860273,0
                87.9396829893813,26.5999349086732,0
                87.9390433207099,26.5999842046123,0
                87.9385313843938,26.6000733745554,0
                87.9379527662577,26.6002937825588,0
                87.9375003796006,26.6006126835613,0
                87.9373072779193,26.6007064219977,0
                87.9368587089337,26.6007951556173,0
                87.9362808414996,26.6009591933214,0
                87.9357032863603,26.6011615397484,0
                87.9355539310592,26.6011602876363,0
                87.9352977132801,26.6012138409492,0
                87.9349106325154,26.6014577498854,0
                87.934396005991,26.6016800329956,0
                87.9338203287756,26.6017288929693,0
                87.932926694843,26.6017167525307,0
                87.9322240346028,26.6017462364646,0
                87.9313282106849,26.6018490858379,0
                87.9305593690583,26.601989497278,0
                87.930110486218,26.6021187894515,0
                87.9292133475836,26.6022961321331,0
                87.9286351047693,26.6024984792584,0
                87.928186536046,26.6025894002131,0
                87.9273744480327,26.6028068035704,0
                87.9273118304759,26.6028298009662,0
                87.9273670026634,26.6032085188714,0
                87.9275467137393,26.6038617159078,0
                87.9277831580768,26.6049364405644,0
                87.9278653317884,26.6050893033971,0
                87.9279651224715,26.605474584226,0
                87.9281437067288,26.6062225860519,0
                87.9283495460397,26.6066070564833,0
                87.9284078445007,26.6069158437408,0
                87.9284235222819,26.6072203172736,0
                87.9286443512883,26.6079906304978,0
                87.9286813391453,26.6082949797992,0
                87.9290595690966,26.6097546731143,0
                87.9291819210757,26.6100630241677,0
                87.9286873526923,26.6103618638208,0
                87.9281089852627,26.610546149473,0
                87.9278514531451,26.6106764456033,0
                87.9274659371604,26.6108053028083,0
                87.9260596796672,26.610900205532,0
                87.924842643578,26.6111134765129,0
                87.9244575035373,26.6112220221044,0
                87.9237536544877,26.6113258754754,0
                87.9229834985498,26.611545216318,0
                87.9225326766812,26.6117489407189,0
                87.9227865790026,26.6118691849533,0
                87.9236284588495,26.6123782192421,0
                87.9258142652726,26.6139366881471,0
                87.9266146501982,26.6144255991358,0
                87.926887047159,26.6146585211865,0
                87.9272208706632,26.615044493841,0
                87.9274072141874,26.6153524085267,0
                87.9276910957444,26.6161583440747,0
                87.9278354476522,26.6163898275381,0
                87.9279560475059,26.6167929197326,0
                87.9281215819379,26.6170829601781,0
                87.9281825692524,26.6172540087547,0
                87.9287052403243,26.6177785988772,0
                87.9289154592603,26.6179329645184,0
                87.9296445315901,26.6188420243768,0
                87.9298329402697,26.6190145755618,0
                87.9300817112969,26.6194191080497,0
                87.9301625710426,26.6196509641386,0
                87.9302199306504,26.619995811015,0
                87.9302352956824,26.620338781312,0
                87.930185854874,26.6207406831319,0
                87.9299580517571,26.6215973549193,0
                87.9299550478641,26.6217688396683,0
                87.9300360321832,26.6220007589275,0
                87.9301817591518,26.6221735589958,0
                87.930705868674,26.6226394662961,0
                87.930937897675,26.6227755837351,0
                87.9311263693467,26.622950322821,0
                87.9315889279383,26.6232609294719,0
                87.9319266307812,26.6234189217549,0
                87.9321808453943,26.6234984823329,0
                87.9329441187723,26.6236627326518,0
                87.9335361604573,26.6239183464816,0
                87.9341459476659,26.6243453214264,0
                87.9344602127854,26.6246365519487,0
                87.9345010177304,26.6247131089589,0
                87.9349424532724,26.6250440886034,0
                87.9349851326617,26.6251318316654,0
                87.935045185062,26.6252555101316,0
                87.9351467334257,26.6253112569853,0
                87.9357076019432,26.6251315957075,0
                87.9365613082359,26.6249883115095,0
                87.9375017542632,26.6247903459398,0
                87.9380120628931,26.6247959801776,0
                87.9383537078513,26.6247441167242,0
                87.9384186996825,26.6247075580896,0
                87.9385530038409,26.6243253433333,0
                87.9388599771587,26.6237952700513,0
                87.9393811730169,26.6232097052774,0
                87.9392039020207,26.6224053339181,0
                87.9387344274729,26.6212508627301,0
                87.9386748152016,26.6210211316025,0
                87.938428734699,26.6204834235091,0
                87.9377001292485,26.6183333452989,0
                87.9376254655146,26.6177200838863,0
                87.937565853233,26.6174903527958,0
                87.9373198349305,26.6169527074484,0
                87.9373210869202,26.6168759634186,0
                87.9371378711016,26.6164145624956,0
                87.9368906013429,26.6159536600419,0
                87.9369340346244,26.615896978532,0
                87.9370197117738,26.6158602956032,0
                87.9376610703448,26.6156958843482,0
                87.9381727551569,26.6156450860605,0
                87.9391988155426,26.6154104382794,0
                87.9407361236363,26.6151430532299,0
                87.9413364270566,26.6148817738413,0
                87.9415522158739,26.6147134181256,0
                87.9416613930851,26.6145614955208,0
                87.9417323301762,26.6141797170061,0
                87.9417344584174,26.6140466041186,0
                87.9437031901004,26.6146653377789,0
                87.9440217099816,26.6147060894942,0
                87.9444665247417,26.6148452734955,0
                87.9451662437775,26.6149895869886,0
                87.9456754249776,26.6150899625905,0
              </coordinates>
            </LinearRing>
          </outerBoundaryIs>
        </Polygon>
      </Placemark>
      <Placemark id="KO_JHAPA_Kankai.4">
        <ExtendedData>
          <SchemaData schemaUrl="#KO_JHAPA_Kankai.schema">
            <SimpleData name="ogc_fid">6338</SimpleData>
            <SimpleData name="objectid_1">6339</SimpleData>
            <SimpleData name="dcode">4</SimpleData>
            <SimpleData name="district">JHAPA</SimpleData>
            <SimpleData name="das">0</SimpleData>
            <SimpleData name="gapa_napa">Kankai</SimpleData>
            <SimpleData name="type_gn">Nagarpalika</SimpleData>
            <SimpleData name="gn_code">13.000000000000000</SimpleData>
            <SimpleData name="new_ward_n">8</SimpleData>
            <SimpleData name="ddgnww">41308.000000000000000</SimpleData>
            <SimpleData name="center">Kalimuda</SimpleData>
            <SimpleData name="state_code">1</SimpleData>
            <SimpleData name="ddgn">4013</SimpleData>
            <SimpleData name="area_sqkm">5.794951733410000</SimpleData>
            <SimpleData name="shape_leng">13237.860381500000585</SimpleData>
            <SimpleData name="shape_area">5794951.733409999869764</SimpleData>
            <SimpleData name="Province">KO</SimpleData>
            <SimpleData name="Address">Kankai-8, JHAPA, KO</SimpleData>
          </SchemaData>
        </ExtendedData>
        <Polygon>
          <outerBoundaryIs>
            <LinearRing>
              <coordinates>
                87.9394020392811,26.6529266394625,0
                87.9397248152184,26.6527011026477,0
                87.9401067026736,26.6527256700538,0
                87.9404873392101,26.6528269809948,0
                87.9407422434729,26.6528297983183,0
                87.941191313621,26.6527026920515,0
                87.9415118373934,26.6525922701599,0
                87.9419627859852,26.6523118034429,0
                87.9421550747488,26.6522563119455,0
                87.9426057093136,26.6520141533667,0
                87.9432481956635,26.6517368770545,0
                87.9433773689134,26.6516435123082,0
                87.9442113298577,26.6513671770233,0
                87.9443400020429,26.6512918732082,0
                87.9448523151634,26.6511463333645,0
                87.9451715872711,26.6511125923038,0
                87.9454283676785,26.6510386658676,0
                87.945534792226,26.6510018588451,0
                87.9456217838696,26.6508884948337,0
                87.9456475358214,26.6506603903023,0
                87.9456077954241,26.6504869049748,0
                87.9453448461454,26.6497395267589,0
                87.9453958519624,26.6492247598722,0
                87.9454857847618,26.6489375984314,0
                87.9455123499154,26.6486531241573,0
                87.9453695015174,26.6483065887355,0
                87.9449761286675,26.6477292556567,0
                87.9449158921368,26.6474995246087,0
                87.9449475889348,26.6469261998698,0
                87.9450183387306,26.6465262979626,0
                87.9450340453435,26.6456078776928,0
                87.9449581923631,26.6450916708919,0
                87.9448963286039,26.6449769921355,0
                87.9448779600909,26.6448033819334,0
                87.9447365501733,26.6444004138809,0
                87.94472118484,26.6440575055242,0
                87.9447279433146,26.6436558531851,0
                87.9447735663328,26.6434840565527,0
                87.9448038242599,26.642969351541,0
                87.9448930680305,26.6427408725457,0
                87.9450132589608,26.6419413194761,0
                87.9449978317656,26.6415961612673,0
                87.9452255719344,26.6407394895627,0
                87.9453120626886,26.6406463737695,0
                87.9453972404276,26.6406278146854,0
                87.9458439336776,26.6405954510412,0
                87.9467993082604,26.6406658377165,0
                87.9478193014652,26.6406590453793,0
                87.9480110907055,26.6406239267297,0
                87.948265932333,26.6406267443522,0
                87.949795608557,26.6406864551287,0
                87.9508138498663,26.6407767165511,0
                87.9518974603409,26.6407897358483,0
                87.9524285782947,26.6407974953446,0
                87.9524940388493,26.6394612373371,0
                87.9524557371318,26.6392313187067,0
                87.952460743444,26.6389244071722,0
                87.9525498623516,26.6386981789368,0
                87.9526790355422,26.6386025648784,0
                87.9530635506013,26.6384939563138,0
                87.9531496656397,26.6384369629481,0
                87.9536052444706,26.6378900813381,0
                87.9537982848522,26.6377782194221,0
                87.9539465774259,26.6377997825109,0
                87.9542620947234,26.6379939596007,0
                87.9543469588837,26.6380137095875,0
                87.9545801772225,26.6380550228941,0
                87.9551634910618,26.6374712092845,0
                87.9555298246444,26.6372092384295,0
                87.9556453760742,26.6370709405683,0
                87.9557032448662,26.6370005095557,0
                87.9558571065482,26.636717411863,0
                87.9559016672315,26.636563675995,0
                87.955907298416,26.6362590154314,0
                87.9558275658008,26.6359527276829,0
                87.9556463456449,26.6356741237793,0
                87.955599915256,26.6356045038814,0
                87.9552679683694,26.6351622226375,0
                87.9550418834063,26.6346988835546,0
                87.9548761607513,26.6344675882873,0
                87.9544579113132,26.6340619902538,0
                87.9542268201423,26.6339056246804,0
                87.9535082307512,26.6336870046445,0
                87.9528720015953,26.6336393721842,0
                87.9524909275148,26.6335584340397,0
                87.9521084768995,26.6335339287452,0
                87.951791771083,26.6334142462092,0
                87.95147631615,26.6332200063197,0
                87.9511622376482,26.6329671477108,0
                87.9508070419322,26.6325994853682,0
                87.9505973848836,26.6324451820915,0
                87.9503447328346,26.6323272497908,0
                87.9500297162478,26.6321127622912,0
                87.9497786293683,26.6318797783813,0
                87.9495301694846,26.6315136174789,0
                87.949284026257,26.6309737219405,0
                87.9492237896834,26.6307439906314,0
                87.9494942758664,26.6298305748928,0
                87.9496255147669,26.6296040963699,0
                87.9497554390142,26.629452050031,0
                87.9499060457094,26.6293788084813,0
                87.9500121569412,26.6293803736181,0
                87.9504393543865,26.6292714534378,0
                87.9507799982192,26.6292556483574,0
                87.9510356541394,26.629202033029,0
                87.9511218943131,26.6291450396787,0
                87.9516346439743,26.6289994365988,0
                87.951937361596,26.6287176539711,0
                87.9520267937759,26.6284508038449,0
                87.9520305488248,26.6282228859648,0
                87.9519501917111,26.6279142864166,0
                87.9517668508226,26.6274529480328,0
                87.9515188306021,26.626992045231,0
                87.9508493699967,26.626333152289,0
                87.9504924850801,26.6260602318788,0
                87.9499933782262,26.6253662818305,0
                87.9497389737073,26.6253409041541,0
                87.9497357874231,26.6253296555726,0
                87.9496131895481,26.6248498822071,0
                87.9494715930069,26.6244266036692,0
                87.94948191678,26.623853465382,0
                87.9495497263284,26.6236250493701,0
                87.9495769806096,26.6232818915015,0
                87.9496439759643,26.623112220262,0
                87.9496507346437,26.6227104424045,0
                87.9495108898789,26.6221924847235,0
                87.9492856808944,26.6216727748813,0
                87.9492967564254,26.6210431422393,0
                87.9494412604292,26.6200696664361,0
                87.9497257341204,26.6196345220111,0
                87.9501363765191,26.6192752478727,0
                87.9502689291571,26.618990087632,0
                87.9502306263757,26.6187601698459,0
                87.9499806662425,26.6184323806365,0
                87.9495384177782,26.6181600832438,0
                87.9486907191182,26.61795814741,0
                87.9484370044343,26.6178582761608,0
                87.9479278221521,26.6177579000721,0
                87.9476957304121,26.6176195326542,0
                87.9473183497901,26.6172903665722,0
                87.9472565477936,26.6171756876527,0
                87.9471556294926,26.6168874610929,0
                87.9470983344112,26.6164863067493,0
                87.9468949356881,26.6159483491379,0
                87.9466241035514,26.615600374341,0
                87.9463931368723,26.6154440081231,0
                87.9458859582952,26.6152082070587,0
                87.9456754249776,26.6150899625905,0
                87.9451662437775,26.6149895869886,0
                87.9444665247417,26.6148452734955,0
                87.9440217099816,26.6147060894942,0
                87.9437031901004,26.6146653377789,0
                87.9417344584174,26.6140466041186,0
                87.9417323301762,26.6141797170061,0
                87.9416613930851,26.6145614955208,0
                87.9415522158739,26.6147134181256,0
                87.9413364270566,26.6148817738413,0
                87.9407361236363,26.6151430532299,0
                87.9391988155426,26.6154104382794,0
                87.9381727551569,26.6156450860605,0
                87.9376610703448,26.6156958843482,0
                87.9370197117738,26.6158602956032,0
                87.9369340346244,26.615896978532,0
                87.9368906013429,26.6159536600419,0
                87.9371378711016,26.6164145624956,0
                87.9373210869202,26.6168759634186,0
                87.9373198349305,26.6169527074484,0
                87.937565853233,26.6174903527958,0
                87.9376254655146,26.6177200838863,0
                87.9377001292485,26.6183333452989,0
                87.938428734699,26.6204834235091,0
                87.9386748152016,26.6210211316025,0
                87.9387344274729,26.6212508627301,0
                87.9392039020207,26.6224053339181,0
                87.9393811730169,26.6232097052774,0
                87.9388599771587,26.6237952700513,0
                87.9385530038409,26.6243253433333,0
                87.9384186996825,26.6247075580896,0
                87.9383537078513,26.6247441167242,0
                87.9380120628931,26.6247959801776,0
                87.9375017542632,26.6247903459398,0
                87.9365613082359,26.6249883115095,0
                87.9357076019432,26.6251315957075,0
                87.9351467334257,26.6253112569853,0
                87.9351286725091,26.625329442111,0
                87.9349343804647,26.625522485096,0
                87.9345874165194,26.6259196317077,0
                87.9344343678226,26.6261643575917,0
                87.9342582571307,26.6265062616236,0
                87.9341934517759,26.626563068756,0
                87.9341270191077,26.6267350518178,0
                87.9341248289737,26.6268477925611,0
                87.934414843756,26.627310758252,0
                87.9346457461346,26.6275258687437,0
                87.9349580717497,26.6278916556673,0
                87.9361111496042,26.6289016523057,0
                87.9363824822898,26.6292315662409,0
                87.9366961852561,26.6295206099725,0
                87.9369662027144,26.6299272051496,0
                87.9372753993486,26.6305050360515,0
                87.9373341977392,26.6307912619375,0
                87.9373454322967,26.631402646821,0
                87.9372994957305,26.6316128158626,0
                87.9372476765782,26.6321863280369,0
                87.9371547408109,26.6326427237901,0
                87.9369991888577,26.6330431236319,0
                87.9369290010093,26.6334429628965,0
                87.9369221796194,26.6338446155177,0
                87.936782118372,26.6345879242461,0
                87.9366837371768,26.6353896030818,0
                87.9365465538544,26.6359591761422,0
                87.9363679403926,26.6364545054136,0
                87.9361749004255,26.63656630415,0
                87.9357225136891,26.6369032668969,0
                87.9354846014912,26.6371304298184,0
                87.9350127810328,26.6373907737981,0
                87.9346243233063,26.6377114885517,0
                87.9341106356591,26.6379134615824,0
                87.9336590623843,26.6381939285314,0
                87.9332745464245,26.6383047868649,0
                87.9331459365983,26.6383778402497,0
                87.933058444749,26.6385115148285,0
                87.9330363208538,26.6385680725014,0
                87.9332222265404,26.6388962970197,0
                87.9333893889635,26.6390689734527,0
                87.9337220849211,26.6395338767301,0
                87.9340930211529,26.640226386332,0
                87.9341128284747,26.6403413143288,0
                87.9341298827253,26.6405894179852,0
                87.9341204338203,26.6411242468934,0
                87.9340708050263,26.6415826434298,0
                87.9339339353874,26.6421160954819,0
                87.9337788209017,26.6424961845287,0
                87.9335162200809,26.6429311413846,0
                87.933300555814,26.6431198093656,0
                87.9331286381492,26.643213484729,0
                87.9326763137199,26.6435503224509,0
                87.9320760714989,26.643847660118,0
                87.9313055400603,26.6441257471137,0
                87.9310705693465,26.6441791755667,0
                87.9310271361487,26.6442358571782,0
                87.9310119914292,26.6451520901956,0
                87.9309177406274,26.6456874800591,0
                87.9307186313664,26.6461423120209,0
                87.9305439595907,26.6464277834897,0
                87.9304974605916,26.6466559502642,0
                87.9305325703772,26.6471137245715,0
                87.9306932243195,26.6476519931586,0
                87.9306894693707,26.6478822229962,0
                87.9306448464079,26.6480336472753,0
                87.9307484543212,26.6481886976134,0
                87.9313131184397,26.6487694080752,0
                87.9316461277796,26.6491936902585,0
                87.9318550326784,26.6494066763619,0
                87.9322052856434,26.6500226295255,0
                87.9323515760971,26.6501773692342,0
                87.9326388996926,26.6507734479761,0
                87.9328873597673,26.6511396084574,0
                87.9330932609584,26.6515240790206,0
                87.9332746628032,26.6520621610015,0
                87.933356898339,26.6522150871005,0
                87.9337290244702,26.6528128549489,0
                87.9342268811031,26.653506803892,0
                87.9343709186215,26.6537767213337,0
                87.934498089198,26.6538164078052,0
                87.9357323068378,26.6537383747085,0
                87.9366026938545,26.6537687013107,0
                87.9372431142289,26.653624600314,0
                87.9378187288648,26.6535373063481,0
                87.9387161195756,26.6532605978899,0
                87.9394020392811,26.6529266394625,0
              </coordinates>
            </LinearRing>
          </outerBoundaryIs>
        </Polygon>
      </Placemark>
      <Placemark id="KO_JHAPA_Kankai.5">
        <ExtendedData>
          <SchemaData schemaUrl="#KO_JHAPA_Kankai.schema">
            <SimpleData name="ogc_fid">6391</SimpleData>
            <SimpleData name="objectid_1">6392</SimpleData>
            <SimpleData name="dcode">4</SimpleData>
            <SimpleData name="district">JHAPA</SimpleData>
            <SimpleData name="das">0</SimpleData>
            <SimpleData name="gapa_napa">Kankai</SimpleData>
            <SimpleData name="type_gn">Nagarpalika</SimpleData>
            <SimpleData name="gn_code">13.000000000000000</SimpleData>
            <SimpleData name="new_ward_n">4</SimpleData>
            <SimpleData name="ddgnww">41304.000000000000000</SimpleData>
            <SimpleData name="center">Kalimuda</SimpleData>
            <SimpleData name="state_code">1</SimpleData>
            <SimpleData name="ddgn">4013</SimpleData>
            <SimpleData name="area_sqkm">11.216901982600000</SimpleData>
            <SimpleData name="shape_leng">21137.765914799998427</SimpleData>
            <SimpleData name="shape_area">11216901.982600001618266</SimpleData>
            <SimpleData name="Province">KO</SimpleData>
            <SimpleData name="Address">Kankai-4, JHAPA, KO</SimpleData>
          </SchemaData>
        </ExtendedData>
        <Polygon>
          <outerBoundaryIs>
            <LinearRing>
              <coordinates>
                87.8887258568805,26.6599090813574,0
                87.8887131827598,26.6594126861689,0
                87.8886156442181,26.6588943538516,0
                87.8885667967449,26.6580146166492,0
                87.8885301844445,26.6576696462139,0
                87.8885739593218,26.6563515728705,0
                87.8885351566132,26.656121655236,0
                87.8885815604771,26.6546524703433,0
                87.8885402540497,26.6545940365495,0
                87.8883709653342,26.6545341642707,0
                87.8878609687576,26.6545080317624,0
                87.8876898029483,26.6545429632001,0
                87.8873495350492,26.6545382690996,0
                87.887007451482,26.6546306927721,0
                87.8867520466194,26.6546458110742,0
                87.8861576247647,26.654581805966,0
                87.8853102395894,26.6543591842646,0
                87.884715379531,26.6543133019523,0
                87.8840804038275,26.6541141191902,0
                87.8823833788018,26.6538606718336,0
                87.881218286815,26.6535588013092,0
                87.8809629447227,26.6535739199037,0
                87.8803623904956,26.6538528845843,0
                87.8796786627301,26.6540173575971,0
                87.8792753401648,26.653972478829,0
                87.8791710441112,26.6538761103349,0
                87.8791531054406,26.6537059305346,0
                87.8791527374098,26.6537024377732,0
                87.8792192328641,26.6535328283163,0
                87.8793947173436,26.6532474185031,0
                87.879697497725,26.6529454505186,0
                87.8798934154687,26.6527005375011,0
                87.8801353946711,26.6522454569644,0
                87.8803362568444,26.6516733229806,0
                87.8804661885302,26.6514504344044,0
                87.8804682449179,26.6514469069131,0
                87.880538577608,26.6509939659877,0
                87.8805394340229,26.6509884476738,0
                87.8806718145581,26.6505983050581,0
                87.8807182881809,26.650317289446,0
                87.8807208216004,26.6503102533039,0
                87.8807219265769,26.6503035735079,0
                87.8812357683788,26.6488765814291,0
                87.8815921186969,26.6479446688629,0
                87.8818114121989,26.6475665180859,0
                87.8819015317804,26.6472816694846,0
                87.8821213258826,26.646883144929,0
                87.8822099440206,26.6466546662624,0
                87.8824511101432,26.6462560805676,0
                87.8825190445506,26.6460277267144,0
                87.8827396515927,26.6455728323058,0
                87.8831114925738,26.6449454557918,0
                87.8833099144241,26.6445471189262,0
                87.8834862120273,26.6442052770816,0
                87.8836846326986,26.6438070030072,0
                87.8840561607859,26.6432201852147,0
                87.8842736394531,26.6429367764037,0
                87.8843380068641,26.6428980311002,0
                87.8845938496505,26.6428626016194,0
                87.885104283463,26.6428706725873,0
                87.8857438910286,26.6427832551527,0
                87.8859353661777,26.6427865709975,0
                87.8861912709907,26.642751078393,0
                87.8867255810665,26.642605601424,0
                87.8868543155486,26.6425302982057,0
                87.887265584745,26.6421351523771,0
                87.8877880955147,26.6414346600222,0
                87.8878290480007,26.6413301175347,0
                87.8878908500134,26.6401886126541,0
                87.8877963784014,26.6394987327215,0
                87.8879582496032,26.6387553628177,0
                87.8879865056593,26.638355772519,0
                87.8880796290201,26.6378971270346,0
                87.8880823387709,26.6378879740269,0
                87.888083265281,26.6378834101549,0
                87.8882151166212,26.6374380118596,0
                87.8882184464091,26.6374267641665,0
                87.8882671767102,26.6370343399056,0
                87.8882680740726,26.6370271123221,0
                87.8883568796949,26.6368166944786,0
                87.888421247443,26.6367801993517,0
                87.8887384542549,26.6368797589846,0
                87.8894341063435,26.637234179039,0
                87.8902551764525,26.6377209027231,0
                87.8908247838394,26.6379971389102,0
                87.8913725246271,26.6382141395464,0
                87.8913743953444,26.6382148805942,0
                87.8914234609096,26.6378129165572,0
                87.8915404595901,26.6372029088822,0
                87.8915443396634,26.6369749911148,0
                87.8914447359662,26.6365920224414,0
                87.8906069878488,26.6358143235575,0
                87.8905225618063,26.6357764502511,0
                87.8900618187587,26.635368664219,0
                87.8894157314522,26.6346144673563,0
                87.8893116858763,26.6344797895491,0
                87.8891066606709,26.6340184509743,0
                87.8890031148824,26.6338634625735,0
                87.8888155825286,26.6336322288742,0
                87.8882503548351,26.6331077636764,0
                87.8876487021702,26.6322586375883,0
                87.8872761403133,26.6316426214556,0
                87.8870729912385,26.631104601908,0
                87.8866165036144,26.6304305261283,0
                87.8863907305023,26.6299693748462,0
                87.8862028214728,26.6297741999424,0
                87.8859738585624,26.6294665348456,0
                87.8856427266892,26.628927013365,0
                87.8853512724041,26.62857909964,0
                87.885040198492,26.6281161966592,0
                87.8841625196444,26.6272055713223,0
                87.8838501946152,26.6268194114054,0
                87.8835996705386,26.6265682408706,0
                87.8833707067511,26.6262582637404,0
                87.8825872050745,26.6253289540878,0
                87.8825573967746,26.6252930190828,0
                87.8823503045333,26.625050536013,0
                87.8822032005604,26.6249341684886,0
                87.8817187065003,26.6246979918902,0
                87.8810439264418,26.6243637583035,0
                87.8805371835293,26.6241660158867,0
                87.880111237944,26.6242002551714,0
                87.8783991948854,26.6247907343864,0
                87.8774603122364,26.6249703260403,0
                87.8770961062789,26.6250989330336,0
                87.8769716893735,26.6249259454625,0
                87.876706174224,26.6243476778031,0
                87.8760655931629,26.62330688133,0
                87.8756079786735,26.622727547591,0
                87.8752975298198,26.6222645815492,0
                87.875029824714,26.6218014292506,0
                87.8747246940601,26.6210496133466,0
                87.8747277601656,26.6208781284987,0
                87.8748895053289,26.6201911285228,0
                87.874898684478,26.6196789343283,0
                87.874898766707,26.6196743601846,0
                87.875077253868,26.6192152163437,0
                87.8752748610552,26.6188733114505,0
                87.875362355384,26.6185986062674,0
                87.875365606017,26.6185884002764,0
                87.8753899190301,26.6183661242602,0
                87.8753907956294,26.6183581085355,0
                87.8754978982441,26.6181367666773,0
                87.8755014117693,26.6181295055968,0
                87.8755067926119,26.617842904789,0
                87.875575478138,26.6175558686419,0
                87.8755831113287,26.6171542157289,0
                87.8755129516969,26.6163490966185,0
                87.8753956676182,26.615772207417,0
                87.8754456512181,26.6153718987221,0
                87.8754458580442,26.6153702426168,0
                87.8755565614017,26.6149806375142,0
                87.8755595398482,26.6149701541085,0
                87.8756263419305,26.6146403718405,0
                87.8756291019996,26.6146267476047,0
                87.8750749841792,26.6147136052615,0
                87.8743720107661,26.6147811479402,0
                87.8735393008037,26.6149622423738,0
                87.8728358892179,26.6150658447143,0
                87.8723255807405,26.6150554613873,0
                87.8718418948796,26.614995144906,0
                87.8712467844788,26.6149785730483,0
                87.8705623075666,26.6150910499185,0
                87.8697119176598,26.61508497247,0
                87.8695018214183,26.6150208488445,0
                87.8693987746239,26.614922168233,0
                87.8692245572242,26.6144606421091,0
                87.868922919975,26.6139954266598,0
                87.8688513120115,26.6136506425181,0
                87.8687128989532,26.6133603527928,0
                87.8685794257294,26.612957260012,0
                87.8684018955408,26.612570227138,0
                87.8683192824048,26.6125121057812,0
                87.8682350434485,26.6124900433591,0
                87.8679780757045,26.6125389718393,0
                87.8672977885454,26.6125386467623,0
                87.8669550188326,26.6126038842895,0
                87.8660177636321,26.612652488341,0
                87.8654195887001,26.6127282827945,0
                87.8649946444,26.6127150880717,0
                87.8646560010121,26.6126675239283,0
                87.8639909090039,26.6122676706073,0
                87.8632346996222,26.612014990736,0
                87.8625569144381,26.6119379223774,0
                87.8621351582965,26.6118501721511,0
                87.8612041567985,26.6117272277521,0
                87.8609513785087,26.6116610414077,0
                87.8592584143742,26.6114388404892,0
                87.8577392423384,26.6111275893612,0
                87.8573158613183,26.6110760230431,0
                87.8566402635141,26.6109424593597,0
                87.8571532984312,26.6120043780059,0
                87.8572240303447,26.6123875958914,0
                87.8571505198306,26.6132228972005,0
                87.8570698324418,26.6136769185842,0
                87.8570000255566,26.6138262801689,0
                87.8569703363509,26.6140543843703,0
                87.8568262194726,26.6145065301329,0
                87.8566872302546,26.6148075014485,0
                87.8566674077765,26.6153401430316,0
                87.8566441342359,26.6165181026132,0
                87.8565467498348,26.6174280849796,0
                87.8565039298611,26.6179992227639,0
                87.8565001029732,26.6186649147308,0
                87.8565370314839,26.6188180896728,0
                87.85657219745,26.6195805874476,0
                87.8566428662509,26.6199637428926,0
                87.8566555831818,26.6213333746646,0
                87.8567085699667,26.6216218506928,0
                87.8568749830368,26.6217224079881,0
                87.8570595805031,26.6218972712925,0
                87.8572004943952,26.6221108174449,0
                87.8575083856597,26.6224067978611,0
                87.8578605214646,26.622664219527,0
                87.8579608178385,26.6228192711273,0
                87.8579977463283,26.6229724453722,0
                87.8582401447829,26.6233230451684,0
                87.8587757525293,26.6237778279384,0
                87.8594481473661,26.6245590237684,0
                87.8596313056511,26.6247925686872,0
                87.8598105878703,26.6251029835519,0
                87.8599165696551,26.6253279030105,0
                87.860415230694,26.6263831966574,0
                87.8612388366893,26.6279915726057,0
                87.86155452484,26.6289102496894,0
                87.8618077296278,26.6294457705201,0
                87.8619130225777,26.6296753153899,0
                87.8626109096811,26.6306706799466,0
                87.8630128439182,26.6312842587899,0
                87.8632035008208,26.6315132433208,0
                87.8635628175831,26.6320503908904,0
                87.863859204157,26.632567477,0
                87.8641977126805,26.6330077574192,0
                87.8647692492106,26.6336383390887,0
                87.8650863843953,26.6341554871484,0
                87.8653194105131,26.6344248434081,0
                87.8658485122163,26.6351706636921,0
                87.8661658333749,26.6357080607256,0
                87.8664620372783,26.6360334130903,0
                87.8669913263822,26.6367996070358,0
                87.8674551813166,26.6377941547975,0
                87.8676237110436,26.6382534308665,0
                87.8678121047865,26.6390938619563,0
                87.8681073626543,26.6397826207435,0
                87.868340011666,26.6401647795077,0
                87.868424557834,26.6403944482737,0
                87.869544427175,26.6424612907879,0
                87.8697115759756,26.6432274152024,0
                87.8697725483384,26.6440687187298,0
                87.8697260938868,26.6450618197353,0
                87.8696825294238,26.6453667300357,0
                87.8697016378565,26.6459803646463,0
                87.8696367643822,26.6462853997279,0
                87.8696123723646,26.6471249512581,0
                87.8695254340375,26.6476602162614,0
                87.8695871615621,26.6482713522089,0
                87.869581945135,26.6495711141782,0
                87.8696437352824,26.6501844998966,0
                87.8695574868047,26.6505663402875,0
                87.8694476033391,26.6515598777268,0
                87.869508706276,26.6521709510941,0
                87.869507884739,26.6525522932334,0
                87.8696331059588,26.6530885615459,0
                87.8696932591926,26.6542345256933,0
                87.8697764239422,26.6547710434189,0
                87.8699443253226,26.6553837443616,0
                87.8700709906019,26.6556131013613,0
                87.8701969030249,26.655995945773,0
                87.8702381392735,26.6563770384473,0
                87.8703639214462,26.656990050586,0
                87.870573373793,26.6578687288253,0
                87.8707847099873,26.6583277551792,0
                87.8709526137662,26.6588637744514,0
                87.8710794664877,26.6591134424447,0
                87.8712066347451,26.659245808844,0
                87.8717793012739,26.6596687826217,0
                87.8721614962633,26.6598988328847,0
                87.8722376086324,26.659995388821,0
                87.8723274097952,26.6599970775136,0
                87.8726193720675,26.6599998329723,0
                87.8732084132606,26.6603504388566,0
                87.8736511000595,26.6606049875575,0
                87.8742211454846,26.6608429151475,0
                87.8745370378253,26.661019218059,0
                87.8749788489785,26.6613301999757,0
                87.8758170359037,26.6620673393355,0
                87.8760480028589,26.6622238928023,0
                87.8761733583614,26.6623585082797,0
                87.8766080985374,26.6630530816913,0
                87.8766877056844,26.6633593688747,0
                87.8770176485525,26.6639756970129,0
                87.8772414805202,26.6645902725641,0
                87.8773611424774,26.6650498600188,0
                87.8773481261988,26.665814856712,0
                87.8772989982774,26.6661965096663,0
                87.8771177576946,26.6668046411489,0
                87.8770978808233,26.6669897504326,0
                87.8770931299035,26.6670349338038,0
                87.8771048042931,26.6675718878328,0
                87.8771383499051,26.668106466573,0
                87.8772179569411,26.668415129019,0
                87.8775854503107,26.6693379315718,0
                87.8778142894976,26.6696276604017,0
                87.8780655012166,26.6698810810553,0
                87.8784393779211,26.6704022302668,0
                87.8785233028651,26.6704604148347,0
                87.878564733313,26.6705368461873,0
                87.8794212272677,26.6714476581421,0
                87.8797355545207,26.671739076235,0
                87.8797769843213,26.6718177579174,0
                87.8800280088765,26.6720508674163,0
                87.8807222833814,26.6725182153151,0
                87.8808481394197,26.6726347701045,0
                87.8810379254681,26.6727328278206,0
                87.881541476093,26.6731426764505,0
                87.8824878383694,26.6738046999209,0
                87.883178608395,26.6744660308085,0
                87.8835730444945,26.6750457378164,0
                87.8837723131195,26.6758139255316,0
                87.8837684327558,26.6760419059859,0
                87.8836778751867,26.6763470652229,0
                87.8835678211264,26.6765756055305,0
                87.8834546398653,26.6769576958537,0
                87.8833019038261,26.6771842984428,0
                87.882969302389,26.6780234688562,0
                87.882598897275,26.6786891544864,0
                87.8821587419889,26.679754679547,0
                87.8819620709007,26.6801372670594,0
                87.8822611600812,26.6800067841027,0
                87.8823249032475,26.6799679767414,0
                87.8826913637153,26.6796092022271,0
                87.8830555723913,26.6793655420915,0
                87.8835070856904,26.6789678353209,0
                87.8839601627359,26.6785136953617,0
                87.8844784817754,26.6780614946749,0
                87.885281586513,26.6771539004123,0
                87.8858255331545,26.6764532838256,0
                87.88595526859,26.6763396086659,0
                87.8861479956674,26.6762459328549,0
                87.8864044638169,26.6761924420362,0
                87.8869153988004,26.676180265145,0
                87.8870890060328,26.6759715369706,0
                87.887290555556,26.6754016525283,0
                87.8875500901782,26.6751743638809,0
                87.8876600185703,26.6749458237407,0
                87.887729580032,26.6746024173531,0
                87.887670844569,26.6743161905246,0
                87.8874687607666,26.6736811168774,0
                87.8871796224464,26.6731594685471,0
                87.8867303929797,26.6720633673731,0
                87.886515321587,26.6709703334026,0
                87.8865413876017,26.6706836085418,0
                87.8865025229598,26.6704536905554,0
                87.8865078416772,26.6701648398391,0
                87.8866865800547,26.6696515127202,0
                87.8867118322756,26.6694212208803,0
                87.8868690105022,26.6689644506835,0
                87.886989013423,26.6681626476384,0
                87.8871930048558,26.6674189652957,0
                87.8872637552981,26.6669920661324,0
                87.8872877553049,26.6668475171495,0
                87.8872930741099,26.6665608541677,0
                87.887253458364,26.6663874307196,0
                87.886949142361,26.6655228748109,0
                87.8868889678491,26.6652930808568,0
                87.886876794762,26.6647765000921,0
                87.8870769053558,26.6642629860175,0
                87.8871900253097,26.6638628980688,0
                87.8873426355525,26.6636362956582,0
                87.8874976235041,26.6632945774063,0
                87.8876281734863,26.6631245320077,0
                87.8878052851744,26.6627262572622,0
                87.8882853011101,26.6620441385227,0
                87.8884410404349,26.6616437384528,0
                87.8885724035406,26.6614173225556,0
                87.8887281432941,26.6610169231907,0
                87.8887359023956,26.6605588377486,0
                87.8887802122098,26.6604457232821,0
                87.8887840922031,26.6602155556164,0
                87.8887290263912,26.6599257594202,0
                87.8887258568805,26.6599090813574,0
              </coordinates>
            </LinearRing>
          </outerBoundaryIs>
        </Polygon>
      </Placemark>
      <Placemark id="KO_JHAPA_Kankai.6">
        <ExtendedData>
          <SchemaData schemaUrl="#KO_JHAPA_Kankai.schema">
            <SimpleData name="ogc_fid">6392</SimpleData>
            <SimpleData name="objectid_1">6393</SimpleData>
            <SimpleData name="dcode">4</SimpleData>
            <SimpleData name="district">JHAPA</SimpleData>
            <SimpleData name="das">0</SimpleData>
            <SimpleData name="gapa_napa">Kankai</SimpleData>
            <SimpleData name="type_gn">Nagarpalika</SimpleData>
            <SimpleData name="gn_code">13.000000000000000</SimpleData>
            <SimpleData name="new_ward_n">3</SimpleData>
            <SimpleData name="ddgnww">41303.000000000000000</SimpleData>
            <SimpleData name="center">Kalimuda</SimpleData>
            <SimpleData name="state_code">1</SimpleData>
            <SimpleData name="ddgn">4013</SimpleData>
            <SimpleData name="area_sqkm">8.212935627169999</SimpleData>
            <SimpleData name="shape_leng">16449.635351100001571</SimpleData>
            <SimpleData name="shape_area">8212935.627170000225306</SimpleData>
            <SimpleData name="Province">KO</SimpleData>
            <SimpleData name="Address">Kankai-3, JHAPA, KO</SimpleData>
          </SchemaData>
        </ExtendedData>
        <Polygon>
          <outerBoundaryIs>
            <LinearRing>
              <coordinates>
                87.9042061111316,26.6437004608107,0
                87.90419774482,26.6433529909671,0
                87.9042028764449,26.6430483917719,0
                87.904053236947,26.6418240572658,0
                87.90395357125,26.6414388387665,0
                87.9039159575533,26.6411322393711,0
                87.9038350986412,26.6409025702494,0
                87.9037593082237,26.6403660527135,0
                87.9037446134099,26.6399906750434,0
                87.9037443823605,26.6399847728502,0
                87.9038104386767,26.6398512234309,0
                87.9039384232562,26.6398346017325,0
                87.9047447528208,26.6399603561223,0
                87.9048304310077,26.6399214865629,0
                87.9049388570442,26.6398079357608,0
                87.9049790744574,26.6397227335991,0
                87.9049826032418,26.6397152569474,0
                87.9049864832736,26.6394849650014,0
                87.9049068127895,26.6391786141638,0
                87.9046983456768,26.6389271327802,0
                87.9040680638949,26.6384416002879,0
                87.9038783401829,26.6383434802181,0
                87.9037738563899,26.6382268634438,0
                87.903780272933,26.6378720714441,0
                87.9037804271154,26.6378635194167,0
                87.9039330368921,26.6376369167636,0
                87.9040840203301,26.6375231168419,0
                87.9041922596815,26.6373915676887,0
                87.904277116416,26.6371741704511,0
                87.9042814412374,26.6371630898448,0
                87.9042413242449,26.6370099146042,0
                87.9040751639481,26.6367966173115,0
                87.9040350474187,26.6366434419621,0
                87.9040401785089,26.636338781329,0
                87.9040013763031,26.6361088623589,0
                87.9038803387698,26.6357237684362,0
                87.9037981650184,26.635570843398,0
                87.9035252683964,26.635355980935,0
                87.9030403995735,26.6350814963726,0
                87.9028956736291,26.634870323921,0
                87.9028559948077,26.6346968378003,0
                87.9028598196306,26.6344721887502,0
                87.903012668921,26.6340258068779,0
                87.9030130899699,26.634021468676,0
                87.9030163022162,26.6340120880446,0
                87.9030941233593,26.6332105962462,0
                87.9029708333559,26.6329406169492,0
                87.9028912261909,26.6326342045792,0
                87.9026240230019,26.6320966211273,0
                87.9024842411574,26.6315582276793,0
                87.9023683347423,26.6308684722711,0
                87.9022472969371,26.6304856906478,0
                87.9021728832435,26.6298723675587,0
                87.9019903568396,26.6293342850349,0
                87.901908183224,26.6291813591379,0
                87.9018718843769,26.6287979540077,0
                87.9015903791936,26.6278769039301,0
                87.9015916313174,26.6278001600975,0
                87.9013852916072,26.6274156274111,0
                87.9011350804897,26.6271260846584,0
                87.9006112836535,26.6266804258061,0
                87.9003374478523,26.6265038740661,0
                87.9000203669066,26.6264043138025,0
                87.8998946980214,26.6263058200178,0
                87.8997675901607,26.6262660087274,0
                87.8992002971074,26.6258770309824,0
                87.8988037339203,26.6254124394599,0
                87.8987754902517,26.6253291336587,0
                87.8985415982698,26.6246401260361,0
                87.8982127809068,26.6240036120564,0
                87.8978604005279,26.6234845874554,0
                87.8976536859863,26.6231361763155,0
                87.897490653528,26.6227513318784,0
                87.8974737854847,26.6225212888908,0
                87.8975203489552,26.6222412046179,0
                87.8976307722681,26.6218886281997,0
                87.8980666057513,26.621281188818,0
                87.8982611468909,26.6211107071518,0
                87.8984356928884,26.6208839804902,0
                87.8985249360451,26.6206555017159,0
                87.898524719537,26.6206516380135,0
                87.898528568715,26.6206417838936,0
                87.8985125140849,26.6203553083532,0
                87.898348356743,26.6199885864053,0
                87.8982013775992,26.6198924671641,0
                87.897778184601,26.6197913430894,0
                87.8970145991926,26.6196652769027,0
                87.8965088574153,26.6194315373187,0
                87.8962981371713,26.6192929829101,0
                87.8961973443087,26.6190047556964,0
                87.896159480934,26.6187364662795,0
                87.8958411474986,26.6187137116813,0
                87.8941184323074,26.6187313028144,0
                87.893543318006,26.6187822883272,0
                87.8930330087346,26.6187742167945,0
                87.8922016136846,26.6188786922593,0
                87.8913071653291,26.6189452317984,0
                87.8909234629995,26.6189972828538,0
                87.8897693546658,26.6193271694998,0
                87.8894656985439,26.6196675718614,0
                87.8892503474883,26.6198178052699,0
                87.8888222117395,26.6199671593898,0
                87.8883109023922,26.6199974599903,0
                87.8875480037101,26.6198735810654,0
                87.8867845426872,26.6197497024533,0
                87.8862136830691,26.6195502084936,0
                87.8855795822664,26.6193510889545,0
                87.8851348926944,26.6192319659429,0
                87.8845660344363,26.6189557294608,0
                87.88437593584,26.6188779202238,0
                87.8834903727368,26.6184660012938,0
                87.8824790779629,26.6179554639152,0
                87.8818492945048,26.6175081785233,0
                87.8810906510659,26.6171156980886,0
                87.8805208551581,26.6168778326691,0
                87.8798871926135,26.6166583398311,0
                87.8794417509321,26.6165956491492,0
                87.8791881609847,26.6165159641476,0
                87.8788727691482,26.6162990391078,0
                87.8787062328362,26.6161060529103,0
                87.878497138491,26.6159313143527,0
                87.8781813713756,26.6157527612721,0
                87.8778637886247,26.6156735117391,0
                87.8776746286047,26.615555080659,0
                87.8774689764615,26.6151682356452,0
                87.8773033782614,26.6149368150475,0
                87.8770937217448,26.6147621389679,0
                87.876841633019,26.6146237704962,0
                87.876650533713,26.6145843334677,0
                87.8759489367268,26.6145931940237,0
                87.8756291019996,26.6146267476047,0
                87.8756263419305,26.6146403718405,0
                87.8755595398482,26.6149701541085,0
                87.8755565614017,26.6149806375142,0
                87.8754458580442,26.6153702426168,0
                87.8754456512181,26.6153718987221,0
                87.8753956676182,26.615772207417,0
                87.8755129516969,26.6163490966185,0
                87.8755831113287,26.6171542157289,0
                87.875575478138,26.6175558686419,0
                87.8755067926119,26.617842904789,0
                87.8755014117693,26.6181295055968,0
                87.8754978982441,26.6181367666773,0
                87.8753907956294,26.6183581085355,0
                87.8753899190301,26.6183661242602,0
                87.875365606017,26.6185884002764,0
                87.875362355384,26.6185986062674,0
                87.8752748610552,26.6188733114505,0
                87.875077253868,26.6192152163437,0
                87.874898766707,26.6196743601846,0
                87.874898684478,26.6196789343283,0
                87.8748895053289,26.6201911285228,0
                87.8747277601656,26.6208781284987,0
                87.8747246940601,26.6210496133466,0
                87.875029824714,26.6218014292506,0
                87.8752975298198,26.6222645815492,0
                87.8756079786735,26.622727547591,0
                87.8760655931629,26.62330688133,0
                87.876706174224,26.6243476778031,0
                87.8769716893735,26.6249259454625,0
                87.8770961062789,26.6250989330336,0
                87.8774603122364,26.6249703260403,0
                87.8783991948854,26.6247907343864,0
                87.880111237944,26.6242002551714,0
                87.8805371835293,26.6241660158867,0
                87.8810439264418,26.6243637583035,0
                87.8817187065003,26.6246979918902,0
                87.8822032005604,26.6249341684886,0
                87.8823503045333,26.625050536013,0
                87.8825573967746,26.6252930190828,0
                87.8825872050745,26.6253289540878,0
                87.8833707067511,26.6262582637404,0
                87.8835996705386,26.6265682408706,0
                87.8838501946152,26.6268194114054,0
                87.8841625196444,26.6272055713223,0
                87.885040198492,26.6281161966592,0
                87.8853512724041,26.62857909964,0
                87.8856427266892,26.628927013365,0
                87.8859738585624,26.6294665348456,0
                87.8862028214728,26.6297741999424,0
                87.8863907305023,26.6299693748462,0
                87.8866165036144,26.6304305261283,0
                87.8870729912385,26.631104601908,0
                87.8872761403133,26.6316426214556,0
                87.8876487021702,26.6322586375883,0
                87.8882503548351,26.6331077636764,0
                87.8888155825286,26.6336322288742,0
                87.8890031148824,26.6338634625735,0
                87.8891066606709,26.6340184509743,0
                87.8893116858763,26.6344797895491,0
                87.8894157314522,26.6346144673563,0
                87.8900618187587,26.635368664219,0
                87.8905225618063,26.6357764502511,0
                87.8906069878488,26.6358143235575,0
                87.8914447359662,26.6365920224414,0
                87.8915443396634,26.6369749911148,0
                87.8915404595901,26.6372029088822,0
                87.8914234609096,26.6378129165572,0
                87.8913743953444,26.6382148805942,0
                87.8913725246271,26.6382141395464,0
                87.8908247838394,26.6379971389102,0
                87.8902551764525,26.6377209027231,0
                87.8894341063435,26.637234179039,0
                87.8887384542549,26.6368797589846,0
                87.888421247443,26.6367801993517,0
                87.8883568796949,26.6368166944786,0
                87.8882680740726,26.6370271123221,0
                87.8882671767102,26.6370343399056,0
                87.8882184464091,26.6374267641665,0
                87.8882151166212,26.6374380118596,0
                87.888083265281,26.6378834101549,0
                87.8880823387709,26.6378879740269,0
                87.8880796290201,26.6378971270346,0
                87.8879865056593,26.638355772519,0
                87.8879582496032,26.6387553628177,0
                87.8877963784014,26.6394987327215,0
                87.8878908500134,26.6401886126541,0
                87.8878290480007,26.6413301175347,0
                87.8877880955147,26.6414346600222,0
                87.887265584745,26.6421351523771,0
                87.8868543155486,26.6425302982057,0
                87.8867255810665,26.642605601424,0
                87.8861912709907,26.642751078393,0
                87.8859353661777,26.6427865709975,0
                87.8857438910286,26.6427832551527,0
                87.885104283463,26.6428706725873,0
                87.8845938496505,26.6428626016194,0
                87.8843380068641,26.6428980311002,0
                87.8842736394531,26.6429367764037,0
                87.8840561607859,26.6432201852147,0
                87.8836846326986,26.6438070030072,0
                87.8834862120273,26.6442052770816,0
                87.8833099144241,26.6445471189262,0
                87.8831114925738,26.6449454557918,0
                87.8827396515927,26.6455728323058,0
                87.8825190445506,26.6460277267144,0
                87.8824511101432,26.6462560805676,0
                87.8822099440206,26.6466546662624,0
                87.8821213258826,26.646883144929,0
                87.8819015317804,26.6472816694846,0
                87.8818114121989,26.6475665180859,0
                87.8815921186969,26.6479446688629,0
                87.8812357683788,26.6488765814291,0
                87.8807219265769,26.6503035735079,0
                87.8807208216004,26.6503102533039,0
                87.8807182881809,26.650317289446,0
                87.8806718145581,26.6505983050581,0
                87.8805394340229,26.6509884476738,0
                87.880538577608,26.6509939659877,0
                87.8804682449179,26.6514469069131,0
                87.8804661885302,26.6514504344044,0
                87.8803362568444,26.6516733229806,0
                87.8801353946711,26.6522454569644,0
                87.8798934154687,26.6527005375011,0
                87.879697497725,26.6529454505186,0
                87.8793947173436,26.6532474185031,0
                87.8792192328641,26.6535328283163,0
                87.8791527374098,26.6537024377732,0
                87.8791531054406,26.6537059305346,0
                87.8791710441112,26.6538761103349,0
                87.8792753401648,26.653972478829,0
                87.8796786627301,26.6540173575971,0
                87.8803623904956,26.6538528845843,0
                87.8809629447227,26.6535739199037,0
                87.881218286815,26.6535588013092,0
                87.8823833788018,26.6538606718336,0
                87.8840804038275,26.6541141191902,0
                87.884715379531,26.6543133019523,0
                87.8853102395894,26.6543591842646,0
                87.8861576247647,26.654581805966,0
                87.8867520466194,26.6546458110742,0
                87.887007451482,26.6546306927721,0
                87.8873495350492,26.6545382690996,0
                87.8876898029483,26.6545429632001,0
                87.8878609687576,26.6545080317624,0
                87.8883709653342,26.6545341642707,0
                87.8885402540497,26.6545940365495,0
                87.8885815604771,26.6546524703433,0
                87.8885351566132,26.656121655236,0
                87.8885739593218,26.6563515728705,0
                87.8885301844445,26.6576696462139,0
                87.8885667967449,26.6580146166492,0
                87.8886156442181,26.6588943538516,0
                87.8887131827598,26.6594126861689,0
                87.8887258568805,26.6599090813574,0
                87.8890427501625,26.660046949767,0
                87.8898081504699,26.6600579633844,0
                87.8902534032856,26.6601589634021,0
                87.8907003460764,26.6601449103408,0
                87.8912735827696,26.6602292889603,0
                87.8917845171795,26.6602170498019,0
                87.8924877402427,26.6601313822007,0
                87.8926792158106,26.6601346982136,0
                87.8929333071847,26.6601940731632,0
                87.8936354653135,26.6602234585069,0
                87.8945315404088,26.6600824882378,0
                87.8953008212883,26.6598632709623,0
                87.895708084902,26.6596779197684,0
                87.89637444523,26.659303652436,0
                87.8967608377482,26.659098114525,0
                87.8969762510373,26.6589478820927,0
                87.8974730727864,26.6584956803982,0
                87.897755481478,26.6581554648747,0
                87.8979060096683,26.6578234459855,0
                87.8979104067295,26.6578137471155,0
                87.8978128065649,26.6572976651094,0
                87.8978347856764,26.6571562546163,0
                87.8978366819241,26.6571440536961,0
                87.8979227351055,26.6570690620405,0
                87.8981155874877,26.6569956346247,0
                87.8984345459465,26.6570003899598,0
                87.8988196241114,26.6568715964412,0
                87.8996582146849,26.6563653429875,0
                87.9001712143774,26.6562199274363,0
                87.9007722066809,26.6559227777555,0
                87.9009645583809,26.6558674106581,0
                87.9012838297344,26.6558337947512,0
                87.9014754927855,26.6558551714233,0
                87.9017957022119,26.6557831838687,0
                87.9020750456071,26.6556144537394,0
                87.9024413177983,26.6553322971746,0
                87.9026358582746,26.6551640654908,0
                87.9028443888874,26.6549266113833,0
                87.9028530242647,26.6549167787169,0
                87.9025795637542,26.6547041665942,0
                87.9023910927023,26.6545293030657,0
                87.9021830636422,26.6542598850065,0
                87.9021220121227,26.6540865237382,0
                87.9021257025634,26.6538639986063,0
                87.9021258295442,26.6538563568196,0
                87.9023011266201,26.6535528862718,0
                87.9025614740342,26.6532894760248,0
                87.9026890237315,26.6530863355483,0
                87.9026923369791,26.6530810588009,0
                87.9027302950303,26.6520895436777,0
                87.9027303553945,26.6520879582934,0
                87.9027756657575,26.6519342223051,0
                87.9030597022364,26.6514992026152,0
                87.9032545561647,26.6512926614969,0
                87.9034931343759,26.6508414649565,0
                87.9034964111729,26.6508352679904,0
                87.90356199295,26.6494646898286,0
                87.9035621840862,26.6494607004744,0
                87.903696676068,26.6490807982766,0
                87.9039806502459,26.6486254062436,0
                87.9040901604621,26.6482577430165,0
                87.9040937692456,26.6482456283717,0
                87.9041040079589,26.6476355168034,0
                87.9041676436077,26.6474194834295,0
                87.9042769451243,26.6472675611088,0
                87.904406618205,26.6471539485528,0
                87.9048368201867,26.646855607738,0
                87.9050120542959,26.6465521368602,0
                87.905147798104,26.6460932422613,0
                87.9051482778978,26.6460901896127,0
                87.9051514333274,26.646079523322,0
                87.905223184737,26.6456232508931,0
                87.9052270019064,26.645393083383,0
                87.9051241460239,26.6451635393502,0
                87.9044338752766,26.6444842726585,0
                87.9042689044785,26.6441761710801,0
                87.9042099811379,26.643869696541,0
                87.9042061111316,26.6437004608107,0
              </coordinates>
            </LinearRing>
          </outerBoundaryIs>
        </Polygon>
      </Placemark>
      <Placemark id="KO_JHAPA_Kankai.7">
        <ExtendedData>
          <SchemaData schemaUrl="#KO_JHAPA_Kankai.schema">
            <SimpleData name="ogc_fid">6400</SimpleData>
            <SimpleData name="objectid_1">6401</SimpleData>
            <SimpleData name="dcode">4</SimpleData>
            <SimpleData name="district">JHAPA</SimpleData>
            <SimpleData name="das">0</SimpleData>
            <SimpleData name="gapa_napa">Kankai</SimpleData>
            <SimpleData name="type_gn">Nagarpalika</SimpleData>
            <SimpleData name="gn_code">13.000000000000000</SimpleData>
            <SimpleData name="new_ward_n">2</SimpleData>
            <SimpleData name="ddgnww">41302.000000000000000</SimpleData>
            <SimpleData name="center">Kalimuda</SimpleData>
            <SimpleData name="state_code">1</SimpleData>
            <SimpleData name="ddgn">4013</SimpleData>
            <SimpleData name="area_sqkm">14.926326444700001</SimpleData>
            <SimpleData name="shape_leng">17976.681948699999339</SimpleData>
            <SimpleData name="shape_area">14926326.444700000807643</SimpleData>
            <SimpleData name="Province">KO</SimpleData>
            <SimpleData name="Address">Kankai-2, JHAPA, KO</SimpleData>
          </SchemaData>
        </ExtendedData>
        <Polygon>
          <outerBoundaryIs>
            <LinearRing>
              <coordinates>
                87.9153793275546,26.6930942765032,0
                87.9154711370641,26.6927123115608,0
                87.9155635733948,26.6922559149759,0
                87.9155717706807,26.6917955803291,0
                87.9155443573941,26.6908774088768,0
                87.915448384664,26.6902642727503,0
                87.9152670472605,26.6896494474397,0
                87.9149995939437,26.6891096147173,0
                87.9148370015495,26.6886480887088,0
                87.9146913379704,26.6884166058962,0
                87.914445256965,26.6878765853759,0
                87.91436496265,26.6875680483844,0
                87.9143607364057,26.6865730092953,0
                87.9142791893385,26.6863434027377,0
                87.9141819645557,26.6858046974308,0
                87.9139881893201,26.6852937375405,0
                87.9139880022375,26.6852666772561,0
                87.9142779047211,26.6851565049672,0
                87.9145159421732,26.6849293418663,0
                87.9147097321547,26.6848175422176,0
                87.9150979393597,26.6845172003046,0
                87.9155710719923,26.6842366087398,0
                87.9168552571112,26.6825901506739,0
                87.9169658106273,26.6823615468045,0
                87.9171176696916,26.6821913148378,0
                87.9172069135929,26.6819628361363,0
                87.917337463155,26.6817927905906,0
                87.9174923269746,26.6814510738181,0
                87.9176671230619,26.6811656015433,0
                87.9176906850411,26.6810503615116,0
                87.9177998621815,26.6808804409619,0
                87.9178897950169,26.6805955299413,0
                87.9182652657532,26.6797966059201,0
                87.9185055545491,26.6794543274677,0
                87.9190320085514,26.67854385416,0
                87.9192929826764,26.6782037631477,0
                87.9194691550672,26.6778596083539,0
                87.9196697039011,26.6773460942849,0
                87.9196949562605,26.6771179895733,0
                87.9198765738426,26.6764308652249,0
                87.9198811416678,26.6761443268622,0
                87.9198628363434,26.6759705921658,0
                87.919659750482,26.6753943250418,0
                87.9192660037922,26.6747583100901,0
                87.9191248457373,26.6742966602246,0
                87.9190866693417,26.6740081217656,0
                87.9191553547527,26.673723335141,0
                87.9193101552527,26.6733793676394,0
                87.9197695506547,26.6726408149974,0
                87.9204849799604,26.671731344758,0
                87.9207429506985,26.6715626772669,0
                87.9208706850834,26.6715257447726,0
                87.9213162510783,26.6715702498096,0
                87.9216373376727,26.6714395791179,0
                87.9219164935899,26.6712527257221,0
                87.9224128162212,26.6707417796775,0
                87.9225654270793,26.670515176658,0
                87.9227625359058,26.6701145277958,0
                87.9230527695584,26.6691987996393,0
                87.9232061939816,26.668913452416,0
                87.9234925481495,26.668227891994,0
                87.9236018509363,26.6680579713351,0
                87.9238004620543,26.6675444570627,0
                87.9239265840118,26.6669908195944,0
                87.9239835823427,26.6667422798582,0
                87.9240803981314,26.6660557155729,0
                87.9240642817674,26.6657692405765,0
                87.924108590795,26.6656561258833,0
                87.9241360334076,26.6653129688764,0
                87.9241280515668,26.6645660958106,0
                87.9239882696851,26.6640503247482,0
                87.923905095029,26.6639335213525,0
                87.9237232557979,26.6634157500887,0
                87.9235377251133,26.6630694634851,0
                87.9232962735954,26.6623196489827,0
                87.9231107433835,26.6619733624252,0
                87.92294802363,26.6615705196017,0
                87.9226174537935,26.6610514327597,0
                87.9224149930653,26.6604751037727,0
                87.9224165588851,26.6603599893239,0
                87.9224837416701,26.6601903175435,0
                87.9226362891563,26.6599614655748,0
                87.9230474329185,26.6595661324812,0
                87.9233519026419,26.6591692969196,0
                87.9235250717766,26.6589989405769,0
                87.9238297931685,26.6585637333371,0
                87.9240017099218,26.6584723699006,0
                87.9242604320803,26.6582450188441,0
                87.9245863988341,26.6578683704091,0
                87.9246720763325,26.6578316876566,0
                87.9249094886288,26.6576044616921,0
                87.9251032160838,26.6574926629068,0
                87.9252950049875,26.6574575443447,0
                87.9256377138804,26.6572906272692,0
                87.9258757510955,26.6570634015606,0
                87.926049671128,26.656836674891,0
                87.9261809724694,26.6566101338945,0
                87.9263150257585,26.6562662915362,0
                87.9263615245348,26.6560381244001,0
                87.9264894751548,26.6547804232276,0
                87.9264281112663,26.6546454336205,0
                87.9265194210305,26.6542838415941,0
                87.9265284318645,26.6537670735452,0
                87.9265314350831,26.65359552661,0
                87.9262775949618,26.6534956548342,0
                87.9227304020147,26.6519189117445,0
                87.9209571508032,26.6510910124029,0
                87.9207671143313,26.6510313267742,0
                87.9197543192784,26.6505392249865,0
                87.9181064848209,26.6498481289245,0
                87.9158899818397,26.6488425485631,0
                87.9156998830232,26.6487828627037,0
                87.9153203746786,26.6485844352516,0
                87.9150662217797,26.6485048752176,0
                87.9139888717663,26.6480289585703,0
                87.9138628893009,26.6479733357254,0
                87.9063890572609,26.6446071734546,0
                87.906198334109,26.6445452375277,0
                87.9045516886951,26.6438178324993,0
                87.9042974729315,26.6437381469256,0
                87.9042061111316,26.6437004608107,0
                87.9042099811379,26.643869696541,0
                87.9042689044785,26.6441761710801,0
                87.9044338752766,26.6444842726585,0
                87.9051241460239,26.6451635393502,0
                87.9052270019064,26.645393083383,0
                87.905223184737,26.6456232508931,0
                87.9051514333274,26.646079523322,0
                87.9051482778978,26.6460901896127,0
                87.905147798104,26.6460932422613,0
                87.9050120542959,26.6465521368602,0
                87.9048368201867,26.646855607738,0
                87.904406618205,26.6471539485528,0
                87.9042769451243,26.6472675611088,0
                87.9041676436077,26.6474194834295,0
                87.9041040079589,26.6476355168034,0
                87.9040937692456,26.6482456283717,0
                87.9040901604621,26.6482577430165,0
                87.9039806502459,26.6486254062436,0
                87.903696676068,26.6490807982766,0
                87.9035621840862,26.6494607004744,0
                87.90356199295,26.6494646898286,0
                87.9034964111729,26.6508352679904,0
                87.9034931343759,26.6508414649565,0
                87.9032545561647,26.6512926614969,0
                87.9030597022364,26.6514992026152,0
                87.9027756657575,26.6519342223051,0
                87.9027303553945,26.6520879582934,0
                87.9027302950303,26.6520895436777,0
                87.9026923369791,26.6530810588009,0
                87.9026890237315,26.6530863355483,0
                87.9025614740342,26.6532894760248,0
                87.9023011266201,26.6535528862718,0
                87.9021258295442,26.6538563568196,0
                87.9021257025634,26.6538639986063,0
                87.9021220121227,26.6540865237382,0
                87.9021830636422,26.6542598850065,0
                87.9023910927023,26.6545293030657,0
                87.9025795637542,26.6547041665942,0
                87.9028530242647,26.6549167787169,0
                87.9028443888874,26.6549266113833,0
                87.9026358582746,26.6551640654908,0
                87.9024413177983,26.6553322971746,0
                87.9020750456071,26.6556144537394,0
                87.9017957022119,26.6557831838687,0
                87.9014754927855,26.6558551714233,0
                87.9012838297344,26.6558337947512,0
                87.9009645583809,26.6558674106581,0
                87.9007722066809,26.6559227777555,0
                87.9001712143774,26.6562199274363,0
                87.8996582146849,26.6563653429875,0
                87.8988196241114,26.6568715964412,0
                87.8984345459465,26.6570003899598,0
                87.8981155874877,26.6569956346247,0
                87.8979227351055,26.6570690620405,0
                87.8978366819241,26.6571440536961,0
                87.8978347856764,26.6571562546163,0
                87.8978128065649,26.6572976651094,0
                87.8979104067295,26.6578137471155,0
                87.8979060096683,26.6578234459855,0
                87.897755481478,26.6581554648747,0
                87.8974730727864,26.6584956803982,0
                87.8969762510373,26.6589478820927,0
                87.8967608377482,26.659098114525,0
                87.89637444523,26.659303652436,0
                87.895708084902,26.6596779197684,0
                87.8953008212883,26.6598632709623,0
                87.8945315404088,26.6600824882378,0
                87.8936354653135,26.6602234585069,0
                87.8929333071847,26.6601940731632,0
                87.8926792158106,26.6601346982136,0
                87.8924877402427,26.6601313822007,0
                87.8917845171795,26.6602170498019,0
                87.8912735827696,26.6602292889603,0
                87.8907003460764,26.6601449103408,0
                87.8902534032856,26.6601589634021,0
                87.8898081504699,26.6600579633844,0
                87.8890427501625,26.660046949767,0
                87.8887258568805,26.6599090813574,0
                87.8887290263912,26.6599257594202,0
                87.8887840922031,26.6602155556164,0
                87.8887802122098,26.6604457232821,0
                87.8887359023956,26.6605588377486,0
                87.8887281432941,26.6610169231907,0
                87.8885724035406,26.6614173225556,0
                87.8884410404349,26.6616437384528,0
                87.8882853011101,26.6620441385227,0
                87.8878052851744,26.6627262572622,0
                87.8876281734863,26.6631245320077,0
                87.8874976235041,26.6632945774063,0
                87.8873426355525,26.6636362956582,0
                87.8871900253097,26.6638628980688,0
                87.8870769053558,26.6642629860175,0
                87.886876794762,26.6647765000921,0
                87.8868889678491,26.6652930808568,0
                87.886949142361,26.6655228748109,0
                87.887253458364,26.6663874307196,0
                87.8872930741099,26.6665608541677,0
                87.8872877553049,26.6668475171495,0
                87.8872637552981,26.6669920661324,0
                87.8871930048558,26.6674189652957,0
                87.886989013423,26.6681626476384,0
                87.8868690105022,26.6689644506835,0
                87.8867118322756,26.6694212208803,0
                87.8866865800547,26.6696515127202,0
                87.8865078416772,26.6701648398391,0
                87.8865025229598,26.6704536905554,0
                87.8865413876017,26.6706836085418,0
                87.886515321587,26.6709703334026,0
                87.8867303929797,26.6720633673731,0
                87.8871796224464,26.6731594685471,0
                87.8874687607666,26.6736811168774,0
                87.887670844569,26.6743161905246,0
                87.887729580032,26.6746024173531,0
                87.8876600185703,26.6749458237407,0
                87.8875500901782,26.6751743638809,0
                87.887290555556,26.6754016525283,0
                87.8870890060328,26.6759715369706,0
                87.8869153988004,26.676180265145,0
                87.8864044638169,26.6761924420362,0
                87.8861479956674,26.6762459328549,0
                87.88595526859,26.6763396086659,0
                87.8858255331545,26.6764532838256,0
                87.885281586513,26.6771539004123,0
                87.8844784817754,26.6780614946749,0
                87.8839601627359,26.6785136953617,0
                87.8835070856904,26.6789678353209,0
                87.8830555723913,26.6793655420915,0
                87.8826913637153,26.6796092022271,0
                87.8823249032475,26.6799679767414,0
                87.8822611600812,26.6800067841027,0
                87.8819620709007,26.6801372670594,0
                87.8817864602786,26.6804971082457,0
                87.8814816119837,26.6810314938562,0
                87.8813048741368,26.6814883885947,0
                87.8810433972802,26.6819435937048,0
                87.8808880314337,26.6824026137585,0
                87.8808012892369,26.682554286783,0
                87.8801061666617,26.6836191814912,0
                87.8798483825324,26.6838260964785,0
                87.879631653664,26.6841297529964,0
                87.8792877538369,26.6844139720086,0
                87.8790549669353,26.6846072011984,0
                87.8792003239903,26.6845657073,0
                87.8794524122583,26.6847604455895,0
                87.8797252466473,26.6849731195537,0
                87.880271355,26.6853442853602,0
                87.8805644979852,26.6856538890776,0
                87.8807305324316,26.6859258689663,0
                87.8809142481582,26.6863873320584,0
                87.8811003405768,26.6867336184376,0
                87.8812666259027,26.686967226461,0
                87.8818555411246,26.6873562037136,0
                87.8823584026838,26.6878224227104,0
                87.8825894315959,26.6879789765382,0
                87.8833267023992,26.6883895173954,0
                87.8838339456054,26.6885308269726,0
                87.8846821475424,26.6885796507771,0
                87.8856175283055,26.6885332356802,0
                87.8861744013701,26.6881957752911,0
                87.8869981966487,26.6870376409248,0
                87.8874250829939,26.6868702257775,0
                87.8879350176874,26.6868580489225,0
                87.8881886081227,26.6869196110401,0
                87.8888642033293,26.6871568530356,0
                87.8895424889524,26.6872428580426,0
                87.890307640474,26.6871951897492,0
                87.8910719794935,26.6872038906337,0
                87.8914108095671,26.6872468926913,0
                87.8915795364159,26.6873067662107,0
                87.8918734922202,26.6875577501019,0
                87.892207502903,26.6879459097524,0
                87.8922913658169,26.6880040320516,0
                87.8927709767604,26.6886034888501,0
                87.89304049534,26.6890282072431,0
                87.8939377281329,26.6901328164759,0
                87.8943359187574,26.6904619829468,0
                87.8948834659838,26.6907767155007,0
                87.8958115868711,26.6911701989702,0
                87.8959808762395,26.6912097618906,0
                87.8964907488911,26.6911975218435,0
                87.8972603417869,26.6909963669844,0
                87.8976864742821,26.6909643153815,0
                87.8981108554879,26.6910270673508,0
                87.899128280854,26.6912711279043,0
                87.9000634709108,26.6913599503138,0
                87.9007460718725,26.6912744080829,0
                87.901344499018,26.6911081212991,0
                87.9021132158268,26.6909475871795,0
                87.9025137832801,26.6911819498368,0
                87.9028495454353,26.6914731178834,0
                87.9032227968509,26.692052950033,0
                87.9033480277712,26.6921694422716,0
                87.9034744465616,26.6922656864982,0
                87.9037491579196,26.6923858064936,0
                87.9041722876673,26.6925252396138,0
                87.9047660831308,26.6926478025494,0
                87.9058723145083,26.6926813828921,0
                87.906382122365,26.6927458244076,0
                87.906888926709,26.6929817512585,0
                87.90737291968,26.6932742350615,0
                87.9083030404744,26.6936699690705,0
                87.9089813239463,26.6938325920697,0
                87.9095764332633,26.6938784123475,0
                87.909915574898,26.6939596611466,0
                87.9102554677654,26.6939823532601,0
                87.9108527059123,26.6938950596377,0
                87.9114477522988,26.6939408799712,0
                87.911875387262,26.6938523329422,0
                87.9130757442277,26.6933302127085,0
                87.9136734194043,26.6932248582052,0
                87.9139879412515,26.693209240423,0
                87.9146112997977,26.6931804420159,0
                87.9153793275546,26.6930942765032,0
              </coordinates>
            </LinearRing>
          </outerBoundaryIs>
        </Polygon>
      </Placemark>
      <Placemark id="KO_JHAPA_Kankai.8">
        <ExtendedData>
          <SchemaData schemaUrl="#KO_JHAPA_Kankai.schema">
            <SimpleData name="ogc_fid">6401</SimpleData>
            <SimpleData name="objectid_1">6402</SimpleData>
            <SimpleData name="dcode">4</SimpleData>
            <SimpleData name="district">JHAPA</SimpleData>
            <SimpleData name="das">0</SimpleData>
            <SimpleData name="gapa_napa">Kankai</SimpleData>
            <SimpleData name="type_gn">Nagarpalika</SimpleData>
            <SimpleData name="gn_code">13.000000000000000</SimpleData>
            <SimpleData name="new_ward_n">1</SimpleData>
            <SimpleData name="ddgnww">41301.000000000000000</SimpleData>
            <SimpleData name="center">Kalimuda</SimpleData>
            <SimpleData name="state_code">1</SimpleData>
            <SimpleData name="ddgn">4013</SimpleData>
            <SimpleData name="area_sqkm">13.029906183600000</SimpleData>
            <SimpleData name="shape_leng">22258.884728000000905</SimpleData>
            <SimpleData name="shape_area">13029906.183600001037121</SimpleData>
            <SimpleData name="Province">KO</SimpleData>
            <SimpleData name="Address">Kankai-1, JHAPA, KO</SimpleData>
          </SchemaData>
        </ExtendedData>
        <Polygon>
          <outerBoundaryIs>
            <LinearRing>
              <coordinates>
                87.9337668038891,26.6887573116056,0
                87.9337760654108,26.6882021718565,0
                87.9340895468222,26.687288507337,0
                87.9344810102818,26.6866992529904,0
                87.9348049132826,26.6863789744012,0
                87.9350619453067,26.6862486776169,0
                87.935489019191,26.6860991989072,0
                87.9366838706111,26.6858476181812,0
                87.9373672248687,26.6856265251804,0
                87.9376246948661,26.6854781055134,0
                87.9378186116598,26.6853076238945,0
                87.9384023632611,26.6846651904574,0
                87.9385544122616,26.6844362750732,0
                87.9386875282233,26.6840563731658,0
                87.9387572165059,26.6836745328766,0
                87.9389330769009,26.6832943188223,0
                87.9390222603983,26.68298909652,0
                87.9392599859952,26.6827235619628,0
                87.9393912242754,26.6824947715976,0
                87.9397166926865,26.6820593779139,0
                87.9400671632254,26.6813756312761,0
                87.940479748826,26.6807681910776,0
                87.9405036246916,26.6806145797001,0
                87.9406794235276,26.6802343659577,0
                87.94092309599,26.6795468055062,0
                87.941058778371,26.6790133540005,0
                87.9411315954448,26.6784014082192,0
                87.9412226554404,26.6780194432317,0
                87.9414430764253,26.677487743353,0
                87.941900847397,26.6767265675371,0
                87.942517551655,26.6752806411217,0
                87.9427793417807,26.6748230611337,0
                87.9430615633332,26.6744647222833,0
                87.943672509218,26.6734001382083,0
                87.9443965138324,26.6718790332254,0
                87.9447837834475,26.6715582559048,0
                87.9449562659527,26.6713878989904,0
                87.9450441952176,26.6712361637212,0
                87.9451785635061,26.6707772056823,0
                87.9452878054525,26.670548540355,0
                87.9456122082534,26.6702102009979,0
                87.9460207883094,26.6698893609578,0
                87.9462805750062,26.6695672060224,0
                87.9463251346573,26.6694134705545,0
                87.9463307687112,26.6690320660017,0
                87.9461467405597,26.6685684775141,0
                87.946127184292,26.6684151780716,0
                87.9460035805519,26.6681858829707,0
                87.9459633396188,26.6680304583831,0
                87.9459664689776,26.6678002907288,0
                87.9461247134634,26.6671899713695,0
                87.9462333270104,26.667038048843,0
                87.9462869466192,26.66699261649,0
                87.9463623763465,26.6669266233267,0
                87.9464502428377,26.6667748884128,0
                87.9464527466775,26.6666214638763,0
                87.9463943858804,26.6663149272552,0
                87.9462298518957,26.6660068876008,0
                87.946190924544,26.6657770316859,0
                87.946239238025,26.6654720597102,0
                87.9463516077913,26.6650922821398,0
                87.9463585537075,26.664710877053,0
                87.9461717090912,26.6644390844663,0
                87.9457937005795,26.6642070352699,0
                87.9456046659789,26.6640502330523,0
                87.9454150668407,26.6639725479361,0
                87.9453109585771,26.6638356208182,0
                87.945146925347,26.6635095203237,0
                87.94482286347,26.662588781866,0
                87.9446037237962,26.661744100849,0
                87.9445883594059,26.6614011921498,0
                87.9439594517653,26.6608954738445,0
                87.9435634516225,26.6604513179621,0
                87.9429984737104,26.6599270399715,0
                87.9425820391169,26.6594446984555,0
                87.942394129516,26.6592699605256,0
                87.9416863038402,26.6584013968833,0
                87.9415017113813,26.6580168012631,0
                87.9411069627634,26.6574959012404,0
                87.9409016230643,26.6571114309608,0
                87.940820638882,26.6568817613721,0
                87.9405933647048,26.656495165774,0
                87.9403478462848,26.6559575205811,0
                87.9402882340645,26.6557277266871,0
                87.9398977403064,26.6549586607934,0
                87.9398381279189,26.6547289296741,0
                87.9396334160013,26.6542677149686,0
                87.9394770782432,26.6535015289313,0
                87.9394595241237,26.6532714853965,0
                87.9394020392811,26.6529266394625,0
                87.9387161195756,26.6532605978899,0
                87.9378187288648,26.6535373063481,0
                87.9372431142289,26.653624600314,0
                87.9366026938545,26.6537687013107,0
                87.9357323068378,26.6537383747085,0
                87.934498089198,26.6538164078052,0
                87.9343709186215,26.6537767213337,0
                87.9342268811031,26.653506803892,0
                87.9337290244702,26.6528128549489,0
                87.933356898339,26.6522150871005,0
                87.9332746628032,26.6520621610015,0
                87.9330932609584,26.6515240790206,0
                87.9328873597673,26.6511396084574,0
                87.9326388996926,26.6507734479761,0
                87.9323515760971,26.6501773692342,0
                87.9322052856434,26.6500226295255,0
                87.9318550326784,26.6494066763619,0
                87.9316461277796,26.6491936902585,0
                87.9313131184397,26.6487694080752,0
                87.9307484543212,26.6481886976134,0
                87.9306448464079,26.6480336472753,0
                87.9306894693707,26.6478822229962,0
                87.9306932243195,26.6476519931586,0
                87.9305325703772,26.6471137245715,0
                87.9304974605916,26.6466559502642,0
                87.9305439595907,26.6464277834897,0
                87.9307186313664,26.6461423120209,0
                87.9309177406274,26.6456874800591,0
                87.9310119914292,26.6451520901956,0
                87.9310271361487,26.6442358571782,0
                87.9310705693465,26.6441791755667,0
                87.9313055400603,26.6441257471137,0
                87.9320760714989,26.643847660118,0
                87.9326763137199,26.6435503224509,0
                87.9331286381492,26.643213484729,0
                87.933300555814,26.6431198093656,0
                87.9335162200809,26.6429311413846,0
                87.9337788209017,26.6424961845287,0
                87.9339339353874,26.6421160954819,0
                87.9340708050263,26.6415826434298,0
                87.9341204338203,26.6411242468934,0
                87.9341298827253,26.6405894179852,0
                87.9341128284747,26.6403413143288,0
                87.9335375891376,26.6403902364369,0
                87.9330262164955,26.6404206621514,0
                87.932005473801,26.6404070812674,0
                87.9312393838397,26.6404549379078,0
                87.9304739208716,26.6404238632839,0
                87.929644278052,26.6404519084117,0
                87.9278602618239,26.6402920133073,0
                87.9262650303702,26.6402708602949,0
                87.9254358870169,26.6402784689497,0
                87.923328219303,26.640382482884,0
                87.9216695589341,26.6403593910923,0
                87.9208410429226,26.6402925060273,0
                87.9202245603526,26.6402829950283,0
                87.9197784936048,26.64023849022,0
                87.9193326138683,26.6402142965906,0
                87.9182465031798,26.6402754585561,0
                87.917800186116,26.640269325699,0
                87.9169691036575,26.6403514275053,0
                87.916714199411,26.6403485486673,0
                87.9163938641298,26.6404024129903,0
                87.9162036408057,26.6403224780511,0
                87.9160166073684,26.6400913073615,0
                87.914987258231,26.6393126676973,0
                87.9146718041617,26.6391161163004,0
                87.9143541597185,26.6390346802872,0
                87.9139890805215,26.6390618579327,0
                87.9137149283201,26.639083913266,0
                87.913269676,26.6389829766859,0
                87.913078825184,26.6389797235267,0
                87.9127589285217,26.6390133396008,0
                87.9116687492428,26.6393430405765,0
                87.9112847976608,26.6393770923368,0
                87.9110742028226,26.6392588484662,0
                87.9108286229662,26.6386827686933,0
                87.9104539944885,26.6382203015527,0
                87.9103297034206,26.6379886946424,0
                87.9103775789934,26.6376837845419,0
                87.9102615480373,26.6369940293486,0
                87.9102693070838,26.6365359436656,0
                87.9104088051277,26.6358491309987,0
                87.9104441950637,26.6350094538751,0
                87.9105159467751,26.634550994829,0
                87.9106082576682,26.6340922859452,0
                87.9106748779194,26.6339407380101,0
                87.9107010055895,26.6336742621356,0
                87.9104024814314,26.6337077536144,0
                87.9101261423395,26.6336847500324,0
                87.9096179606964,26.6335639385023,0
                87.9088572540601,26.6332483260364,0
                87.9086274146302,26.6329970932711,0
                87.9085251209084,26.6327652993573,0
                87.9084211373914,26.6326306211882,0
                87.907919714769,26.6320899714819,0
                87.9076246933777,26.631931667047,0
                87.9073701650505,26.631890353504,0
                87.9065395215788,26.6319363331558,0
                87.9060915759606,26.6320452528707,0
                87.905771679769,26.6320788688181,0
                87.9050003963873,26.6324132005491,0
                87.9042913529074,26.6328442127012,0
                87.9038410312595,26.6330478738698,0
                87.9033280937814,26.6331932897206,0
                87.9030941233593,26.6332105962462,0
                87.9030163022162,26.6340120880446,0
                87.9030130899699,26.634021468676,0
                87.903012668921,26.6340258068779,0
                87.9028598196306,26.6344721887502,0
                87.9028559948077,26.6346968378003,0
                87.9028956736291,26.634870323921,0
                87.9030403995735,26.6350814963726,0
                87.9035252683964,26.635355980935,0
                87.9037981650184,26.635570843398,0
                87.9038803387698,26.6357237684362,0
                87.9040013763031,26.6361088623589,0
                87.9040401785089,26.636338781329,0
                87.9040350474187,26.6366434419621,0
                87.9040751639481,26.6367966173115,0
                87.9042413242449,26.6370099146042,0
                87.9042814412374,26.6371630898448,0
                87.904277116416,26.6371741704511,0
                87.9041922596815,26.6373915676887,0
                87.9040840203301,26.6375231168419,0
                87.9039330368921,26.6376369167636,0
                87.9037804271154,26.6378635194167,0
                87.903780272933,26.6378720714441,0
                87.9037738563899,26.6382268634438,0
                87.9038783401829,26.6383434802181,0
                87.9040680638949,26.6384416002879,0
                87.9046983456768,26.6389271327802,0
                87.9049068127895,26.6391786141638,0
                87.9049864832736,26.6394849650014,0
                87.9049826032418,26.6397152569474,0
                87.9049790744574,26.6397227335991,0
                87.9049388570442,26.6398079357608,0
                87.9048304310077,26.6399214865629,0
                87.9047447528208,26.6399603561223,0
                87.9039384232562,26.6398346017325,0
                87.9038104386767,26.6398512234309,0
                87.9037443823605,26.6399847728502,0
                87.9037446134099,26.6399906750434,0
                87.9037593082237,26.6403660527135,0
                87.9038350986412,26.6409025702494,0
                87.9039159575533,26.6411322393711,0
                87.90395357125,26.6414388387665,0
                87.904053236947,26.6418240572658,0
                87.9042028764449,26.6430483917719,0
                87.90419774482,26.6433529909671,0
                87.9042061111316,26.6437004608107,0
                87.9042974729315,26.6437381469256,0
                87.9045516886951,26.6438178324993,0
                87.906198334109,26.6445452375277,0
                87.9063890572609,26.6446071734546,0
                87.9138628893009,26.6479733357254,0
                87.9139888717663,26.6480289585703,0
                87.9150662217797,26.6485048752176,0
                87.9153203746786,26.6485844352516,0
                87.9156998830232,26.6487828627037,0
                87.9158899818397,26.6488425485631,0
                87.9181064848209,26.6498481289245,0
                87.9197543192784,26.6505392249865,0
                87.9207671143313,26.6510313267742,0
                87.9209571508032,26.6510910124029,0
                87.9227304020147,26.6519189117445,0
                87.9262775949618,26.6534956548342,0
                87.9265314350831,26.65359552661,0
                87.9265284318645,26.6537670735452,0
                87.9265194210305,26.6542838415941,0
                87.9264281112663,26.6546454336205,0
                87.9264894751548,26.6547804232276,0
                87.9263615245348,26.6560381244001,0
                87.9263150257585,26.6562662915362,0
                87.9261809724694,26.6566101338945,0
                87.926049671128,26.656836674891,0
                87.9258757510955,26.6570634015606,0
                87.9256377138804,26.6572906272692,0
                87.9252950049875,26.6574575443447,0
                87.9251032160838,26.6574926629068,0
                87.9249094886288,26.6576044616921,0
                87.9246720763325,26.6578316876566,0
                87.9245863988341,26.6578683704091,0
                87.9242604320803,26.6582450188441,0
                87.9240017099218,26.6584723699006,0
                87.9238297931685,26.6585637333371,0
                87.9235250717766,26.6589989405769,0
                87.9233519026419,26.6591692969196,0
                87.9230474329185,26.6595661324812,0
                87.9226362891563,26.6599614655748,0
                87.9224837416701,26.6601903175435,0
                87.9224165588851,26.6603599893239,0
                87.9224149930653,26.6604751037727,0
                87.9226174537935,26.6610514327597,0
                87.92294802363,26.6615705196017,0
                87.9231107433835,26.6619733624252,0
                87.9232962735954,26.6623196489827,0
                87.9235377251133,26.6630694634851,0
                87.9237232557979,26.6634157500887,0
                87.923905095029,26.6639335213525,0
                87.9239882696851,26.6640503247482,0
                87.9241280515668,26.6645660958106,0
                87.9241360334076,26.6653129688764,0
                87.924108590795,26.6656561258833,0
                87.9240642817674,26.6657692405765,0
                87.9240803981314,26.6660557155729,0
                87.9239835823427,26.6667422798582,0
                87.9239265840118,26.6669908195944,0
                87.9238004620543,26.6675444570627,0
                87.9236018509363,26.6680579713351,0
                87.9234925481495,26.668227891994,0
                87.9232061939816,26.668913452416,0
                87.9230527695584,26.6691987996393,0
                87.9227625359058,26.6701145277958,0
                87.9225654270793,26.670515176658,0
                87.9224128162212,26.6707417796775,0
                87.9219164935899,26.6712527257221,0
                87.9216373376727,26.6714395791179,0
                87.9213162510783,26.6715702498096,0
                87.9208706850834,26.6715257447726,0
                87.9207429506985,26.6715626772669,0
                87.9204849799604,26.671731344758,0
                87.9197695506547,26.6726408149974,0
                87.9193101552527,26.6733793676394,0
                87.9191553547527,26.673723335141,0
                87.9190866693417,26.6740081217656,0
                87.9191248457373,26.6742966602246,0
                87.9192660037922,26.6747583100901,0
                87.919659750482,26.6753943250418,0
                87.9198628363434,26.6759705921658,0
                87.9198811416678,26.6761443268622,0
                87.9198765738426,26.6764308652249,0
                87.9196949562605,26.6771179895733,0
                87.9196697039011,26.6773460942849,0
                87.9194691550672,26.6778596083539,0
                87.9192929826764,26.6782037631477,0
                87.9190320085514,26.67854385416,0
                87.9185055545491,26.6794543274677,0
                87.9182652657532,26.6797966059201,0
                87.9178897950169,26.6805955299413,0
                87.9177998621815,26.6808804409619,0
                87.9176906850411,26.6810503615116,0
                87.9176671230619,26.6811656015433,0
                87.9174923269746,26.6814510738181,0
                87.917337463155,26.6817927905906,0
                87.9172069135929,26.6819628361363,0
                87.9171176696916,26.6821913148378,0
                87.9169658106273,26.6823615468045,0
                87.9168552571112,26.6825901506739,0
                87.9155710719923,26.6842366087398,0
                87.9150979393597,26.6845172003046,0
                87.9147097321547,26.6848175422176,0
                87.9145159421732,26.6849293418663,0
                87.9142779047211,26.6851565049672,0
                87.9139880022375,26.6852666772561,0
                87.9139881893201,26.6852937375405,0
                87.9141819645557,26.6858046974308,0
                87.9142791893385,26.6863434027377,0
                87.9143607364057,26.6865730092953,0
                87.91436496265,26.6875680483844,0
                87.914445256965,26.6878765853759,0
                87.9146913379704,26.6884166058962,0
                87.9148370015495,26.6886480887088,0
                87.9149995939437,26.6891096147173,0
                87.9152670472605,26.6896494474397,0
                87.915448384664,26.6902642727503,0
                87.9155443573941,26.6908774088768,0
                87.9155717706807,26.6917955803291,0
                87.9155635733948,26.6922559149759,0
                87.9154711370641,26.6927123115608,0
                87.9153793275546,26.6930942765032,0
                87.9155465515578,26.6932692027856,0
                87.9156311638282,26.6933273243454,0
                87.9157765157099,26.6935204346665,0
                87.9159795388467,26.6940990139027,0
                87.9160184657548,26.6943289323653,0
                87.9163947823411,26.6947349044104,0
                87.9165643216203,26.6948150250872,0
                87.916963262561,26.6951463796966,0
                87.917385640585,26.6953422452829,0
                87.9176409185789,26.6953834340615,0
                87.9179783708662,26.6955618000565,0
                87.9181670920852,26.695754599268,0
                87.9190516522659,26.69634231531,0
                87.9194749686874,26.6965020591249,0
                87.9201537521213,26.6966443725558,0
                87.9209163983015,26.6969033649098,0
                87.9222782831787,26.6969418873371,0
                87.9225336250455,26.6969831380539,0
                87.9232099054284,26.6972811249987,0
                87.9234645588563,26.697322376766,0
                87.9238034504722,26.6974419350797,0
                87.9238886893269,26.6974233754909,0
                87.9239944872204,26.6974632490907,0
                87.9241653399819,26.6974666896005,0
                87.9251952184278,26.6969816259152,0
                87.9260529283017,26.6966488585623,0
                87.9262902138911,26.6964803148036,0
                87.9265479338385,26.6963500191398,0
                87.9270017596235,26.6959363759157,0
                87.9278845962916,26.6953733159443,0
                87.9283371704923,26.695036353671,0
                87.9292833099249,26.6945316021424,0
                87.9297977490397,26.6943092568882,0
                87.9303158168936,26.693915550162,0
                87.9304892985337,26.6937068216429,0
                87.9307311536035,26.6932516784116,0
                87.9310366241808,26.6928142214591,0
                87.931389407993,26.6920921036569,0
                87.9317002602925,26.6913318623957,0
                87.9317304569097,26.6907946590119,0
                87.931866137076,26.6903380142843,0
                87.9319766906101,26.6901093483428,0
                87.9322160426496,26.6898076913575,0
                87.9327552945312,26.6893934875048,0
                87.933486522887,26.6889644757596,0
                87.9337668038891,26.6887573116056,0
              </coordinates>
            </LinearRing>
          </outerBoundaryIs>
        </Polygon>
      </Placemark>
      <Placemark id="KO_JHAPA_Kankai.9">
        <ExtendedData>
          <SchemaData schemaUrl="#KO_JHAPA_Kankai.schema">
            <SimpleData name="ogc_fid">6413</SimpleData>
            <SimpleData name="objectid_1">6414</SimpleData>
            <SimpleData name="dcode">4</SimpleData>
            <SimpleData name="district">JHAPA</SimpleData>
            <SimpleData name="das">0</SimpleData>
            <SimpleData name="gapa_napa">Kankai</SimpleData>
            <SimpleData name="type_gn">Nagarpalika</SimpleData>
            <SimpleData name="gn_code">13.000000000000000</SimpleData>
            <SimpleData name="new_ward_n">5</SimpleData>
            <SimpleData name="ddgnww">41305.000000000000000</SimpleData>
            <SimpleData name="center">Kalimuda</SimpleData>
            <SimpleData name="state_code">1</SimpleData>
            <SimpleData name="ddgn">4013</SimpleData>
            <SimpleData name="area_sqkm">9.954018660719999</SimpleData>
            <SimpleData name="shape_leng">19671.311641799999052</SimpleData>
            <SimpleData name="shape_area">9954018.660720000043511</SimpleData>
            <SimpleData name="Province">KO</SimpleData>
            <SimpleData name="Address">Kankai-5, JHAPA, KO</SimpleData>
          </SchemaData>
        </ExtendedData>
        <Polygon>
          <outerBoundaryIs>
            <LinearRing>
              <coordinates>
                87.896159480934,26.6187364662795,0
                87.8961479320153,26.6182198226118,0
                87.8961929923415,26.6180503384394,0
                87.8962241883312,26.6175333841037,0
                87.8961644515036,26.6172832787977,0
                87.8960827781859,26.6171101053878,0
                87.8958513737861,26.6169738622636,0
                87.8956811467034,26.6169524236688,0
                87.8952589545805,26.6168129275102,0
                87.8949186234465,26.6167902354255,0
                87.8944967451771,26.6166123679045,0
                87.8938885848018,26.6161265242542,0
                87.8937642298504,26.6159535987105,0
                87.8937268663863,26.6156649977714,0
                87.8937939245222,26.6154953267357,0
                87.893967844961,26.6152663493219,0
                87.8942919966065,26.6149845048322,0
                87.8945544099979,26.6145857322884,0
                87.8945566624151,26.6144706165139,0
                87.8944131875648,26.6141827018446,0
                87.8940765482034,26.6139862750997,0
                87.8934841277465,26.6138275272126,0
                87.8932108556077,26.6136306640782,0
                87.8931108760339,26.6132860672019,0
                87.8929873354409,26.6130543972991,0
                87.8927564308287,26.6129001561922,0
                87.8919907172675,26.6128891431841,0
                87.8916496983371,26.6129431945511,0
                87.8913712940549,26.6130532416101,0
                87.8910728313556,26.6130889833899,0
                87.8907341268097,26.6130279193959,0
                87.8903960486361,26.6128878629813,0
                87.8900611604941,26.6125988816089,0
                87.8897720217223,26.612135853735,0
                87.8896697903582,26.6119040592674,0
                87.8896314878528,26.6116561427624,0
                87.8894928937857,26.6110996249733,0
                87.8895616420841,26.6108126518554,0
                87.8898879839087,26.6104156923019,0
                87.8901468302989,26.6102087770387,0
                87.8910448458884,26.60995044135,0
                87.8915589715296,26.6097283452969,0
                87.8918163794173,26.6095981110102,0
                87.8914215041384,26.6090951475271,0
                87.8912341584133,26.6088819120462,0
                87.8909400761796,26.608667175123,0
                87.8906891140903,26.6084363153396,0
                87.8903559791239,26.6080480298083,0
                87.8900407739309,26.6078536662671,0
                87.8898116221992,26.6076024336996,0
                87.8891627810719,26.6070378447932,0
                87.8882194822116,26.6062968291619,0
                87.8875728940809,26.6056171874358,0
                87.8871207855431,26.6047670655343,0
                87.8870411777188,26.6044606529436,0
                87.8871091112568,26.6042323611473,0
                87.8872476702244,26.6036402902884,0
                87.8873083730093,26.6026448150146,0
                87.8874511859994,26.6018022649186,0
                87.8875656819274,26.6013457439143,0
                87.887630987737,26.6012686271548,0
                87.887881387679,26.6015220471898,0
                87.8882731957934,26.602198808338,0
                87.8889241023418,26.6026279711371,0
                87.8891798823216,26.6025925415178,0
                87.8894374147743,26.6024623082758,0
                87.8900180978974,26.6020886008576,0
                87.8905326626617,26.6018461943747,0
                87.8911298379529,26.60173865201,0
                87.8914310527817,26.6015720471682,0
                87.8914961720776,26.6014768691646,0
                87.8911839704526,26.6011087697738,0
                87.8911017970132,26.6009535944622,0
                87.891083678534,26.6008002952246,0
                87.8911302402543,26.6005698156293,0
                87.8912633554737,26.6002665946301,0
                87.8913722187359,26.6001327950656,0
                87.8917154284987,26.599965941508,0
                87.8923111650858,26.5999170815711,0
                87.8925917589483,26.5996896692766,0
                87.892704064536,26.5993663240418,0
                87.8927053790837,26.5992895806551,0
                87.8925423464816,26.5989047355916,0
                87.8924384258276,26.5987699953602,0
                87.8923127563489,26.5986715015382,0
                87.8919174443451,26.5981865984264,0
                87.8915461939324,26.5975683954509,0
                87.8915093303415,26.5972617330446,0
                87.8917090651504,26.5968047143446,0
                87.8919247295004,26.5966160467699,0
                87.8920317788681,26.5965793025245,0
                87.8924557852792,26.5966420542673,0
                87.892624074101,26.5967402994487,0
                87.8929576468087,26.5971105233091,0
                87.8932299195508,26.5973434463644,0
                87.8934620746883,26.5974232562452,0
                87.8935473764992,26.5974248829071,0
                87.8936117439149,26.5973861995879,0
                87.8936547386509,26.5973498288088,0
                87.8936788644451,26.5972165906226,0
                87.8935592029582,26.5967547534945,0
                87.8931484616657,26.5959833116333,0
                87.8931102843589,26.5957511443129,0
                87.8931341595727,26.595599844682,0
                87.8932641459589,26.5954478605486,0
                87.8934147532213,26.595372432586,0
                87.8935426752353,26.5953558114935,0
                87.8937112144235,26.5954157467652,0
                87.8939204949342,26.5956106709943,0
                87.8943817408953,26.5959417761964,0
                87.894466165782,26.5959818373105,0
                87.8946367075346,26.5959649668304,0
                87.89470101239,26.5959261586278,0
                87.895092222186,26.5954724555078,0
                87.8957503511564,26.5943333162546,0
                87.8960096354904,26.594106027592,0
                87.8959292143309,26.5938561108602,0
                87.8956614474469,26.5933929582829,0
                87.8955605295764,26.5930844204914,0
                87.8954414929685,26.5926226454757,0
                87.8953845721185,26.5922393646475,0
                87.8953941456349,26.59170228657,0
                87.8952738575392,26.5913194422474,0
                87.8950452057351,26.5910478985997,0
                87.8949837799934,26.5908925362591,0
                87.8947360706959,26.5905060020133,0
                87.894569034076,26.5903310143574,0
                87.894378935302,26.5902532673676,0
                87.8941912763133,26.5900784042535,0
                87.8940459252831,26.5898649823727,0
                87.8940077479187,26.5896350641384,0
                87.894016069877,26.5891746658938,0
                87.8942656197832,26.5883359934831,0
                87.8942738791829,26.5878755960831,0
                87.8941742764225,26.5874903770736,0
                87.8941612883974,26.5870324166767,0
                87.8942944655205,26.5867269455973,0
                87.8944893825065,26.5865384024911,0
                87.8947019807619,26.5865212833014,0
                87.8948712074424,26.5865811561449,0
                87.8953799522728,26.5866456602487,0
                87.8955504940637,26.5866287898032,0
                87.8959141371717,26.5865204315001,0
                87.8964859353912,26.5866228702181,0
                87.8969111930079,26.5866089420549,0
                87.8972314034234,26.586557264907,0
                87.8972966471075,26.5864620872153,0
                87.8973405181194,26.586385094991,0
                87.8974353316597,26.5858316442351,0
                87.8973841662738,26.5851415155986,0
                87.8974804181084,26.584529382043,0
                87.897493244956,26.5838411299579,0
                87.8974397563231,26.5836654563402,0
                87.8972131147814,26.5829177036326,0
                87.8970293974011,26.5825330464676,0
                87.8969517288846,26.5821499533637,0
                87.8969368005956,26.5818431666425,0
                87.8966949105672,26.5811519715281,0
                87.89686797887,26.5799300808934,0
                87.8969888560957,26.5791847100067,0
                87.8969936737187,26.578916170609,0
                87.8969579365682,26.5785914476474,0
                87.8970053742116,26.5783249095238,0
                87.8970098785833,26.5780946787005,0
                87.8964113891968,26.5782586534388,0
                87.8954947544523,26.5784178729684,0
                87.8945583736641,26.5784621639933,0
                87.8935365035467,26.5785633237953,0
                87.8932802853777,26.578616813803,0
                87.892684549032,26.5786475499209,0
                87.8919237145128,26.5784267420964,0
                87.8917536742148,26.5784233022599,0
                87.8910757017492,26.5782989251904,0
                87.8904823424243,26.578234982119,0
                87.8895500295101,26.5780692915398,0
                87.888281763663,26.5777071738618,0
                87.8881970876653,26.5777054220394,0
                87.8876900319255,26.577525803589,0
                87.8861665493735,26.5771787419836,0
                87.8851492456211,26.5770519836801,0
                87.8845566378287,26.5769270464613,0
                87.8843647865279,26.5769440411844,0
                87.8842755433814,26.5771724572103,0
                87.8842251659717,26.5775541109419,0
                87.8840661740028,26.5780876240949,0
                87.8840616695452,26.5783178539353,0
                87.8842407571798,26.5789327419912,0
                87.8846130714408,26.5794538916759,0
                87.8848007304975,26.5796287549441,0
                87.8850700632206,26.5799768549485,0
                87.8854465070956,26.5803062089453,0
                87.8863687481835,26.5809502954826,0
                87.8865153512203,26.5810870359303,0
                87.8872354171756,26.5822830094912,0
                87.8872936531204,26.5825895464892,0
                87.8872844564706,26.5830295702935,0
                87.8870016098033,26.5833698482034,0
                87.8866349005705,26.583651879554,0
                87.8866073411976,26.5836656283139,0
                87.8862916908669,26.5838187338079,0
                87.8856115291129,26.5838094719201,0
                87.8854411750028,26.5838465902015,0
                87.8852484480316,26.583920017626,0
                87.885118337194,26.5840516919753,0
                87.8848972302659,26.5845088976045,0
                87.8848293587526,26.5847371890924,0
                87.8847699077017,26.5856559839339,0
                87.8845662304461,26.5863431712332,0
                87.8843030664118,26.5867983769488,0
                87.8838928615994,26.5871394019755,0
                87.8834626602165,26.5874196195645,0
                87.8832021242024,26.5877235886181,0
                87.8830262649065,26.5880270590386,0
                87.8825056305994,26.5886124360452,0
                87.8812361153253,26.5882705670267,0
                87.8810656373237,26.5882873746601,0
                87.8806415681837,26.5882223095415,0
                87.8802185625494,26.5881210607838,0
                87.8798802337414,26.588021687704,0
                87.8791196498,26.5877623833983,0
                87.878445369462,26.5874642091262,0
                87.877097747366,26.5867368716481,0
                87.8767829810773,26.5865222592221,0
                87.8764459656349,26.5863460186428,0
                87.8762794918464,26.586150719573,0
                87.8759865970687,26.5859178593539,0
                87.8754812941359,26.5856411861355,0
                87.8750582262656,26.5855399990795,0
                87.8738706331648,26.5853893026544,0
                87.8729183861469,26.5851649911438,0
                87.872810898935,26.5852220474339,0
                87.872721654899,26.5854505260595,0
                87.8726452731199,26.5861392148339,0
                87.8726976273792,26.5867526632537,0
                87.8726102335919,26.5880551734492,0
                87.8727091497002,26.5884381426662,0
                87.8727362513996,26.5892818824455,0
                87.8726025734919,26.5896054149602,0
                87.8724942728255,26.5897188402399,0
                87.872408532301,26.5897555228817,0
                87.8723285435465,26.5897131498403,0
                87.8722189341352,26.5896574026799,0
                87.8718054236911,26.58973882612,0
                87.871286422922,26.5899700464188,0
                87.8705109537022,26.5902319467793,0
                87.8698796516624,26.5906329626801,0
                87.868926450796,26.5911171527934,0
                87.8687480308594,26.5913393798734,0
                87.8686065405903,26.5917170326697,0
                87.8686008503573,26.5918682694686,0
                87.8687905609245,26.5924831574228,0
                87.8688424223212,26.5927896940936,0
                87.8690806314603,26.5932530962467,0
                87.8691356810226,26.5934828894995,0
                87.8691480495191,26.5937129953424,0
                87.8690772277503,26.5944715528843,0
                87.8689997922242,26.5948511439874,0
                87.8690194625689,26.5954602795507,0
                87.8691114422537,26.5958433105329,0
                87.8695684257236,26.596693432994,0
                87.8696448484566,26.5969254148149,0
                87.8697170045352,26.5978410867686,0
                87.8697039847289,26.5987730061307,0
                87.8697792815707,26.5990231104548,0
                87.8698390710676,26.5997086773451,0
                87.8699674168651,26.6002472584446,0
                87.8700641344565,26.601086000175,0
                87.8700073836157,26.601465466546,0
                87.8699375761365,26.6016170772013,0
                87.8696723544741,26.6018939858036,0
                87.8696032345292,26.6020432844519,0
                87.869425315333,26.6022474510195,0
                87.8690997276306,26.602427741116,0
                87.8689020622585,26.6025936608839,0
                87.8683850001715,26.6027683235566,0
                87.8678510041266,26.6028483064918,0
                87.8676787128497,26.6028989871075,0
                87.867340194882,26.6028514218779,0
                87.8659796832216,26.6028483967675,0
                87.8645395607266,26.6026901953463,0
                87.8641989167041,26.6026990011211,0
                87.8637688443776,26.6028392938874,0
                87.8633413351387,26.6029027797444,0
                87.8622241598579,26.6032119199568,0
                87.8619640659106,26.6033375912881,0
                87.861810644628,26.6034648903309,0
                87.8615504884467,26.6035905617717,0
                87.8613971299652,26.6037201104428,0
                87.8610490449633,26.6039185243453,0
                87.8598392523775,26.6044335819763,0
                87.8593233148911,26.6045901211423,0
                87.8590664091677,26.6046390495568,0
                87.8577895112557,26.6046580237891,0
                87.8573603768271,26.6047576326307,0
                87.8565834077489,26.6050782149095,0
                87.8560626561622,26.6053476194426,0
                87.8558447428456,26.6054933533017,0
                87.8556662610601,26.6057155808975,0
                87.8554165958606,26.6061457882975,0
                87.8553269035649,26.6068300400147,0
                87.8553070196579,26.6073604320705,0
                87.855351125748,26.6078949489435,0
                87.855535084796,26.6086633232541,0
                87.8557642887225,26.6093546433676,0
                87.8560386769854,26.6099712823071,0
                87.8563407521675,26.6104184994008,0
                87.8566402635141,26.6109424593597,0
                87.8573158613183,26.6110760230431,0
                87.8577392423384,26.6111275893612,0
                87.8592584143742,26.6114388404892,0
                87.8609513785087,26.6116610414077,0
                87.8612041567985,26.6117272277521,0
                87.8621351582965,26.6118501721511,0
                87.8625569144381,26.6119379223774,0
                87.8632346996222,26.612014990736,0
                87.8639909090039,26.6122676706073,0
                87.8646560010121,26.6126675239283,0
                87.8649946444,26.6127150880717,0
                87.8654195887001,26.6127282827945,0
                87.8660177636321,26.612652488341,0
                87.8669550188326,26.6126038842895,0
                87.8672977885454,26.6125386467623,0
                87.8679780757045,26.6125389718393,0
                87.8682350434485,26.6124900433591,0
                87.8683192824048,26.6125121057812,0
                87.8684018955408,26.612570227138,0
                87.8685794257294,26.612957260012,0
                87.8687128989532,26.6133603527928,0
                87.8688513120115,26.6136506425181,0
                87.868922919975,26.6139954266598,0
                87.8692245572242,26.6144606421091,0
                87.8693987746239,26.614922168233,0
                87.8695018214183,26.6150208488445,0
                87.8697119176598,26.61508497247,0
                87.8705623075666,26.6150910499185,0
                87.8712467844788,26.6149785730483,0
                87.8718418948796,26.614995144906,0
                87.8723255807405,26.6150554613873,0
                87.8728358892179,26.6150658447143,0
                87.8735393008037,26.6149622423738,0
                87.8743720107661,26.6147811479402,0
                87.8750749841792,26.6147136052615,0
                87.8756291019996,26.6146267476047,0
                87.8759489367268,26.6145931940237,0
                87.876650533713,26.6145843334677,0
                87.876841633019,26.6146237704962,0
                87.8770937217448,26.6147621389679,0
                87.8773033782614,26.6149368150475,0
                87.8774689764615,26.6151682356452,0
                87.8776746286047,26.615555080659,0
                87.8778637886247,26.6156735117391,0
                87.8781813713756,26.6157527612721,0
                87.878497138491,26.6159313143527,0
                87.8787062328362,26.6161060529103,0
                87.8788727691482,26.6162990391078,0
                87.8791881609847,26.6165159641476,0
                87.8794417509321,26.6165956491492,0
                87.8798871926135,26.6166583398311,0
                87.8805208551581,26.6168778326691,0
                87.8810906510659,26.6171156980886,0
                87.8818492945048,26.6175081785233,0
                87.8824790779629,26.6179554639152,0
                87.8834903727368,26.6184660012938,0
                87.88437593584,26.6188779202238,0
                87.8845660344363,26.6189557294608,0
                87.8851348926944,26.6192319659429,0
                87.8855795822664,26.6193510889545,0
                87.8862136830691,26.6195502084936,0
                87.8867845426872,26.6197497024533,0
                87.8875480037101,26.6198735810654,0
                87.8883109023922,26.6199974599903,0
                87.8888222117395,26.6199671593898,0
                87.8892503474883,26.6198178052699,0
                87.8894656985439,26.6196675718614,0
                87.8897693546658,26.6193271694998,0
                87.8909234629995,26.6189972828538,0
                87.8913071653291,26.6189452317984,0
                87.8922016136846,26.6188786922593,0
                87.8930330087346,26.6187742167945,0
                87.893543318006,26.6187822883272,0
                87.8941184323074,26.6187313028144,0
                87.8958411474986,26.6187137116813,0
                87.896159480934,26.6187364662795,0
              </coordinates>
            </LinearRing>
          </outerBoundaryIs>
        </Polygon>
      </Placemark>
    </Document>
  </Document>
</kml>
