<?xml version="1.0" encoding="utf-8" ?>
<kml xmlns="http://www.opengis.net/kml/2.2">
<Document id="root_doc">
<Schema name="Kamalamai" id="Kamalamai">
	<SimpleField name="id" type="string"></SimpleField>
	<SimpleField name="timestamp" type="string"></SimpleField>
	<SimpleField name="begin" type="string"></SimpleField>
	<SimpleField name="end" type="string"></SimpleField>
	<SimpleField name="altitudeMode" type="string"></SimpleField>
	<SimpleField name="tessellate" type="int"></SimpleField>
	<SimpleField name="extrude" type="int"></SimpleField>
	<SimpleField name="visibility" type="int"></SimpleField>
	<SimpleField name="drawOrder" type="int"></SimpleField>
	<SimpleField name="icon" type="string"></SimpleField>
	<SimpleField name="OBJECTID_1" type="int"></SimpleField>
	<SimpleField name="OBJECTID" type="int"></SimpleField>
	<SimpleField name="District_2" type="string"></SimpleField>
	<SimpleField name="Local_leve" type="string"></SimpleField>
	<SimpleField name="स्थ" type="string"></SimpleField>
	<SimpleField name="PROVINCE_2" type="int"></SimpleField>
	<SimpleField name="DISTRICT_3" type="string"></SimpleField>
	<SimpleField name="GAPA_NAP_2" type="string"></SimpleField>
	<SimpleField name="GN_TYPE_12" type="string"></SimpleField>
	<SimpleField name="GAPANAPA_1" type="string"></SimpleField>
	<SimpleField name="GN_TYPE_13" type="string"></SimpleField>
	<SimpleField name="Changed_Na" type="string"></SimpleField>
	<SimpleField name="Old_LL_Na" type="string"></SimpleField>
	<SimpleField name="Code" type="int"></SimpleField>
	<SimpleField name="Shape_Leng" type="float"></SimpleField>
	<SimpleField name="Shape_Area" type="float"></SimpleField>
</Schema>
<Folder><name>Kamalamai</name>
  <Placemark id="Kamalamai.1">
	<name>Kamalamai Municipality</name>
	<Style><LineStyle><color>ff0000ff</color></LineStyle><PolyStyle><fill>0</fill></PolyStyle></Style>
	<ExtendedData><SchemaData schemaUrl="#Kamalamai">
		<SimpleData name="id">0</SimpleData>
		<SimpleData name="tessellate">-1</SimpleData>
		<SimpleData name="extrude">0</SimpleData>
		<SimpleData name="visibility">-1</SimpleData>
		<SimpleData name="OBJECTID_1">231</SimpleData>
		<SimpleData name="OBJECTID">233</SimpleData>
		<SimpleData name="District_2">Sindhuli</SimpleData>
		<SimpleData name="Local_leve">Kamalamai MC</SimpleData>
		<SimpleData name="स्थ">कमलामाई नगरपालिका</SimpleData>
		<SimpleData name="PROVINCE_2">3</SimpleData>
		<SimpleData name="DISTRICT_3">SINDHULI</SimpleData>
		<SimpleData name="GAPA_NAP_2">Kamalamai</SimpleData>
		<SimpleData name="GN_TYPE_12">Nagarpalika</SimpleData>
		<SimpleData name="GAPANAPA_1">Kamalamai Nagarpalika</SimpleData>
		<SimpleData name="GN_TYPE_13">Municipality</SimpleData>
		<SimpleData name="Changed_Na">Kamalamai Municipality</SimpleData>
		<SimpleData name="Old_LL_Na">Kamalamai Municipality</SimpleData>
		<SimpleData name="Code">31105</SimpleData>
		<SimpleData name="Shape_Leng">1.47274868472</SimpleData>
		<SimpleData name="Shape_Area">0.0439289219118</SimpleData>
	</SchemaData></ExtendedData>
      <Polygon><outerBoundaryIs><LinearRing><coordinates>85.9047406581522,27.3246171932106 85.904568095412,27.3247895688909 85.9041179079292,27.3249395054795 85.9037976578157,27.3249370053523 85.9030943450388,27.3248163805074 85.9028377204659,27.3248346934899 85.9023242824615,27.3249254436127 85.9017454076732,27.3251510684063 85.9013599707884,27.3252653808794 85.9011034703225,27.3253016929795 85.9007188446301,27.3252986928268 85.9002699072109,27.3253515678203 85.8998214698172,27.3253503177566 85.899565095257,27.325386630756 85.8989882205705,27.3254001934967 85.8985386581196,27.3255116937764 85.8981537824144,27.3255673189098 85.8978974078542,27.325565318808 85.8970631576573,27.3257121311369 85.8966788449304,27.325709193937 85.8962299084106,27.3257643181457 85.8961659699044,27.3257457560498 85.8957171574916,27.3257805680736 85.895204658384,27.3257765058164 85.8938583452527,27.3258809427869 85.8929598453826,27.3260092550733 85.8925745955576,27.326101005247 85.8919977820253,27.3261166930959 85.8915484695871,27.3262101933586 85.8909070952147,27.3262998804776 85.8907148453213,27.3262983813006 85.8904577827765,27.3263550055856 85.8896889702628,27.3263691924588 85.8893697831529,27.3262696307364 85.8892200956778,27.3262684427263 85.8887060326416,27.3264178181353 85.8882555330926,27.3266263188558 85.8877417200692,27.3267576303957 85.8874199698792,27.3269085058809 85.8870987835669,27.3270030052953 85.886777970475,27.3270388182692 85.8853038450827,27.3270857550108 85.8839565327998,27.3272848182006 85.8829294076777,27.3274887557393 85.8821582829961,27.3277330676351 85.8818364077997,27.3278658801506 85.8815788452294,27.3280172565606 85.8811282827276,27.3281851311126 85.8806144697042,27.3283163805989 85.8799085947465,27.3284461309082 85.8793955326606,27.3284984429234 85.8784982199013,27.3285318807765 85.8781143451463,27.3284904434155 85.8778575326142,27.3285267564149 85.8773450326072,27.3285226303056 85.8770894701387,27.3284619428641 85.8768330955786,27.3284598807088 85.8756175957603,27.328298942661 85.8749155959999,27.328042880167 85.8745958450125,27.3279635685762 85.8741501577587,27.3276914432143 85.8738126576664,27.3273051933384 85.8733049708541,27.3268227551134 85.8728832830234,27.3263003814024 85.8727992823449,27.3261463178052 85.8726341570336,27.3256079432798 85.8726380331301,27.3252244435439 85.8728162202574,27.3244970674919 85.8728179703465,27.3243233185402 85.8728417827096,27.3240933805775 85.8729304086235,27.3237872552835 85.8733439071885,27.3230234430244 85.8738628454728,27.322393568338 85.8742077820947,27.322069130961 85.8743584084666,27.3219756306982 85.8754530954808,27.3214270686039 85.8764822827582,27.3210111310659 85.8768907828673,27.3207459431074 85.8771479695192,27.3206328806979 85.8777475944644,27.3204842553272 85.8779191580531,27.3204089430406 85.8781345952778,27.3202188812082 85.8782205331052,27.3201811931388 85.8787329081058,27.3201650052645 85.879074158389,27.3202060685057 85.8796730953496,27.3201138803601 85.879930594967,27.3199828179337 85.8801680324123,27.3197342558215 85.88059790771,27.3194691937688 85.8811376573055,27.3188959424681 85.8814190322389,27.3185145057869 85.8817864070533,27.3180955051433 85.8819618449399,27.3176366310674 85.8821783451683,27.3173315687772 85.8823088446164,27.3171023808526 85.8824623452353,27.3167178181129 85.882744283147,27.3162800683136 85.8836272822282,27.315538005363 85.8838225322743,27.3152507560298 85.883933032503,27.3148679433793 85.883936157662,27.3145611930535 85.8838958453584,27.3143307559647 85.8835637205396,27.3134075057341 85.8835920951853,27.3127150055579 85.8836600329959,27.3123320058475 85.8838580952355,27.3117198182125 85.883837720997,27.3116429428967 85.8836050949477,27.3114109436779 85.883371720659,27.31125569297 85.883158594703,27.311215630679 85.882710032303,27.3112503806492 85.8825819709286,27.3112313185279 85.8822627829194,27.3111317559062 85.882071908096,27.3110151933185 85.8817976576259,27.310688067855 85.8817145958442,27.3104370056156 85.881716157974,27.310283505896 85.8818032208588,27.3101308182681 85.882212220094,27.3098068809165 85.8828340332189,27.3095432559872 85.8838623445525,27.3092063179739 85.8839482832792,27.3091686308038 85.8840561583744,27.309054443337 85.8841431583062,27.3088813805714 85.8837623457575,27.3085331928846 85.8836794080828,27.3083023187231 85.8836809081591,27.3081488801578 85.8838114085066,27.3079198181389 85.8841979695494,27.3076927553224 85.884305782591,27.3075784428493 85.8844372200365,27.3072523803895 85.8844617833371,27.3069456930166 85.8846167831331,27.3064099427255 85.8845968450678,27.306256380053 85.8844712829213,27.3060251938253 85.8844306576521,27.3057947558371 85.8844133456198,27.3054087550746 85.8844797204012,27.3051791309768 85.8847823455169,27.3048182555939 85.8851707196016,27.3044378180643 85.885881220694,27.3038883800261 85.8859895949152,27.3037561304889 85.88611984525,27.3035450684869 85.8862307195985,27.3031646309572 85.8862322205742,27.3030111932912 85.8861285956954,27.3027035058674 85.8858763454458,27.3023179430769 85.8857493452765,27.3022019425682 85.8854944078398,27.302084755848 85.8852397833687,27.3019090058952 85.8850288454738,27.3016591307666 85.8844999084791,27.3011946305049 85.8843536582293,27.3008865680621 85.8845293452293,27.3004276930867 85.8844675327305,27.3001970059851 85.8842987822347,27.3000241932321 85.883640219937,27.2996715053164 85.8835131577142,27.2995554436535 85.8831340332011,27.2990740054794 85.8830089701807,27.2987661930492 85.8827575329222,27.2983038808486 85.8826312207375,27.2981495051851 85.8825041576154,27.2980333805694 85.8822069707261,27.2978572564968 85.8816970328998,27.2976050053479 85.881228470381,27.297486193545 85.880929658409,27.2974635053398 85.8804610958902,27.2973446926377 85.8803334697898,27.2972850061464 85.8799521572156,27.296995380793 85.879784845642,27.296648818189 85.8796822819683,27.2962644434087 85.8796894702838,27.2955740683407 85.8796319080014,27.2949598806039 85.8797016579545,27.2944256933419 85.8795166575308,27.2937337552448 85.8793703452274,27.2934256937013 85.8792022206628,27.2931942556621 85.8784173461805,27.2926893189898 85.8781850330969,27.2924370057874 85.8780807822869,27.2921879436497 85.8778476580109,27.2920123807568 85.8777425951093,27.2918783811305 85.8776804075914,27.291724443439 85.8776615334293,27.2914941304571 85.8775797208118,27.2911888802077 85.8774132204305,27.2908220063182 85.8773932194124,27.2907090680157 85.8772243457089,27.2905158810242 85.8770980326249,27.2903615062601 85.8766544075266,27.28995631837 85.8765296574718,27.289648442987 85.8765315325672,27.2894950062202 85.8767975326173,27.2886555057561 85.8768260952222,27.288044318172 85.8767860958841,27.2878138181302 85.8765960952059,27.2876205061324 85.876428220654,27.2873326308682 85.8759632203669,27.2868888807634 85.8758149079617,27.2867928803734 85.8755170960406,27.2866755677475 85.8750269083204,27.286574442996 85.874729470519,27.2864209432765 85.8734520952491,27.2860271309653 85.8731984078761,27.2857949437873 85.8730511575754,27.2855839429395 85.8729676578216,27.2854117552184 85.8728858452041,27.2851042557538 85.8728474079959,27.2847226302141 85.872854220393,27.2841111926172 85.8729679698879,27.2835006309643 85.8730558448643,27.283271193027 85.8733404079096,27.2826620055447 85.8728873452805,27.2830781310419 85.8725053447216,27.283332193434 85.8722644700511,27.283425068665 85.8716630329633,27.28352625547 85.8707120322195,27.2838886309292 85.8701087200363,27.2840462558587 85.8692486573744,27.284217567636 85.8688202830523,27.2842479423835 85.8686505325056,27.2842059429436 85.8684792827818,27.2842203807288 85.8682402823074,27.2843493180471 85.8679972204752,27.2846293808634 85.8672525953438,27.2852438806665 85.8668542198508,27.2857121931725 85.8666805950061,27.2858033183143 85.866168532971,27.2857743806904 85.8657460960015,27.2855926933849 85.8654957199481,27.2853785682774 85.8654135952644,27.2852605685662 85.8652311579208,27.2849138809559 85.8650539708445,27.284393505548 85.8650012208574,27.283991442817 85.8649229704716,27.2837426306921 85.8647976583378,27.2836445681467 85.8642065320266,27.2833825683003 85.8634440957368,27.2831371934007 85.8632759702728,27.2830365686746 85.8625972207965,27.2828506311529 85.8612349077501,27.2826499428803 85.8608344701018,27.2824481304499 85.8604955319866,27.2823461306538 85.8596427196938,27.2822692562373 85.8588730950885,27.2822720054779 85.8581870952432,27.2823341300429 85.8577567199199,27.2824389438312 85.8574110323605,27.2825646930375 85.8569808449965,27.2826514429567 85.856703595273,27.2826266305426 85.85653490773,27.282546255948 85.855754470524,27.2814410675 85.8555099077161,27.2810329433093 85.8553489705676,27.2806865057117 85.8551237198938,27.2803370679614 85.8550038450872,27.2800495677162 85.8549265947522,27.279760130322 85.8549305329023,27.2796270048409 85.8548502203612,27.2794526308574 85.8547876578243,27.2793956936068 85.8544479085167,27.2793116929284 85.8541921571897,27.2792870675742 85.8536767829357,27.27937081824 85.853461094799,27.2794412561778 85.8532636575912,27.279608880717 85.8531740325257,27.2797593182303 85.8529639076218,27.280366817677 85.8527399079109,27.2807238178626 85.8523898451288,27.2810029435809 85.8520895951339,27.2810343183793 85.8520047823637,27.2810133182097 85.8518382208282,27.2808585054736 85.8514669699173,27.2803907559459 85.8512632203379,27.2800438174235 85.8511630956372,27.2798105681411 85.8511658448779,27.2797158178147 85.8509600331431,27.2794433812859 85.8508137828933,27.2793271298651 85.8502232204597,27.2790470049954 85.8498837823191,27.2789630061155 85.8497127205545,27.2789593179782 85.8492877825584,27.2788723800998 85.8486884076259,27.2788967554412 85.8484331572236,27.2788540680167 85.8478340332032,27.2788784424588 85.847662032542,27.2789131303754 85.8472352203497,27.2788848186825 85.8470634076477,27.2789195056999 85.8465725948957,27.2788883800149 85.8464420954475,27.2789640682199 85.8462645324528,27.2791881929372 85.8459109703918,27.2803269433453 85.8457755956955,27.2805717561659 85.8456649704604,27.2807018185415 85.8453197829264,27.2808095056774 85.8448924707087,27.2807991931021 85.8442992822422,27.2806160677739 85.8432074083208,27.2799414426083 85.8422787207631,27.2795186306197 85.8421089081628,27.2794766311798 85.8419404706326,27.2793781936154 85.8416007204257,27.2792941929369 85.8407559696943,27.2789306933197 85.8405859700342,27.2788886929805 85.8399876581055,27.2788746931672 85.8396447827395,27.2789056929465 85.8392130952991,27.2790465058692 85.8384983448898,27.2793565054611 85.8383462202401,27.2794477556093 85.8378595956509,27.2800100684035 85.8377011577304,27.2803133806046 85.8373887200648,27.2807642551727 85.8372945947703,27.2810681303521 85.8372813458945,27.2815260052765 85.8374946571116,27.2822949427965 85.8375794707812,27.2830628182121 85.8376561581378,27.283370318576 85.8377372827706,27.2835243803746 85.837657845274,27.284058505583 85.8376639705858,27.2845932558232 85.8377021577813,27.284747067609 85.8378047205557,27.2849013182661 85.837928970585,27.2850377550668 85.8380100331643,27.2851940687785 85.838383033265,27.2856033180264 85.8384426577028,27.2857573177715 85.8384359082585,27.2859850676732 85.8383203457217,27.2862886937392 85.8377863455197,27.2870018181665 85.8376282196653,27.2873051303677 85.8374859705184,27.2877777551435 85.8373827197594,27.2883861305342 85.8372436578251,27.2887662559976 85.8370187830697,27.2891434433618 85.8365090952562,27.2897620054219 85.8363780948833,27.2898533805765 85.8356913449998,27.2899537561892 85.8352660328839,27.2898690054725 85.8350097824308,27.2898623180818 85.8344894079223,27.2901175055312 85.8344033459878,27.2901348184627 85.8337265327612,27.2906165687031 85.8331864702002,27.2908151309682 85.83301253239,27.2909061931572 85.83283684539,27.2910739427028 85.8327253451104,27.2912241931562 85.832654845119,27.2914515059854 85.8326670957426,27.2917585054245 85.8327071571343,27.2918535678171 85.8333130332969,27.2923663178368 85.8334995949511,27.2925798808654 85.833576845286,27.2928896933974 85.8335292826133,27.2930607560612 85.8334189703438,27.2931930055985 85.8332012200517,27.2933400688393 85.8327722827513,27.2933884436038 85.832685719892,27.293426067821 85.8320020331142,27.293409067855 85.8310652201428,27.2932726310543 85.8306365949087,27.2933210058187 85.830294158414,27.2933136304433 85.8301240949017,27.2932716310034 85.8297385321112,27.2932818806258 85.8296730323744,27.2933196937015 85.829561970966,27.2934700053092 85.8294470325617,27.2937735684224 85.8293367211915,27.2946910054074 85.8292896576449,27.2948440060009 85.8287808448759,27.2954647561221 85.8286288452327,27.2955379433005 85.8283712197096,27.2955696310645 85.8276110955879,27.2951706934924 85.8268364077751,27.295306380255 85.8263580956594,27.295584380916 85.825897219683,27.2959956932185 85.8255664078807,27.2963516933533 85.8253209700282,27.2967286936576 85.8251354075256,27.2972618799693 85.825052720763,27.2979493807902 85.8249039083323,27.2987130050901 85.8248405948579,27.2994773803275 85.8246570945106,27.2999338810813 85.8247569071449,27.3002031933504 85.825134719541,27.3004793800701 85.8257039076852,27.3008180681725 85.8260218456307,27.3009403181 85.8262746579592,27.3011003811033 85.8265501575936,27.3012020058803 85.8266540333844,27.3013179434362 85.8266734705248,27.3013948178527 85.826666532222,27.3016632559765 85.8264457826766,27.3019073178596 85.826055719657,27.302071068101 85.8255783455387,27.3023106936072 85.8253191578857,27.3024010687108 85.824652532228,27.3025015054777 85.824309532755,27.3025121939714 85.8224149695957,27.3028911305253 85.8212202828871,27.3027321934787 85.8205306578573,27.3028888183573 85.8201010955251,27.3029370681154 85.8191646575729,27.3027238810052 85.8185644705488,27.3027504435083 85.8152699701257,27.3034243177364 85.8140685951272,27.3035134436758 85.8133794701228,27.3036520055846 85.8121687825999,27.3040840059906 85.8116479080659,27.3043413185482 85.8115618452321,27.3043586305804 85.8108217823833,27.3048013176814 85.8101308452363,27.3050165687456 85.8098304702351,27.3050275675068 85.8096363452463,27.3050823175958 85.8089705955324,27.305162443077 85.808264657622,27.305127068075 85.8070050953092,27.3049855060134 85.8067027822596,27.3042880055828 85.8059798452825,27.3032957554372 85.8058592824912,27.3030060050775 85.8053245961031,27.3021891298657 85.8047444082984,27.3014689430285 85.804136344974,27.3009944431572 85.803629783219,27.3007149433192 85.8027679075152,27.3001208798081 85.8022621578518,27.2998232558462 85.8018015948409,27.2994289435096 85.8012345947577,27.2990156931587 85.8009854696673,27.2987225055737 85.8007761577544,27.2985447555191 85.8005485328589,27.2982516929404 85.8002509070984,27.2973849437871 85.800247907845,27.2966945678199 85.800208407633,27.2965791311888 85.8002190952273,27.2961753804221 85.8002972197075,27.295661568298 85.8004397206658,27.2951461310912 85.8006463453915,27.294633443125 85.8007655322135,27.2941764432451 85.8007749076907,27.2938313177646 85.800577032511,27.293233942934 85.8001815951172,27.2920189431412 85.8001002204716,27.2918625682753 85.7999479078628,27.2911708181373 85.7998260329544,27.2909373799964 85.7997273453772,27.2906296305191 85.7996248446564,27.2904730685933 85.7995282830868,27.2900886929135 85.7994084694343,27.2897785683154 85.7993720952807,27.2895481303271 85.7991726570719,27.2890071306681 85.7989286581416,27.2885425054001 85.7986932198989,27.2877710686521 85.7987552194575,27.2870834428249 85.7987995319648,27.2854750677935 85.7987632828175,27.2852446307046 85.7986025956818,27.2848574428314 85.7984890953003,27.2843171932105 85.7985573451771,27.2833994432599 85.7984479700056,27.282708068141 85.7984435327294,27.2820942554233 85.7983746578208,27.2814800685859 85.7982226572783,27.2807883184479 85.7977622822266,27.2796268807339 85.7977259071737,27.2793963806921 85.7975462820236,27.2789323184025 85.7973060332842,27.2775493811048 85.7969782827888,27.2762379429501 85.7965739699432,27.2753860686547 85.7963980949841,27.274770880867 85.7963638450393,27.2744636934686 85.7961606584382,27.2740738804618 85.7959958451931,27.2738423183156 85.7959119074675,27.2737829429913 85.7957057818678,27.2734900683718 85.7954345333492,27.2732350679823 85.7952072834728,27.2729420683565 85.7949360322561,27.2726870059134 85.7945164695336,27.2723720060671 85.7941157827719,27.2721519427076 85.793488282307,27.2716208806048 85.7933614080435,27.2715611302613 85.7931336572424,27.2712883178141 85.7930334075354,27.2710370685148 85.7929178449986,27.2705735053512 85.7929029701407,27.2703432553222 85.7928430947909,27.2701893176307 85.7928365953594,27.2696522561218 85.7929432824444,27.2688883179569 85.7933437200928,27.2683411929861 85.7935634084331,27.2681355053584 85.7937815948985,27.2679884430168 85.7944095324359,27.2677343806247 85.7946922203858,27.2675675681772 85.7950639083693,27.2672887563238 85.795258782497,27.2672159423658 85.7953688456531,27.2671040679664 85.7955987827166,27.2665329426733 85.7956009078248,27.2664562553167 85.7957355954357,27.2662295675193 85.7958058445149,27.2660022555895 85.7960776578106,27.2654721305847 85.7961949704365,27.2650918810143 85.7963951577842,27.2648272551348 85.797301596008,27.2645597550084 85.797496220123,27.2644870058018 85.7977577819975,27.2643200053951 85.7980603450598,27.2642120061929 85.7984089707184,27.2639916307673 85.7987170331613,27.2636919428513 85.7988517828258,27.2634629437853 85.7989455951547,27.2631591306594 85.7993776576143,27.2622490681504 85.7995572827643,27.2619482551773 85.8000662196403,27.2613456300793 85.8002634706875,27.2611983806779 85.80067497005,27.2610552555871 85.8008897822428,27.2610413187267 85.8014082205017,27.260901318795 85.8020114697321,27.2608004431568 85.8022717824424,27.260692130989 85.8026414082706,27.2605102557245 85.8029475335645,27.260307506196 85.8031034075057,27.2601012564893 85.8031743454689,27.2598740057136 85.8030305323935,27.2596584434825 85.8026522820255,27.259402505995 85.8025484700869,27.2592842553717 85.8023865958403,27.258955693684 85.8024125324123,27.2588025051313 85.8025933446731,27.2584836309871 85.8025569705195,27.2582531938982 85.8025894074223,27.2578721304374 85.8025319071935,27.2576415053893 85.8025194074565,27.2573345059502 85.802547470036,27.2571046300409 85.8024085951615,27.2567198811408 85.8023057832737,27.2565655054773 85.8022676581317,27.2564118186979 85.8022143451663,27.2560278180372 85.8022342823322,27.2553398180902 85.8020999697403,27.2548016306247 85.8020105946876,27.2541871928751 85.8017993447264,27.2533415050457 85.80175878241,27.2532644435693 85.8016743455582,27.2532230673625 85.8015381578709,27.2527413189208 85.8013942827419,27.252528005905 85.8010815330101,27.2522342553416 85.8008712822005,27.2520948183882 85.8007439079114,27.2520531310145 85.8005542201988,27.251934193306 85.8004263458843,27.2519128181172 85.7997272203709,27.2516270050083 85.798770220221,27.2513751306771 85.7985774703022,27.2513712554799 85.7982578452204,27.2513053177712 85.797431345418,27.2509801303559 85.7970487198274,27.2508753183663 85.796086970335,27.2507745677346 85.7957662822494,27.250746943127 85.7954686573882,27.2506631933606 85.7950211579919,27.2505758804632 85.7948103451033,27.2504566927418 85.7947281574667,27.2503522557714 85.7947220330543,27.2502190682368 85.7948319703047,27.2500305055814 85.7948102830498,27.249820442731 85.7948085329607,27.2498023806606 85.7942510954146,27.2495178185146 85.7941645946089,27.2493478179551 85.7942696575105,27.2491163178625 85.7943753445446,27.2490021933485 85.7945018455878,27.2487708812151 85.7946273447814,27.2484266928327 85.7946667199871,27.2480254430926 85.7945337204117,27.2473947554153 85.7945301572807,27.24693450537 85.7946770955152,27.2465905058461 85.7947157827361,27.2460741306419 85.7944536578833,27.245329567564 85.7943869701363,27.2449860051127 85.7944065322831,27.2447560680492 85.7943394695172,27.2443561304263 85.7940998458096,27.2437245056509 85.7940965947448,27.2433228799925 85.7940520322248,27.2430946309646 85.7939655332177,27.2429223802906 85.7935768452681,27.242391068175 85.7930820332118,27.2419152561865 85.7927814702514,27.2417253805147 85.7925879702944,27.24155450581 85.7924800322464,27.2413820680761 85.7920277205548,27.240868255952 85.7915090331825,27.240069567817 85.790642407237,27.2384691302401 85.790510720678,27.238010005252 85.7904844072883,27.2373780684103 85.7905865320908,27.2367470686667 85.790774719727,27.2362297554651 85.7908378452423,27.2361152550328 85.7911344079991,27.235826755636 85.7914726572303,27.2353648184544 85.7915146575695,27.2352501309622 85.7915779701446,27.2351920057015 85.7916618458168,27.2349625686635 85.7916814079636,27.2347326307007 85.7916368454435,27.2345043178207 85.7916092199367,27.2337008803432 85.7914349071073,27.2332435683971 85.7914326578922,27.2329569431964 85.7915387199454,27.2328608807529 85.7919860952346,27.2327225679574 85.7924329075456,27.2324917558494 85.7925599697685,27.2323755673815 85.7929826576501,27.2317993177268 85.793065907391,27.2315134425644 85.7930805331355,27.2306516927663 85.7933110322779,27.2300760672441 85.7935432194559,27.2297305685431 85.7937982207447,27.2295770058708 85.7948847832447,27.2292637552141 85.795203657389,27.2290724433181 85.7954590957504,27.2289933799413 85.7958435334837,27.229010254901 85.7960780957825,27.2289716306329 85.7963754697318,27.2287778806631 85.7964600324892,27.22866356819 85.7965854696293,27.2282990676226 85.7967131577833,27.2282415053402 85.7968187198111,27.2281070686413 85.7970079695517,27.227702505783 85.797126595194,27.22649869361 85.7970595333274,27.226096443819 85.7968192827894,27.22541075604 85.7967077204562,27.2247802554225 85.7966829700956,27.2243784427041 85.7965942200747,27.2239196306817 85.7964637826801,27.2236342555447 85.7962845955019,27.2225451308639 85.7962410330328,27.2224296933335 85.7960250328299,27.2221255051885 85.7958530330679,27.2219548175437 85.7956382199757,27.2218017548967 85.7953367828701,27.2214607555256 85.7950126575592,27.2209457553914 85.7949267826846,27.2208886301816 85.7948618450268,27.2207752557058 85.7948377196981,27.2204298181591 85.7952154700406,27.219568881352 85.7952138458572,27.2193951306017 85.795127658017,27.2192815681667 85.794784407632,27.2190733183582 85.7943349081339,27.2189228187914 85.79412065802,27.2188103805143 85.7940764705191,27.2186385678123 85.7940751575026,27.2184648188606 85.7941800333444,27.2182175059127 85.7942224078033,27.2181772556625 85.7945631571618,27.2180605680685 85.7947113454599,27.2178881303346 85.794709408311,27.2176579432584 85.7946447197665,27.2175445678834 85.7944508447904,27.2173533800944 85.7944494076669,27.217163880341 85.7948746577293,27.2169305681058 85.7951927206812,27.2166625688532 85.795384657609,27.2166213176528 85.7959397200342,27.2166373805207 85.7961099706064,27.2165598810724 85.7962159076532,27.2164456936057 85.7962149076023,27.2163103800636 85.7961716580988,27.2162535048664 85.7960004704285,27.2161798806154 85.7958294077647,27.2161603184686 85.7955738452962,27.2162190678618 85.7953595322294,27.2161630677093 85.7952519709992,27.2160493182144 85.7953358448727,27.2158199432299 85.7955678449908,27.2154541305454 85.7958653448457,27.2153370688316 85.795971095732,27.2152410684417 85.7960764706998,27.2150680677294 85.7960315961136,27.2148398807551 85.7959223450491,27.2145523805099 85.7958985947395,27.2142656312022 85.7959401580062,27.2141305685722 85.7960879694865,27.2139965050937 85.7962160335589,27.2139953188822 85.7965372828241,27.2141650676303 85.7966869073464,27.2141843797644 85.7967505328871,27.2141646305577 85.7968562199212,27.2140481929764 85.7969820329797,27.2138191300582 85.7970200951689,27.2133005056387 85.7969530333022,27.2129569431875 85.7969504711214,27.2126703809397 85.7970125956865,27.212440817996 85.7970102826191,27.2122106309198 85.7969199084148,27.2116367554867 85.797024595398,27.2114075055086 85.7972996570604,27.2111751933242 85.7974260951507,27.2110025055776 85.7974677195716,27.2108878180854 85.7974660944888,27.2107140682343 85.79722878205,27.2103713799283 85.7968594080332,27.2096280687127 85.796705033269,27.2090536303013 85.7966139701807,27.2083669433707 85.7964611575465,27.2079662557096 85.7961165320915,27.2075661930803 85.7960937827321,27.2073945053847 85.7962201569702,27.2072015684059 85.7964532200921,27.2070275685422 85.7968321575454,27.2064306298848 85.7970649697552,27.2062205049808 85.7972559084307,27.2061025682225 85.7976390322482,27.2060246299029 85.7980855324929,27.205868255037 85.7989171575562,27.2058618185584 85.799044657751,27.2058223174471 85.799364470792,27.205802443234 85.7997042830523,27.2056474425388 85.7998310952624,27.2055311929166 85.7999151579944,27.205396506205 85.800359533131,27.2049919424474 85.8004445329611,27.2049520060621 85.8010367825309,27.2043749434164 85.8012263452371,27.2040855051229 85.8014136578288,27.2035297556124 85.801518782784,27.2033750058292 85.8017515949938,27.2031626308107 85.802069782952,27.2029690679008 85.8025800328445,27.202774818805 85.8028350952875,27.2026957554281 85.8035589702621,27.2025575685384 85.8037713452805,27.202460068072 85.8039827202481,27.2022497561082 85.8039814701844,27.2020760053579 85.8036380947931,27.2018497555325 85.8035295326126,27.201620942627 85.8033763449593,27.2011615676262 85.8032859078021,27.2005312558673 85.8030882196823,27.1998436929928 85.8029354079474,27.1994430053317 85.8028710323685,27.1993861310339 85.8027195318514,27.1991004429313 85.802438969909,27.1986986931658 85.8020510949505,27.1982418803459 85.8017048453121,27.197613880755 85.8016384705307,27.1973267555288 85.8015467824106,27.1965813812585 85.8013714704297,27.1958917553294 85.8010188454668,27.1939392557679 85.8006055330624,27.1925052556194 85.8003622203181,27.1910116930867 85.800317282779,27.1906096924091 85.80031003241,27.189458880236 85.8001347204291,27.1885976934162 85.8001102821349,27.1881371924588 85.8000220950922,27.1876197560495 85.8000624073959,27.1872748805818 85.800054407888,27.1859526298263 85.7999850950074,27.1850901308894 85.8000226580705,27.18428488037 85.8002085326393,27.1834223175809 85.8002894081588,27.1827325675448 85.8003045950828,27.1817534430673 85.8004897205129,27.1807170683736 85.800528344781,27.1800856306581 85.8004830951757,27.1796836299806 85.8004824701439,27.1795685683686 85.8004807830076,27.1792797560062 85.8005428455191,27.1789936928845 85.8005794696854,27.178073443706 85.8005362201819,27.1779580673297 85.8003794702969,27.1766930056363 85.8001424078708,27.1761766304321 85.7997350328189,27.175663193327 85.799348532031,27.1750890678812 85.7991960332617,27.1745146303691 85.7989801580651,27.1739984431241 85.7989144703691,27.1737112558444 85.7988062202549,27.1734260048144 85.7987422196951,27.1733667553958 85.7986777209085,27.1732331298893 85.7985061573198,27.1730240679891 85.7981213454669,27.1727387558049 85.7977799081238,27.1725485680668 85.7973535950576,27.1723982555598 85.7965004077458,27.1720005680515 85.7960742826388,27.1718863805847 85.7958193452021,27.1719270688068 85.795649469649,27.1720045673558 85.7954367834637,27.1719870053108 85.7947072832028,27.1709946931117 85.7943223454441,27.1706326306181 85.7938524699088,27.1703081923417 85.7935109705122,27.1701563806577 85.7926567831495,27.1695871934128 85.7923147828281,27.1692819431634 85.7925688443209,27.1690878181746 85.7928220955206,27.1688191929909 85.7933095951544,27.1685300676629 85.7936490323957,27.168372755699 85.7942434070737,27.1681973807652 85.7946679079972,27.1680227549704 85.7951772819457,27.1678669430828 85.7954105950803,27.1677515685052 85.7954738456019,27.167673193113 85.7958980947141,27.1674601930627 85.7962377199146,27.1674021928084 85.7967482827726,27.1673997547346 85.7981097198751,27.1674497554811 85.798619532695,27.1673120056639 85.7997200320554,27.1665790672784 85.8010770948345,27.1660355683915 85.8015003447951,27.1657638801022 85.8021787201516,27.165435755487 85.803194470594,27.1647787553193 85.8037882202402,27.1645468802075 85.804976594577,27.1642343804885 85.8053160947711,27.1640973177566 85.8055484078548,27.1639233178929 85.8057172824577,27.1637329430949 85.805991844994,27.1635006309106 85.8062880327317,27.1632888179711 85.8065424701429,27.1631713803389 85.8066267199349,27.1630773179972 85.8071557828352,27.1627298182952 85.8075561575307,27.1622683811391 85.8076829076873,27.1621701926881 85.8086154704423,27.1617448805722 85.8088702828726,27.1616861302796 85.810060907324,27.1616601307548 85.8105716581412,27.1616960057823 85.8110832201508,27.1618086302199 85.8115729078455,27.1619007554126 85.8120000330034,27.1621277552762 85.8122556584247,27.16216375531 85.8128277208159,27.1618933179837 85.8133979701652,27.161374692665 85.8138213451321,27.1611413183762 85.8140761575624,27.1610825680837 85.8142466581474,27.1611200681939 85.8145017835432,27.1611200061403 85.8154820951315,27.1613628800133 85.8156748450503,27.1615337556173 85.8160814080104,27.1618575679626 85.8167043452933,27.1626186930346 85.8170467206338,27.1628652559443 85.8177287202754,27.1630537556468 85.8183701576007,27.1634698181911 85.818540907299,27.1635456925568 85.8188814075441,27.1635824426288 85.8192222828082,27.1636755678724 85.8196490329469,27.163846067558 85.8198842202776,27.1639992552113 85.8202057204548,27.1642840053165 85.8203772831442,27.1644930051632 85.8207435329013,27.1650850056196 85.8210016575505,27.1654278809855 85.821109657652,27.1656566300388 85.8219477830462,27.1667421924879 85.8222062827145,27.1671437560929 85.8227835324201,27.1676382551836 85.8235949082513,27.1680940049999 85.824191721003,27.1683201307182 85.824958470462,27.1684890053211 85.8253835325652,27.1684293808833 85.8256380329293,27.1683119432512 85.8261032823297,27.1679074424463 85.8265276582469,27.1677326304909 85.8268674705073,27.1676543171522 85.8271226579567,27.1676519429307 85.8275484071452,27.1677073801049 85.8276337828937,27.1677441931298 85.8282294696888,27.1677807552426 85.8287397834334,27.16773988086 85.829185219775,27.1675450058329 85.8293765325704,27.1675240686161 85.830310469496,27.1672316931228 85.8311805335662,27.1668057559751 85.8312440952547,27.1667295686439 85.8313290950848,27.166709942645 85.8316470950839,27.1664598804565 85.8323262204785,27.1660728805424 85.8327505325435,27.1657831310821 85.8328140951313,27.1657069428516 85.8328990320086,27.1656692556815 85.8334714073653,27.1652069434809 85.8336619710218,27.1650145047289 85.8338953453105,27.164860755896 85.8340855951021,27.1646682550906 85.8349133449682,27.1641268174596 85.8353379079452,27.1639340054872 85.8359337197467,27.163796817749 85.8365281573775,27.1634881311736 85.8371222829421,27.1631206925071 85.8375672201576,27.162756630811 85.8380772200373,27.1625035675704 85.8395227198719,27.1620755673681 85.8401175945753,27.1617871300248 85.8403726579176,27.1617283176788 85.8407125951844,27.1615731928765 85.841157783312,27.1612451303149 85.8415612831666,27.1610138181814 85.8416245327888,27.1609353798364 85.8424521576485,27.1604548176062 85.8426854078303,27.160280692736 85.8431102199207,27.1600878807637 85.8431736575021,27.1599913803483 85.8430868446302,27.1597244432001 85.8429793454535,27.159572380604 85.8427221579023,27.1593423805877 85.8423587194393,27.159116005756 85.8420153458466,27.158716068133 85.8415855326023,27.1581055685336 85.8414569703031,27.1579736301633 85.8404673452912,27.1563927556325 85.8402302208115,27.155935067768 85.840186282424,27.1557045677262 85.840161032038,27.1550928180631 85.83989803304,27.1538700058223 85.8397020950092,27.1531824429478 85.8393790327021,27.1526494427967 85.8392505954093,27.1525356312484 85.8389945949689,27.152441005029 85.838355219799,27.1524063809645 85.8375224705777,27.1520678178684 85.8372658460048,27.1519145681616 85.8366435958073,27.1511354430727 85.8364280956297,27.1507546305239 85.8360845331785,27.1503162556928 85.8359560329328,27.1502023182387 85.8357640951056,27.1501443809372 85.8354447200366,27.1501665682177 85.8351886575427,27.1501103180524 85.8347415322661,27.1501133802586 85.8343784076681,27.1499230675141 85.8342708446392,27.1497709437639 85.834205657868,27.1495809430857 85.8342047207699,27.1494275054196 85.8342887826026,27.1491980674823 85.834394219624,27.1490635678306 85.83450034463,27.1489854433505 85.8350735950313,27.1486765679166 85.8352427196469,27.1484839430041 85.8352400954126,27.1480641932217 85.8351311582131,27.147682005603 85.8351302202157,27.1475285679369 85.8351928457055,27.1472989429397 85.8352770325445,27.1471461932583 85.8354460330531,27.1469355053761 85.8357214706339,27.1467030681854 85.8359127204764,27.1466256928441 85.8363371575478,27.1463742555856 85.8366771577674,27.1462394429683 85.8369322202104,27.1461806306222 85.8375045335136,27.1457182554688 85.8376511578832,27.1453155677059 85.8378616578063,27.1449337560056 85.8379675327996,27.144817317525 85.8385414711856,27.144679879774 85.839052845236,27.1447156927479 85.8393934704874,27.1446755684035 85.8397336586662,27.1445791929944 85.8403297204804,27.144536693529 85.8408397203601,27.1443626307124 85.841496908487,27.1438603803279 85.842619157156,27.14280231748 85.8439115331894,27.1417253804699 85.8446755325084,27.1413187554563 85.845163470114,27.1409910679138 85.845418157538,27.1408758174432 85.845673470893,27.1408169430437 85.8460992200816,27.1407776307909 85.8466088458415,27.1406418801762 85.8472042826239,27.1405812547882 85.847799283233,27.1404260058789 85.847969094934,27.140350692693 85.8485642205494,27.1402336930327 85.8496677830154,27.1397891928898 85.850091845967,27.1395783179476 85.8504318452873,27.1395021306165 85.8506015949347,27.1394245682153 85.8507712825285,27.1393288807909 85.8509615332195,27.1391566930698 85.8513860952972,27.1389819431679 85.8515342206425,27.1388680686666 85.8518738449436,27.1387331930965 85.852721907894,27.1382707558895 85.8531464708711,27.1380982552028 85.8532945332635,27.137982130587 85.8534634699199,27.1377713806513 85.8535894700383,27.1375625678645 85.8536517196096,27.1373329428673 85.8537545953496,27.1367967555036 85.8535820955622,27.1364930062299 85.8536017827153,27.1362630053142 85.8538134697492,27.1360910055523 85.8539833453023,27.1360133801983 85.8543229696034,27.1359371928671 85.8545348454957,27.135783256075 85.85468215785,27.1355542552103 85.8548070949647,27.1351716925725 85.8548475952276,27.134847130189 85.8545257200313,27.134503755697 85.8544396571975,27.1343518801608 85.8544386571466,27.1341984433941 85.8545228457843,27.1340456937127 85.8547339698398,27.1338353178967 85.8549247196568,27.133739880485 85.8555205953105,27.1337379424367 85.8562003457369,27.1335448804516 85.8564549072552,27.1334093177961 85.8570496578515,27.1332358800114 85.8576435945576,27.13298575487 85.8580247821254,27.1326977554986 85.8581702823371,27.1322206925472 85.8581894703641,27.1319138810673 85.8583139074533,27.1314546310729 85.8588598453133,27.1304030685559 85.8590287819697,27.1301923186201 85.8594087824268,27.1297711928683 85.8599161571729,27.1292924427807 85.8602107207272,27.1288345058028 85.8607808450701,27.1282028180745 85.8616056577363,27.1274739428455 85.8620933453293,27.127222880606 85.8626882829855,27.1270878179759 85.8629008450639,27.1270489436951 85.8631561575196,27.1270486927831 85.8633057829413,27.1271243180352 85.8634139701027,27.1273711930112 85.8634165331828,27.1277728798238 85.8636332834239,27.1282868178536 85.8647499697593,27.1297128184943 85.8650497206281,27.1299995678019 85.8653287195413,27.1303425052214 85.8655859079919,27.1305702551232 85.8657576577411,27.1307972549867 85.8663577827117,27.1313684432327 85.8667019072419,27.1318834424676 85.8670235324255,27.1322244436375 85.8672170332819,27.1325103179006 85.867518970413,27.1330813811402 85.8679274696227,27.1336532555722 85.8683340955357,27.1339769429111 85.8686775959335,27.134394880551 85.8692129703062,27.1348323803375 85.8693630328004,27.1350208179865 85.8695556577129,27.1351736306208 85.870006532281,27.1357075058164 85.870777657862,27.1364289427172 85.8713113450985,27.1366566305655 85.8722910325543,27.1370502558167 85.8724799702287,27.1371646303434 85.8726893450944,27.1373220052602 85.8728550954375,27.1375173803127 85.8734389075275,27.138027506098 85.8736859704627,27.1383950050195 85.8736838444552,27.1384716932754 85.8738237832327,27.1388564430749 85.874171032922,27.1394774432088 85.8743772826287,27.139749880637 85.8751272200809,27.1404530675081 85.8755047824642,27.1406907558654 85.8756927200877,27.1408478807695 85.8766382205515,27.1413835051549 85.8772671581399,27.1417991926802 85.8778363453847,27.142040630329 85.878597220444,27.1422836301077 85.8789117832177,27.1424824432848 85.8791620333655,27.1427168185238 85.8794140956558,27.14285650549 85.8797909700544,27.1431325060491 85.8799805957135,27.1432130056501 85.8805249075915,27.1436054428912 85.8807739076756,27.143878193285 85.881082845163,27.1443251306023 85.8818781581263,27.1457959428763 85.8822087828686,27.1462249431296 85.882355346084,27.1463231297819 85.8823962204667,27.1464001930569 85.8825224085443,27.146459818394 85.8826503449124,27.1464631306129 85.8831000944232,27.1463561305623 85.8840058455617,27.1458781934657 85.8845868454581,27.145641380153 85.8848432200183,27.1456073181674 85.8855423455317,27.1457550055408 85.8859229080677,27.1458775684339 85.8860505953223,27.1458808806529 85.8862009078293,27.1458256305384 85.8865901578579,27.1455850058807 85.8869601578059,27.1452495058901 85.887202533452,27.1449084426668 85.8879042202468,27.1440610677011 85.888103970522,27.1437219434254 85.8884981578522,27.143269254916 85.8887586585217,27.143066005362 85.8894064702721,27.1426942562243 85.8900317206224,27.142401442759 85.8902107207406,27.142059818356 85.8902405954627,27.1417170679965 85.8903299075626,27.1415463182982 85.8905046583639,27.1413784437462 85.8909559079511,27.1412330676416 85.8914052824428,27.1411666937596 85.8919807829586,27.1411576303486 85.8921717207349,27.1411997556942 85.8925553454771,27.141209568244 85.8926840327826,27.1411721931402 85.8937237205945,27.1405058183946 85.8943268457179,27.1402487549504 85.8944402831465,27.1399653178617 85.8946862201251,27.1395091930263 85.8949714711551,27.1391707558359 85.8955549702794,27.1388571301602 85.8962063451609,27.1383726306792 85.8974406579871,27.1375948177074 85.8977000327,27.1374456932106 85.8982160328851,27.1372646929905 85.8991135956572,27.1371679425623 85.899879970097,27.1372032555109 85.9000300325913,27.1371683184808 85.9003775322933,27.1369070057196 85.9005978456655,27.136624442776 85.9008464698312,27.1360555055439 85.9010664081843,27.1357729434997 85.9012623453157,27.1356052560076 85.9015214079623,27.1354763807429 85.9031300959592,27.1350670046899 85.9035180959241,27.1348850062176 85.9039688454859,27.1347598802444 85.904317282286,27.1344603182342 85.9047707819877,27.1342200676962 85.9052262826905,27.1339031927544 85.9064849699588,27.1338520687493 85.9077187198067,27.1330921928416 85.9081716574294,27.1328723183407 85.9084292829526,27.1328021304156 85.908686407551,27.1327476932923 85.9095189706116,27.1326887559399 85.9097120946502,27.1326360680063 85.9106745950801,27.1325013803953 85.9111863450489,27.132491880811 85.9113794699868,27.1324391299246 85.9117032832314,27.1322723804299 85.9121845334463,27.1317661936939 85.9126476577386,27.1311447555881 85.9128220326215,27.1309745679688 85.91313040803,27.1305798806131 85.9133092831418,27.1302382562101 85.9135518458479,27.1298993801484 85.9137464708622,27.1297881307808 85.913874908155,27.1297710058085 85.9143205954087,27.1298376306026 85.9145137824002,27.1297850056218 85.9150337207354,27.1294505056822 85.9152923454101,27.1293419426024 85.9156135955746,27.1292722547028 85.9159972203168,27.129279693031 85.9165052821482,27.1294235052071 85.9171459073818,27.1293810677953 85.9176561581736,27.1294301305444 85.9186852833975,27.1291853186231 85.9193957826912,27.1288951311907 85.9195684704378,27.128803943096 85.9199158451335,27.1285448804494 85.9205687200912,27.1279858178206 85.9208142208965,27.1275341302615 85.9209884078201,27.1273843186792 85.921311158061,27.1272581926551 85.9217615326037,27.1271353176959 85.9227884706659,27.1269874432626 85.9233673454542,27.1268474433309 85.9234959707062,27.1268123183416 85.9241367821003,27.1267517559064 85.9243299079376,27.1266990679728 85.9245215327991,27.1267028172644 85.9248430959292,27.1266330682106 85.9250362208671,27.126580380277 85.925295033501,27.1264537560261 85.9256812195247,27.1263483801589 85.9272252207758,27.125963006227 85.9276099085218,27.1259140675849 85.9288947203212,27.1256575680183 85.9296042204633,27.1254057557407 85.9303611573726,27.1247345057469 85.9304004075718,27.1247168177963 85.9314057824861,27.1243431297109 85.9319617829087,27.1241555680058 85.9321549699002,27.1240238805475 85.9335234082583,27.1235943182153 85.9340371574296,27.1233702555516 85.9349792206681,27.1229193180307 85.9363082829214,27.1221441301925 85.9369925335768,27.1219213805453 85.9375924076355,27.1216190683951 85.9377642203375,27.1214872559305 85.9378564705366,27.120799693056 85.937839033498,27.1203979432905 85.937853032412,27.1190216304308 85.9378133451401,27.118716693147 85.9376900322088,27.1182576931653 85.9374215329308,27.1174140683905 85.9371302204412,27.116723631269 85.9370479077982,27.1164161309051 85.9366932827336,27.1156485675558 85.9364455327131,27.114845631003 85.9362795332566,27.1144043810255 85.9358047833725,27.1128709432618 85.9357933457399,27.1118780680844 85.9356314076412,27.1110351933478 85.9356535328681,27.1109586309975 85.935590096186,27.1109018178539 85.9355910323847,27.110804693306 85.9355075955839,27.1106325676384 85.935532907124,27.1102514430234 85.9360184075553,27.1085718179627 85.9363897834726,27.1076585052882 85.9366546575661,27.1067421304076 85.9367854708791,27.1064385061402 85.9372616578868,27.105544067628 85.9375437828583,27.1049369432003 85.9379327828741,27.1042539426084 85.9389541586029,27.1018968810879 85.9391050331888,27.1016678811225 85.9396474079179,27.1005099435867 85.9397992834541,27.1001658172578 85.9399313450321,27.0997087553244 85.9404300952384,27.0986452551493 85.9410135332087,27.0976590053092 85.9411437205906,27.0973531309273 85.941511470424,27.0966902554605 85.9416405327487,27.0965377557918 85.9420720951827,27.0958550672662 85.9427173447524,27.0950972553125 85.9428471580145,27.0948702554489 85.9429347829782,27.0945640672021 85.9429587203477,27.0942596299438 85.9430903457524,27.0938025680104 85.9433512205416,27.0931953176771 85.9435887209397,27.0928157551919 85.9437189703751,27.0925098178572 85.9437649700186,27.0921288182486 85.943980533149,27.0918258172145 85.9443024703989,27.0915033178856 85.9446020324091,27.0913160052939 85.9456267203568,27.0909626932457 85.9460120960874,27.0906993183292 85.9460984080346,27.0905668178799 85.9461644077969,27.0903191928658 85.9462541578687,27.0897850047046 85.9463837202188,27.0895761298642 85.9464693450807,27.0895203185703 85.9468321576125,27.0894080052996 85.9473424084042,27.0894704428302 85.9474917208603,27.0894151936151 85.9475576576698,27.0891674426953 85.9475179703979,27.0888602561963 85.9475419077674,27.0885558180386 85.9476502208344,27.0883287561215 85.9477144705076,27.0882705679079 85.9484184074169,27.0880681933985 85.9491832206263,27.0882454425283 85.9501195956256,27.0882365679759 85.9503760331387,27.0881053805431 85.9506123455266,27.0878770056095 85.9507215327389,27.0875551304132 85.9507086579829,27.0865621931823 85.9505845950134,27.0861776933956 85.9501419699659,27.0856599431213 85.9501029077259,27.0852782555281 85.9499779076583,27.0849705051515 85.9496399075406,27.08468131777 85.949534844639,27.0845271930186 85.9494948453008,27.0842222557348 85.9495813452072,27.0840694431006 85.9496456578333,27.0840316300248 85.9498588449434,27.0839767558288 85.9501139082858,27.0839989431093 85.9505401583991,27.0839457551502 85.9516464701057,27.0839561936312 85.9519881574616,27.0838436933006 85.9521584709866,27.0838268803945 85.952671033047,27.0836388807174 85.9530121583239,27.0835850056731 85.9533519076315,27.0836461922406 85.9536910328065,27.0837818808019 85.9540505960722,27.084053067267 85.9543044075523,27.0842083800286 85.9548140953658,27.0843272556836 85.9550693448687,27.084329130779 85.9552402204727,27.084292005688 85.9554544705866,27.0841221301348 85.9558819078107,27.0838973812851 85.956631220231,27.0834651929199 85.9568459703704,27.0832750051819 85.957274282639,27.0830299423485 85.9577260952045,27.082595567721 85.9580475324288,27.0823880058972 85.9583055329711,27.0821598180235 85.9585212831613,27.0818951309898 85.9588437824901,27.0816109429636 85.9591435954124,27.0814236312712 85.9600024080106,27.0807620679215 85.9605164701474,27.0804409436627 85.9607313452932,27.0802710060561 85.9610734076681,27.0801201305709 85.9614147209042,27.0800459433415 85.9616505323673,27.0798964429262 85.9618250952094,27.0795164433685 85.9618292824728,27.0791328806798 85.961705783381,27.0787506310076 85.9616711584172,27.0780621310351 85.9614235334031,27.0773720680333 85.9614300957874,27.0767606304365 85.9615410321895,27.0763801308534 85.9616925327066,27.0761510679351 85.9619552825913,27.0754671302452 85.9624982823521,27.0744962552884 85.9628523453378,27.0732758802219 85.9630252201443,27.0730492553775 85.9632382210939,27.0730124423526 85.9634080327948,27.073052067571 85.9641701579177,27.0734028803913 85.9646557204025,27.0737494429952 85.9649731583226,27.0739051937287 85.9651227207914,27.0738498797621 85.9654451571674,27.0735656935345 85.9655972827163,27.0732621933742 85.9656850956391,27.0730327554369 85.9657113451767,27.0725748184589 85.9656715328985,27.0723443804707 85.965809407722,27.0714292547544 85.9658961576411,27.0712764430195 85.9660462201354,27.07116475568 85.9664125957982,27.070765818108 85.9665221580296,27.0704619429286 85.9665255952549,27.0701550675965 85.9664218453698,27.0699241925356 85.966169407161,27.0696560673773 85.9659368449639,27.069518942592 85.9658739074079,27.0694440682773 85.9657917206707,27.0691930060379 85.9658145329829,27.0690420055462 85.96594559451,27.0687360682115 85.9660562206444,27.0683555056755 85.9660595949169,27.0680509425115 85.9657870954353,27.0677036928222 85.9656840326354,27.0673983175664 85.965706845847,27.0672450678595 85.9657725326436,27.0670920672661 85.9660100330417,27.0667891930369 85.9662029700204,27.0666371924944 85.9666337833156,27.0661823177227 85.9670625326568,27.0658808176642 85.967449345511,27.0655406933376 85.9676441584844,27.0652555052604 85.9677990323746,27.0647218809768 85.9678048456202,27.0641871307366 85.9680679075711,27.0635008808786 85.9682645956401,27.0630441930649 85.9684381584312,27.0627386307493 85.9687833450658,27.0623033801779 85.9689782821464,27.0619979428687 85.9692420329813,27.0612371928157 85.9693287829004,27.0610843801815 85.9692325324977,27.0601675682282 85.9690886573688,27.0597084432402 85.9690767826636,27.0588666926615 85.9691210331174,27.0587135679611 85.9692512834521,27.0584866310503 85.9695965330396,27.0580491303644 85.9701383456897,27.057155005717 85.9703364079292,27.0565472553582 85.9703402201737,27.056165942784 85.9702582204963,27.055860693434 85.9697996584866,27.0549435055623 85.9694483456408,27.0539480682042 85.969452782917,27.0534923174886 85.9697385330731,27.0525625048736 85.9698904706628,27.0522409426429 85.970539907496,27.051013630173 85.9709065322722,27.050465755164 85.9710792209181,27.0502210673498 85.97129459519,27.0499180051614 85.9714872830553,27.049750192663 85.9723894701634,27.0487909432979 85.9735679078434,27.0477976922021 85.9736755958786,27.0476653176585 85.9739137824627,27.0472112558778 85.9740019074518,27.046907255692 85.9742192836241,27.0463785678108 85.9745065329573,27.0452772554593 85.9751757198964,27.0442216297858 85.9759282824822,27.0433177555414 85.976763157711,27.042680630486 85.97704209547,27.042418692693 85.9770652828012,27.0422270678315 85.9772190334329,27.0417723801196 85.9774570959099,27.0414311307357 85.9778881583185,27.0409603801559 85.9783399070318,27.0405078175523 85.9787464079384,27.0402828807434 85.9789611580778,27.0401129431367 85.9793059085391,27.0397183178346 85.9796092198409,27.039262443012 85.9799971577523,27.0388297555207 85.9801904706494,27.0386596308542 85.980490157666,27.0384722553096 85.980747970249,27.0382462554969 85.9812859077018,27.0376995055452 85.9815884078112,27.0373023180623 85.9816749706705,27.037169817613 85.982124595175,27.0369090687295 85.9822113450942,27.0367561931424 85.9822160332824,27.0363748805682 85.9821155947169,27.0359161305993 85.9820790326041,27.0354578177029 85.9821232830579,27.0353047559553 85.982274907682,27.0350778801988 85.9827265331876,27.0346433805649 85.9828762827163,27.0345496923429 85.9832827197707,27.0343270047492 85.983709782875,27.0341608182328 85.9845233458679,27.0336747548232 85.9849505330792,27.033488317276 85.9852064085133,27.0334156921766 85.9853996575582,27.0332455675101 85.9855077826661,27.0330951929496 85.9856177828694,27.03280938074 85.9856870948506,27.0323518178818 85.9856726579647,27.0318169426352 85.9856984074767,27.0314357559667 85.9857429708961,27.0312848804814 85.9863261579543,27.0305286927111 85.9866619709104,27.0292201306021 85.9868135955345,27.0289932557448 85.987267345249,27.0284098177746 85.9877841575257,27.0278831929479 85.9881519082586,27.0273759432082 85.9886258451516,27.0268874435236 85.9890546574457,27.0265881297275 85.9894627204821,27.0262525676834 85.990191283645,27.0257861932256 85.9907929707455,27.0252804435622 85.9908783455946,27.0252450685602 85.9911365952503,27.0250009437243 85.9913079708797,27.0248893175389 85.9922474701388,27.0245395056689 85.9926737832049,27.0244523807306 85.9929285335818,27.0244541928732 85.9936069709917,27.0245988180403 85.9937770327054,27.024600068104 85.994544908121,27.0243821307521 85.9948660953326,27.0241790682579 85.9954433450382,27.0239011305498 85.9955938455044,27.0237690680725 85.9960006584772,27.0235282554555 85.996512157534,27.0234213183577 85.9973162829961,27.0233458181119 85.9975329702844,27.0233045057573 85.9979597195238,27.0232105054692 85.9982163449961,27.0230408808281 85.9987934705946,27.0227380686524 85.9991170949807,27.0222235685437 85.9993105949377,27.021994818591 85.9994602203594,27.021919130386 85.9998242829548,27.021635130319 86.0001658453043,27.0215225058814 86.0002300329239,27.0214462555974 86.0005720332453,27.0212748808672 86.0015103453937,27.0210513802825 86.002532158195,27.0210405047289 86.002702344915,27.0210598177623 86.00304147009,27.02121562965 86.0044617204379,27.021954505388 86.004886032503,27.0220906301225 86.0053969703801,27.0220761302837 86.0056532828867,27.0219809428848 86.0059317826738,27.0217550051256 86.0063383456339,27.0215074430643 86.0071917829585,27.0212268181691 86.007448720497,27.0210548804606 86.00802553313,27.0207904425404 86.0084535333324,27.0205068804453 86.0085177830055,27.0204305681078 86.0089240959529,27.0202032561779 86.0091799084342,27.0201666931658 86.0096045325654,27.0202666937594 86.0100069082621,27.0205380681838 86.0103468455288,27.0205968805299 86.0105175331736,27.0205596924859 86.010625158256,27.0204273179424 86.0108203453492,27.0199683800142 86.0109276583654,27.0198337553561 86.0111630957088,27.019702255857 86.0112491585426,27.01954938027 86.0112712828702,27.0194728179197 86.0111671579659,27.0191652555023 86.0112110334006,27.0190120057954 86.011253907885,27.0189740056598 86.0115947831492,27.018920005609 86.0118517206877,27.0187480679006 86.0119369075776,27.0187306299627 86.0121072831562,27.0187318179728 86.01227697075,27.0188096924402 86.0124463453784,27.0189259429616 86.0128470330394,27.019350755052 86.0131650330385,27.0195447559339 86.0137587206312,27.0197971302904 86.0143520332047,27.0201261929029 86.0146069697421,27.0201866303317 86.0149475329399,27.0202070684224 86.0156304076261,27.0199816927422 86.0158859709939,27.0199270676596 86.0166529075128,27.0198556305702 86.017505844812,27.0196698180549 86.0180166576828,27.0196733802865 86.018612970409,27.0196188172575 86.0192940329526,27.0196055054289 86.0197206580849,27.0195114430872 86.0204033457113,27.0192679423837 86.0207437821041,27.0192703175046 86.0212536578768,27.0193866930324 86.0214230334045,27.0194645674998 86.0219315332078,27.0197366308081 86.0224815953785,27.0201217547274 86.0228208455599,27.0202572553294 86.0231606578203,27.0203363178068 86.0235857828763,27.0203776301614 86.0239259072029,27.0203800052824 86.0241818455898,27.0203230680317 86.0244372200991,27.0203248801743 86.0249467838056,27.0204434428638 86.0251376586289,27.0205215052904 86.0259023459326,27.0206598801394 86.0261579075018,27.0206413809963 86.026499157785,27.0205489437374 86.0269264700027,27.0203397550322 86.0271822204304,27.0202648177647 86.0277784081503,27.0202305678199 86.0286280961834,27.0203875677176 86.0294760323287,27.0207386935035 86.0298158454884,27.0208154429136 86.0299860951613,27.0208369431087 86.030667783636,27.0207062557014 86.0310082209282,27.0207085678694 86.0313063449156,27.0206903187391 86.0322436579123,27.0205433175517 86.032754657843,27.0205265055449 86.033691720827,27.0203997553884 86.0342872205622,27.020401567531 86.0347987825718,27.0203283803525 86.0353109075596,27.0201400686092 86.0355664709275,27.0200853805738 86.0359924701287,27.020029630434 86.0365031579931,27.0200128184271 86.0371850326284,27.0199023802519 86.0379509079421,27.0199076305192 86.038547095662,27.0198349433662 86.0399098448817,27.0198419437225 86.0401657203158,27.0197873177406 86.0407620330421,27.0197710678128 86.0411035953915,27.0196785685003 86.0417852829669,27.0196245675502 86.0428908455347,27.0198418798703 86.0439982822986,27.0198313172823 86.0446788457161,27.0199510059284 86.0451033457403,27.0201073178415 86.04533634501,27.0202601304757 86.0460130332302,27.0208400673685 86.0464355952061,27.0212625681902 86.0466689703942,27.0213793178378 86.0471795953057,27.021441443302 86.0476910961611,27.0213681302179 86.0478620958721,27.0212925679186 86.0479907831777,27.0211964425223 86.0482270335121,27.0209295683269 86.048270845994,27.0207785687346 86.0482727831429,27.0205484428126 86.0481711583659,27.0199340059624 86.0481730955149,27.0197061310543 86.0482606575257,27.0193998178011 86.0484328452469,27.0191911300207 86.048710782955,27.0190575054135 86.0488811576342,27.0190587554771 86.0495636573013,27.0189098800937 86.0502234076091,27.0189526934239 86.0504994081682,27.0190515671616 86.0507115331739,27.0191861297662 86.0511132829394,27.0195340683395 86.051408844746,27.0198610049445 86.0520004701833,27.0203997553884 86.0521904079087,27.0206311934275 86.0522744076879,27.0207851922732 86.0523562832581,27.0211671307785 86.0523520959947,27.0217041311332 86.0523927833175,27.0219345682221 86.0523697200932,27.0221623181239 86.0524080322951,27.0226996305449 86.0524905328972,27.0230070679559 86.0527832834096,27.0236972550647 86.0528239077796,27.0239276921536 86.0532435964078,27.0246954425628 86.0534542833907,27.0250037550184 86.053892846181,27.0260785048668 86.053992282897,27.0269208804773 86.0539647823965,27.0276856307338 86.0540667830919,27.0282211301129 86.0545277831754,27.0290636307298 86.0546729704215,27.0295226307115 86.0548204698357,27.0297335056536 86.0551371577176,27.0300221930096 86.0556452204484,27.0303505046845 86.0563451580534,27.0306981923458 86.0566636580779,27.0308131298507 86.0572777208083,27.0311986305877 86.0574887207568,27.0313918175792 86.0576565962081,27.031697567854 86.0578467209934,27.0318703176541 86.0579103456347,27.0318911298645 86.0581005333728,27.0320638176111 86.0582913461426,27.0321801922396 86.0585461576736,27.0322563184165 86.0592482203868,27.0322993799609 86.0596305959648,27.0324147554378 86.0598213457818,27.0325130679958 86.0602237826326,27.0327616930608 86.0607307832589,27.0332231302169 86.0610260329993,27.0335500056678 86.0610898455999,27.0335685048108 86.0615337827645,27.0339347554672 86.06216934569,27.0343203173584 86.0624876577553,27.0344555679477 86.0629336579746,27.0345736306117 86.0633165326787,27.0345941928094 86.0637000953674,27.0345583798355 86.0643405326417,27.0343685680158 86.0646610948216,27.0342172554579 86.0648532206079,27.0341621312492 86.0651730336488,27.0341055681184 86.0659398460607,27.0340520051402 86.0663232828437,27.0339981300958 86.0665797203568,27.033923067822 86.067601158139,27.0339659432058 86.0679832828049,27.0340812557298 86.0684300330624,27.0341406310542 86.0690037825898,27.0342775678803 86.0693854072302,27.0344515677441 86.069639595528,27.0346066304928 86.0702744084154,27.0350870056633 86.0703582211346,27.0352409433547 86.0705479700015,27.0354520683096 86.0708837829576,27.0360658180744 86.0714955326206,27.0367174429686 86.0716430329341,27.0369281929044 86.0719599708287,27.0371988811428 86.0723415954692,27.0374112552618 86.0726602205,27.0375081306964 86.0731706583517,27.0375678801405 86.073744594939,27.0376844436275 86.0741060333001,27.0377432559735 86.0742330325701,27.037802755405 86.0745522205793,27.0378409426005 86.075954720923,27.0381728183058 86.0764651587747,27.0382325677499 86.0768482205386,27.0382350058236 86.0772310952426,27.0382940052296 86.0774857835659,27.0383904426922 86.0772495332315,27.0386190676384 86.0762865327762,27.0392445680015 86.0760713455642,27.0395116931088 86.0758140330067,27.0397401930488 86.0755785947639,27.0398717555007 86.0751497204164,27.0402728802344 86.0749997829285,27.0403486304929 86.0738432204626,27.0411826927306 86.0737151581889,27.0412405059251 86.0731574697308,27.0417536300646 86.0720438447022,27.0426850057087 86.0704402828655,27.0437327550821 86.0688357830315,27.0449316308527 86.0678735955672,27.0455593804309 86.0674026579275,27.0459782551688 86.0670811577503,27.0463033175776 86.0668880948659,27.046532193436 86.0666729076539,27.0468760679535 86.0664995957748,27.0473351929416 86.0663904697168,27.0477361306153 86.0663461581088,27.0480246300121 86.0663815951643,27.0491170057577 86.0663367205781,27.0495183805041 86.0663324074089,27.0501501932387 86.0660667823778,27.0517595674216 86.065913532671,27.0523903801053 86.0659112834558,27.0527355685386 86.0660358455514,27.0532553809682 86.0660336583897,27.0535983804411 86.0659899700149,27.0537718182259 86.0658398463665,27.0539446309789 86.0656465955228,27.0541915059548 86.065263219894,27.0541890049282 86.0649448457752,27.05401531803 86.064754283018,27.0538606932532 86.064627032836,27.053821567161 86.0645840333451,27.0538415052262 86.0646237826706,27.0542818181056 86.064770469993,27.0546866930302 86.0648758458602,27.054858879852 86.0648749078628,27.0549739432626 86.0650005329622,27.0553200049419 86.0654006576449,27.0560108809346 86.0653144698047,27.0561840678073 86.0650792833734,27.0563156302592 86.0648449081344,27.0563524432841 86.0643976578515,27.0563315051679 86.0640139710558,27.0564440054985 86.063628658278,27.056750567865 86.063243970532,27.0569781927605 86.0630724078427,27.0571485053861 86.062473657942,27.0575100678543 86.0622820960333,27.0575088177907 86.0619005954999,27.0572400046477 86.0615857827134,27.0565293803477 86.0614164701387,27.0563545054394 86.0612890328967,27.0563356303779 86.0610969709626,27.0563930056005 86.0608405334495,27.0565447552309 86.0605834709047,27.0567731931174 86.0602627207656,27.05696288083 86.0601348446525,27.0570003800408 86.059751469923,27.05699781786 86.0592413459362,27.0568431930832 86.0589866576129,27.0567061303514 86.058795469824,27.0566687552476 86.0586675955094,27.056667880203 86.0584752197104,27.0567997556205 86.0583679075935,27.0569344432314 86.0583023458032,27.057164193235 86.0583612202028,27.0579678798259 86.058252533016,27.0582559421501 86.0577585330514,27.0589431300054 86.0575869703621,27.0591157556985 86.0568142205976,27.0600876298069 86.0565752830761,27.0607765056978 86.0564652828728,27.0613511932226 86.0562935951771,27.0615801931881 86.0558437827134,27.0619811299625 86.0551381577685,27.0624186936013 86.0550095954693,27.0625328801688 86.0546657830053,27.0629908800995 86.0544734081056,27.063124943578 86.05406909526,27.0630636302054 86.0538781574838,27.0629495056914 86.0537507202418,27.062928442569 86.0536232829999,27.0628327551446 86.0533046579691,27.0627358185558 86.0525389076616,27.0625975678139 86.0520904082144,27.0628043795995 86.0518342198148,27.0628816308337 86.0515149076986,27.0628591935406 86.0511949705505,27.062954067974 86.0508105328173,27.0631432556612 86.0505748454612,27.0633718806075 86.0501875325816,27.063944630084 86.0499070326927,27.0645181925516 86.0496464699697,27.065265567823 86.0493450328641,27.065780255891 86.0488944703622,27.0662961922239 86.0484214705672,27.0669835050856 86.0479716581035,27.0673843807059 86.0478008454524,27.0674599430053 86.047543720854,27.0676883808917 86.0472437208719,27.0679932552227 86.0470714701979,27.0682425682723 86.0465995334066,27.0687560674309 86.0465349087144,27.0688707549232 86.0467013452435,27.0695036936144 86.0468027829606,27.0702535051609 86.0467770955021,27.0709415680608 86.0467329080011,27.0711714421714 86.046256408028,27.0723776933175 86.046253657888,27.0727793180766 86.0462745960041,27.0728381304226 86.0465293445822,27.0729730050935 86.046847032515,27.0732616924494 86.0472070958062,27.0735326307006 86.0476102206417,27.0737835679336 86.0479699709673,27.0741312555948 86.0480753459352,27.0743034424167 86.0482840957691,27.0748780058344 86.0485799084878,27.0751485061137 86.0488538459923,27.075513692867 86.0491262825211,27.0760886304045 86.0493573455411,27.0764918802464 86.0494814085106,27.0769530053363 86.0494802834533,27.0771245059721 86.0493710332882,27.0775254427466 86.049386470225,27.0782724429989 86.0495700955787,27.079365817896 86.0491002829962,27.0795928186589 86.0489502825555,27.0797068811193 86.0479467206831,27.0801806921067 86.0474350957207,27.080312630477 86.0453073453325,27.0802847549574 86.0443714703585,27.0802038803373 86.0424142196559,27.0801387556196 86.0415629703923,27.080038192947 86.0409664706062,27.0800747559591 86.0406891588292,27.080149567321 86.0404957820799,27.080358130095 86.0403230322798,27.0807405677264 86.0401034698451,27.0817363801037 86.0400167208253,27.0819660051009 86.0398875946485,27.0821771930086 86.0395660953706,27.0824818802797 86.0394154707974,27.0827110052514 86.0393487830505,27.083094192921 86.0393675951591,27.0834778806161 86.0394294706107,27.0837648808358 86.0395122203262,27.0842235048991 86.0395751587816,27.0843773805371 86.0396154081324,27.0847590051775 86.0397192830239,27.0852178180993 86.03973353285,27.0863641929962 86.0397941573386,27.0869016304236 86.0397922201896,27.0872062556412 86.0398950959296,27.0878184423769 86.0398917828113,27.0883531926171 86.039869408471,27.0885448804315 86.0398469702785,27.088736505293 86.0396725333422,27.0893468178326 86.0394136586548,27.0898798179838 86.0392412200216,27.0901855673593 86.0391125947695,27.0903381308801 86.0390052826527,27.0904705054237 86.0386195957552,27.090718318397 86.0380203449297,27.0910391926431 86.0371645954371,27.0913785687302 86.0367367822946,27.0915110682801 86.0361387833314,27.0916423186658 86.0351989711067,27.0917532550678 86.0327234080509,27.0917971934553 86.0311872831,27.0917325049109 86.0282045953107,27.0915246930744 86.0260733447443,27.0915100052764 86.0247084704165,27.0916178803716 86.0231730955037,27.0916862552547 86.0224904708303,27.0917581932688 86.0217223463013,27.0918860055298 86.0207839703008,27.091938193438 86.0202718453129,27.0920496928183 86.0194184079883,27.0921611310444 86.0169455330189,27.0921845054356 86.015836032301,27.0923482556769 86.0151530335078,27.0924991311622 86.0143834700566,27.0927803181364 86.0141476576941,27.0929321307197 86.013891096074,27.093045443142 86.0132270325971,27.0935191309216 86.0124947830957,27.0945091300533 86.0123651577927,27.0947383179779 86.0122777207883,27.0950446303317 86.012040845422,27.0953498185276 86.0119112210184,27.0955790676064 86.01186628258,27.0958833798584 86.0112197829467,27.0967972555111 86.0111115328325,27.0970266304956 86.0108097198084,27.0974848174863 86.0106592831944,27.0976372560007 86.0104665323762,27.0977690055125 86.0109117205038,27.0980790051043 86.0116758457285,27.0985221301773 86.0119307211117,27.0986390057305 86.0123559702747,27.098775130465 86.0125262829004,27.0987966306601 86.0126967834853,27.0987978177708 86.012953220099,27.0987409434731 86.0133809702886,27.0985521299057 86.0136381587392,27.0983237558715 86.0138953453911,27.0981540682775 86.0140664701085,27.0980785680317 86.0145786571499,27.0980053799539 86.0151755328544,27.0980073180022 86.0156014700021,27.0980690054946 86.0159410952026,27.0982225052142 86.0162381579849,27.0984163810896 86.0164924074369,27.0986100051537 86.0167464707284,27.0988599432352 86.0171047209776,27.0994153186259 86.0172715334252,27.099876755782 86.0178380334829,27.1010856923166 86.0178994080097,27.1014290047551 86.0180454073475,27.1018905057633 86.0183186577667,27.1024068180147 86.0185700950252,27.102983942714 86.0187158452496,27.1034429426956 86.0191368450956,27.1042492553194 86.0194335949124,27.1045943187464 86.020028657575,27.1049978177017 86.0207949699614,27.10530775524 86.0211358452255,27.1053665675861 86.0214774705278,27.1053689427069 86.0219901575947,27.1052754433435 86.0223329709071,27.1050680056267 86.02258959548,27.1049930683592 86.0227610952165,27.1048791929587 86.0232745952743,27.1046525681142 86.0233390338061,27.1045943807999 86.0240234085686,27.1043689430662 86.0242802831542,27.104255630644 86.0246227835011,27.1040842550146 86.0251368447386,27.103762880743 86.0253935961165,27.1036676303912 86.02607622079,27.1037106928348 86.0265876577932,27.1038270054098 86.0270989706894,27.1040020673779 86.0278437837801,27.1043298808262 86.0286945959711,27.1047938181095 86.0292678454731,27.1052355681125 86.0296492210001,27.1057165683146 86.029775845251,27.1059453182673 86.0300518449108,27.1061773804389 86.0304324083461,27.1067508799536 86.0306640325458,27.1072691932062 86.0306608453332,27.1077836303621 86.0306168448921,27.1079570681469 86.0305300958723,27.1081843180231 86.0303793453934,27.1084135059478 86.0301850333447,27.1087574425188 86.029925970698,27.1092723797002 86.0293454699277,27.1099565674029 86.0290020954356,27.1102227554122 86.028701595428,27.1105275676896 86.0284214085047,27.1109273173533 86.0283562828877,27.1110983179637 86.0277541578152,27.1118410679997 86.0271052830611,27.1132152548519 86.0268882207536,27.1137868801705 86.0266722826042,27.1141870057526 86.02643565815,27.1144720049712 86.0260697825127,27.114968130044 86.0258111578379,27.1153860676838 86.0255741583647,27.1157116301181 86.0251220957864,27.1163380675792 86.0249056585108,27.116796880501 86.0247972204374,27.1170826936099 86.0246465329114,27.1173118176823 86.0244517208372,27.1177120673715 86.0239995953062,27.1183407558464 86.0236342826471,27.1187398804783 86.0233982202718,27.1189481302868 86.0229702830224,27.119118879985 86.0221374699489,27.1191536929081 86.0218180337257,27.1190566933666 86.021179532701,27.1187836929601 86.020795282927,27.1187450057392 86.0205389704203,27.1188199430067 86.0203031580578,27.11897175559 86.020087907893,27.1192568177614 86.0198054079023,27.1200581310301 86.0195237829562,27.1206880057165 86.0195869075721,27.1208599425255 86.0196924075463,27.1210524424316 86.0199463449321,27.1213588177383 86.0202640958177,27.1217626926119 86.0203272204336,27.1219346303204 86.0203457834288,27.1223363800859 86.0202367203236,27.1227373177597 86.0200418452966,27.1231375683482 86.0196980948861,27.123516567855 86.0190985949473,27.1238011929538 86.0187782198273,27.1238192559236 86.0183294074145,27.1239108810909 86.0173042203407,27.1240211304076 86.0165996575003,27.1240184423211 86.0160865954143,27.1241480055705 86.0156367199978,27.1244133805888 86.015529407881,27.124527693062 86.0151844703597,27.1250420061109 86.0151412208562,27.1251567547573 86.0151401587517,27.1253101924234 86.0148066570644,27.1253416922281 86.0146635328729,27.1254196926012 86.0144687828523,27.1255514430123 86.0140821579573,27.1256773181243 86.0134439078447,27.1256277562491 86.0133143454946,27.1257013184467 86.0132478457069,27.1258136928716 86.013243282525,27.1260054427395 86.0133871585533,27.1262388179275 86.0134656580525,27.1265283182745 86.0134415956767,27.1266431928267 86.0133325334707,27.1267551922324 86.0130949710191,27.1268844425163 86.012604345327,27.1268945059781 86.0120900331774,27.1270195680992 86.0118959702421,27.1271107552945 86.0113091579994,27.1275962557258 86.0105325950913,27.1280036928311 86.010465658231,27.1281183182699 86.0104850333179,27.1282131927033 86.0105480320281,27.1282520058299 86.0109507827438,27.1283383177771 86.011328532187,27.1285936931858 86.0114492829375,27.1289036936769 86.0114583454491,27.1294205059537 86.0115594072479,27.1296513801152 86.0117884081126,27.1298853803351 86.0119979700382,27.1300425681921 86.0125672202359,27.1303037550475 86.0127351577407,27.1304222556836 86.0129011580966,27.1306175057296 86.01300272082,27.13083031872 86.0130997824151,27.1312326305645 86.0130902207773,27.1316365054381 86.0129996577145,27.1318637553145 86.0129039082366,27.1323211311128 86.012588158352,27.1330635681832 86.0125800958913,27.1334065056026 86.0126400332946,27.1335806304727 86.0128050956531,27.1338141936201 86.0128647200908,27.1339883805436 86.012831470197,27.1345048178014 86.0127435322677,27.1346170681192 86.0125268458787,27.1347667555944 86.0122266588367,27.1348368185131 86.0116503453298,27.1348824431375 86.0113922836334,27.1349753183684 86.0110025326801,27.1352343801157 86.0106972203772,27.1355346301106 86.0105431576793,27.1357433808439 86.0100422832641,27.1361934433203 86.0097605333115,27.1363990050424 86.009201658642,27.1365981932385 86.0087535962674,27.1366085678673 86.0083084072405,27.1365038808841 86.0080527206649,27.1364998177276 86.007217095398,27.1366947548081 86.0068974073634,27.1366880053639 86.0065788452854,27.1366428807649 86.0063866583448,27.1366595677653 86.0056884087753,27.1364357551143 86.0050501586627,27.1363838801718 86.0046634708149,27.1365097561831 86.0043393455041,27.1366947557074 86.0041460335063,27.1367678178796 86.0035621575641,27.1371225049978 86.0028537204257,27.1373386302072 86.002334971,27.1376350050047 86.0019835331478,27.1380860684314 86.0018274712475,27.1383715685748 86.0016222206924,27.1389410058324 86.0015115954572,27.1391116934771 86.0013584707568,27.1392820681563 86.0011872830865,27.139316943133 86.0010925948137,27.1397179428602 86.0009139706139,27.1400573810009 86.0007162833934,27.140304193024 86.0005205953753,27.1404721305288 86.0001103460765,27.1406947551697 85.9998527826069,27.1407650681011 85.9994648446954,27.1409496926064 85.9992907827782,27.1410996309936 85.9991996585357,27.1413471930548 85.9991955953792,27.1415186927913 85.9993180962188,27.1417519429731 85.9996296579405,27.1421016298368 85.9996029704311,27.142331629853 85.999381783813,27.142673006042 85.9990325951761,27.1430112552731 85.9989007827115,27.143179567797 85.9987677201832,27.1434065047078 85.9986582200054,27.1435208180802 85.9983252830949,27.1440893182398 85.9980067830705,27.1449445056535 85.9979972205333,27.1453460674598 85.998176720677,27.1458663178612 85.9984416577234,27.146389443409 85.9985655956865,27.1465640683046 85.9991089075136,27.14701469286 85.9998335945798,27.1479291926452 86.0000010329585,27.1480680675196 86.0002127199923,27.1481281937815 86.0005482829357,27.1483652553083 86.0006329077467,27.1483861925251 86.0009685327435,27.1486232549512 86.0013440950251,27.1489755678478 86.0015091582829,27.1492070049876 86.0016855332675,27.1498625680319 86.0018717208019,27.1500963182391 86.0021657825322,27.1502925053832 86.0032609704712,27.1508508179738 86.0036590950521,27.1511469436581 86.004055783409,27.1514995056681 86.0048740327914,27.1520694429512 86.0057164704555,27.1525086307733 86.0060558447439,27.1525719433484 86.0061417825713,27.1525545054104 86.0067351571984,27.1527008177138 86.0069882824925,27.1528199433816 86.007113844639,27.1529178809206 86.0068971573507,27.1530675063422 86.0064172201522,27.1535380051106 86.0050461575597,27.1547174437408 86.0044129706544,27.1553560679733 86.0038048452766,27.1558436305599 86.0035232203304,27.1560289430498 86.0034325961134,27.1562561938254 86.0029730322541,27.1567651307014 86.002862407019,27.156935881299 86.00281590735,27.1571070060164 86.002918345118,27.1572815059056 86.0038014080513,27.1577954430361 86.0043749084653,27.1578852551615 86.0047114705602,27.1580816923183 86.0050456575343,27.1583751308154 86.0057288460854,27.1592509424803 86.0059738459659,27.1597152556821 86.0061620336021,27.1598700063646 86.0063254708779,27.1601803180227 86.0066159703765,27.1605298178265 86.0072622829499,27.1611526310023 86.0078926576616,27.1615474433644 86.009667532175,27.1622481930611 86.0102342201919,27.1626402561825 86.0103162828221,27.1627762559106 86.0104552827029,27.1632195059899 86.0105777826431,27.1634505051578 86.0106377200464,27.1636247550342 86.0106737200803,27.1639115061406 86.0108547832532,27.164373068303 86.0112437823697,27.1650708178471 86.0114048454239,27.1654735685628 86.0115887207903,27.165822380382 86.0116858462375,27.1662246931258 86.011827157387,27.1665731928787 86.0119097829956,27.166688817469 86.0119483452102,27.1668605681175 86.0122174074665,27.167209942915 86.012679344648,27.1675065686247 86.0132692829492,27.167804006426 86.0138612204527,27.1680247550722 86.01445422096,27.1681891312446 86.0150491586163,27.1682768182618 86.0164130328932,27.1683201927717 86.0176930953502,27.1682862548932 86.0182019701727,27.1684094428182 86.0187094078716,27.1685911930764 86.0188774083292,27.1687096937124 86.01910572031,27.1689617560027 86.0192943450188,27.1691007558835 86.0194164708393,27.1693498800746 86.0196226575931,27.1696423176215 86.019723783244,27.1698731935816 86.0201762208413,27.1705713181448 86.020683219669,27.171671505439 86.0209953452683,27.1728831309593 86.0211095327352,27.1734592556076 86.0211585954842,27.1740914433614 86.0211276577584,27.1744951302758 86.0213924706977,27.1750159436556 86.0217027203023,27.1754242549062 86.0220180960671,27.175602443832 86.0226110336215,27.1757847552699 86.0228662831245,27.1758091926648 86.0235512829188,27.1757056927924 86.0238895960022,27.1758253184857 86.0241412832735,27.1760030676409 86.0242449702057,27.1761188810898 86.0244060953134,27.1765238810207 86.0244803454956,27.176984693145 86.0244679698657,27.1775035684764 86.0245690955166,27.177734442638 86.0247165949308,27.1778144431128 86.0249078456725,27.1778361303678 86.0251460331559,27.177686567899 86.0254041578052,27.1775958807291 86.0257508454156,27.1773725681035 86.0259225331112,27.177317380942 86.0263484082054,27.1773451305559 86.0266020946791,27.1774439431394 86.0267248455314,27.1776568802368 86.0266263450142,27.1782112555767 86.0263342204329,27.178838818095 86.0262866586595,27.1790483179671 86.0263037827326,27.1792199427099 86.0265740959519,27.1795128802823 86.0270594704774,27.1797711937901 86.0275678461738,27.1799530061018 86.0279059074457,27.1801110060504 86.0284149702274,27.1802544432075 86.0293458449468,27.1806354437154 86.0300244073631,27.1808409433839 86.0313839702696,27.1811526930648 86.0318095332975,27.1812165056654 86.0326637836131,27.1811953184359 86.0334364704247,27.1810178804475 86.0342117823699,27.1807253808471 86.0343835959713,27.1806904429177 86.0351583449381,27.1804159433342 86.0354169705122,27.1803071302417 86.0357417208549,27.1801018176331 86.0360006575958,27.1799907553254 86.0365162827619,27.1798476311339 86.0366894705339,27.1797359428951 86.0371199699642,27.1795900056108 86.038063720339,27.1793978798244 86.0386612831288,27.1794087562774 86.0390009083293,27.1794900050172 86.0391699079385,27.1795701934513 86.0397847827607,27.1797729429798 86.0399537832693,27.1798508174472 86.0402908453896,27.1800494426651 86.0406867207554,27.1804785679247 86.0408316579888,27.1806916929814 86.0413360955351,27.1810448809225 86.0417581574855,27.1812621311891 86.0420102197758,27.181439818291 86.0432771583634,27.1820735052217 86.0442081580892,27.1824543807233 86.0444612204304,27.1825915055086 86.0448853454355,27.1827140054488 86.0452637208098,27.1829895680361 86.0454687834057,27.1833565057779 86.0456229072578,27.1841066932428 86.0456175328835,27.1843368182654 86.0456753451786,27.1846237564316 86.0456029080384,27.185945505363 86.0456818455095,27.1862326305891 86.0457844703374,27.1864071304783 86.0459299705491,27.1865818174274 86.0461189082235,27.1867388182244 86.0468189078821,27.1869421298319 86.0472449700362,27.1869878803621 86.0476685950158,27.1871306304338 86.0478369704926,27.1872468800558 86.0479999706957,27.1875955057145 86.0481260949212,27.1876730681156 86.0484241577543,27.1877179427019 86.0487657201038,27.1877225058838 86.0490227205951,27.1876881309327 86.0493672830973,27.1875617557951 86.0499715953315,27.1872658180701 86.050229158801,27.1872111309341 86.0515029079871,27.1875401935466 86.051758970481,27.187544129898 86.0523596575307,27.1874195687018 86.0526187201773,27.187290442525 86.0527496575974,27.1871785051727 86.053036844877,27.1867426934217 86.0535610954821,27.1862159426894 86.0539708447555,27.1860291930759 86.0542282823194,27.1859767560544 86.0550045331613,27.1856457553935 86.0552620948323,27.1855730052877 86.0554321583446,27.1856147556142 86.0556857207112,27.1857338174298 86.0559795953816,27.1859681926689 86.0563807210146,27.1861671938052 86.0567208462406,27.1862304434274 86.0572339703801,27.186200005727 86.0574055330694,27.186165068697 86.0578370955034,27.1859626303354 86.0581851581838,27.1856828804847 86.0583604081111,27.1854741927042 86.0585119706817,27.1853826925433 86.0587960957551,27.1850822554885 86.059206720073,27.1848616300502 86.0600645335197,27.1846868180947 86.0607547835813,27.1843732553719 86.0612700328289,27.1842323183421 86.0616115331249,27.1842391307392 86.0619305961277,27.1843021303488 86.0620772204973,27.184418192911 86.0621815954143,27.184536255575 86.0622630950662,27.1847082562363 86.0622554705774,27.1850534428709 86.0622100959656,27.1851660061543 86.0618347198447,27.1857321302936 86.0616071579022,27.1863601298845 86.0615984074568,27.186761755543 86.0616723455727,27.1872789428389 86.0617952834849,27.1875098808526 86.0619839072944,27.1876668807503 86.0622584077772,27.1878063806565 86.062684157865,27.1878520682339 86.0628557205544,27.1878171303045 86.063438845559,27.1875231306277 86.0642211587599,27.186907818733 86.0645654082964,27.1867792564338 86.0647360320891,27.1867826307062 86.0649064706205,27.186806318063 86.0652440957191,27.1869845681431 86.065745658119,27.1874707556597 86.0660842203158,27.1876106935379 86.0663388447869,27.187673317229 86.0668448462617,27.1879700049922 86.0672699704183,27.1880540677242 86.0674424702057,27.1879807555394 86.0676996586563,27.187928255565 86.0682122827703,27.1879203172113 86.068892596175,27.188046756201 86.0689785322038,27.1880292562095 86.069914846049,27.188161817813 86.0702538462177,27.1882836306679 86.0704005326408,27.1884019433446 86.0705424076679,27.1887481309296 86.0707909086259,27.1890972557143 86.0709929081163,27.1896175681693 86.0713455330792,27.1900825055035 86.0715049080978,27.1906025058923 86.0715763451872,27.191234817753 86.0715699087085,27.1915213179473 86.0717268447541,27.1921541936857 86.071766782938,27.1922694432569 86.072178471159,27.1929649426864 86.0723443456091,27.1931985058337 86.0725955328549,27.1934122559221 86.072827532973,27.1935514428629 86.0730566579448,27.1938033801468 86.0738842198516,27.1950047551454 86.0739646573991,27.1952354431463 86.0740887833214,27.1954100050891 86.0743799078518,27.1957594428394 86.0748394078589,27.19622725532 86.0750050322964,27.1964608175679 86.0754490953667,27.1966600057641 86.0762079712235,27.1970937553598 86.0772232836939,27.1975336302673 86.0775594698705,27.1977705056336 86.0777264702773,27.1979453805419 86.0775748447538,27.1980571928878 86.0773797206134,27.1981867552379 86.0771857206309,27.1982600053691 86.0766710325629,27.1983648803116 86.0753819705472,27.1987220055035 86.074994220595,27.1988863798773 86.0743499701769,27.1990468799532 86.0739011577641,27.1990755055109 86.0732000330483,27.1989106922659 86.0728158453278,27.1989036298561 86.0722380335432,27.1989675054095 86.0719158453813,27.1990579425667 86.071657345713,27.1991487556423 86.0713331574493,27.1993338810723 86.0712237202243,27.1994459434309 86.071024032902,27.1997876307867 86.0706778462165,27.1999929433954 86.0705472829161,27.2001048807476 86.0698124703345,27.2004949437672 86.0692949080195,27.2007171304361 86.0688432204604,27.2008608185052 86.0681374705091,27.2009080061589 86.0675572827043,27.2010688803545 86.0664632207219,27.2013008804726 86.0659501577366,27.2013109430351 86.0655674071396,27.2012475054537 86.0653108464189,27.2012615682198 86.0645366577323,27.2014978806078 86.0642150325487,27.2015498805567 86.0637023454819,27.2015600051727 86.0630636573973,27.201472256102 86.0624443452989,27.2014816927334 86.0619732205994,27.2015304434163 86.0617785955851,27.2016419427966 86.0615825334474,27.201812130416 86.0612082823837,27.2023218811823 86.0608375953504,27.2026600683599 86.0602032204349,27.2033395678743 86.0594528450108,27.2044176308409 86.0590795957967,27.204873192698 86.0586237821283,27.2052085685815 86.0578014075358,27.2056926930434 86.057027595667,27.2059109433609 86.0567679709414,27.2060581307088 86.0565279074632,27.2062844434871 86.0564147830002,27.2065702556967 86.0563631580703,27.2069715054368 86.0559772211601,27.2080001306353 86.0558840950171,27.2083425059758 86.0557495333118,27.2086281302262 86.055552658183,27.2088547550707 86.0553535329397,27.2091941302584 86.0551725956725,27.2097073803036 86.0550804075268,27.2100497556441 86.0550559080784,27.2102210674214 86.0549659700473,27.210448318197 86.0548557198314,27.2106190678953 86.0546814079014,27.2107871304065 86.0539152205213,27.2117500058554 86.0535891580616,27.2120298798132 86.0528440329046,27.2129906301539 86.0527115333547,27.2132176309168 86.0522783458379,27.2135170679207 86.0515239072573,27.2138662556583 86.0510049707717,27.2142011926705 86.0499065947208,27.2146608806368 86.0496461579035,27.2148666932709 86.049387283216,27.2149958176491 86.049127282572,27.2151835682127 86.0488010330523,27.2154837552548 86.0486475324334,27.215690317927 86.048385345527,27.215990942941 86.0479064083795,27.2164411924773 86.0476435325891,27.2167801305924 86.0473566573757,27.2172340682661 86.0471165327433,27.217460256038 86.0467064084509,27.2176447555368 86.0464483449558,27.2177151925753 86.0459552829886,27.2177840683832 86.0456779703123,27.2177415680185 86.0452945326299,27.2176780683835 86.0448456572643,27.2176705059482 86.0442656574187,27.2177928799828 86.0440069706905,27.2179039431898 86.0432980955802,27.2180435681025 86.0431043456104,27.2181166923281 86.0429089085045,27.218248505692 86.0421880327833,27.2189814422789 86.0419267820756,27.2192053178827 86.0415375949999,27.2194079424049 86.0408275957317,27.219606193503 86.0403130326701,27.2196748813517 86.0396028454426,27.2198911936209 86.0394728451206,27.2199647558185 86.0390867202511,27.2200365679269 86.03882797057,27.2201453801201 86.038699907397,27.2201445059749 86.0383130954421,27.2202523801707 86.0381208455488,27.220269130124 86.0380558449381,27.2203070682061 86.0379277206108,27.2203061931616 86.0359289695944,27.2209265053108 86.0356705958317,27.2210375685179 86.0352787827231,27.2213936927596 86.0347105955291,27.2220170680144 86.0342966571936,27.2224112553446 86.0336020948621,27.2229368180669 86.0330638453431,27.2231565055079 86.0324190957989,27.2233573808403 86.0315842826237,27.2234599436147 86.0298535335578,27.2235111935254 86.0294707200079,27.2234498810521 86.0290891574211,27.2233096311077 86.0288975325595,27.2232879429534 86.0283280962012,27.2229545680711 86.027946408608,27.2228346303115 86.027625220497,27.2228685061366 86.0270438446821,27.2231081936963 86.0266139073308,27.2232360680108 86.0265287833937,27.2232331937638 86.0261640328136,27.2233051308786 86.0249369074036,27.2237840050733 86.024546720277,27.2240656309188 86.0242163455473,27.2245371306375 86.0238593453617,27.2252770055271 86.0235957833853,27.2256181928575 86.0233348456432,27.2258420684613 86.0230995953597,27.2258584433955 86.0228422828021,27.225913068478 86.0223309078524,27.2258666308626 86.0222016575686,27.2259221309897 86.0220710331141,27.2260340683419 86.0219170954226,27.2262428181759 86.0215699707396,27.2265044430033 86.0210952208556,27.2267470677629 86.020450095393,27.2269456309273 86.0194113455784,27.2275972549221 86.0191304077177,27.2277645673951 86.0186762829841,27.2280253801308 86.0182235333205,27.2282275675804 86.0180276573433,27.2283976931462 86.0178527833344,27.2285860678424 86.017588532474,27.228963193153 86.0174758459829,27.229249006262 86.0173667208241,27.2293633187351 86.0169570956578,27.2295477561805 86.0158537823052,27.2302169431196 86.0153360958832,27.2304570056985 86.0146875322959,27.2308270056465 86.0132625326055,27.231550318542 86.0126819086275,27.2317313178628 86.0120387203138,27.2318531307177 86.0114614076554,27.2318806303188 86.0111412825482,27.2318558808577 86.0105625957191,27.2319600687148 86.0101785330049,27.2319325682143 86.0100515948891,27.2318730058301 86.0097947203035,27.2319072548755 86.0093426586246,27.2320710680696 86.0089520955796,27.2323526300629 86.0084332202481,27.2326490678134 86.008175407665,27.2327216938122 86.0074902828643,27.2328048806004 86.0071453453431,27.2329513179101 86.0068875327601,27.2330240050631 86.0066308461336,27.2330379428228 86.0063753448194,27.232995505411 86.0061830958253,27.2330099431963 86.0058021582702,27.2328312551442 86.0054837202992,27.2327297553736 86.0047157207766,27.2326949433499 86.0038865328877,27.2325085687555 86.0036962210426,27.2324079431301 86.0032550331186,27.2320550681545 86.0029387832086,27.2318565049902 86.0024312834562,27.2316182554532 86.0017313458511,27.2313740676645 86.001161157656,27.231056380631 86.0009092203721,27.2308605676066 86.0003394701489,27.2305248185026 86.0000877199248,27.2303086303405 85.9997129076815,27.2298411308255 85.9992922828546,27.2295267560109 85.9991669707208,27.2293904433172 85.9990824079634,27.229351568137 85.9987489080746,27.2289610680449 85.9983343456066,27.228357880868 85.998196219871,27.2278198804623 85.9981130330829,27.227701943704 85.9979737202365,27.2272203175706 85.9977850334741,27.2270452556025 85.9975530954095,27.2269059427561 85.9973406583375,27.2268457553401 85.997316470056,27.2268410680511 85.9970045324159,27.2269246307577 85.9959772202339,27.2271361307316 85.995461783027,27.2273378181557 85.995033532812,27.2274453182318 85.994607283598,27.227440005911 85.9940930955555,27.2275648800728 85.993837095115,27.2275788798861 85.9934947197746,27.2276486927921 85.9927269702647,27.2276566931993 85.9918779081628,27.2274700685922 85.9916219706751,27.2274840054527 85.9909350948861,27.2277205057998 85.9906324077167,27.227946192647 85.990374783093,27.2280368798169 85.9898580958225,27.228294943312 85.9889174085532,27.2284506310926 85.9884032196114,27.2285755682072 85.9872079078711,27.2286504434212 85.9866088450048,27.2287746934506 85.9864357201857,27.2289065679687 85.9862661575981,27.2288466935182 85.9860119701996,27.2287658809516 85.9857536584904,27.2288948803234 85.9853254082754,27.2290023803995 85.984724220301,27.2292213798558 85.9844043461058,27.2292145683581 85.9844835956432,27.2295220057691 85.9844704699751,27.2302101307226 85.9844245953379,27.2303610053085 85.9841614695348,27.2307403807337 85.9837503451915,27.2310578186538 85.9835538450817,27.2312842555391 85.9832207822656,27.2319655680954 85.9831524703353,27.2321930059309 85.9831494701826,27.232346443597 85.983269032923,27.2327692555856 85.9833732198807,27.2329053803201 85.9839412829677,27.2332772562629 85.9841955324197,27.2333580688294 85.9845331584177,27.2335342558548 85.98482747106,27.233750755184 85.9850759702194,27.2341180679448 85.9852162831166,27.2345794430474 85.9852559703885,27.2347308806116 85.985251345153,27.2349610056343 85.9853305946905,27.2352684430454 85.9853613453564,27.2358801306549 85.9854207827342,27.236110755703 85.9855244696666,27.2362649425079 85.9856709708285,27.236401380208 85.985690782988,27.236478192571 85.9856848447361,27.236782879842 85.9854095951144,27.237771380696 85.9853779082498,27.2383058809235 85.9853092824546,27.2385355679742 85.9851993452041,27.2386859425347 85.9851531585007,27.2388368800735 85.9851420329344,27.2393738183748 85.985445845161,27.2401431309139 85.9856100324749,27.2404511924574 85.9858804698012,27.2407983809925 85.9863201576489,27.2412076931933 85.9866354704608,27.2414423804986 85.9870172201076,27.2415623803115 85.9874639083115,27.2416468810155 85.9880999703632,27.2418681305864 85.9886097822836,27.2419913805648 85.9890571575729,27.2420374431612 85.989819470655,27.2422979429313 85.9902619706961,27.2425718804359 85.9904503453923,27.2427470053568 85.9907663461888,27.2429433184067 85.9910200956154,27.2430443802054 85.9918214079848,27.243496942809 85.9922196575721,27.2438472556039 85.9925112830273,27.2441968804141 85.9928469700776,27.2444880678973 85.9931169073785,27.2448555677181 85.9935766573984,27.2453214430497 85.9939682825479,27.2460169424792 85.9940063456363,27.2462474434203 85.9939991582201,27.2466286300887 85.9939917837441,27.2469918805925 85.9936664704231,27.247235505403 85.9931925326307,27.2474374428398 85.9927375949062,27.2477365057239 85.9925437828829,27.247809567896 85.9918718458038,27.2482763803257 85.9917861579891,27.2482938182636 85.991655782648,27.2484056935624 85.9913757827846,27.2485165058574 85.9911798456531,27.2486843174565 85.9909827825651,27.2489108181939 85.9907382197572,27.2493648179211 85.9906692827951,27.2495945058712 85.9906614082936,27.2499757554925 85.9906553450353,27.2501923177744 85.99065603302,27.250400005504 85.9905003452394,27.2509335677341 85.9900605323855,27.2520766304121 85.9898213457505,27.25245625585 85.9894100955014,27.2529474427218 85.9892356576657,27.2532530688896 85.9891914081113,27.2534039434755 85.9891842827486,27.2540153810724 85.9892218449123,27.2544736930694 85.9890457199404,27.2549304429365 85.988547220646,27.2555767555099 85.9884611578122,27.2556325056497 85.9883092211219,27.255859380507 85.9880434710845,27.256699068031 85.9878897825064,27.2570792555479 85.9872352824659,27.2582952553916 85.9870397203535,27.2585984434857 85.9865209079749,27.2591475056055 85.9862605323118,27.259527006037 85.9859360319819,27.259885630406 85.9857205956565,27.2600758810969 85.9855052825389,27.2602255056193 85.9851385948098,27.2605658179051 85.9849217204616,27.260850818023 85.9847277204791,27.2610209435889 85.9842333445961,27.2613016305376 85.9840390955003,27.2614920053356 85.9839534076855,27.2615094432735 85.9836516576143,27.2617555061578 85.983157782656,27.2620181301367 85.982856782623,27.2621874427116 85.9827494075533,27.2622611308148 85.9824250331291,27.2626017551669 85.9822075958026,27.2629431304564 85.9818422201907,27.2631707553518 85.9814997827967,27.2632426304131 85.9810732197178,27.2632192551226 85.9799624077822,27.2632653806718 85.9793629707961,27.2634121309471 85.9791056582386,27.263525318363 85.9785064074131,27.2636518805604 85.9783345326576,27.2637273187527 85.9775640959605,27.2639090051587 85.9772210335347,27.2640396305126 85.9763658452217,27.2641281305208 85.9761945954979,27.2641833176823 85.9758941584431,27.2643142560017 85.9756368458856,27.2644251933031 85.9752927834089,27.2646325060135 85.9752060955433,27.2647266304087 85.9749477829348,27.2649143180195 85.9749455948737,27.2651264439246 85.9749009082467,27.2652772555577 85.9745952209247,27.2658865050935 85.974486470785,27.2660368814527 85.9743779086046,27.2662075061446 85.9740147831072,27.2662229430814 85.973501158043,27.2663342554019 85.9727329705611,27.2662880686985 85.9722199705287,27.2663406936792 85.9713662211379,27.266329943132 85.9711950955211,27.2663670061696 85.9705118458158,27.2663597549012 85.9696585946518,27.2662948181427 85.9692310953742,27.2663481311082 85.9686316574889,27.2664948813835 85.9679474077327,27.2665823813408 85.9671800323426,27.2664796926607 85.966669407431,27.2663405677735 85.9659042201019,27.2660460680713 85.9650504698117,27.266037568538 85.9639432201077,27.2657969429809 85.9636863455221,27.2658514430571 85.9635354700368,27.2659655055175 85.9631067197962,27.2661134429036 85.9627650333397,27.2661289427932 85.9625095949783,27.266068443311 85.9622981579572,27.2658954434981 85.9620432834734,27.265778380885 85.9617878451119,27.2657178184499 85.9616170954136,27.2657165674869 85.9611882201667,27.2658826928491 85.9607152824252,27.2661656308117 85.9604768458284,27.2664505679768 85.9602588446243,27.2668482554852 85.9601505954094,27.2669805679752 85.9599566583798,27.2671325676185 85.9597849077313,27.2672057556963 85.9594423453309,27.2672799429256 85.9587595326982,27.2672545675333 85.9583334075913,27.2671927559338 85.9576523450477,27.2670139428755 85.957311032711,27.2669910685097 85.9569686582699,27.2670449435541 85.9567115336715,27.2671378178858 85.956196345578,27.2673799426199 85.9555947196317,27.2677184436625 85.9551202197603,27.2681345682604 85.9546441577591,27.2686837562858 85.9544075953585,27.2688355059163 85.9542347196527,27.2690259427677 85.954125283327,27.2692531314899 85.9541412211886,27.2697111934741 85.9541820946719,27.2698650061593 85.9543074706578,27.2700960673807 85.9544969083577,27.2703253803116 85.9550660956026,27.2709230681079 85.9559107204283,27.271676193672 85.9564563453227,27.2725038805852 85.9567684079692,27.2731943806595 85.9568501585332,27.2734995679561 85.9568633453555,27.2741878808687 85.9570064083927,27.2747236932134 85.9571310334412,27.2750315056435 85.9573336579633,27.2759513807023 85.9571130334242,27.2765589431019 85.9571058451087,27.2771703806987 85.9572675322954,27.2779365051259 85.957240844786,27.2783943179968 85.9573021581586,27.2786249430449 85.9577555328539,27.2800046931299 85.9579024072363,27.2802359432098 85.9582405953132,27.2805250055849 85.9587454699321,27.2811605685104 85.9588722821422,27.2812765681198 85.9592539706348,27.2815095682888 85.9595731577446,27.2816089429512 85.9596994078758,27.2817452556449 85.9599058455417,27.2823581933181 85.960093595206,27.2827410050693 85.960299032821,27.2834306930519 85.9603823455148,27.2836050688341 85.9606364079069,27.283778443666 85.9608707201931,27.283838818142 85.9611455956949,27.2840507560878 85.961398470077,27.2843593806097 85.9617112827617,27.2849732553809 85.9620465956923,27.2855127558629 85.9623611575667,27.2859731309146 85.9624879697768,27.2860891305239 85.9627425951473,27.2862061310836 85.9631908445818,27.2862094433025 85.9633824703426,27.2862491926279 85.9635090334394,27.2863832552071 85.9639685325472,27.2872283180047 85.9642590329451,27.2878983179349 85.9644679086847,27.2882811935382 85.9645912827702,27.2886634432105 85.9649468449329,27.2892775679944 85.9651130953015,27.2896600676794 85.9651100330953,27.2898901936013 85.9649125958875,27.2903445674483 85.9649103457729,27.2905182561451 85.9649939075802,27.2906700678291 85.9665785952547,27.2920198181857 85.966960844927,27.2922346933314 85.9678563455437,27.29235638118 85.9682181580246,27.2924560679087 85.9684301580239,27.292611068604 85.9685963454397,27.2931086308002 85.9687845330759,27.2935500057841 85.9688679707761,27.2937808178921 85.9690340331855,27.2942987552261 85.9691393460999,27.2944529429304 85.9694780953565,27.2947623183897 85.969583345318,27.2949165681475 85.969645345776,27.2951471311421 85.9696375953815,27.2959886937616 85.9698235329032,27.2966782558385 85.9698632822286,27.2969854432368 85.9699682830767,27.2971757559813 85.9700739080573,27.2972915685308 85.9702650958463,27.2974080681656 85.9706480955567,27.2975462559547 85.9709461583899,27.2976455056108 85.9712217200778,27.2978573806039 85.9713682832932,27.2981653180404 85.9713640330768,27.2986233179711 85.9714452206625,27.2991023180715 85.9716346574631,27.2993721312654 85.971761970598,27.2994701308578 85.9719537204658,27.299527943153 85.9722097820605,27.2995298182484 85.9725949077784,27.2994378810149 85.9727438452154,27.299477318274 85.9729773445105,27.2996324430763 85.9734418447721,27.3002112558111 85.9735242203679,27.3005186932222 85.9737137210206,27.3008246926104 85.9738190321363,27.300978881214 85.9739887826831,27.3010953187953 85.9744345949431,27.3013670061852 85.9748808451751,27.3016004434268 85.9757110951685,27.3018569438928 85.9761587204705,27.3019369434683 85.9767349080716,27.3019411307318 85.9774383449555,27.3020433184871 85.9781411577069,27.3022221306461 85.978204908254,27.3022610058263 85.9787164073107,27.3023617555587 85.9794849077581,27.3023673178922 85.979869595504,27.3023136928606 85.9802127829362,27.3021447562042 85.980946157495,27.3012903808822 85.9811390962724,27.3012150685955 85.9813968450032,27.3010251299709 85.9820620955909,27.3006486305914 85.9822346574318,27.3004603809016 85.9827489704807,27.3002158810466 85.983326908171,27.300066630644 85.9837747205329,27.3000901929944 85.9843073447656,27.3002294428879 85.9846040954816,27.3004414428873 85.9846880952608,27.3006158186695 85.9843874081933,27.3008031924154 85.9841082833744,27.3010110051512 85.9838912831205,27.3013930057101 85.9838252204054,27.3016204435456 85.9833900327869,27.3025356304161 85.9831526573952,27.3028023814037 85.9826769083595,27.3034871311854 85.9818601581541,27.3041107555536 85.981687408354,27.3043193183276 85.981256907125,27.3047178188271 85.9807404078138,27.3051901935902 85.980288283182,27.3056088183154 85.9797080324244,27.3060423808512 85.9789570949214,27.3064768804851 85.9788275955241,27.3066090679688 85.9774975952735,27.3073056304021 85.9771536578031,27.3075896304691 85.9767250946225,27.3077376928615 85.9764687209616,27.3077741938202 85.9761256576365,27.3079251304596 85.975440844902,27.3081299430428 85.9746898453454,27.3085621934615 85.9736607201214,27.3090126930105 85.9732519699997,27.309373005415 85.972501408415,27.3097488177093 85.9720930333122,27.3100323807037 85.9718992824432,27.3102227555017 85.9715349707343,27.3103531928963 85.9705963456205,27.3103056931764 85.9701474711541,27.3103588181826 85.9696135959585,27.3103548809318 85.9692719077033,27.31039075506 85.968844158413,27.3104823802273 85.968673282809,27.310481131063 85.968074407902,27.3106098183685 85.9665319085259,27.3111896311542 85.965675158083,27.3114676309158 85.9644772832625,27.3117250055269 85.9638795954663,27.3117206303042 85.963453345353,27.311640755735 85.9629424074759,27.31148125571 85.961921907691,27.3110337554144 85.9615809694741,27.3109545049777 85.9610689074391,27.310910067464 85.9604710325829,27.3109236931576 85.9597007199929,27.3111097556857 85.9586713447563,27.3116165683528 85.9584565334627,27.3117684429897 85.9579816576729,27.3123380052536 85.9577231580046,27.3125639439121 85.9572294701062,27.3128468800761 85.9570797835304,27.3128841310729 85.9567163450675,27.312958130343 85.956373407648,27.3130886936433 85.9558587825329,27.3133511305624 85.9551735327258,27.3135197560519 85.9540589076463,27.3139130683375 85.9531177203517,27.3140414435769 85.9523472827553,27.3142071300678 85.9516625959265,27.3143170682176 85.9504654702449,27.3143871311363 85.9499515960673,27.3144983184504 85.9493515952037,27.3147036931125 85.9486665333558,27.3148519425648 85.9479820326876,27.3149438806977 85.9475538454253,27.3150353808586 85.9471252201912,27.3151855683593 85.9466545334635,27.3152791306755 85.9457136582351,27.3153668176927 85.9449449707278,27.3153046310742 85.9445190326808,27.3151682554277 85.9442637202251,27.3150512557674 85.943903345767,27.3147620063325 85.9430967831304,27.3142031307636 85.942182657465,27.31369756816 85.9419271579493,27.3136008806847 85.9414157821003,27.3134819429761 85.9407330953733,27.3133820053354 85.9400498447687,27.3133407559336 85.9390270328157,27.3130464432913 85.9386019707126,27.3128130681032 85.9381775947955,27.3125052556731 85.9379448446392,27.3122530054236 85.9374997833166,27.3118683176776 85.9361044703891,27.3104024436045 85.9355110948627,27.3099759425792 85.9353419702471,27.3098031927791 85.9351072208883,27.3097810684515 85.9346562833674,27.3100461314036 85.9342898456511,27.3103885678983 85.9341396581504,27.3104821931674 85.9336862825558,27.3109774431956 85.9334499701678,27.3111290678197 85.9329330949381,27.3115831925533 85.9327184077517,27.3116785679115 85.9325890954143,27.3117926312712 85.9323320949229,27.3118854435493 85.9314979076789,27.3120505679613 85.9309174698614,27.312447818397 85.9306589072401,27.3126759433179 85.9303779702787,27.3129988176658 85.9302047204531,27.3132478807027 85.930029220513,27.313704567617 85.9299397834068,27.3141077554053 85.92995378322,27.3148547556577 85.9299952826345,27.3149701302352 85.929925407675,27.3155426935512 85.9299179711454,27.3162894428915 85.9298739077516,27.3164042562894 85.9297010329451,27.3166150062252 85.929335720286,27.3168401309933 85.9283690325927,27.3174464433293 85.9281759706076,27.3175217556159 85.9278549704558,27.3176140049157 85.9276624075968,27.3176328188229 85.9270865329612,27.317587818331 85.9266385326402,27.317546005951 85.9263183454794,27.3175435058237 85.925933157708,27.3176376302189 85.92544165877,27.3176519429978 85.9243549083108,27.3174698806733 85.9240356582481,27.317372631119 85.9232682208044,27.3172494431941 85.9228196575051,27.3172662552009 85.9220522200614,27.3171453182898 85.9216681573473,27.3171220059522 85.9212190328683,27.317195318137 85.9207049077786,27.3173628185692 85.9198036577685,27.3178161932646 85.9191594082497,27.3181925055842 85.9186428450863,27.3185721301228 85.9184703452989,27.3187422556886 85.9183399079043,27.3189713806604 85.9182735951765,27.3192010677111 85.9181657821349,27.3193153181308 85.9179727201498,27.319390505411 85.9175669701807,27.3193873802519 85.9173103447085,27.3194418182746 85.9171812203303,27.3195355685501 85.917073157276,27.3196701311546 85.9167887201363,27.3203561301006 85.9166760336452,27.3209306305655 85.9165645324663,27.3213900685191 85.9164329709137,27.3217342551029 85.9155842829315,27.3232777563286 85.9154112201658,27.3235066312876 85.9150015329459,27.3239050688341 85.9147849697647,27.3241899430464 85.9145042828159,27.3244765673477 85.9142037198555,27.3246637558324 85.9137331581342,27.3247368180045 85.9133489074609,27.3246955056499 85.9129001571016,27.3246920684246 85.912452345639,27.3246298809067 85.9113630950526,27.3246011303426 85.9105951575835,27.3244981304956 85.9092528455551,27.324160505397 85.908676657954,27.3240793178113 85.9081015324572,27.323919130701 85.9077187836589,27.3237626928822 85.9069543454686,27.3232964434308 85.9067003460293,27.3230823812761 85.9065949081086,27.3229484437033 85.9064465336499,27.3228502561517 85.9061271576815,27.3227326305602 85.9059348457346,27.3227311934367 85.9056776581834,27.3228058806915 85.9054831572762,27.3230345056378 85.9054395327535,27.3231289429986 85.9053039071452,27.3238566931704 85.9051090330175,27.3240830680022 85.9048919077573,27.3244265683999 85.9047406581522,27.3246171932106</coordinates></LinearRing></outerBoundaryIs></Polygon>
  </Placemark>
</Folder>
</Document></kml>
