<?xml version="1.0" encoding="UTF-8"?>
<kml xmlns="http://www.opengis.net/kml/2.2">
  <Document id="root_doc">
    <Schema id="KA_KALIKOT_Palata.schema">
      <SimpleField name="ogc_fid" type="int"/>
      <SimpleField name="objectid_1" type="float"/>
      <SimpleField name="dcode" type="int"/>
      <SimpleField name="district" type="string"/>
      <SimpleField name="dan" type="string"/>
      <SimpleField name="das" type="int"/>
      <SimpleField name="gapa_napa" type="string"/>
      <SimpleField name="type_gn" type="string"/>
      <SimpleField name="gn_code" type="float"/>
      <SimpleField name="new_ward_n" type="float"/>
      <SimpleField name="ddgnww" type="float"/>
      <SimpleField name="center" type="string"/>
      <SimpleField name="state_code" type="int"/>
      <SimpleField name="ddgn" type="float"/>
      <SimpleField name="area_sqkm" type="float"/>
      <SimpleField name="shape_leng" type="float"/>
      <SimpleField name="shape_area" type="float"/>
      <SimpleField name="Province" type="string"/>
      <SimpleField name="Address" type="string"/>
    </Schema>
    <Document id="KA_KALIKOT_Palata">
      <name>KA_KALIKOT_Palata</name>
      <Placemark id="KA_KALIKOT_Palata.1">
        <ExtendedData>
          <SchemaData schemaUrl="#KA_KALIKOT_Palata.schema">
            <SimpleData name="ogc_fid">795</SimpleData>
            <SimpleData name="objectid_1">796</SimpleData>
            <SimpleData name="dcode">64</SimpleData>
            <SimpleData name="district">KALIKOT</SimpleData>
            <SimpleData name="das">0</SimpleData>
            <SimpleData name="gapa_napa">Palata</SimpleData>
            <SimpleData name="type_gn">Gaunpalika</SimpleData>
            <SimpleData name="gn_code">6.000000000000000</SimpleData>
            <SimpleData name="new_ward_n">3</SimpleData>
            <SimpleData name="ddgnww">640603.000000000000000</SimpleData>
            <SimpleData name="center">Thirpu</SimpleData>
            <SimpleData name="state_code">6</SimpleData>
            <SimpleData name="ddgn">64006</SimpleData>
            <SimpleData name="area_sqkm">6.190643733120000</SimpleData>
            <SimpleData name="shape_leng">16021.747408600000199</SimpleData>
            <SimpleData name="shape_area">6190643.733120000921190</SimpleData>
            <SimpleData name="Province">KA</SimpleData>
            <SimpleData name="Address">Palata-3, KALIKOT, KA</SimpleData>
          </SchemaData>
        </ExtendedData>
        <Polygon>
          <outerBoundaryIs>
            <LinearRing>
              <coordinates>
                81.8071304018645,29.3740311371742,0
                81.8075172272409,29.3738550964857,0
                81.8091892088991,29.3726359846535,0
                81.8099141769035,29.3724037660726,0
                81.8104044821409,29.3725361357888,0
                81.8106669481275,29.3724240257172,0
                81.8107339419238,29.3722724776382,0
                81.8106709550985,29.3720428110367,0
                81.8104988565594,29.3718498893291,0
                81.8102875838427,29.3712760021928,0
                81.8102931560302,29.3707413648121,0
                81.8106706799666,29.3700578711672,0
                81.8111100034084,29.3696018576362,0
                81.8119694647144,29.3687124525274,0
                81.81280700167,29.3673359052814,0
                81.8133949283132,29.3669578865825,0
                81.8146471372739,29.3666503083117,0
                81.8148560533294,29.3662813454876,0
                81.8149597970147,29.36589050922,0
                81.8145685095422,29.3640455497031,0
                81.8147599948091,29.3634353595473,0
                81.8146132738532,29.3629580897269,0
                81.8141187855141,29.3626182392548,0
                81.8129124534422,29.3624587365579,0
                81.8122637357172,29.3621513807185,0
                81.8112768877706,29.3612528255039,0
                81.8102349895354,29.3600682953721,0
                81.8095697152566,29.3595422724681,0
                81.8086164791592,29.3590653661103,0
                81.8082176663603,29.3586910826905,0
                81.8077414973156,29.3578165318015,0
                81.8071176608591,29.3569880373866,0
                81.8067222904496,29.3563114696691,0
                81.8066934986518,29.3554387381581,0
                81.8066030212096,29.3549001620517,0
                81.8064329221218,29.3547139900971,0
                81.8059938602635,29.3545429992407,0
                81.8050927964063,29.3545529226734,0
                81.8043807642752,29.3547827666334,0
                81.8037052232875,29.3552312149261,0
                81.8033005328625,29.3549998555473,0
                81.803300479753,29.3545118381742,0
                81.8032354901057,29.3544265329472,0
                81.8027587544498,29.353804583802,0
                81.802093238966,29.3528206663362,0
                81.801720234084,29.352446195856,0
                81.8016956129819,29.3524193226495,0
                81.8012534329738,29.3519324864714,0
                81.800907988723,29.3514676505009,0
                81.8008195028384,29.3513485977103,0
                81.8002302233871,29.3505604749368,0
                81.7996245061942,29.3498942161205,0
                81.7989534903923,29.3489486071783,0
                81.7975943931255,29.3474048560334,0
                81.7975077258557,29.3469430224967,0
                81.7980132873636,29.3466534943241,0
                81.798848124397,29.3459154505665,0
                81.7990920362046,29.3454989929014,0
                81.7993663249623,29.3447755637979,0
                81.7998654559058,29.3441589407474,0
                81.8000681332077,29.3432465288809,0
                81.8000728851912,29.3431089165967,0
                81.7987120104925,29.3429839713169,0
                81.7976604058956,29.342909087935,0
                81.7962679732633,29.3427820797384,0
                81.7949679662287,29.3426273885337,0
                81.7946034580336,29.3424333382178,0
                81.7939119965858,29.3420630503732,0
                81.7907273427268,29.3401331844973,0
                81.7887116953272,29.3393849133371,0
                81.7856195846762,29.3378264509503,0
                81.7855797134986,29.3379101928996,0
                81.7855385865743,29.338338964822,0
                81.7855188939781,29.3387067430358,0
                81.7855431997252,29.3389412207734,0
                81.7856794840753,29.3394253653969,0
                81.7858152094856,29.3397538368638,0
                81.7859503732208,29.3400056282467,0
                81.7859741159531,29.3402401064895,0
                81.7858463716443,29.3408814820085,0
                81.7857161319304,29.3412701943492,0
                81.785740247736,29.3415610423787,0
                81.7857426790642,29.3418723262893,0
                81.7857669840994,29.3421044922709,0
                81.7858350336278,29.3423386588537,0
                81.785969636939,29.34251158225,0
                81.7859269509799,29.3427441225665,0
                81.7858189587887,29.343094400287,0
                81.7857769583118,29.3434059332515,0
                81.7857921963958,29.3439696939823,0
                81.7858628012452,29.3445332049174,0
                81.7859118451145,29.3451328996797,0
                81.7859818901987,29.3455407375783,0
                81.7860738064186,29.3460274436122,0
                81.7862324633339,29.3464911523616,0
                81.7863917444924,29.3470337922136,0
                81.78656783728,29.347418446097,0
                81.7867296231946,29.3476972352151,0
                81.786962647459,29.3480364569531,0
                81.7872480420019,29.3482377542357,0
                81.7874444491228,29.3484215527081,0
                81.7876407938438,29.3485917893169,0
                81.7878197662925,29.3487621514798,0
                81.7880346682049,29.3490879991899,0
                81.7881453314515,29.3495835797374,0
                81.7882904908472,29.350049600535,0
                81.7886054982819,29.3506680477011,0
                81.788802653524,29.3509465867886,0
                81.7891237302282,29.3511792577212,0
                81.7894627420121,29.3514095536962,0
                81.7897479499106,29.3515792915307,0
                81.7899271699441,29.3518737043958,0
                81.7901067661847,29.3521207465337,0
                81.7902855491965,29.3523520398503,0
                81.7906426202183,29.3526612032863,0
                81.7909112029622,29.3529393066377,0
                81.791197096102,29.3532015362766,0
                81.7920632125209,29.3540038485712,0
                81.7925983809058,29.3544518150402,0
                81.7929920082903,29.3548374096378,0
                81.7931886642336,29.3550392683574,0
                81.7933673232966,29.3552547512447,0
                81.7934936140759,29.3555179157608,0
                81.7936561474993,29.3558913838794,0
                81.7937646264939,29.3561839198593,0
                81.793936660931,29.356453585271,0
                81.7939535950512,29.3564782708642,0
                81.7949588246033,29.3569549907354,0
                81.7954058168316,29.3574035179083,0
                81.7957282030367,29.357805297502,0
                81.7958898009981,29.3580524643095,0
                81.7962296864331,29.3583909998063,0
                81.7964794592377,29.3586399182081,0
                81.7968194071925,29.3589784542488,0
                81.7971047396364,29.359163940719,0
                81.797389884967,29.3593336793477,0
                81.7975514830313,29.3595808461258,0
                81.7973403197861,29.359830194514,0
                81.7970405443693,29.360019235363,0
                81.7964049366012,29.3603951911091,0
                81.7959984258998,29.3606006032811,0
                81.7954676824544,29.3608045138769,0
                81.7952732072977,29.3608846287695,0
                81.7949897457044,29.3609313703371,0
                81.7946180455163,29.3609809855697,0
                81.7943525806035,29.3610299770269,0
                81.7941569820497,29.3610446607362,0
                81.7934293335967,29.3609249114205,0
                81.792169944453,29.3608873338302,0
                81.7909805454607,29.3608311967554,0
                81.7896508518381,29.3608548632097,0
                81.786766439415,29.360529039632,0
                81.7861433420071,29.3602846159307,0
                81.7839369119088,29.359300550491,0
                81.7816769289853,29.3582131195481,0
                81.7794613120367,29.3572787995648,0
                81.7770288507546,29.3562666094567,0
                81.7754673208985,29.3559351802176,0
                81.7754378247565,29.3559488655418,0
                81.7758495065863,29.3565915617231,0
                81.7764402835194,29.3575106720412,0
                81.7767195488095,29.3580053175782,0
                81.7772472637443,29.3593465750734,0
                81.7773031797804,29.3600928192273,0
                81.7773230444049,29.360503218339,0
                81.7775355676836,29.361027547913,0
                81.7782909539835,29.3615780077966,0
                81.7786788284579,29.3621328990411,0
                81.7788640485335,29.3623641294551,0
                81.7794191497907,29.3629022128778,0
                81.7797051054674,29.3631780039956,0
                81.7806410163292,29.3644311505955,0
                81.7807805442862,29.3652491388305,0
                81.780936510486,29.365949638415,0
                81.7812548923727,29.3665883955317,0
                81.783203375095,29.3666514180613,0
                81.7854048241624,29.3666384502322,0
                81.7866174056454,29.366766643905,0
                81.7879394724838,29.3669122116068,0
                81.7895381229102,29.3671915209451,0
                81.7916555754201,29.3676233242072,0
                81.7949080585244,29.3681633204328,0
                81.7959667840455,29.3683690667697,0
                81.7967161806317,29.3684615689027,0
                81.7973775253051,29.3685726304459,0
                81.7970552999802,29.3695963425983,0
                81.7970361085214,29.3699438100455,0
                81.7970860247012,29.3707352372045,0
                81.7971120111549,29.3712561263177,0
                81.7978860217488,29.3716958462364,0
                81.798724404332,29.3718825285668,0
                81.7995434693639,29.3723986798499,0
                81.8008489007402,29.3732006237027,0
                81.8023784173645,29.374504149532,0
                81.803042631963,29.3748858112705,0
                81.8036389206683,29.3751507324586,0
                81.8041695931359,29.3754181526051,0
                81.8046760865736,29.3753970366939,0
                81.8049168066552,29.3752219319087,0
                81.8050697900831,29.3750270148899,0
                81.8053314467985,29.3747367332706,0
                81.8055942281054,29.3745027584804,0
                81.8059889267896,29.3743470283229,0
                81.8065394781385,29.3742851051787,0
                81.8068023818026,29.3741481835804,0
                81.8071304018645,29.3740311371742,0
              </coordinates>
            </LinearRing>
          </outerBoundaryIs>
        </Polygon>
      </Placemark>
      <Placemark id="KA_KALIKOT_Palata.2">
        <ExtendedData>
          <SchemaData schemaUrl="#KA_KALIKOT_Palata.schema">
            <SimpleData name="ogc_fid">796</SimpleData>
            <SimpleData name="objectid_1">797</SimpleData>
            <SimpleData name="dcode">64</SimpleData>
            <SimpleData name="district">KALIKOT</SimpleData>
            <SimpleData name="das">0</SimpleData>
            <SimpleData name="gapa_napa">Palata</SimpleData>
            <SimpleData name="type_gn">Gaunpalika</SimpleData>
            <SimpleData name="gn_code">6.000000000000000</SimpleData>
            <SimpleData name="new_ward_n">2</SimpleData>
            <SimpleData name="ddgnww">640601.999999999883585</SimpleData>
            <SimpleData name="center">Thirpu</SimpleData>
            <SimpleData name="state_code">6</SimpleData>
            <SimpleData name="ddgn">64006</SimpleData>
            <SimpleData name="area_sqkm">11.653628335500001</SimpleData>
            <SimpleData name="shape_leng">21087.527795400001196</SimpleData>
            <SimpleData name="shape_area">11653628.335500000044703</SimpleData>
            <SimpleData name="Province">KA</SimpleData>
            <SimpleData name="Address">Palata-2, KALIKOT, KA</SimpleData>
          </SchemaData>
        </ExtendedData>
        <Polygon>
          <outerBoundaryIs>
            <LinearRing>
              <coordinates>
                81.8000728851912,29.3431089165967,0
                81.8000904548065,29.3425607183932,0
                81.8000655911197,29.3421728792612,0
                81.8000611555971,29.3421007611411,0
                81.7999912997165,29.3415643099519,0
                81.7997924630096,29.3409881105153,0
                81.7996258652915,29.3407545051575,0
                81.7995320061096,29.3405994551593,0
                81.7994602675793,29.3404825900791,0
                81.799611634647,29.3398365904217,0
                81.7997409383163,29.3393395757028,0
                81.7997604369377,29.3392672705967,0
                81.7998724993156,29.3384680962868,0
                81.7999307498748,29.3380098903681,0
                81.7999644316738,29.3380413246238,0
                81.7999092656549,29.3373220166792,0
                81.8000533792941,29.3369061819042,0
                81.8000597546691,29.3368226277759,0
                81.8001280124738,29.335913213472,0
                81.8003143060857,29.3355354384029,0
                81.8007154440958,29.3352397847094,0
                81.8009824116005,29.3350554929291,0
                81.8010565905339,29.334994124744,0
                81.8012503161153,29.3348328295069,0
                81.8013881768896,29.3346064782114,0
                81.8014428004289,29.3342632608221,0
                81.8017178964061,29.3338104940201,0
                81.8017257745115,29.3335826407163,0
                81.8017671472031,29.3334425297647,0
                81.8018605148376,29.333126185187,0
                81.8018712022808,29.3330900636438,0
                81.8018990893101,29.3322124582863,0
                81.8018259826896,29.3317527502384,0
                81.8019825282375,29.331526273873,0
                81.8020086504012,29.331490026878,0
                81.8020671517449,29.3309934493475,0
                81.8019437352954,29.3307618445329,0
                81.8018075694121,29.3306363537765,0
                81.8010421914695,29.3296935557592,0
                81.800169997425,29.3297461628481,0
                81.7992791846,29.3295575429412,0
                81.7984251815166,29.3293032420462,0
                81.7977939584461,29.3291446226135,0
                81.7967915369613,29.3289228162444,0
                81.7961598152465,29.3286987652552,0
                81.7953444285713,29.3286067002624,0
                81.793751643979,29.3286815453178,0
                81.7925653711055,29.3285577266152,0
                81.7920446978433,29.3283014312085,0
                81.7918187989098,29.327880966443,0
                81.7917788748172,29.3274594431535,0
                81.7917380135946,29.3270040474351,0
                81.7915489861763,29.3265179651257,0
                81.791156548832,29.3260330665373,0
                81.7907089300335,29.3256477217281,0
                81.7901713834187,29.3253689895656,0
                81.7899646634875,29.3252619341866,0
                81.7891832162019,29.3248131523384,0
                81.7878829025629,29.3243336784665,0
                81.7873617923986,29.3240118879714,0
                81.7864673029109,29.3233337509526,0
                81.7856487977648,29.3229167781065,0
                81.7849435231977,29.3226615417789,0
                81.7843883471332,29.3227618366953,0
                81.7837242446039,29.3230904838799,0
                81.7832438069394,29.3232895215458,0
                81.7827984322847,29.3231928988512,0
                81.7823146909848,29.3228731714082,0
                81.7819121865132,29.3227514900762,0
                81.7816832192434,29.3226806178,0
                81.780718729101,29.3225238685816,0
                81.7799032785329,29.3224970471571,0
                81.7793268630731,29.322175631175,0
                81.7790645932259,29.3217869137289,0
                81.7785031832065,29.3210751593311,0
                81.7777591682856,29.3206261282203,0
                81.7769785949599,29.3202743366261,0
                81.7764216728368,29.3201467160663,0
                81.775641348611,29.3198264219521,0
                81.7750807485675,29.3192139082086,0
                81.7747419957231,29.3185008446974,0
                81.7742202626439,29.3180820641031,0
                81.7736239775846,29.3175983506395,0
                81.7728065948663,29.3173098659706,0
                81.7718729777341,29.3170603754012,0
                81.7716189513557,29.3169918785156,0
                81.7707639508621,29.3165750301665,0
                81.7700920535341,29.3159631396814,0
                81.7688292980988,29.3154832284523,0
                81.7678062598335,29.3149703244852,0
                81.7670262465013,29.3146815278088,0
                81.7663582173068,29.314491410539,0
                81.7656496999439,29.3138774573982,0
                81.7644601861611,29.3133000568896,0
                81.7634568301172,29.3129155787131,0
                81.7623816664951,29.312824696521,0
                81.7612343841684,29.3128966730159,0
                81.7606395319636,29.3126722482097,0
                81.7597490340572,29.3124179464752,0
                81.756862982101,29.3128899233259,0
                81.7561222696545,29.3129572816538,0
                81.7550849114952,29.3129315813965,0
                81.7527333564771,29.3130418503148,0
                81.7525913607444,29.3138546475952,0
                81.7521544004396,29.3148969818348,0
                81.7519369800327,29.3156109742412,0
                81.7518126710126,29.3162951585662,0
                81.7516399750849,29.318014871543,0
                81.7517601236386,29.3192164484635,0
                81.7518397864814,29.3199941898661,0
                81.7522963184154,29.3216157330512,0
                81.7523595402112,29.3226867591646,0
                81.7523252262105,29.3230117280778,0
                81.7521439899392,29.3235653616897,0
                81.7519838788873,29.3240241915446,0
                81.7519625052104,29.3240851857381,0
                81.7516710947769,29.3248018645859,0
                81.7514905448602,29.3254524887685,0
                81.7514955306363,29.3261336127675,0
                81.7516324325807,29.3270734650584,0
                81.7525314720914,29.3283992294502,0
                81.7530948740028,29.329501322243,0
                81.753433192398,29.3300835853101,0
                81.7535486018019,29.3307325887434,0
                81.7534780408037,29.3311863580511,0
                81.7532964302982,29.3317084313491,0
                81.7537292457004,29.3317578709633,0
                81.7542859192546,29.3317546915877,0
                81.7551509895364,29.3316956474035,0
                81.7558925770649,29.3316373507347,0
                81.7565416762873,29.3316066123677,0
                81.7571602784053,29.3316301816305,0
                81.757748011001,29.331653875882,0
                81.7583052453192,29.3317319390495,0
                81.7591095715637,29.3318085685536,0
                81.7596973029654,29.3318322623525,0
                81.7604083931503,29.3318282104269,0
                81.7615811766881,29.3315238175152,0
                81.7619526872602,29.3315487581286,0
                81.7624474930928,29.3316271331043,0
                81.7627264539463,29.3316796948322,0
                81.7630972162852,29.3316775754571,0
                81.7635284740036,29.3314314796568,0
                81.7639615401021,29.3314289862495,0
                81.7647963637266,29.3314513086499,0
                81.7657206195567,29.3310399849425,0
                81.7711262934619,29.3323351297236,0
                81.7746882280375,29.3331829142338,0
                81.776148265599,29.3339210541749,0
                81.7758265943228,29.3353800381667,0
                81.7758944291137,29.3370307603322,0
                81.7755700790204,29.3380521608372,0
                81.7755755646316,29.3387807800651,0
                81.7756375400169,29.3396532619846,0
                81.7757511426853,29.3400405402329,0
                81.7755334750122,29.340529053883,0
                81.7754810376062,29.3409172673998,0
                81.7757068712507,29.3414979665011,0
                81.7758791441839,29.342322517125,0
                81.7758846307213,29.3430465118539,0
                81.775886125855,29.3432450560197,0
                81.7757876102177,29.344849342976,0
                81.774966321438,29.3462119537494,0
                81.7742003401712,29.3474795126723,0
                81.7729866167003,29.3482647340742,0
                81.7712732638643,29.349542278238,0
                81.7715256618207,29.349818255884,0
                81.771727380771,29.3500223649275,0
                81.7720975719177,29.3504578295676,0
                81.7726014944753,29.3508789847405,0
                81.7730721102302,29.3513160763973,0
                81.7735760327274,29.3517372317409,0
                81.7752615330286,29.3528079059826,0
                81.7761355221117,29.3536509028644,0
                81.7758562387744,29.3541645381324,0
                81.7755592080978,29.3546354273703,0
                81.7753935200308,29.3558791839156,0
                81.7754378247565,29.3559488655418,0
                81.7754673208985,29.3559351802176,0
                81.7770288507546,29.3562666094567,0
                81.7794613120367,29.3572787995648,0
                81.7816769289853,29.3582131195481,0
                81.7839369119088,29.359300550491,0
                81.7861433420071,29.3602846159307,0
                81.786766439415,29.360529039632,0
                81.7896508518381,29.3608548632097,0
                81.7909805454607,29.3608311967554,0
                81.792169944453,29.3608873338302,0
                81.7934293335967,29.3609249114205,0
                81.7941569820497,29.3610446607362,0
                81.7943525806035,29.3610299770269,0
                81.7946180455163,29.3609809855697,0
                81.7949897457044,29.3609313703371,0
                81.7952732072977,29.3608846287695,0
                81.7954676824544,29.3608045138769,0
                81.7959984258998,29.3606006032811,0
                81.7964049366012,29.3603951911091,0
                81.7970405443693,29.360019235363,0
                81.7973403197861,29.359830194514,0
                81.7975514830313,29.3595808461258,0
                81.797389884967,29.3593336793477,0
                81.7971047396364,29.359163940719,0
                81.7968194071925,29.3589784542488,0
                81.7964794592377,29.3586399182081,0
                81.7962296864331,29.3583909998063,0
                81.7958898009981,29.3580524643095,0
                81.7957282030367,29.357805297502,0
                81.7954058168316,29.3574035179083,0
                81.7949588246033,29.3569549907354,0
                81.7939535950512,29.3564782708642,0
                81.793936660931,29.356453585271,0
                81.7937646264939,29.3561839198593,0
                81.7936561474993,29.3558913838794,0
                81.7934936140759,29.3555179157608,0
                81.7933673232966,29.3552547512447,0
                81.7931886642336,29.3550392683574,0
                81.7929920082903,29.3548374096378,0
                81.7925983809058,29.3544518150402,0
                81.7920632125209,29.3540038485712,0
                81.791197096102,29.3532015362766,0
                81.7909112029622,29.3529393066377,0
                81.7906426202183,29.3526612032863,0
                81.7902855491965,29.3523520398503,0
                81.7901067661847,29.3521207465337,0
                81.7899271699441,29.3518737043958,0
                81.7897479499106,29.3515792915307,0
                81.7894627420121,29.3514095536962,0
                81.7891237302282,29.3511792577212,0
                81.788802653524,29.3509465867886,0
                81.7886054982819,29.3506680477011,0
                81.7882904908472,29.350049600535,0
                81.7881453314515,29.3495835797374,0
                81.7880346682049,29.3490879991899,0
                81.7878197662925,29.3487621514798,0
                81.7876407938438,29.3485917893169,0
                81.7874444491228,29.3484215527081,0
                81.7872480420019,29.3482377542357,0
                81.786962647459,29.3480364569531,0
                81.7867296231946,29.3476972352151,0
                81.78656783728,29.347418446097,0
                81.7863917444924,29.3470337922136,0
                81.7862324633339,29.3464911523616,0
                81.7860738064186,29.3460274436122,0
                81.7859818901987,29.3455407375783,0
                81.7859118451145,29.3451328996797,0
                81.7858628012452,29.3445332049174,0
                81.7857921963958,29.3439696939823,0
                81.7857769583118,29.3434059332515,0
                81.7858189587887,29.343094400287,0
                81.7859269509799,29.3427441225665,0
                81.785969636939,29.34251158225,0
                81.7858350336278,29.3423386588537,0
                81.7857669840994,29.3421044922709,0
                81.7857426790642,29.3418723262893,0
                81.785740247736,29.3415610423787,0
                81.7857161319304,29.3412701943492,0
                81.7858463716443,29.3408814820085,0
                81.7859741159531,29.3402401064895,0
                81.7859503732208,29.3400056282467,0
                81.7858152094856,29.3397538368638,0
                81.7856794840753,29.3394253653969,0
                81.7855431997252,29.3389412207734,0
                81.7855188939781,29.3387067430358,0
                81.7855385865743,29.338338964822,0
                81.7855797134986,29.3379101928996,0
                81.7856195846762,29.3378264509503,0
                81.7887116953272,29.3393849133371,0
                81.7907273427268,29.3401331844973,0
                81.7939119965858,29.3420630503732,0
                81.7946034580336,29.3424333382178,0
                81.7949679662287,29.3426273885337,0
                81.7962679732633,29.3427820797384,0
                81.7976604058956,29.342909087935,0
                81.7987120104925,29.3429839713169,0
                81.8000728851912,29.3431089165967,0
              </coordinates>
            </LinearRing>
          </outerBoundaryIs>
        </Polygon>
      </Placemark>
      <Placemark id="KA_KALIKOT_Palata.3">
        <ExtendedData>
          <SchemaData schemaUrl="#KA_KALIKOT_Palata.schema">
            <SimpleData name="ogc_fid">797</SimpleData>
            <SimpleData name="objectid_1">798</SimpleData>
            <SimpleData name="dcode">64</SimpleData>
            <SimpleData name="district">KALIKOT</SimpleData>
            <SimpleData name="das">0</SimpleData>
            <SimpleData name="gapa_napa">Palata</SimpleData>
            <SimpleData name="type_gn">Gaunpalika</SimpleData>
            <SimpleData name="gn_code">6.000000000000000</SimpleData>
            <SimpleData name="new_ward_n">1</SimpleData>
            <SimpleData name="ddgnww">640601.000000000000000</SimpleData>
            <SimpleData name="center">Thirpu</SimpleData>
            <SimpleData name="state_code">6</SimpleData>
            <SimpleData name="ddgn">64006</SimpleData>
            <SimpleData name="area_sqkm">58.384862008399999</SimpleData>
            <SimpleData name="shape_leng">50402.585803499998292</SimpleData>
            <SimpleData name="shape_area">58384862.008400000631809</SimpleData>
            <SimpleData name="Province">KA</SimpleData>
            <SimpleData name="Address">Palata-1, KALIKOT, KA</SimpleData>
          </SchemaData>
        </ExtendedData>
        <Polygon>
          <outerBoundaryIs>
            <LinearRing>
              <coordinates>
                81.8645892445454,29.4592985178144,0
                81.8654759321337,29.459534071326,0
                81.8658402492553,29.4599489749316,0
                81.8662257497706,29.4604291861854,0
                81.8666693110282,29.4606044265901,0
                81.8669950179718,29.4604940660224,0
                81.8673236279471,29.4589039692094,0
                81.8675333035105,29.4580274914523,0
                81.8679101429119,29.4571815131134,0
                81.8682168610885,29.4566561916865,0
                81.869060885219,29.4559018374747,0
                81.8698049209451,29.4552045375782,0
                81.8706192687743,29.4540669682309,0
                81.8715483446755,29.4532398716209,0
                81.8720092939742,29.4525895012834,0
                81.8730418665906,29.4512113320369,0
                81.873691351242,29.4506160844685,0
                81.8742897728755,29.4504566084337,0
                81.8748985049936,29.4502924454024,0
                81.8773088224687,29.4491104657983,0
                81.8782892539418,29.4489438698479,0
                81.8801399645325,29.4475670256251,0
                81.8810916010195,29.4466810591099,0
                81.8815433061133,29.4458007735242,0
                81.88470804484,29.4433752954374,0
                81.8828829511562,29.4416664280998,0
                81.8810481648922,29.4403838959948,0
                81.8800614923465,29.4401175319625,0
                81.8779536719683,29.4392224593074,0
                81.8774343755152,29.4388356756389,0
                81.8768511548695,29.4382214738164,0
                81.8761428221919,29.4377953162481,0
                81.8753442469294,29.4375975730934,0
                81.8749371157668,29.437595754657,0
                81.8737752071846,29.4378402774014,0
                81.8728559652613,29.4374695491546,0
                81.8719795925547,29.437060387052,0
                81.8713336258507,29.4366990362153,0
                81.8712120809539,29.4366502886926,0
                81.8694455792374,29.4362558626642,0
                81.8687095548288,29.4362877866635,0
                81.8679399746879,29.4361551625988,0
                81.8675345336199,29.4359729240682,0
                81.8661499963056,29.4347412686348,0
                81.8645767838418,29.4342688521251,0
                81.8629134656392,29.4333412892917,0
                81.8615854046672,29.4329867408005,0
                81.8608025179571,29.432653510849,0
                81.859188076545,29.4313263610118,0
                81.8588862631771,29.4302163347398,0
                81.8592598110183,29.4282877074279,0
                81.8587732889921,29.426357818422,0
                81.8586222511915,29.4261648344179,0
                81.8585597019514,29.425932917662,0
                81.858494086734,29.4258656721617,0
                81.8582157559941,29.4255516980724,0
                81.857840442027,29.4250330531268,0
                81.8576124865567,29.4243534258962,0
                81.857125813512,29.4237722855313,0
                81.8564939032118,29.4236139783436,0
                81.8560861453641,29.4236819659285,0
                81.8557187508417,29.424040740021,0
                81.8550912049439,29.4244011347699,0
                81.8547215655398,29.4245659262777,0
                81.8540156020899,29.4244080557231,0
                81.8534568098989,29.4240552681026,0
                81.8527126670252,29.4238005937816,0
                81.851932900454,29.4236747814686,0
                81.8510612085058,29.4236487712647,0
                81.8499109918277,29.4235907607493,0
                81.848541049067,29.4238272185116,0
                81.8478363961036,29.4238317704232,0
                81.8470550709658,29.4235119137639,0
                81.8456778340451,29.422871078651,0
                81.844299410966,29.4221648117017,0
                81.8435177746984,29.4218133962876,0
                81.8427754405121,29.4216895218225,0
                81.8421827705266,29.4217563822301,0
                81.8414813591873,29.4221509600664,0
                81.8407434511889,29.4226429037879,0
                81.8402997582221,29.4228081314068,0
                81.8395368068731,29.4224565278634,0
                81.8379709153226,29.4214266643396,0
                81.8368167710046,29.4208811985538,0
                81.8349191712705,29.4200811206056,0
                81.833842570295,29.4199593039654,0
                81.8325775650538,29.4194800180846,0
                81.8314248561773,29.4190316052286,0
                81.8303072073007,29.4184543925536,0
                81.8289629768546,29.4172627967629,0
                81.8281945374183,29.4162931886478,0
                81.8275212688586,29.4155507486912,0
                81.8271836991734,29.4150656634032,0
                81.8266585971266,29.4143222878185,0
                81.8260595664541,29.4136764017568,0
                81.8249046127962,29.4129370167784,0
                81.8242704583824,29.4124875497759,0
                81.8235601942707,29.411776917877,0
                81.8231454543498,29.410902056495,0
                81.8229901156844,29.4100910042914,0
                81.8230023172339,29.4092812048658,0
                81.8231051362172,29.4082091816142,0
                81.8231305341936,29.4068128125796,0
                81.8235927049887,29.404308552631,0
                81.8234813891861,29.4020040154296,0
                81.8234385326067,29.4013231412577,0
                81.8230194293675,29.3998979551226,0
                81.8227897286204,29.3989565394028,0
                81.8222964467949,29.3975972215229,0
                81.8218237195715,29.3964633203368,0
                81.8207378324595,29.395073809336,0
                81.8200253230804,29.394072205369,0
                81.8197596248799,29.3932933991218,0
                81.8195686633925,29.3926133970057,0
                81.8193767670589,29.3918025947546,0
                81.8189657687995,29.3913833152537,0
                81.8180694691841,29.3905768148309,0
                81.8180266755311,29.3898958781588,0
                81.8183180233189,29.3892128832644,0
                81.8187022320556,29.3886218188246,0
                81.818867589444,29.3883659705786,0
                81.8188260418589,29.3878451437181,0
                81.8176097801338,29.3873654202525,0
                81.8167152933513,29.386538609228,0
                81.815850165801,29.3863273671602,0
                81.8152092611855,29.3858937109115,0
                81.8145161084889,29.3857625875641,0
                81.8128489817899,29.3846923513131,0
                81.8125035313685,29.3845704198473,0
                81.8119008682664,29.3843259340859,0
                81.8118571245042,29.3843262458531,0
                81.8122747701517,29.3834936415568,0
                81.8122417815129,29.3831487361134,0
                81.8121749839592,29.3828446384445,0
                81.8121656732582,29.3828040797358,0
                81.8114891537772,29.3820999482114,0
                81.8109878603602,29.3814015057651,0
                81.8106604808437,29.3807065662421,0
                81.8105626255168,29.3803890942818,0
                81.810541504345,29.3803215377104,0
                81.8100065967569,29.3792782517037,0
                81.8095428575872,29.3787690425074,0
                81.8094177533346,29.3785758092552,0
                81.8086076253241,29.3779829779192,0
                81.8082644874361,29.3778226753293,0
                81.8077673090542,29.3776384976288,0
                81.8077105713356,29.3773907072702,0
                81.8076904012501,29.3766261535125,0
                81.8075741133546,29.3761645068714,0
                81.8076068787139,29.3750951702273,0
                81.8071304018645,29.3740311371742,0
                81.8068023818026,29.3741481835804,0
                81.8065394781385,29.3742851051787,0
                81.8059889267896,29.3743470283229,0
                81.8055942281054,29.3745027584804,0
                81.8053314467985,29.3747367332706,0
                81.8050697900831,29.3750270148899,0
                81.8049168066552,29.3752219319087,0
                81.8046760865736,29.3753970366939,0
                81.8041695931359,29.3754181526051,0
                81.8036389206683,29.3751507324586,0
                81.803042631963,29.3748858112705,0
                81.8023784173645,29.374504149532,0
                81.8008489007402,29.3732006237027,0
                81.7995434693639,29.3723986798499,0
                81.798724404332,29.3718825285668,0
                81.7978860217488,29.3716958462364,0
                81.7971120111549,29.3712561263177,0
                81.7970860247012,29.3707352372045,0
                81.7970361085214,29.3699438100455,0
                81.7970552999802,29.3695963425983,0
                81.7973775253051,29.3685726304459,0
                81.7967161806317,29.3684615689027,0
                81.7959667840455,29.3683690667697,0
                81.7949080585244,29.3681633204328,0
                81.7916555754201,29.3676233242072,0
                81.7895381229102,29.3671915209451,0
                81.7879394724838,29.3669122116068,0
                81.7866174056454,29.366766643905,0
                81.7854048241624,29.3666384502322,0
                81.783203375095,29.3666514180613,0
                81.7812548923727,29.3665883955317,0
                81.780936510486,29.365949638415,0
                81.7807805442862,29.3652491388305,0
                81.7806410163292,29.3644311505955,0
                81.7797051054674,29.3631780039956,0
                81.7794191497907,29.3629022128778,0
                81.7788640485335,29.3623641294551,0
                81.7786788284579,29.3621328990411,0
                81.7782909539835,29.3615780077966,0
                81.7775355676836,29.361027547913,0
                81.7773230444049,29.360503218339,0
                81.7773031797804,29.3600928192273,0
                81.7772472637443,29.3593465750734,0
                81.7767195488095,29.3580053175782,0
                81.7764402835194,29.3575106720412,0
                81.7758495065863,29.3565915617231,0
                81.7754378247565,29.3559488655418,0
                81.7753935200308,29.3558791839156,0
                81.7755592080978,29.3546354273703,0
                81.7758562387744,29.3541645381324,0
                81.7761355221117,29.3536509028644,0
                81.7752615330286,29.3528079059826,0
                81.7735760327274,29.3517372317409,0
                81.7730721102302,29.3513160763973,0
                81.7726014944753,29.3508789847405,0
                81.7720975719177,29.3504578295676,0
                81.771727380771,29.3500223649275,0
                81.7715256618207,29.349818255884,0
                81.7712732638643,29.349542278238,0
                81.7729866167003,29.3482647340742,0
                81.7742003401712,29.3474795126723,0
                81.774966321438,29.3462119537494,0
                81.7757876102177,29.344849342976,0
                81.775886125855,29.3432450560197,0
                81.7758846307213,29.3430465118539,0
                81.7758791441839,29.342322517125,0
                81.7757068712507,29.3414979665011,0
                81.7754810376062,29.3409172673998,0
                81.7755334750122,29.340529053883,0
                81.7757511426853,29.3400405402329,0
                81.7756375400169,29.3396532619846,0
                81.7755755646316,29.3387807800651,0
                81.7755700790204,29.3380521608372,0
                81.7758944291137,29.3370307603322,0
                81.7758265943228,29.3353800381667,0
                81.776148265599,29.3339210541749,0
                81.7746882280375,29.3331829142338,0
                81.7711262934619,29.3323351297236,0
                81.7657206195567,29.3310399849425,0
                81.7647963637266,29.3314513086499,0
                81.7639615401021,29.3314289862495,0
                81.7635284740036,29.3314314796568,0
                81.7630972162852,29.3316775754571,0
                81.7627264539463,29.3316796948322,0
                81.7624474930928,29.3316271331043,0
                81.7619526872602,29.3315487581286,0
                81.7615811766881,29.3315238175152,0
                81.7604083931503,29.3318282104269,0
                81.7596973029654,29.3318322623525,0
                81.7591095715637,29.3318085685536,0
                81.7583052453192,29.3317319390495,0
                81.757748011001,29.331653875882,0
                81.7571602784053,29.3316301816305,0
                81.7565416762873,29.3316066123677,0
                81.7558925770649,29.3316373507347,0
                81.7551509895364,29.3316956474035,0
                81.7542859192546,29.3317546915877,0
                81.7537292457004,29.3317578709633,0
                81.7532964302982,29.3317084313491,0
                81.7529681497604,29.3323914255371,0
                81.7523282775605,29.3335950545148,0
                81.7513748847269,29.3348680474318,0
                81.7501650172312,29.3366274907196,0
                81.749727433915,29.3376043934266,0
                81.7494947655829,29.3382598920968,0
                81.7494733299206,29.338320761008,0
                81.7495131288357,29.3387424098582,0
                81.7499625557453,29.3393894803637,0
                81.7508581052308,29.340228040481,0
                81.7511215579948,29.3407791798947,0
                81.7510498745704,29.3411021490843,0
                81.7507926542796,29.3413968052768,0
                81.7502387867464,29.3416932076163,0
                81.7495727508615,29.3417939381297,0
                81.7480852692861,29.3416827398637,0
                81.7478642363844,29.3417358568791,0
                81.7467437604213,29.3419135118911,0
                81.746283757616,29.3421191109349,0
                81.746501033839,29.3424359594809,0
                81.7466175726546,29.3428819194341,0
                81.7465926922969,29.3433511884906,0
                81.7466246158644,29.3438472671589,0
                81.7467981455078,29.3443447235007,0
                81.7470567875989,29.3448643038516,0
                81.7471134674418,29.3448640545172,0
                81.7470902079545,29.3455566772481,0
                81.7470667611169,29.3462266765827,0
                81.7472394184702,29.3466001442685,0
                81.7475354370559,29.3467766947467,0
                81.7476944760547,29.3468705630346,0
                81.748085044088,29.3470353038363,0
                81.7492076915893,29.3476718228939,0
                81.7502527187483,29.3486065631909,0
                81.7510765826957,29.349835710834,0
                81.7517905226086,29.3511647843542,0
                81.7522022060688,29.3517466737143,0
                81.7524292258093,29.3523295596923,0
                81.7519132894842,29.3527204534766,0
                81.75117301276,29.352886990055,0
                81.7502886841388,29.3535100442869,0
                81.7501070747823,29.3540298684533,0
                81.7505417430004,29.3551957660434,0
                81.750919174781,29.3561026864959,0
                81.7508125520906,29.3567528743448,0
                81.7502595576659,29.3571778267849,0
                81.7499650931976,29.3574073013063,0
                81.7499677107458,29.3577636434426,0
                81.7505253795825,29.3580537493014,0
                81.7509724994506,29.3583760384615,0
                81.7510889715204,29.3590565390278,0
                81.7506091559216,29.3593840638797,0
                81.7499439920212,29.3596156579024,0
                81.7496500874528,29.360007491712,0
                81.7496892578898,29.3606383085091,0
                81.7496923819347,29.3606884294807,0
                81.7493999733477,29.3612743077216,0
                81.7490545035986,29.3621852806884,0
                81.749065410905,29.3636783911801,0
                81.7493733406101,29.3652036908853,0
                81.7495682271601,29.3664995736215,0
                81.7505038881272,29.3677619694583,0
                81.751868173276,29.3692790968773,0
                81.7527723870006,29.3712544263403,0
                81.7533001056528,29.3724536342344,0
                81.7548727876972,29.374619142961,0
                81.7550102643343,29.3748461862013,0
                81.7552150514691,29.3746735797318,0
                81.7553892167,29.3746365235249,0
                81.7559420082673,29.3750371185358,0
                81.7564271185136,29.3756163220398,0
                81.7573201478988,29.3775262813142,0
                81.7574379364853,29.3779586801349,0
                81.757259947236,29.3786972967347,0
                81.757252998576,29.3793288626432,0
                81.7577097311159,29.3802285976576,0
                81.7577586506241,29.3808394791151,0
                81.7576668442787,29.3812211925381,0
                81.7580660818137,29.3822677251226,0
                81.7596042290747,29.3832221584883,0
                81.7598562509091,29.3835230086517,0
                81.7600306557095,29.3840272769627,0
                81.7600113260705,29.3850649301192,0
                81.7602452201929,29.3856996867653,0
                81.7609822905307,29.3865390562263,0
                81.7618074860112,29.3867621103385,0
                81.763271482326,29.3863049239124,0
                81.7643255254888,29.3863124383615,0
                81.7655862386954,29.3857119496574,0
                81.7660444907751,29.385601154409,0
                81.7664140011201,29.3856801524271,0
                81.7670164069407,29.3863331002608,0
                81.7671162612745,29.3866843809637,0
                81.7669726833286,29.3885708904519,0
                81.7667504432874,29.3896728468126,0
                81.7667969233458,29.3903785946407,0
                81.7673562096301,29.3910318543389,0
                81.7683498728403,29.3917275538681,0
                81.7687155653948,29.3921494570541,0
                81.7687253757989,29.3921764544165,0
                81.7692464318991,29.3920223515655,0
                81.7701110134039,29.3913970470871,0
                81.7709576537967,29.3910448425386,0
                81.7716965558293,29.3909164899623,0
                81.7725531241275,29.3910288041718,0
                81.7735308008297,29.3911291839281,0
                81.7745517817059,29.3913623016378,0
                81.7755595184673,29.3913700035855,0
                81.7766892400372,29.3913250858167,0
                81.7783495212174,29.390850717204,0
                81.7797474556369,29.3908606111999,0
                81.7803151300385,29.390751254877,0
                81.7823088065851,29.3900944693667,0
                81.7827159414038,29.3899454894,0
                81.7833303633455,29.3896260904556,0
                81.7842256246311,29.3891607090655,0
                81.7850908852382,29.3889729265499,0
                81.7857825432076,29.3888222009319,0
                81.7863880253334,29.3886900962547,0
                81.7865502533554,29.3886756003997,0
                81.7871009917861,29.3886249876993,0
                81.7875359949623,29.3885885604563,0
                81.7880040542213,29.3886782460782,0
                81.7886760849613,29.3888073688734,0
                81.7892329433745,29.388966549118,0
                81.7894592165521,29.3894185102009,0
                81.7895634867148,29.3909110603397,0
                81.7893102563995,29.3917246683574,0
                81.7892061898321,29.3926680786653,0
                81.7893242820533,29.3935424993881,0
                81.7897753919599,29.3944172992954,0
                81.7900405311216,29.3950653052861,0
                81.7903437849992,29.3959725375042,0
                81.7924567018222,29.3983283482573,0
                81.7937218303078,29.3988734399609,0
                81.7943927299146,29.3993565302272,0
                81.7946211832982,29.4001672700848,0
                81.794662043866,29.4006204163583,0
                81.7949095393815,29.4023850047408,0
                81.7951199410559,29.4027739718133,0
                81.7954796336911,29.4032387460537,0
                81.7958403848148,29.4038343211471,0
                81.7961428913079,29.4046377499716,0
                81.7964152163775,29.4052857563633,0
                81.7966853581514,29.4057510295953,0
                81.7974023116024,29.4063444841154,0
                81.7976709573773,29.4066022762452,0
                81.7978081807692,29.4070187398075,0
                81.7977210621194,29.4073305223444,0
                81.7973676056164,29.4075919925827,0
                81.7965992029093,29.4079868193546,0
                81.7963356070939,29.408376341683,0
                81.7963974668716,29.4087143112285,0
                81.7966389854906,29.4092835120685,0
                81.7969122464677,29.4100623181636,0
                81.7968874875578,29.4106850096252,0
                81.7970108970846,29.4113090785774,0
                81.7974623198331,29.4121364454737,0
                81.7975532399707,29.4123952972099,0
                81.7973343242216,29.4128116301251,0
                81.7968385590339,29.4139062708809,0
                81.7966353879281,29.4145300221529,0
                81.7967003649737,29.4152582053693,0
                81.7970344044158,29.4173809495478,0
                81.7971563174223,29.417815536238,0
                81.7975893071188,29.4184986035727,0
                81.7977354036553,29.4189759361807,0
                81.7979322332287,29.4199311002683,0
                81.7983872877325,29.4203862513429,0
                81.7986759881021,29.4209033328103,0
                81.7988327492312,29.4224971234567,0
                81.7990153223399,29.4239440538371,0
                81.7992937534089,29.4256024657729,0
                81.7994202057712,29.4271986937798,0
                81.7992541549227,29.4277815742776,0
                81.7989746801998,29.4284486954376,0
                81.7989223626125,29.4290963215557,0
                81.7993840358664,29.4298085748513,0
                81.7998803985532,29.4301867966867,0
                81.8005486742897,29.4306316394884,0
                81.801692194915,29.4311570442705,0
                81.8020568862365,29.4316533788136,0
                81.8026672095474,29.4332465516813,0
                81.8032149727301,29.4352372489218,0
                81.8035839643501,29.4362838438353,0
                81.8040480059626,29.4373772483832,0
                81.8049472420257,29.4381860612862,0
                81.8053212327231,29.4392912758634,0
                81.8047431048561,29.440321046545,0
                81.8040744905402,29.441313069304,0
                81.8034951155412,29.4421826666988,0
                81.8032765043888,29.4430523325045,0
                81.803236061003,29.4436458390561,0
                81.8032169028711,29.4455474119889,0
                81.8033828093668,29.4459998093791,0
                81.8030529547984,29.4473122443473,0
                81.8032512219186,29.4482674705358,0
                81.8039868460822,29.4495644231457,0
                81.8041461864099,29.4502468612997,0
                81.8047742790344,29.4507257634933,0
                81.8049455004329,29.4510336752554,0
                81.8049899768143,29.4519312168508,0
                81.8051664411913,29.4525752843455,0
                81.8061067324847,29.4535055858056,0
                81.8076106461308,29.4537671456816,0
                81.8077120680815,29.4538793243171,0
                81.8096124760009,29.4549030688916,0
                81.8098033837135,29.4550936164473,0
                81.8100983418246,29.4551527399356,0
                81.8106162087234,29.4551337491603,0
                81.8119748375548,29.4550375277604,0
                81.8133682698447,29.4551620990222,0
                81.8146745879965,29.4552871688113,0
                81.8160699602603,29.4552583788418,0
                81.8176395596932,29.4551923454364,0
                81.8188141444319,29.4554309651791,0
                81.8201238438635,29.4552492508435,0
                81.8212598810313,29.4549444833828,0
                81.8215228463435,29.4548751811907,0
                81.8227873618409,29.4548470768575,0
                81.8240472447217,29.455200187269,0
                81.8243519521182,29.4552772474798,0
                81.8251324636237,29.4556265382323,0
                81.8260846324234,29.4563221120246,0
                81.8280006548938,29.457816875537,0
                81.8308091659814,29.4566942081592,0
                81.8325795542812,29.4564395078794,0
                81.8337078276568,29.4569219165164,0
                81.834049523245,29.457343820179,0
                81.8352096564592,29.4584079250225,0
                81.8360339587812,29.4596162613434,0
                81.8378546917799,29.460538576656,0
                81.8401541190496,29.4609796937364,0
                81.8414543054642,29.4615173505665,0
                81.8423904270469,29.4615836075091,0
                81.8430613379021,29.4614417552038,0
                81.8442026869614,29.4611593604921,0
                81.8447385517201,29.4611333713811,0
                81.8453767178852,29.4609330867532,0
                81.8462134785916,29.4609097262325,0
                81.847154104996,29.4606533882427,0
                81.8481585943069,29.4605748481512,0
                81.8494997262376,29.4603790727193,0
                81.8509868942282,29.4606109483562,0
                81.85179378901,29.4603237993184,0
                81.8522962845639,29.4602393767699,0
                81.8532640209085,29.4605399872685,0
                81.8540975254501,29.460897716025,0
                81.8548676074568,29.4609041016253,0
                81.8555725146939,29.4606740086117,0
                81.8563456026649,29.4603577365804,0
                81.8575609547514,29.4593732836439,0
                81.8583365473125,29.4588224716686,0
                81.8589072845228,29.4586496204841,0
                81.8597421667957,29.4588607381015,0
                81.860541048422,29.4593067085481,0
                81.8614597329517,29.4594450838229,0
                81.8631690015901,29.4592828741026,0
                81.8645892445454,29.4592985178144,0
              </coordinates>
            </LinearRing>
          </outerBoundaryIs>
        </Polygon>
      </Placemark>
      <Placemark id="KA_KALIKOT_Palata.4">
        <ExtendedData>
          <SchemaData schemaUrl="#KA_KALIKOT_Palata.schema">
            <SimpleData name="ogc_fid">798</SimpleData>
            <SimpleData name="objectid_1">799</SimpleData>
            <SimpleData name="dcode">64</SimpleData>
            <SimpleData name="district">KALIKOT</SimpleData>
            <SimpleData name="das">0</SimpleData>
            <SimpleData name="gapa_napa">Palata</SimpleData>
            <SimpleData name="type_gn">Gaunpalika</SimpleData>
            <SimpleData name="gn_code">6.000000000000000</SimpleData>
            <SimpleData name="new_ward_n">6</SimpleData>
            <SimpleData name="ddgnww">640606.000000000116415</SimpleData>
            <SimpleData name="center">Thirpu</SimpleData>
            <SimpleData name="state_code">6</SimpleData>
            <SimpleData name="ddgn">64006</SimpleData>
            <SimpleData name="area_sqkm">109.137466188999994</SimpleData>
            <SimpleData name="shape_leng">54952.111225900000136</SimpleData>
            <SimpleData name="shape_area">109137466.188999995589256</SimpleData>
            <SimpleData name="Province">KA</SimpleData>
            <SimpleData name="Address">Palata-6, KALIKOT, KA</SimpleData>
          </SchemaData>
        </ExtendedData>
        <Polygon>
          <outerBoundaryIs>
            <LinearRing>
              <coordinates>
                81.8998565442389,29.4461766297709,0
                81.9006943101031,29.445913790808,0
                81.9015685090312,29.4455470877562,0
                81.9029117066677,29.4452537597778,0
                81.9039099402569,29.4455063759009,0
                81.904232522866,29.4454139513404,0
                81.9044715512536,29.4454912604691,0
                81.9054319841919,29.4454058450575,0
                81.9080968292041,29.444203495372,0
                81.9111373017623,29.4435263536002,0
                81.9132285180053,29.4433902714003,0
                81.9144437865663,29.4435623350898,0
                81.9169507425543,29.4442375594067,0
                81.9189417212554,29.4442057786081,0
                81.9199410792842,29.4445078900249,0
                81.921471122697,29.4443687378237,0
                81.9216812195237,29.4443018719595,0
                81.9239924798837,29.4435640991754,0
                81.9248556275195,29.4427754357654,0
                81.9252715237089,29.4419605804085,0
                81.9257373475495,29.4412626519362,0
                81.9256496990384,29.4398309715101,0
                81.9258304917112,29.4395951216176,0
                81.9268006779576,29.4392432932196,0
                81.9285415166099,29.4384891384531,0
                81.9302782308906,29.4377867922553,0
                81.9304492728043,29.4376119363493,0
                81.9307882914941,29.4374855147723,0
                81.9308065423808,29.4373004073769,0
                81.9305631570542,29.4363254949151,0
                81.9299126995515,29.4354910010153,0
                81.9292940579505,29.4341939250469,0
                81.9286625987039,29.4333141230863,0
                81.9286486071981,29.4329871536871,0
                81.9286233621479,29.4329129097199,0
                81.9284996355267,29.432552878804,0
                81.9287311701952,29.4323662753333,0
                81.9291665050519,29.4313618128882,0
                81.9299935753678,29.4282501766137,0
                81.9299641577648,29.4274271287043,0
                81.9298445691551,29.4263904107329,0
                81.9299314507622,29.4253883180944,0
                81.9298539188912,29.4243694118757,0
                81.9290718394832,29.4210276492865,0
                81.9290403300819,29.4184182042807,0
                81.9302394202416,29.4149386085335,0
                81.9284663385852,29.4122397723489,0
                81.9282975044887,29.4113094192805,0
                81.9280927335353,29.4073388481037,0
                81.9275582839433,29.4052178510125,0
                81.9273163659459,29.4026166518486,0
                81.928451491432,29.4010389402765,0
                81.9285946826538,29.3997906212333,0
                81.929419719289,29.3985330631144,0
                81.9295556721636,29.3967006107425,0
                81.930254989403,29.3947153687141,0
                81.9298931811362,29.3938043853752,0
                81.929673530563,29.3934405413698,0
                81.929370642914,29.3929914535088,0
                81.9291539955209,29.3924652500688,0
                81.9290933330393,29.3915972675784,0
                81.92890694007,29.3905722973484,0
                81.9288112803883,29.3898241162257,0
                81.9286312580255,29.3890021277433,0
                81.9282779395843,29.388519604272,0
                81.9269970653063,29.3878586478548,0
                81.9260500221856,29.3870893307615,0
                81.9253438260969,29.3860363557309,0
                81.9243559182746,29.3850056874262,0
                81.9242758743141,29.3845641653981,0
                81.9246260279843,29.3838421746738,0
                81.9246999593273,29.3836138843813,0
                81.9250220566395,29.3827770927088,0
                81.9247978500972,29.382120087693,0
                81.9246453793754,29.3816338809119,0
                81.9252694312086,29.3810138224298,0
                81.9257140041027,29.3805551219137,0
                81.9261879483859,29.3800646123225,0
                81.9263218972398,29.3785050718345,0
                81.9262346248294,29.3770463309967,0
                81.9260237919172,29.3763012101546,0
                81.9260546766709,29.375586027139,0
                81.9263778416817,29.3744469506113,0
                81.9265576414171,29.3738299479873,0
                81.9266246467565,29.3730490845048,0
                81.9265680374991,29.3726321853023,0
                81.9264660035739,29.3718818155757,0
                81.926570564538,29.3711998808696,0
                81.9267891679446,29.3707428018814,0
                81.9267587591901,29.369446109682,0
                81.9266266569562,29.3692191283513,0
                81.9264200039938,29.3688642213424,0
                81.9263027825155,29.3682154045442,0
                81.9262977314548,29.367662831279,0
                81.9265527054175,29.3671738180643,0
                81.9275094582541,29.3667567455739,0
                81.9276037025047,29.3663613466148,0
                81.9275548517602,29.3654459307326,0
                81.9275639317893,29.3644624602274,0
                81.9273051704021,29.3636094114622,0
                81.9270259700161,29.3629933394179,0
                81.9268861202755,29.3626853038299,0
                81.9266161685451,29.3620894175876,0
                81.9261666184784,29.3613527292664,0
                81.9257180698413,29.3605844193198,0
                81.9253635699713,29.3598154859831,0
                81.9253291444923,29.3594300843859,0
                81.9252781642074,29.3587627702729,0
                81.9253513550867,29.3580404635884,0
                81.9256058364677,29.3572086695707,0
                81.925554855277,29.3565571669434,0
                81.9254447537901,29.3561225812782,0
                81.9253586588964,29.3551420467019,0
                81.9251403964743,29.3540722049982,0
                81.9250524237407,29.3533059004631,0
                81.9253025198652,29.3529906205506,0
                81.9257905856904,29.3525857277422,0
                81.9262137277812,29.3519737284445,0
                81.9265435718666,29.3512271779994,0
                81.9267037537529,29.3503621988748,0
                81.9272515674242,29.3496568967355,0
                81.9278240568511,29.3493371849719,0
                81.928171019546,29.3488407365804,0
                81.928348509285,29.3481178060177,0
                81.9286382922073,29.3475699238954,0
                81.9297097452683,29.3456316828198,0
                81.9299169202343,29.3447821395367,0
                81.9296137315086,29.3437061105314,0
                81.9291373773214,29.3427756280413,0
                81.9290006573142,29.342174432071,0
                81.929219387982,29.3415909266524,0
                81.9296560359032,29.340568340793,0
                81.9299048845943,29.3401222612076,0
                81.9300036869561,29.3399456538428,0
                81.9302934710401,29.3394000214166,0
                81.9306413104305,29.3387277139475,0
                81.9308509916915,29.3375781364958,0
                81.9307857630304,29.3369155102118,0
                81.9305104454476,29.3358640410274,0
                81.930148211924,29.3343124928874,0
                81.9300484829319,29.33388690572,0
                81.9300365558676,29.3334313857357,0
                81.9301952333963,29.332832568842,0
                81.9293740996504,29.3326194519907,0
                81.9292629917013,29.3325029607398,0
                81.9286858974903,29.3317333364094,0
                81.927695066864,29.3299763605816,0
                81.9270113618899,29.3292322954637,0
                81.9260584382129,29.3287539506251,0
                81.9254967733997,29.328329294743,0
                81.9240192924974,29.3280507995434,0
                81.9227208592062,29.3272771024488,0
                81.9209412385117,29.3267277524578,0
                81.9201381710848,29.3261558568027,0
                81.9196158184708,29.3254557266949,0
                81.9189087381373,29.3248944567011,0
                81.9182652646599,29.3248199544847,0
                81.9171791140462,29.3241033798364,0
                81.9159466672093,29.3235817858085,0
                81.9146507407099,29.3224268122433,0
                81.9136103807711,29.3225827825538,0
                81.9131143260452,29.3224441006525,0
                81.9120478567169,29.3219100097863,0
                81.9100932468589,29.3220090969153,0
                81.9100244438908,29.3220117833067,0
                81.9085290840784,29.3220873801789,0
                81.9072990055259,29.3218905053534,0
                81.9071006049808,29.321359552112,0
                81.906632386379,29.319783816974,0
                81.9065541640892,29.3188663386556,0
                81.9063028439403,29.3178101831316,0
                81.9056458948644,29.3165672894131,0
                81.9052300850477,29.3161100134433,0
                81.9043643624001,29.3143227299583,0
                81.9026387478487,29.3130103267878,0
                81.9014778079759,29.3115903794697,0
                81.9009308938707,29.3110008643985,0
                81.8999876542988,29.3106350720474,0
                81.8991602697503,29.3104872615157,0
                81.8986346000695,29.3100396707023,0
                81.8982286719503,29.3091672460441,0
                81.8980233420836,29.3082708885412,0
                81.8974368078543,29.3077132442332,0
                81.896742653753,29.3076389289259,0
                81.8965086860373,29.3076675481411,0
                81.8957789739772,29.3075777326775,0
                81.8967286090036,29.3068450647207,0
                81.8971183804907,29.3061702583461,0
                81.8976347800094,29.3044549258051,0
                81.8978370146057,29.303815238013,0
                81.8986349480405,29.3015632089941,0
                81.8987475059695,29.3009715158993,0
                81.8985598600489,29.3001111560309,0
                81.8978357860593,29.2993400920908,0
                81.897646379834,29.2990909874793,0
                81.8975012776268,29.298900253356,0
                81.8973291879897,29.2982744343259,0
                81.8970857966836,29.2975857448296,0
                81.8965913115526,29.2970973457524,0
                81.8956338906382,29.2964812640784,0
                81.8947435317961,29.2954496592143,0
                81.8942522404185,29.294586795448,0
                81.8936353388811,29.2938466047694,0
                81.8922605582976,29.2921348073789,0
                81.8898719212808,29.2901815789205,0
                81.8872590011732,29.2883245895529,0
                81.8871171465856,29.2882759045208,0
                81.8864243743677,29.2878383726755,0
                81.8847089303024,29.2873287076087,0
                81.8835156663376,29.2867929905363,0
                81.8824248398833,29.2854626603018,0
                81.8819319965726,29.284024599623,0
                81.8814581334231,29.2835247019598,0
                81.8809063546723,29.2824118597679,0
                81.8808454906184,29.2822881828906,0
                81.880928055535,29.2815636265497,0
                81.8804849464848,29.2805988975669,0
                81.8803346026408,29.2800224494594,0
                81.8805091763302,29.2781739357809,0
                81.880424723476,29.2762707999486,0
                81.8807091989514,29.2755426216579,0
                81.880489504808,29.2741433106122,0
                81.8800196903245,29.2743426607904,0
                81.879871459922,29.2743774675749,0
                81.8794658245959,29.2745425718184,0
                81.8788394657384,29.2749346512252,0
                81.8783241535532,29.2752966725897,0
                81.8778090920003,29.2756880034934,0
                81.8774439423233,29.2763083775692,0
                81.8771933325897,29.2773160931492,0
                81.876865490778,29.2779362806089,0
                81.8763868629699,29.2782326207789,0
                81.8755385242239,29.2791381494289,0
                81.8751355103688,29.2794723001074,0
                81.8742771087158,29.2804840062614,0
                81.8740082044528,29.2807067938521,0
                81.8738274747232,29.2809312704741,0
                81.8736744303898,29.281085629371,0
                81.873197360733,29.2815669519905,0
                81.873016631478,29.281791491421,0
                81.8728397167556,29.2818625449476,0
                81.8726441178012,29.2819337227421,0
                81.8724433933918,29.2820072133139,0
                81.8709889304973,29.2839588229216,0
                81.8707638313886,29.2841835490369,0
                81.8706474054591,29.2844121505551,0
                81.8705322300432,29.2846361908005,0
                81.8703437472356,29.2850885211935,0
                81.8701156466322,29.2854261107851,0
                81.8700254059077,29.2856274659461,0
                81.8699287893967,29.2858423823123,0
                81.8697557880653,29.2872126274354,0
                81.8693322012772,29.2882349004576,0
                81.8688760632746,29.288910018911,0
                81.8686934587215,29.2891458069444,0
                81.8685579119707,29.2893226005572,0
                81.8683770571999,29.2895471396577,0
                81.8681886364087,29.2900017201675,0
                81.8681208185837,29.2908006450011,0
                81.8679795811169,29.2911421729356,0
                81.867905526673,29.2912824717847,0
                81.8678402829735,29.2914069591255,0
                81.8670756223339,29.292190125346,0
                81.86640426588,29.2927470633074,0
                81.8656360423155,29.2936452810816,0
                81.8653677616768,29.2938680688947,0
                81.8652224669643,29.2939592462246,0
                81.8650119311766,29.2940891685242,0
                81.8639808668048,29.2950206294491,0
                81.8634075664547,29.2952363511693,0
                81.8627512796951,29.2952969609873,0
                81.8626824145327,29.2952906480016,0
                81.8622735334199,29.2952482085769,0
                81.8618817125368,29.2952394533952,0
                81.8616841771924,29.2952339512114,0
                81.8614892661566,29.2952306987712,0
                81.8605555020845,29.2961096038131,0
                81.8606182964368,29.296621244806,0
                81.861105958117,29.2977774564458,0
                81.8623609413187,29.299524249189,0
                81.8623432458175,29.3000972582189,0
                81.8620560281117,29.3004442220693,0
                81.8617602522478,29.300617576585,0
                81.861227132343,29.3009480381848,0
                81.8597774481334,29.3012979848486,0
                81.858454431695,29.3018004809647,0
                81.8582545824919,29.3019032814292,0
                81.8580996025731,29.3019832089047,0
                81.857636210449,29.3028884306643,0
                81.8575818365303,29.3032315854468,0
                81.8575460258318,29.3034077561001,0
                81.8574798410884,29.3037262249168,0
                81.857404770184,29.3047552529716,0
                81.8571624754649,29.3055508635469,0
                81.8569932430754,29.3058608940854,0
                81.8569774318231,29.3058903291514,0
                81.8565749177833,29.3062244798118,0
                81.8560848535133,29.306556941632,0
                81.85600023977,29.3065958118122,0
                81.8553592590965,29.3068819006254,0
                81.855112479064,29.3069916995797,0
                81.8539184442876,29.307536194188,0
                81.8524631322359,29.3080755606068,0
                81.8523557087134,29.3081506763706,0
                81.8521957279331,29.3082599766069,0
                81.8521448562934,29.3084880794143,0
                81.8516843415305,29.3092804990861,0
                81.8510526639122,29.3099905490999,0
                81.8508710599575,29.3102037142679,0
                81.8507836349253,29.3102132743858,0
                81.8503608739232,29.3105227394586,0
                81.8497155793591,29.3109125687494,0
                81.8496662734582,29.3109377534721,0
                81.8489185561329,29.3113146450862,0
                81.8474631201782,29.3118539491186,0
                81.846141917062,29.3122818277963,0
                81.845972750925,29.3123663800022,0
                81.8459201958245,29.3123915018194,0
                81.8452385214299,29.3132912827377,0
                81.8450139236899,29.3135160089563,0
                81.8448969973495,29.3137739209527,0
                81.844826191092,29.3139299675829,0
                81.8444933446273,29.3148388154336,0
                81.8438081063805,29.3158537115368,0
                81.8437678611361,29.3158922692735,0
                81.8423687769972,29.3172702457069,0
                81.8423025340827,29.3173518622128,0
                81.84270110005,29.3176200309313,0
                81.8434078731247,29.3178862659788,0
                81.8435454665426,29.3185778284014,0
                81.8439897089548,29.3190780385807,0
                81.8443467107174,29.3196914864692,0
                81.8445718559113,29.3203081821814,0
                81.8448585031978,29.3203446832305,0
                81.8450392184363,29.3208848857455,0
                81.8457009376016,29.3210724404814,0
                81.8462742315481,29.3212221845722,0
                81.8470698032024,29.3215644765691,0
                81.8479535501509,29.3219852003443,0
                81.8486172010278,29.322404983178,0
                81.849413396048,29.3229006979594,0
                81.8504744276475,29.3234330395287,0
                81.8509161142499,29.323624214976,0
                81.8510512145473,29.3239323133483,0
                81.8515386408672,29.3243532814028,0
                81.8521559919104,29.3244644672287,0
                81.8533242031591,29.3246509046643,0
                81.8554379122311,29.3247907347024,0
                81.857026249765,29.3252045942537,0
                81.8581732126245,29.3254678984589,0
                81.8588353058072,29.3256959495541,0
                81.8592770544556,29.3258848757824,0
                81.8591927441901,29.3263477689268,0
                81.8561769206328,29.3289137362747,0
                81.8542532783427,29.3305071847948,0
                81.8524598102333,29.3319080909304,0
                81.8513833275448,29.3321473035287,0
                81.85061367062,29.332767984283,0
                81.8501256020444,29.3333575475922,0
                81.8494260603096,29.3339800415797,0
                81.8488306973123,29.3343537479461,0
                81.8483408196144,29.3347267689879,0
                81.8480799100909,29.335161537722,0
                81.8472352743297,29.3351984595458,0
                81.8469190026793,29.3353222553833,0
                81.8463573251911,29.3355739111048,0
                81.8448146447118,29.3364159981968,0
                81.8433766394412,29.3371649699248,0
                81.8423943278711,29.3376042273727,0
                81.8419748156526,29.3380083712814,0
                81.8413088364,29.3384140111444,0
                81.8401914049083,29.339562451188,0
                81.8398439421626,29.3401195191122,0
                81.838085550198,29.3405004583012,0
                81.8366456136605,29.3409425834359,0
                81.8365320658967,29.3409883899824,0
                81.8366914136684,29.3412693664049,0
                81.8369073123003,29.3417777599048,0
                81.8368947401947,29.3423665170346,0
                81.8366590156122,29.3427401660008,0
                81.8366076445523,29.3429118999781,0
                81.8365742691945,29.343160251429,0
                81.8365936991926,29.343405978735,0
                81.8367216734012,29.3438698124886,0
                81.8368854525875,29.3444575096861,0
                81.837030860253,29.3450002109002,0
                81.8374417314584,29.345507419793,0
                81.8376473855303,29.3457857718635,0
                81.8376515625412,29.346295537183,0
                81.8376557405813,29.3468074897127,0
                81.8378010248284,29.3472554501935,0
                81.8380332991324,29.3475630496912,0
                81.8383353799884,29.3477483494781,0
                81.8387964386164,29.3479304010148,0
                81.8392386890357,29.3480200870514,0
                81.8394970253233,29.348205698392,0
                81.8394985212601,29.3483906185924,0
                81.8394834540073,29.3487470854592,0
                81.8393627763225,29.3491042378434,0
                81.8391530492479,29.3494303913095,0
                81.8387502840737,29.3498366606651,0
                81.8382583443049,29.3502119308741,0
                81.8378371433336,29.3506476346886,0
                81.8374436868364,29.35117564223,0
                81.837342004398,29.3516409724367,0
                81.8374687919291,29.3520438740581,0
                81.8376297030768,29.352275229981,0
                81.83787910282,29.3524744021248,0
                81.8383754693306,29.3526427061439,0
                81.8386010611212,29.352760823536,0
                81.8386363071005,29.3527448250992,0
                81.8390880551615,29.3528885684882,0
                81.8393707644027,29.3529860635056,0
                81.8395979169371,29.3532079214327,0
                81.8398249439414,29.353427529311,0
                81.8401655805542,29.3536735108529,0
                81.8406472586212,29.354015611567,0
                81.8411562472387,29.354233410528,0
                81.8415230705145,29.3543055345116,0
                81.8420036278456,29.3544265924685,0
                81.8423431400426,29.3546206415264,0
                81.842401627636,29.3548436216265,0
                81.842404245958,29.3551637793156,0
                81.8424354229975,29.3555087480961,0
                81.8425520858933,29.3560020157857,0
                81.8426813747092,29.3562989276665,0
                81.8431084298789,29.3568871919942,0
                81.8435624870532,29.3572316664282,0
                81.8439309932846,29.3575000214898,0
                81.8444375509102,29.35742234839,0
                81.8446610242095,29.3571999348992,0
                81.8448280694871,29.3569259626997,0
                81.8454179941457,29.3566515595015,0
                81.8459499912878,29.3562286064561,0
                81.8463416932794,29.3559532001664,0
                81.8468176987953,29.355530683847,0
                81.8474612467054,29.3549604338833,0
                81.8480499841889,29.3546340981733,0
                81.8485844759783,29.3545089297536,0
                81.8489779877928,29.354382385284,0
                81.8494843573354,29.3542799018063,0
                81.8501600176705,29.35417635841,0
                81.850695320117,29.3541481190602,0
                81.85127305226,29.3541940604076,0
                81.8516963065015,29.3542409994594,0
                81.8522893482925,29.3543364368856,0
                81.8526575431433,29.3545799199332,0
                81.8529704310583,29.3549727001768,0
                81.8533398120036,29.3552680529058,0
                81.8538492377886,29.3555354730241,0
                81.8540178396169,29.3555342882114,0
                81.8543576648548,29.3556810917253,0
                81.8547802941641,29.3557279687805,0
                81.8553438429612,29.3556995421418,0
                81.8559920668656,29.3556954888073,0
                81.8566412260632,29.355815300006,0
                81.8571496535642,29.3559586686823,0
                81.8572937521463,29.3563276365373,0
                81.8574080449212,29.3565253070297,0
                81.8574946545955,29.3567232902836,0
                81.8574117236401,29.3569697037093,0
                81.8571310714256,29.3571203722798,0
                81.8568507946009,29.3572439822445,0
                81.8566555041001,29.3575181416739,0
                81.8565745076161,29.3579134159694,0
                81.8565521226876,29.3586285359726,0
                81.8565297988168,29.3593459694846,0
                81.8565635329796,29.3599863473829,0
                81.8565095962057,29.360309254392,0
                81.8564307821416,29.360975128578,0
                81.8562935419965,29.3614203971641,0
                81.8560904899053,29.3623848049187,0
                81.8559249407961,29.3628301985727,0
                81.8557345775627,29.3636208715378,0
                81.8557653159385,29.3639928376884,0
                81.8559427110016,29.364954875419,0
                81.856034618706,29.3658654798289,0
                81.8560535431867,29.3664338020814,0
                81.8560585317514,29.3670269970022,0
                81.8560347761191,29.3674962650131,0
                81.8560101456665,29.3679407855879,0
                81.8560971901722,29.3682605077406,0
                81.856468191719,29.3688265226683,0
                81.8563631889479,29.3697408106393,0
                81.8560618363281,29.3707305890138,0
                81.8554347173227,29.3716481199028,0
                81.8548754095622,29.3721208798143,0
                81.8552755301966,29.3727836363918,0
                81.8558719373771,29.3733482800624,0
                81.8562985583473,29.3737898696095,0
                81.8566963098806,29.374157216772,0
                81.8571250507277,29.374846971129,0
                81.8574963009802,29.3754355464501,0
                81.8581680637703,29.3765432032241,0
                81.858593498152,29.3769103622718,0
                81.8591053574326,29.3773762017981,0
                81.8593038267738,29.377548625456,0
                81.8601018234874,29.3785810413402,0
                81.8608438874254,29.379710821932,0
                81.8613294333686,29.3803978895956,0
                81.8615143411889,29.3806448067172,0
                81.8621108126982,29.3811348946572,0
                81.8629910523825,29.3819186468492,0
                81.8639857101759,29.3829001325105,0
                81.8648379555531,29.3836344513097,0
                81.8657172603216,29.3842964026359,0
                81.8667100488571,29.3849801028321,0
                81.8670491251803,29.3851019715223,0
                81.868503233714,29.3853632183377,0
                81.8689268609308,29.3855092730461,0
                81.8692669981432,29.3856807624652,0
                81.8695792021138,29.3858997460624,0
                81.8700592591974,29.3860206798182,0
                81.8703985225627,29.3861673586706,0
                81.8704289503715,29.386413023141,0
                81.8700363749706,29.3866636815451,0
                81.8697281623286,29.3869115293343,0
                81.8693913927022,29.3870626353,0
                81.8691106780623,29.3872110550742,0
                81.8688874537773,29.3874605907627,0
                81.8686083612576,29.3878075544176,0
                81.8684440600382,29.3884018094298,0
                81.8679979849554,29.3889483147683,0
                81.8674392377272,29.389567748391,0
                81.8667964381168,29.3902395514236,0
                81.8663361160775,29.3907613091311,0
                81.8660013395876,29.3912326353322,0
                81.8658622298726,29.3914546119826,0
                81.8657541715343,29.3919988725909,0
                81.8656464882498,29.3925928158544,0
                81.8654806287592,29.3929389681501,0
                81.8651743492675,29.3934101078808,0
                81.8648954430857,29.3937818186266,0
                81.8643932502972,29.3944031286778,0
                81.864030291728,29.3948002113233,0
                81.8636391500183,29.3952222913228,0
                81.8630934031733,29.3957197992081,0
                81.8627024479373,29.3961666277636,0
                81.8622852419444,29.3968595567633,0
                81.8620346436807,29.3972310807829,0
                81.8619242786923,29.3975047409977,0
                81.8618418484302,29.397726281941,0
                81.8617032997361,29.3980249399329,0
                81.8614533248974,29.3984708943401,0
                81.861146297102,29.3988676030631,0
                81.8608115857209,29.3992644987322,0
                81.860365634054,29.3999101820642,0
                81.8601358311928,29.4010709457478,0
                81.8601105780827,29.4014410978882,0
                81.8602291121553,29.4020583549572,0
                81.8603468352922,29.4026508016053,0
                81.8603253221034,29.4034652246674,0
                81.8603330541735,29.404378639975,0
                81.8605530046342,29.4054147970207,0
                81.8607288414075,29.406178290519,0
                81.8608756205059,29.406867540451,0
                81.8610787041709,29.4075834774716,0
                81.8616218009821,29.408443841854,0
                81.8620496698273,29.4090094829044,0
                81.862377366271,29.4094517592033,0
                81.862688571881,29.4095466920001,0
                81.862943971154,29.4097435527393,0
                81.863228238798,29.4100124070278,0
                81.8634843237398,29.4102836353986,0
                81.8635701846046,29.4104544952181,0
                81.8636847266423,29.4106770385195,0
                81.8630951768604,29.4109515672536,0
                81.8628717033388,29.4111762929996,0
                81.862481122625,29.4116728032788,0
                81.862457739882,29.4122638728389,0
                81.8622128162375,29.4133030229256,0
                81.861955515034,29.4145632765031,0
                81.8617655245205,29.4154058199931,0
                81.8616574024916,29.4160223234824,0
                81.8615494697168,29.4165914568136,0
                81.861495722122,29.4168624309648,0
                81.8611365668288,29.4177285942545,0
                81.8607936534491,29.4189172289004,0
                81.860574045816,29.4196087858769,0
                81.8604937352509,29.420103363697,0
                81.8600485938093,29.4208482880349,0
                81.8594914673478,29.4216909511992,0
                81.8588647856169,29.4226084813212,0
                81.8586420592715,29.422930260758,0
                81.8583084700253,29.4234759552231,0
                81.8582059607227,29.4246855911939,0
                81.8583506812765,29.4252034199005,0
                81.858494086734,29.4258656721617,0
                81.8585597019514,29.425932917662,0
                81.8586222511915,29.4261648344179,0
                81.8587732889921,29.426357818422,0
                81.8592598110183,29.4282877074279,0
                81.8588862631771,29.4302163347398,0
                81.859188076545,29.4313263610118,0
                81.8608025179571,29.432653510849,0
                81.8615854046672,29.4329867408005,0
                81.8629134656392,29.4333412892917,0
                81.8645767838418,29.4342688521251,0
                81.8661499963056,29.4347412686348,0
                81.8675345336199,29.4359729240682,0
                81.8679399746879,29.4361551625988,0
                81.8687095548288,29.4362877866635,0
                81.8694455792374,29.4362558626642,0
                81.8712120809539,29.4366502886926,0
                81.8713336258507,29.4366990362153,0
                81.8719795925547,29.437060387052,0
                81.8728559652613,29.4374695491546,0
                81.8737752071846,29.4378402774014,0
                81.8749371157668,29.437595754657,0
                81.8753442469294,29.4375975730934,0
                81.8761428221919,29.4377953162481,0
                81.8768511548695,29.4382214738164,0
                81.8774343755152,29.4388356756389,0
                81.8779536719683,29.4392224593074,0
                81.8800614923465,29.4401175319625,0
                81.8810481648922,29.4403838959948,0
                81.8828829511562,29.4416664280998,0
                81.88470804484,29.4433752954374,0
                81.8864386685574,29.4441487479782,0
                81.8870030259482,29.4442938057983,0
                81.8880506318821,29.444302632436,0
                81.8882699172688,29.4441883960298,0
                81.8897925868819,29.4440023107842,0
                81.8900827978406,29.4439665057682,0
                81.8908559382622,29.4441981829008,0
                81.8926947913603,29.4452527360237,0
                81.8947119390445,29.4459925719202,0
                81.895941765448,29.4462797501595,0
                81.8974919248808,29.4464407578408,0
                81.8998565442389,29.4461766297709,0
              </coordinates>
            </LinearRing>
          </outerBoundaryIs>
        </Polygon>
      </Placemark>
      <Placemark id="KA_KALIKOT_Palata.5">
        <ExtendedData>
          <SchemaData schemaUrl="#KA_KALIKOT_Palata.schema">
            <SimpleData name="ogc_fid">799</SimpleData>
            <SimpleData name="objectid_1">800</SimpleData>
            <SimpleData name="dcode">64</SimpleData>
            <SimpleData name="district">KALIKOT</SimpleData>
            <SimpleData name="das">0</SimpleData>
            <SimpleData name="gapa_napa">Palata</SimpleData>
            <SimpleData name="type_gn">Gaunpalika</SimpleData>
            <SimpleData name="gn_code">6.000000000000000</SimpleData>
            <SimpleData name="new_ward_n">4</SimpleData>
            <SimpleData name="ddgnww">640604.000000000000000</SimpleData>
            <SimpleData name="center">Thirpu</SimpleData>
            <SimpleData name="state_code">6</SimpleData>
            <SimpleData name="ddgn">64006</SimpleData>
            <SimpleData name="area_sqkm">31.415441153800000</SimpleData>
            <SimpleData name="shape_leng">36469.219379200003459</SimpleData>
            <SimpleData name="shape_area">31415441.153799999505281</SimpleData>
            <SimpleData name="Province">KA</SimpleData>
            <SimpleData name="Address">Palata-4, KALIKOT, KA</SimpleData>
          </SchemaData>
        </ExtendedData>
        <Polygon>
          <outerBoundaryIs>
            <LinearRing>
              <coordinates>
                81.8386010611212,29.352760823536,0
                81.8386947982022,29.3528098826737,0
                81.8387492237422,29.3530102396488,0
                81.8388417030449,29.3534585744567,0
                81.8388003270651,29.3538309767784,0
                81.838679212381,29.354127197036,0
                81.8386459622504,29.3543890474783,0
                81.8386138340222,29.3547930089894,0
                81.8386886278173,29.3552729031612,0
                81.838744924407,29.3557057386979,0
                81.8389062088809,29.355984402893,0
                81.8391199273802,29.3561364542198,0
                81.8393768898253,29.3562430730757,0
                81.8395895475587,29.356273322742,0
                81.8397849565557,29.3563961265722,0
                81.8397689536833,29.3566443531694,0
                81.8397718837207,29.3570006954467,0
                81.839668767858,29.357294604117,0
                81.83966926625,29.3573576601712,0
                81.8394771628433,29.357636382109,0
                81.8393736084805,29.3579641001051,0
                81.8390590791026,29.3584600487202,0
                81.8387363007638,29.358974121775,0
                81.8384215864893,29.3593775790036,0
                81.8383179694034,29.3596894864739,0
                81.8382848438405,29.3599671478963,0
                81.8382524668131,29.3603394871198,0
                81.8381854667759,29.3608045677869,0
                81.8380581596287,29.3614550055872,0
                81.8379539208036,29.3616113021882,0
                81.8374634773609,29.3621714928807,0
                81.8371300168287,29.3624848336629,0
                81.8367448109911,29.3629360984407,0
                81.8362878038824,29.3633246803731,0
                81.8359365969057,29.363590776334,0
                81.8354437222128,29.3638578066266,0
                81.834915975268,29.3641858932447,0
                81.8341679448758,29.3645785331551,0
                81.8335689592415,29.3648597480269,0
                81.8331987566514,29.3650176657707,0
                81.8331656952717,29.3652186464472,0
                81.833115943892,29.3656677912209,0
                81.8330471360838,29.365916330344,0
                81.8328030372074,29.3662900420735,0
                81.8325778699068,29.3668643595628,0
                81.8323163965159,29.3673306249064,0
                81.8320721091589,29.3677652059928,0
                81.8316538396732,29.3684963815672,0
                81.8311838884051,29.3693655437808,0
                81.830813553037,29.3699024262356,0
                81.8291274156587,29.3695722447315,0
                81.8278719711789,29.3690883343979,0
                81.826486607134,29.3686051725356,0
                81.825230352016,29.3680084595171,0
                81.8239297301703,29.3673353163346,0
                81.8214809629088,29.3661414545892,0
                81.8205199338991,29.364710574118,0
                81.8189114300121,29.3632836216178,0
                81.8175383374331,29.3615890719357,0
                81.8172331366878,29.3611759187379,0
                81.8169716785852,29.3608369459808,0
                81.8166257269371,29.3608007568965,0
                81.8162354723965,29.3605392130449,0
                81.8161021239816,29.3601249999984,0
                81.816741805015,29.3591376634519,0
                81.8168229313696,29.3584942871873,0
                81.8167832497982,29.3584404166382,0
                81.8161254187973,29.3575534897322,0
                81.8156018155367,29.3568754827506,0
                81.8149911645589,29.3560852982561,0
                81.8142055418604,29.354993825402,0
                81.8132060700205,29.3541292666407,0
                81.8126840877473,29.3536407427416,0
                81.8122501531918,29.3533050800615,0
                81.8116413101387,29.3527403736163,0
                81.8109902203182,29.3522909686889,0
                81.81033888193,29.3517287619085,0
                81.8094710120676,29.3511272427201,0
                81.8086025171604,29.3505280358263,0
                81.8082982516206,29.350227621783,0
                81.8082847545027,29.3501510039142,0
                81.8086423956599,29.3500360825534,0
                81.809115833321,29.349920412679,0
                81.8091553983123,29.349466830592,0
                81.8092799554141,29.3488615764424,0
                81.8100094911952,29.348327073745,0
                81.8104401220696,29.3481733447241,0
                81.8113888063569,29.3480908656562,0
                81.81199260117,29.3480127569811,0
                81.8125534614213,29.3480454491798,0
                81.8133281105897,29.3477767983261,0
                81.812124602349,29.3469631063509,0
                81.8115816212446,29.3465874462811,0
                81.8106058291474,29.3459324932642,0
                81.8097946936937,29.3457479990015,0
                81.8094126948255,29.3451344879465,0
                81.8091385552632,29.3445700363842,0
                81.8095648841131,29.3439515999026,0
                81.8096685673384,29.3433849043248,0
                81.8098248715547,29.3427230313211,0
                81.8100911553476,29.3422951367636,0
                81.8105173609536,29.3415842717031,0
                81.8107825228725,29.3410143293287,0
                81.8110987472731,29.3400672341988,0
                81.8113654052947,29.3396888980148,0
                81.8113590466839,29.3388837235058,0
                81.8115149761629,29.3381745417324,0
                81.8122666942374,29.3376985340063,0
                81.8125333522606,29.3373179482566,0
                81.812531108412,29.3370337871037,0
                81.8122588395409,29.3367061265753,0
                81.8123099020993,29.3363268504534,0
                81.8124677021073,29.3358522089052,0
                81.8131668618506,29.3355659958337,0
                81.8133250358219,29.3351387255815,0
                81.8131605025519,29.3347608204773,0
                81.8128882330536,29.33443315947,0
                81.8127179011507,29.333394379537,0
                81.8127340325691,29.332925110775,0
                81.8118853341052,29.3330204647661,0
                81.8112174890142,29.3329591476752,0
                81.8102897454179,29.3327369683526,0
                81.8096578978607,29.3325129793328,0
                81.8091747815625,29.3322903683125,0
                81.8086525486245,29.3318379027419,0
                81.8076117594254,29.3314878580914,0
                81.8068312473145,29.3311676896424,0
                81.8060872324446,29.33075040521,0
                81.8054161455943,29.330267252649,0
                81.8043373044368,29.3296557315925,0
                81.8026882183692,29.3296024631325,0
                81.8013920186567,29.3296734372004,0
                81.8010421914695,29.3296935557592,0
                81.8018075694121,29.3306363537765,0
                81.8019437352954,29.3307618445329,0
                81.8020671517449,29.3309934493475,0
                81.8020086504012,29.331490026878,0
                81.8019825282375,29.331526273873,0
                81.8018259826896,29.3317527502384,0
                81.8018990893101,29.3322124582863,0
                81.8018712022808,29.3330900636438,0
                81.8018605148376,29.333126185187,0
                81.8017671472031,29.3334425297647,0
                81.8017257745115,29.3335826407163,0
                81.8017178964061,29.3338104940201,0
                81.8014428004289,29.3342632608221,0
                81.8013881768896,29.3346064782114,0
                81.8012503161153,29.3348328295069,0
                81.8010565905339,29.334994124744,0
                81.8009824116005,29.3350554929291,0
                81.8007154440958,29.3352397847094,0
                81.8003143060857,29.3355354384029,0
                81.8001280124738,29.335913213472,0
                81.8000597546691,29.3368226277759,0
                81.8000533792941,29.3369061819042,0
                81.7999092656549,29.3373220166792,0
                81.7999644316738,29.3380413246238,0
                81.7999307498748,29.3380098903681,0
                81.7998724993156,29.3384680962868,0
                81.7997604369377,29.3392672705967,0
                81.7997409383163,29.3393395757028,0
                81.799611634647,29.3398365904217,0
                81.7994602675793,29.3404825900791,0
                81.7995320061096,29.3405994551593,0
                81.7996258652915,29.3407545051575,0
                81.7997924630096,29.3409881105153,0
                81.7999912997165,29.3415643099519,0
                81.8000611555971,29.3421007611411,0
                81.8000655911197,29.3421728792612,0
                81.8000904548065,29.3425607183932,0
                81.8000728851912,29.3431089165967,0
                81.8000681332077,29.3432465288809,0
                81.7998654559058,29.3441589407474,0
                81.7993663249623,29.3447755637979,0
                81.7990920362046,29.3454989929014,0
                81.798848124397,29.3459154505665,0
                81.7980132873636,29.3466534943241,0
                81.7975077258557,29.3469430224967,0
                81.7975943931255,29.3474048560334,0
                81.7989534903923,29.3489486071783,0
                81.7996245061942,29.3498942161205,0
                81.8002302233871,29.3505604749368,0
                81.8008195028384,29.3513485977103,0
                81.800907988723,29.3514676505009,0
                81.8012534329738,29.3519324864714,0
                81.8016956129819,29.3524193226495,0
                81.801720234084,29.352446195856,0
                81.802093238966,29.3528206663362,0
                81.8027587544498,29.353804583802,0
                81.8032354901057,29.3544265329472,0
                81.803300479753,29.3545118381742,0
                81.8033005328625,29.3549998555473,0
                81.8037052232875,29.3552312149261,0
                81.8043807642752,29.3547827666334,0
                81.8050927964063,29.3545529226734,0
                81.8059938602635,29.3545429992407,0
                81.8064329221218,29.3547139900971,0
                81.8066030212096,29.3549001620517,0
                81.8066934986518,29.3554387381581,0
                81.8067222904496,29.3563114696691,0
                81.8071176608591,29.3569880373866,0
                81.8077414973156,29.3578165318015,0
                81.8082176663603,29.3586910826905,0
                81.8086164791592,29.3590653661103,0
                81.8095697152566,29.3595422724681,0
                81.8102349895354,29.3600682953721,0
                81.8112768877706,29.3612528255039,0
                81.8122637357172,29.3621513807185,0
                81.8129124534422,29.3624587365579,0
                81.8141187855141,29.3626182392548,0
                81.8146132738532,29.3629580897269,0
                81.8147599948091,29.3634353595473,0
                81.8145685095422,29.3640455497031,0
                81.8149597970147,29.36589050922,0
                81.8148560533294,29.3662813454876,0
                81.8146471372739,29.3666503083117,0
                81.8133949283132,29.3669578865825,0
                81.81280700167,29.3673359052814,0
                81.8119694647144,29.3687124525274,0
                81.8111100034084,29.3696018576362,0
                81.8106706799666,29.3700578711672,0
                81.8102931560302,29.3707413648121,0
                81.8102875838427,29.3712760021928,0
                81.8104988565594,29.3718498893291,0
                81.8106709550985,29.3720428110367,0
                81.8107339419238,29.3722724776382,0
                81.8106669481275,29.3724240257172,0
                81.8104044821409,29.3725361357888,0
                81.8099141769035,29.3724037660726,0
                81.8091892088991,29.3726359846535,0
                81.8075172272409,29.3738550964857,0
                81.8071304018645,29.3740311371742,0
                81.8076068787139,29.3750951702273,0
                81.8075741133546,29.3761645068714,0
                81.8076904012501,29.3766261535125,0
                81.8077105713356,29.3773907072702,0
                81.8077673090542,29.3776384976288,0
                81.8082644874361,29.3778226753293,0
                81.8086076253241,29.3779829779192,0
                81.8094177533346,29.3785758092552,0
                81.8095428575872,29.3787690425074,0
                81.8100065967569,29.3792782517037,0
                81.810541504345,29.3803215377104,0
                81.8105626255168,29.3803890942818,0
                81.8106604808437,29.3807065662421,0
                81.8109878603602,29.3814015057651,0
                81.8114891537772,29.3820999482114,0
                81.8121656732582,29.3828040797358,0
                81.8121749839592,29.3828446384445,0
                81.8122417815129,29.3831487361134,0
                81.8122747701517,29.3834936415568,0
                81.8118571245042,29.3843262458531,0
                81.8119008682664,29.3843259340859,0
                81.8125035313685,29.3845704198473,0
                81.8128489817899,29.3846923513131,0
                81.8145161084889,29.3857625875641,0
                81.8152092611855,29.3858937109115,0
                81.815850165801,29.3863273671602,0
                81.8167152933513,29.386538609228,0
                81.8176097801338,29.3873654202525,0
                81.8188260418589,29.3878451437181,0
                81.818867589444,29.3883659705786,0
                81.8187022320556,29.3886218188246,0
                81.8183180233189,29.3892128832644,0
                81.8180266755311,29.3898958781588,0
                81.8180694691841,29.3905768148309,0
                81.8189657687995,29.3913833152537,0
                81.8193767670589,29.3918025947546,0
                81.8195686633925,29.3926133970057,0
                81.8197596248799,29.3932933991218,0
                81.8200253230804,29.394072205369,0
                81.8207378324595,29.395073809336,0
                81.8218237195715,29.3964633203368,0
                81.8222964467949,29.3975972215229,0
                81.8227897286204,29.3989565394028,0
                81.8230194293675,29.3998979551226,0
                81.8234385326067,29.4013231412577,0
                81.8234813891861,29.4020040154296,0
                81.8235927049887,29.404308552631,0
                81.8231305341936,29.4068128125796,0
                81.8231051362172,29.4082091816142,0
                81.8230023172339,29.4092812048658,0
                81.8229901156844,29.4100910042914,0
                81.8231454543498,29.410902056495,0
                81.8235601942707,29.411776917877,0
                81.8242704583824,29.4124875497759,0
                81.8249046127962,29.4129370167784,0
                81.8260595664541,29.4136764017568,0
                81.8266585971266,29.4143222878185,0
                81.8271836991734,29.4150656634032,0
                81.8275212688586,29.4155507486912,0
                81.8281945374183,29.4162931886478,0
                81.8289629768546,29.4172627967629,0
                81.8303072073007,29.4184543925536,0
                81.8314248561773,29.4190316052286,0
                81.8325775650538,29.4194800180846,0
                81.833842570295,29.4199593039654,0
                81.8349191712705,29.4200811206056,0
                81.8368167710046,29.4208811985538,0
                81.8379709153226,29.4214266643396,0
                81.8395368068731,29.4224565278634,0
                81.8402997582221,29.4228081314068,0
                81.8407434511889,29.4226429037879,0
                81.8414813591873,29.4221509600664,0
                81.8421827705266,29.4217563822301,0
                81.8427754405121,29.4216895218225,0
                81.8435177746984,29.4218133962876,0
                81.844299410966,29.4221648117017,0
                81.8456778340451,29.422871078651,0
                81.8470550709658,29.4235119137639,0
                81.8478363961036,29.4238317704232,0
                81.848541049067,29.4238272185116,0
                81.8499109918277,29.4235907607493,0
                81.8510612085058,29.4236487712647,0
                81.851932900454,29.4236747814686,0
                81.8527126670252,29.4238005937816,0
                81.8534568098989,29.4240552681026,0
                81.8540156020899,29.4244080557231,0
                81.8547215655398,29.4245659262777,0
                81.8550912049439,29.4244011347699,0
                81.8557187508417,29.424040740021,0
                81.8560861453641,29.4236819659285,0
                81.8564939032118,29.4236139783436,0
                81.857125813512,29.4237722855313,0
                81.8576124865567,29.4243534258962,0
                81.857840442027,29.4250330531268,0
                81.8582157559941,29.4255516980724,0
                81.858494086734,29.4258656721617,0
                81.8583506812765,29.4252034199005,0
                81.8582059607227,29.4246855911939,0
                81.8583084700253,29.4234759552231,0
                81.8586420592715,29.422930260758,0
                81.8588647856169,29.4226084813212,0
                81.8594914673478,29.4216909511992,0
                81.8600485938093,29.4208482880349,0
                81.8604937352509,29.420103363697,0
                81.860574045816,29.4196087858769,0
                81.8607936534491,29.4189172289004,0
                81.8611365668288,29.4177285942545,0
                81.861495722122,29.4168624309648,0
                81.8615494697168,29.4165914568136,0
                81.8616574024916,29.4160223234824,0
                81.8617655245205,29.4154058199931,0
                81.861955515034,29.4145632765031,0
                81.8622128162375,29.4133030229256,0
                81.862457739882,29.4122638728389,0
                81.862481122625,29.4116728032788,0
                81.8628717033388,29.4111762929996,0
                81.8630951768604,29.4109515672536,0
                81.8636847266423,29.4106770385195,0
                81.8635701846046,29.4104544952181,0
                81.8634843237398,29.4102836353986,0
                81.863228238798,29.4100124070278,0
                81.862943971154,29.4097435527393,0
                81.862688571881,29.4095466920001,0
                81.862377366271,29.4094517592033,0
                81.8620496698273,29.4090094829044,0
                81.8616218009821,29.408443841854,0
                81.8610787041709,29.4075834774716,0
                81.8608756205059,29.406867540451,0
                81.8607288414075,29.406178290519,0
                81.8605530046342,29.4054147970207,0
                81.8603330541735,29.404378639975,0
                81.8603253221034,29.4034652246674,0
                81.8603468352922,29.4026508016053,0
                81.8602291121553,29.4020583549572,0
                81.8601105780827,29.4014410978882,0
                81.8601358311928,29.4010709457478,0
                81.860365634054,29.3999101820642,0
                81.8608115857209,29.3992644987322,0
                81.861146297102,29.3988676030631,0
                81.8614533248974,29.3984708943401,0
                81.8617032997361,29.3980249399329,0
                81.8618418484302,29.397726281941,0
                81.8619242786923,29.3975047409977,0
                81.8620346436807,29.3972310807829,0
                81.8622852419444,29.3968595567633,0
                81.8627024479373,29.3961666277636,0
                81.8630934031733,29.3957197992081,0
                81.8636391500183,29.3952222913228,0
                81.864030291728,29.3948002113233,0
                81.8643932502972,29.3944031286778,0
                81.8648954430857,29.3937818186266,0
                81.8651743492675,29.3934101078808,0
                81.8654806287592,29.3929389681501,0
                81.8656464882498,29.3925928158544,0
                81.8657541715343,29.3919988725909,0
                81.8658622298726,29.3914546119826,0
                81.8660013395876,29.3912326353322,0
                81.8663361160775,29.3907613091311,0
                81.8667964381168,29.3902395514236,0
                81.8674392377272,29.389567748391,0
                81.8679979849554,29.3889483147683,0
                81.8684440600382,29.3884018094298,0
                81.8686083612576,29.3878075544176,0
                81.8688874537773,29.3874605907627,0
                81.8691106780623,29.3872110550742,0
                81.8693913927022,29.3870626353,0
                81.8697281623286,29.3869115293343,0
                81.8700363749706,29.3866636815451,0
                81.8704289503715,29.386413023141,0
                81.8703985225627,29.3861673586706,0
                81.8700592591974,29.3860206798182,0
                81.8695792021138,29.3858997460624,0
                81.8692669981432,29.3856807624652,0
                81.8689268609308,29.3855092730461,0
                81.868503233714,29.3853632183377,0
                81.8670491251803,29.3851019715223,0
                81.8667100488571,29.3849801028321,0
                81.8657172603216,29.3842964026359,0
                81.8648379555531,29.3836344513097,0
                81.8639857101759,29.3829001325105,0
                81.8629910523825,29.3819186468492,0
                81.8621108126982,29.3811348946572,0
                81.8615143411889,29.3806448067172,0
                81.8613294333686,29.3803978895956,0
                81.8608438874254,29.379710821932,0
                81.8601018234874,29.3785810413402,0
                81.8593038267738,29.377548625456,0
                81.8591053574326,29.3773762017981,0
                81.858593498152,29.3769103622718,0
                81.8581680637703,29.3765432032241,0
                81.8574963009802,29.3754355464501,0
                81.8571250507277,29.374846971129,0
                81.8566963098806,29.374157216772,0
                81.8562985583473,29.3737898696095,0
                81.8558719373771,29.3733482800624,0
                81.8552755301966,29.3727836363918,0
                81.8548754095622,29.3721208798143,0
                81.8554347173227,29.3716481199028,0
                81.8560618363281,29.3707305890138,0
                81.8563631889479,29.3697408106393,0
                81.856468191719,29.3688265226683,0
                81.8560971901722,29.3682605077406,0
                81.8560101456665,29.3679407855879,0
                81.8560347761191,29.3674962650131,0
                81.8560585317514,29.3670269970022,0
                81.8560535431867,29.3664338020814,0
                81.856034618706,29.3658654798289,0
                81.8559427110016,29.364954875419,0
                81.8557653159385,29.3639928376884,0
                81.8557345775627,29.3636208715378,0
                81.8559249407961,29.3628301985727,0
                81.8560904899053,29.3623848049187,0
                81.8562935419965,29.3614203971641,0
                81.8564307821416,29.360975128578,0
                81.8565095962057,29.360309254392,0
                81.8565635329796,29.3599863473829,0
                81.8565297988168,29.3593459694846,0
                81.8565521226876,29.3586285359726,0
                81.8565745076161,29.3579134159694,0
                81.8566555041001,29.3575181416739,0
                81.8568507946009,29.3572439822445,0
                81.8571310714256,29.3571203722798,0
                81.8574117236401,29.3569697037093,0
                81.8574946545955,29.3567232902836,0
                81.8574080449212,29.3565253070297,0
                81.8572937521463,29.3563276365373,0
                81.8571496535642,29.3559586686823,0
                81.8566412260632,29.355815300006,0
                81.8559920668656,29.3556954888073,0
                81.8553438429612,29.3556995421418,0
                81.8547802941641,29.3557279687805,0
                81.8543576648548,29.3556810917253,0
                81.8540178396169,29.3555342882114,0
                81.8538492377886,29.3555354730241,0
                81.8533398120036,29.3552680529058,0
                81.8529704310583,29.3549727001768,0
                81.8526575431433,29.3545799199332,0
                81.8522893482925,29.3543364368856,0
                81.8516963065015,29.3542409994594,0
                81.85127305226,29.3541940604076,0
                81.850695320117,29.3541481190602,0
                81.8501600176705,29.35417635841,0
                81.8494843573354,29.3542799018063,0
                81.8489779877928,29.354382385284,0
                81.8485844759783,29.3545089297536,0
                81.8480499841889,29.3546340981733,0
                81.8474612467054,29.3549604338833,0
                81.8468176987953,29.355530683847,0
                81.8463416932794,29.3559532001664,0
                81.8459499912878,29.3562286064561,0
                81.8454179941457,29.3566515595015,0
                81.8448280694871,29.3569259626997,0
                81.8446610242095,29.3571999348992,0
                81.8444375509102,29.35742234839,0
                81.8439309932846,29.3575000214898,0
                81.8435624870532,29.3572316664282,0
                81.8431084298789,29.3568871919942,0
                81.8426813747092,29.3562989276665,0
                81.8425520858933,29.3560020157857,0
                81.8424354229975,29.3555087480961,0
                81.842404245958,29.3551637793156,0
                81.842401627636,29.3548436216265,0
                81.8423431400426,29.3546206415264,0
                81.8420036278456,29.3544265924685,0
                81.8415230705145,29.3543055345116,0
                81.8411562472387,29.354233410528,0
                81.8406472586212,29.354015611567,0
                81.8401655805542,29.3536735108529,0
                81.8398249439414,29.353427529311,0
                81.8395979169371,29.3532079214327,0
                81.8393707644027,29.3529860635056,0
                81.8390880551615,29.3528885684882,0
                81.8386363071005,29.3527448250992,0
                81.8386010611212,29.352760823536,0
              </coordinates>
            </LinearRing>
          </outerBoundaryIs>
        </Polygon>
      </Placemark>
      <Placemark id="KA_KALIKOT_Palata.6">
        <ExtendedData>
          <SchemaData schemaUrl="#KA_KALIKOT_Palata.schema">
            <SimpleData name="ogc_fid">800</SimpleData>
            <SimpleData name="objectid_1">801</SimpleData>
            <SimpleData name="dcode">64</SimpleData>
            <SimpleData name="district">KALIKOT</SimpleData>
            <SimpleData name="das">0</SimpleData>
            <SimpleData name="gapa_napa">Palata</SimpleData>
            <SimpleData name="type_gn">Gaunpalika</SimpleData>
            <SimpleData name="gn_code">6.000000000000000</SimpleData>
            <SimpleData name="new_ward_n">5</SimpleData>
            <SimpleData name="ddgnww">640605.000000000000000</SimpleData>
            <SimpleData name="center">Thirpu</SimpleData>
            <SimpleData name="state_code">6</SimpleData>
            <SimpleData name="ddgn">64006</SimpleData>
            <SimpleData name="area_sqkm">13.468379448900000</SimpleData>
            <SimpleData name="shape_leng">18548.943372300000192</SimpleData>
            <SimpleData name="shape_area">13468379.448899997398257</SimpleData>
            <SimpleData name="Province">KA</SimpleData>
            <SimpleData name="Address">Palata-5, KALIKOT, KA</SimpleData>
          </SchemaData>
        </ExtendedData>
        <Polygon>
          <outerBoundaryIs>
            <LinearRing>
              <coordinates>
                81.8386010611212,29.352760823536,0
                81.8383754693306,29.3526427061439,0
                81.83787910282,29.3524744021248,0
                81.8376297030768,29.352275229981,0
                81.8374687919291,29.3520438740581,0
                81.837342004398,29.3516409724367,0
                81.8374436868364,29.35117564223,0
                81.8378371433336,29.3506476346886,0
                81.8382583443049,29.3502119308741,0
                81.8387502840737,29.3498366606651,0
                81.8391530492479,29.3494303913095,0
                81.8393627763225,29.3491042378434,0
                81.8394834540073,29.3487470854592,0
                81.8394985212601,29.3483906185924,0
                81.8394970253233,29.348205698392,0
                81.8392386890357,29.3480200870514,0
                81.8387964386164,29.3479304010148,0
                81.8383353799884,29.3477483494781,0
                81.8380332991324,29.3475630496912,0
                81.8378010248284,29.3472554501935,0
                81.8376557405813,29.3468074897127,0
                81.8376515625412,29.346295537183,0
                81.8376473855303,29.3457857718635,0
                81.8374417314584,29.345507419793,0
                81.837030860253,29.3450002109002,0
                81.8368854525875,29.3444575096861,0
                81.8367216734012,29.3438698124886,0
                81.8365936991926,29.343405978735,0
                81.8365742691945,29.343160251429,0
                81.8366076445523,29.3429118999781,0
                81.8366590156122,29.3427401660008,0
                81.8368947401947,29.3423665170346,0
                81.8369073123003,29.3417777599048,0
                81.8366914136684,29.3412693664049,0
                81.8365320658967,29.3409883899824,0
                81.8366456136605,29.3409425834359,0
                81.838085550198,29.3405004583012,0
                81.8398439421626,29.3401195191122,0
                81.8401914049083,29.339562451188,0
                81.8413088364,29.3384140111444,0
                81.8419748156526,29.3380083712814,0
                81.8423943278711,29.3376042273727,0
                81.8433766394412,29.3371649699248,0
                81.8448146447118,29.3364159981968,0
                81.8463573251911,29.3355739111048,0
                81.8469190026793,29.3353222553833,0
                81.8472352743297,29.3351984595458,0
                81.8480799100909,29.335161537722,0
                81.8483408196144,29.3347267689879,0
                81.8488306973123,29.3343537479461,0
                81.8494260603096,29.3339800415797,0
                81.8501256020444,29.3333575475922,0
                81.85061367062,29.332767984283,0
                81.8513833275448,29.3321473035287,0
                81.8524598102333,29.3319080909304,0
                81.8542532783427,29.3305071847948,0
                81.8561769206328,29.3289137362747,0
                81.8591927441901,29.3263477689268,0
                81.8592770544556,29.3258848757824,0
                81.8588353058072,29.3256959495541,0
                81.8581732126245,29.3254678984589,0
                81.857026249765,29.3252045942537,0
                81.8554379122311,29.3247907347024,0
                81.8533242031591,29.3246509046643,0
                81.8521559919104,29.3244644672287,0
                81.8515386408672,29.3243532814028,0
                81.8510512145473,29.3239323133483,0
                81.8509161142499,29.323624214976,0
                81.8504744276475,29.3234330395287,0
                81.849413396048,29.3229006979594,0
                81.8486172010278,29.322404983178,0
                81.8479535501509,29.3219852003443,0
                81.8470698032024,29.3215644765691,0
                81.8462742315481,29.3212221845722,0
                81.8457009376016,29.3210724404814,0
                81.8450392184363,29.3208848857455,0
                81.8448585031978,29.3203446832305,0
                81.8445718559113,29.3203081821814,0
                81.8443467107174,29.3196914864692,0
                81.8439897089548,29.3190780385807,0
                81.8435454665426,29.3185778284014,0
                81.8434078731247,29.3178862659788,0
                81.84270110005,29.3176200309313,0
                81.8423025340827,29.3173518622128,0
                81.8422679136034,29.3173633606839,0
                81.841920392607,29.3176813262659,0
                81.8404552020895,29.3185251636691,0
                81.8397912865098,29.3188518740716,0
                81.8397042975782,29.3189155544367,0
                81.8394343926751,29.3191112822169,0
                81.8388430840359,29.319899949785,0
                81.838230327078,29.321374429498,0
                81.8379547315415,29.3218250082858,0
                81.8377265685987,29.3221647853844,0
                81.8370985192144,29.3227213500107,0
                81.8370716471734,29.3227417846963,0
                81.8367422503472,29.3229806952865,0
                81.8362082549362,29.3233110942329,0
                81.8360992069413,29.3233479023423,0
                81.8356795112393,29.3234903829695,0
                81.8350236624875,29.3235508678876,0
                81.8335852345965,29.3235192250773,0
                81.832803343111,29.3234249100754,0
                81.832587749122,29.3233427890152,0
                81.8325291946019,29.3233431637752,0
                81.8323039754636,29.3233467849178,0
                81.8314534040567,29.3233543345641,0
                81.8309284734668,29.3234568795512,0
                81.8300537785963,29.3235886052931,0
                81.8296579548317,29.3237332109093,0
                81.8294717293792,29.3237862027717,0
                81.8289119273686,29.3239453054564,0
                81.8285170418089,29.3240492900535,0
                81.8282563901007,29.3240441614291,0
                81.8281146604955,29.3240202240922,0
                81.8277370258444,29.3239549127273,0
                81.8272185983233,29.323829541634,0
                81.8270261896524,29.3237404843589,0
                81.8269615741229,29.3237092989134,0
                81.8268309041985,29.3237056095915,0
                81.8263481546849,29.3238462153127,0
                81.8252076058361,29.3247622380569,0
                81.8250988694498,29.3248486662807,0
                81.824690289137,29.3254127951486,0
                81.8242703296478,29.3263176422978,0
                81.8240792826678,29.3268872117327,0
                81.8240756561322,29.3270000131957,0
                81.8240215374887,29.3270725680276,0
                81.8237020102921,29.3275053356434,0
                81.8235759620495,29.3276753187099,0
                81.8233913559957,29.3280147844945,0
                81.8233597779239,29.329045749679,0
                81.8231752970309,29.329385216131,0
                81.8226908593793,29.3295641919009,0
                81.8216465645652,29.3295773635835,0
                81.8209965302697,29.3294866127677,0
                81.820213950346,29.3294688524862,0
                81.8199094295698,29.329461723993,0
                81.8193871249034,29.3294874641801,0
                81.8184666225133,29.3296961193369,0
                81.8176803526313,29.3297911612431,0
                81.8172051651336,29.3299181427793,0
                81.8162128042092,29.329746019644,0
                81.815584074225,29.3299123070113,0
                81.8149205325618,29.3303065737007,0
                81.8144802698129,29.3308618900863,0
                81.8139647085718,29.3312529718721,0
                81.8134516388817,29.3320365159707,0
                81.8132347809699,29.3326874527865,0
                81.8127918995169,29.3329179871123,0
                81.8127340325691,29.332925110775,0
                81.8127179011507,29.333394379537,0
                81.8128882330536,29.33443315947,0
                81.8131605025519,29.3347608204773,0
                81.8133250358219,29.3351387255815,0
                81.8131668618506,29.3355659958337,0
                81.8124677021073,29.3358522089052,0
                81.8123099020993,29.3363268504534,0
                81.8122588395409,29.3367061265753,0
                81.812531108412,29.3370337871037,0
                81.8125333522606,29.3373179482566,0
                81.8122666942374,29.3376985340063,0
                81.8115149761629,29.3381745417324,0
                81.8113590466839,29.3388837235058,0
                81.8113654052947,29.3396888980148,0
                81.8110987472731,29.3400672341988,0
                81.8107825228725,29.3410143293287,0
                81.8105173609536,29.3415842717031,0
                81.8100911553476,29.3422951367636,0
                81.8098248715547,29.3427230313211,0
                81.8096685673384,29.3433849043248,0
                81.8095648841131,29.3439515999026,0
                81.8091385552632,29.3445700363842,0
                81.8094126948255,29.3451344879465,0
                81.8097946936937,29.3457479990015,0
                81.8106058291474,29.3459324932642,0
                81.8115816212446,29.3465874462811,0
                81.812124602349,29.3469631063509,0
                81.8133281105897,29.3477767983261,0
                81.8125534614213,29.3480454491798,0
                81.81199260117,29.3480127569811,0
                81.8113888063569,29.3480908656562,0
                81.8104401220696,29.3481733447241,0
                81.8100094911952,29.348327073745,0
                81.8092799554141,29.3488615764424,0
                81.8091553983123,29.349466830592,0
                81.809115833321,29.349920412679,0
                81.8086423956599,29.3500360825534,0
                81.8082847545027,29.3501510039142,0
                81.8082982516206,29.350227621783,0
                81.8086025171604,29.3505280358263,0
                81.8094710120676,29.3511272427201,0
                81.81033888193,29.3517287619085,0
                81.8109902203182,29.3522909686889,0
                81.8116413101387,29.3527403736163,0
                81.8122501531918,29.3533050800615,0
                81.8126840877473,29.3536407427416,0
                81.8132060700205,29.3541292666407,0
                81.8142055418604,29.354993825402,0
                81.8149911645589,29.3560852982561,0
                81.8156018155367,29.3568754827506,0
                81.8161254187973,29.3575534897322,0
                81.8167832497982,29.3584404166382,0
                81.8168229313696,29.3584942871873,0
                81.816741805015,29.3591376634519,0
                81.8161021239816,29.3601249999984,0
                81.8162354723965,29.3605392130449,0
                81.8166257269371,29.3608007568965,0
                81.8169716785852,29.3608369459808,0
                81.8172331366878,29.3611759187379,0
                81.8175383374331,29.3615890719357,0
                81.8189114300121,29.3632836216178,0
                81.8205199338991,29.364710574118,0
                81.8214809629088,29.3661414545892,0
                81.8239297301703,29.3673353163346,0
                81.825230352016,29.3680084595171,0
                81.826486607134,29.3686051725356,0
                81.8278719711789,29.3690883343979,0
                81.8291274156587,29.3695722447315,0
                81.830813553037,29.3699024262356,0
                81.8311838884051,29.3693655437808,0
                81.8316538396732,29.3684963815672,0
                81.8320721091589,29.3677652059928,0
                81.8323163965159,29.3673306249064,0
                81.8325778699068,29.3668643595628,0
                81.8328030372074,29.3662900420735,0
                81.8330471360838,29.365916330344,0
                81.833115943892,29.3656677912209,0
                81.8331656952717,29.3652186464472,0
                81.8331987566514,29.3650176657707,0
                81.8335689592415,29.3648597480269,0
                81.8341679448758,29.3645785331551,0
                81.834915975268,29.3641858932447,0
                81.8354437222128,29.3638578066266,0
                81.8359365969057,29.363590776334,0
                81.8362878038824,29.3633246803731,0
                81.8367448109911,29.3629360984407,0
                81.8371300168287,29.3624848336629,0
                81.8374634773609,29.3621714928807,0
                81.8379539208036,29.3616113021882,0
                81.8380581596287,29.3614550055872,0
                81.8381854667759,29.3608045677869,0
                81.8382524668131,29.3603394871198,0
                81.8382848438405,29.3599671478963,0
                81.8383179694034,29.3596894864739,0
                81.8384215864893,29.3593775790036,0
                81.8387363007638,29.358974121775,0
                81.8390590791026,29.3584600487202,0
                81.8393736084805,29.3579641001051,0
                81.8394771628433,29.357636382109,0
                81.83966926625,29.3573576601712,0
                81.839668767858,29.357294604117,0
                81.8397718837207,29.3570006954467,0
                81.8397689536833,29.3566443531694,0
                81.8397849565557,29.3563961265722,0
                81.8395895475587,29.356273322742,0
                81.8393768898253,29.3562430730757,0
                81.8391199273802,29.3561364542198,0
                81.8389062088809,29.355984402893,0
                81.838744924407,29.3557057386979,0
                81.8386886278173,29.3552729031612,0
                81.8386138340222,29.3547930089894,0
                81.8386459622504,29.3543890474783,0
                81.838679212381,29.354127197036,0
                81.8388003270651,29.3538309767784,0
                81.8388417030449,29.3534585744567,0
                81.8387492237422,29.3530102396488,0
                81.8386947982022,29.3528098826737,0
                81.8386010611212,29.352760823536,0
              </coordinates>
            </LinearRing>
          </outerBoundaryIs>
        </Polygon>
      </Placemark>
      <Placemark id="KA_KALIKOT_Palata.7">
        <ExtendedData>
          <SchemaData schemaUrl="#KA_KALIKOT_Palata.schema">
            <SimpleData name="ogc_fid">832</SimpleData>
            <SimpleData name="objectid_1">833</SimpleData>
            <SimpleData name="dcode">64</SimpleData>
            <SimpleData name="district">KALIKOT</SimpleData>
            <SimpleData name="das">0</SimpleData>
            <SimpleData name="gapa_napa">Palata</SimpleData>
            <SimpleData name="type_gn">Gaunpalika</SimpleData>
            <SimpleData name="gn_code">6.000000000000000</SimpleData>
            <SimpleData name="new_ward_n">7</SimpleData>
            <SimpleData name="ddgnww">640607.000000000000000</SimpleData>
            <SimpleData name="center">Thirpu</SimpleData>
            <SimpleData name="state_code">6</SimpleData>
            <SimpleData name="ddgn">64006</SimpleData>
            <SimpleData name="area_sqkm">52.958082692700003</SimpleData>
            <SimpleData name="shape_leng">40363.195353700000851</SimpleData>
            <SimpleData name="shape_area">52958082.692699998617172</SimpleData>
            <SimpleData name="Province">KA</SimpleData>
            <SimpleData name="Address">Palata-7, KALIKOT, KA</SimpleData>
          </SchemaData>
        </ExtendedData>
        <Polygon>
          <outerBoundaryIs>
            <LinearRing>
              <coordinates>
                81.8127340325691,29.332925110775,0
                81.8127918995169,29.3329179871123,0
                81.8132347809699,29.3326874527865,0
                81.8134516388817,29.3320365159707,0
                81.8139647085718,29.3312529718721,0
                81.8144802698129,29.3308618900863,0
                81.8149205325618,29.3303065737007,0
                81.815584074225,29.3299123070113,0
                81.8162128042092,29.329746019644,0
                81.8172051651336,29.3299181427793,0
                81.8176803526313,29.3297911612431,0
                81.8184666225133,29.3296961193369,0
                81.8193871249034,29.3294874641801,0
                81.8199094295698,29.329461723993,0
                81.820213950346,29.3294688524862,0
                81.8209965302697,29.3294866127677,0
                81.8216465645652,29.3295773635835,0
                81.8226908593793,29.3295641919009,0
                81.8231752970309,29.329385216131,0
                81.8233597779239,29.329045749679,0
                81.8233913559957,29.3280147844945,0
                81.8235759620495,29.3276753187099,0
                81.8237020102921,29.3275053356434,0
                81.8240215374887,29.3270725680276,0
                81.8240756561322,29.3270000131957,0
                81.8240792826678,29.3268872117327,0
                81.8242703296478,29.3263176422978,0
                81.824690289137,29.3254127951486,0
                81.8250988694498,29.3248486662807,0
                81.8252076058361,29.3247622380569,0
                81.8263481546849,29.3238462153127,0
                81.8268309041985,29.3237056095915,0
                81.8269615741229,29.3237092989134,0
                81.8270261896524,29.3237404843589,0
                81.8272185983233,29.323829541634,0
                81.8277370258444,29.3239549127273,0
                81.8281146604955,29.3240202240922,0
                81.8282563901007,29.3240441614291,0
                81.8285170418089,29.3240492900535,0
                81.8289119273686,29.3239453054564,0
                81.8294717293792,29.3237862027717,0
                81.8296579548317,29.3237332109093,0
                81.8300537785963,29.3235886052931,0
                81.8309284734668,29.3234568795512,0
                81.8314534040567,29.3233543345641,0
                81.8323039754636,29.3233467849178,0
                81.8325291946019,29.3233431637752,0
                81.832587749122,29.3233427890152,0
                81.832803343111,29.3234249100754,0
                81.8335852345965,29.3235192250773,0
                81.8350236624875,29.3235508678876,0
                81.8356795112393,29.3234903829695,0
                81.8360992069413,29.3233479023423,0
                81.8362082549362,29.3233110942329,0
                81.8367422503472,29.3229806952865,0
                81.8370716471734,29.3227417846963,0
                81.8370985192144,29.3227213500107,0
                81.8377265685987,29.3221647853844,0
                81.8379547315415,29.3218250082858,0
                81.838230327078,29.321374429498,0
                81.8388430840359,29.319899949785,0
                81.8394343926751,29.3191112822169,0
                81.8397042975782,29.3189155544367,0
                81.8397912865098,29.3188518740716,0
                81.8404552020895,29.3185251636691,0
                81.841920392607,29.3176813262659,0
                81.8422679136034,29.3173633606839,0
                81.8423025340827,29.3173518622128,0
                81.8423687769972,29.3172702457069,0
                81.8437678611361,29.3158922692735,0
                81.8438081063805,29.3158537115368,0
                81.8444933446273,29.3148388154336,0
                81.844826191092,29.3139299675829,0
                81.8448969973495,29.3137739209527,0
                81.8450139236899,29.3135160089563,0
                81.8452385214299,29.3132912827377,0
                81.8459201958245,29.3123915018194,0
                81.845972750925,29.3123663800022,0
                81.846141917062,29.3122818277963,0
                81.8474631201782,29.3118539491186,0
                81.8489185561329,29.3113146450862,0
                81.8496662734582,29.3109377534721,0
                81.8497155793591,29.3109125687494,0
                81.8503608739232,29.3105227394586,0
                81.8507836349253,29.3102132743858,0
                81.8508710599575,29.3102037142679,0
                81.8510526639122,29.3099905490999,0
                81.8516843415305,29.3092804990861,0
                81.8521448562934,29.3084880794143,0
                81.8521957279331,29.3082599766069,0
                81.8523557087134,29.3081506763706,0
                81.8524631322359,29.3080755606068,0
                81.8539184442876,29.307536194188,0
                81.855112479064,29.3069916995797,0
                81.8553592590965,29.3068819006254,0
                81.85600023977,29.3065958118122,0
                81.8560848535133,29.306556941632,0
                81.8565749177833,29.3062244798118,0
                81.8569774318231,29.3058903291514,0
                81.8569932430754,29.3058608940854,0
                81.8571624754649,29.3055508635469,0
                81.857404770184,29.3047552529716,0
                81.8574798410884,29.3037262249168,0
                81.8575460258318,29.3034077561001,0
                81.8575818365303,29.3032315854468,0
                81.857636210449,29.3028884306643,0
                81.8580996025731,29.3019832089047,0
                81.8582545824919,29.3019032814292,0
                81.858454431695,29.3018004809647,0
                81.8597774481334,29.3012979848486,0
                81.861227132343,29.3009480381848,0
                81.8617602522478,29.300617576585,0
                81.8620560281117,29.3004442220693,0
                81.8623432458175,29.3000972582189,0
                81.8623609413187,29.299524249189,0
                81.861105958117,29.2977774564458,0
                81.8606182964368,29.296621244806,0
                81.8605555020845,29.2961096038131,0
                81.8614892661566,29.2952306987712,0
                81.8616841771924,29.2952339512114,0
                81.8618817125368,29.2952394533952,0
                81.8622735334199,29.2952482085769,0
                81.8626824145327,29.2952906480016,0
                81.8627512796951,29.2952969609873,0
                81.8634075664547,29.2952363511693,0
                81.8639808668048,29.2950206294491,0
                81.8650119311766,29.2940891685242,0
                81.8652224669643,29.2939592462246,0
                81.8653677616768,29.2938680688947,0
                81.8656360423155,29.2936452810816,0
                81.86640426588,29.2927470633074,0
                81.8670756223339,29.292190125346,0
                81.8678402829735,29.2914069591255,0
                81.867905526673,29.2912824717847,0
                81.8679795811169,29.2911421729356,0
                81.8681208185837,29.2908006450011,0
                81.8681886364087,29.2900017201675,0
                81.8683770571999,29.2895471396577,0
                81.8685579119707,29.2893226005572,0
                81.8686934587215,29.2891458069444,0
                81.8688760632746,29.288910018911,0
                81.8693322012772,29.2882349004576,0
                81.8697557880653,29.2872126274354,0
                81.8699287893967,29.2858423823123,0
                81.8700254059077,29.2856274659461,0
                81.8701156466322,29.2854261107851,0
                81.8703437472356,29.2850885211935,0
                81.8705322300432,29.2846361908005,0
                81.8706474054591,29.2844121505551,0
                81.8707638313886,29.2841835490369,0
                81.8709889304973,29.2839588229216,0
                81.8724433933918,29.2820072133139,0
                81.8726441178012,29.2819337227421,0
                81.8728397167556,29.2818625449476,0
                81.873016631478,29.281791491421,0
                81.873197360733,29.2815669519905,0
                81.8736744303898,29.281085629371,0
                81.8738274747232,29.2809312704741,0
                81.8740082044528,29.2807067938521,0
                81.8742771087158,29.2804840062614,0
                81.8751355103688,29.2794723001074,0
                81.8755385242239,29.2791381494289,0
                81.8763868629699,29.2782326207789,0
                81.876865490778,29.2779362806089,0
                81.8771933325897,29.2773160931492,0
                81.8774439423233,29.2763083775692,0
                81.8778090920003,29.2756880034934,0
                81.8783241535532,29.2752966725897,0
                81.8788394657384,29.2749346512252,0
                81.8794658245959,29.2745425718184,0
                81.879871459922,29.2743774675749,0
                81.8800196903245,29.2743426607904,0
                81.880489504808,29.2741433106122,0
                81.8799234056846,29.2735335472774,0
                81.879251887155,29.2727732956928,0
                81.8782633490572,29.2720196641328,0
                81.8771250711237,29.2718061052119,0
                81.8767816818418,29.271738418247,0
                81.8765470911421,29.2716091777065,0
                81.8762065785795,29.2714219401931,0
                81.8761690843079,29.2714018164604,0
                81.8754253705242,29.2715217943599,0
                81.8748099546798,29.2715325963907,0
                81.8741491719108,29.2714150982674,0
                81.8737800362883,29.2713498486975,0
                81.8732263599512,29.2714323954529,0
                81.8721559391025,29.2717100423773,0
                81.8715571441248,29.2717839017286,0
                81.8703593645475,29.2720601080574,0
                81.8694540504683,29.2720840302662,0
                81.8688222648018,29.2719054758101,0
                81.8679898795217,29.2718815287768,0
                81.8667099233211,29.2721808571289,0
                81.8664555186709,29.2722907179118,0
                81.8660718768999,29.2726360555733,0
                81.8656348692001,29.2729028367947,0
                81.8651648098513,29.2728359616352,0
                81.8638461214034,29.272508409947,0
                81.8623795090297,29.2724795165543,0
                81.8615086860832,29.2727106704869,0
                81.8607360990096,29.2729976323676,0
                81.8601906073602,29.2732154165327,0
                81.8595392589228,29.2731632247152,0
                81.8590174624285,29.2728259984496,0
                81.8589026714254,29.2724838412861,0
                81.8588991868438,29.2716831652007,0
                81.8584107621993,29.2712599481115,0
                81.8578200261987,29.2714532343002,0
                81.857065192226,29.2714107270187,0
                81.8564147268878,29.2709908194314,0
                81.8557668192946,29.2708055766762,0
                81.85452405937,29.2703894108062,0
                81.8541963005093,29.2698704543532,0
                81.854187571374,29.2688306756618,0
                81.8542866411995,29.2677450902925,0
                81.8536838006131,29.2669437185702,0
                81.8535784426376,29.2668045424031,0
                81.8524896574754,29.2666491037464,0
                81.8514217435275,29.266457419202,0
                81.8501076117193,29.2664229034557,0
                81.8493179702266,29.2663580229408,0
                81.8485655691424,29.26659961427,0
                81.8480799498569,29.2665079287998,0
                81.8477548725128,29.2663205664994,0
                81.8474792993425,29.2655666954163,0
                81.8474224378612,29.2652355379089,0
                81.8470374471325,29.2642476868452,0
                81.8467606267044,29.2633517029941,0
                81.84702603965,29.2627048298611,0
                81.8470139177935,29.2626418354677,0
                81.846896942034,29.2621824386758,0
                81.8467251806456,29.2606880753711,0
                81.8466732720529,29.2595425566553,0
                81.8467143947543,29.2593821344099,0
                81.8464238138748,29.2591561514872,0
                81.846398317755,29.2591089675365,0
                81.846176231146,29.2586908157046,0
                81.8462763497323,29.2582728567328,0
                81.8464648951015,29.2578205888585,0
                81.846920095496,29.2571815918202,0
                81.8469683411567,29.2570301693985,0
                81.8468529910139,29.256532401235,0
                81.8468574935256,29.2563789787778,0
                81.846861058303,29.2562639269111,0
                81.8471374047439,29.2557749762504,0
                81.8473188210459,29.2555504997207,0
                81.8473731952039,29.2552073446343,0
                81.8473222060322,29.2550226735589,0
                81.8472552814734,29.2547840077397,0
                81.8474010208608,29.2542913683451,0
                81.8481545142167,29.2524776096839,0
                81.8487330323051,29.2506581625172,0
                81.8488442077121,29.2504973046006,0
                81.8491885449181,29.2499943556518,0
                81.8498432211234,29.2491443821697,0
                81.8500194000153,29.2483673314864,0
                81.8500112141972,29.2483154613457,0
                81.8499576026533,29.2479752421666,0
                81.8496016046945,29.2471406270677,0
                81.8497687852102,29.2462869595537,0
                81.8498083766781,29.2444619422876,0
                81.8501824537915,29.2442904014088,0
                81.8505872244191,29.2435547249075,0
                81.8509396169546,29.24340368194,0
                81.8537791890897,29.2421877734053,0
                81.8542908736876,29.2419432410132,0
                81.8543926741309,29.2418951217522,0
                81.8549430402263,29.2416593397633,0
                81.8554954041965,29.2415948528601,0
                81.8563276676486,29.2414745011611,0
                81.8559565383479,29.2410663466151,0
                81.8553311300182,29.2407026834937,0
                81.8544801271922,29.2404284473593,0
                81.8535622589729,29.2400689049037,0
                81.8531477536791,29.2400151541567,0
                81.8502996494429,29.2396453346094,0
                81.8501882900363,29.2396302722345,0
                81.8495176235252,29.2400856571541,0
                81.849038685063,29.2402555726151,0
                81.8482899790464,29.2400550801392,0
                81.847508277001,29.2398389641937,0
                81.8466745789998,29.2397878945235,0
                81.8459792435092,29.2394336046694,0
                81.8459476235762,29.2394180431809,0
                81.845647107844,29.2390770709597,0
                81.8453344664813,29.2388986448787,0
                81.844008346301,29.2383024936964,0
                81.8409391572365,29.2373857225048,0
                81.8400521000445,29.2369356892966,0
                81.8385142690727,29.2357656512861,0
                81.8382257731014,29.2342832220664,0
                81.8380850041822,29.2330232120819,0
                81.837411507261,29.2310853833426,0
                81.8369712642985,29.2305490517598,0
                81.8365896877628,29.2307431532699,0
                81.8352345029378,29.2305102800638,0
                81.8350833880645,29.231057039361,0
                81.834785788632,29.2318596477507,0
                81.8344869419714,29.2325021468724,0
                81.8340669868303,29.2331971381324,0
                81.8332832022961,29.2340569846221,0
                81.8326208397296,29.2349137705925,0
                81.832443166548,29.235449405259,0
                81.832144505765,29.2361978938665,0
                81.8317804290559,29.2362520716922,0
                81.831661938417,29.2366272222052,0
                81.8314517111178,29.2369488143554,0
                81.8312101767775,29.2372165355823,0
                81.831151929348,29.237483009827,0
                81.831336461325,29.2378021709923,0
                81.8316460929923,29.2384950478339,0
                81.8316522030541,29.2392415417751,0
                81.8316629893983,29.2405745428334,0
                81.8316094812364,29.2414297747564,0
                81.8313087642653,29.2418579176688,0
                81.8311915822924,29.2423909916609,0
                81.8313787324142,29.2430304349458,0
                81.8319295252326,29.2434014082143,0
                81.8325420569275,29.2439299308234,0
                81.8334569882901,29.2442445392775,0
                81.8340071562798,29.2446155754609,0
                81.8347997321192,29.2448226295508,0
                81.835593117544,29.2451379868672,0
                81.8361444096705,29.2455608306047,0
                81.8366954506017,29.2460378569999,0
                81.8368208615068,29.2465175017249,0
                81.8371895529867,29.2469415296313,0
                81.8375584305408,29.2474737984505,0
                81.8375627945812,29.2480059985162,0
                81.8374443036614,29.2483812747259,0
                81.8372625767045,29.2484883867918,0
                81.8368997473929,29.2487049860859,0
                81.8367821290766,29.2491861278792,0
                81.8369079769152,29.2497176422387,0
                81.8368622286925,29.2499918037829,0
                81.8344074975737,29.2502026241065,0
                81.8333398268637,29.2504144014119,0
                81.8327494010051,29.2507203015282,0
                81.8317911459953,29.251333043431,0
                81.8298843873611,29.2523418592041,0
                81.828676420871,29.2526967467194,0
                81.8275909407674,29.252854591178,0
                81.8259123541837,29.2530612356329,0
                81.8227635309098,29.2532317368779,0
                81.8225176237766,29.2533618464337,0
                81.8221001753309,29.2536689366551,0
                81.8215330004328,29.2538235392106,0
                81.8211393630254,29.2539770814608,0
                81.8208689588271,29.2541749968901,0
                81.8205992410111,29.2544585914255,0
                81.8198344053988,29.254591818109,0
                81.8191181277446,29.25459624463,0
                81.8184395938926,29.2546658534234,0
                81.8179958396294,29.2548196457546,0
                81.8173789208035,29.2549543118465,0
                81.8172305054395,29.254889753023,0
                81.8167864392264,29.2550007366657,0
                81.816516971128,29.2552414603098,0
                81.8161480166544,29.2555031180643,0
                81.8160267777351,29.2557857775268,0
                81.8158317990312,29.2560914958971,0
                81.8154137890832,29.2563309056696,0
                81.8153164856509,29.2565480085206,0
                81.8149987095812,29.2569401551037,0
                81.8142833028942,29.2571408132766,0
                81.812656642382,29.2575837489158,0
                81.8124108595234,29.2578017875173,0
                81.8120432772352,29.2581716851975,0
                81.8118359241842,29.258540648468,0
                81.8118958908486,29.2598620260132,0
                81.8118510113726,29.2604487829471,0
                81.8106933190003,29.2624700788965,0
                81.8101601802176,29.2637725748343,0
                81.8095242513015,29.2645996761387,0
                81.8091549242674,29.2647530317745,0
                81.8081246087896,29.2657134274509,0
                81.8073593366123,29.2658037832081,0
                81.8066202461789,29.2660270019561,0
                81.8057716028249,29.2665509405123,0
                81.8050881125333,29.2676377666887,0
                81.8050153079752,29.2677915638986,0
                81.8034195015276,29.269077858921,0
                81.8026582818692,29.2696891040107,0
                81.8021671528063,29.2701251810288,0
                81.8020353490049,29.2706245072847,0
                81.8020368449477,29.2708207395038,0
                81.8021635698504,29.2712305160165,0
                81.8022929755723,29.271987572328,0
                81.802369957606,29.2723773494874,0
                81.8023965756271,29.2725734565223,0
                81.8021761005818,29.2728341787667,0
                81.8016119180412,29.2734014304448,0
                81.8010964166615,29.2738579435511,0
                81.8006820847723,29.2745754332111,0
                81.8014962275006,29.2743990861859,0
                81.8017433808671,29.2744179629049,0
                81.8023129252625,29.2745453345668,0
                81.8026345064587,29.2745434014488,0
                81.8032761692028,29.2745169757995,0
                81.803734603568,29.2746654064433,0
                81.8051707139968,29.2749815843421,0
                81.8069262223731,29.2751017860178,0
                81.807838414683,29.2748796323259,0
                81.8077424823932,29.2752705322907,0
                81.8077931602558,29.2754213317682,0
                81.8083483710007,29.2768277709178,0
                81.8083259921972,29.2771729885521,0
                81.8079342237846,29.2776535633503,0
                81.8075162769938,29.2779154701553,0
                81.8074340909293,29.2784144852672,0
                81.8080323092188,29.2790807441949,0
                81.8080377330092,29.279775430001,0
                81.8080664684704,29.2803166297628,0
                81.8079699771057,29.2805562935296,0
                81.8081250016925,29.2814643989995,0
                81.8079548937323,29.2818331118545,0
                81.8076843027585,29.2819429731398,0
                81.8075023806865,29.2824425487466,0
                81.8050084679826,29.282674178501,0
                81.8022897157226,29.2826048335394,0
                81.801695173639,29.2825000845003,0
                81.8010520762676,29.2823528391942,0
                81.8003089020237,29.2837219510495,0
                81.7996456695468,29.2842898261454,0
                81.7988372013791,29.2852036669755,0
                81.7984946155676,29.2855733780257,0
                81.7981061515319,29.2864869746188,0
                81.7980034575405,29.2875928080059,0
                81.7979318363066,29.2878955285728,0
                81.7978142136798,29.2886540810439,0
                81.7972511524975,29.2893725058248,0
                81.796340828183,29.2899418147234,0
                81.7956996002907,29.2901193517156,0
                81.7919266586171,29.2911815736269,0
                81.7915728831776,29.291767889329,0
                81.7915480111274,29.2917905739489,0
                81.7910338835978,29.2923552643076,0
                81.7903705258977,29.2929232021292,0
                81.789682172952,29.2934256449039,0
                81.7887228561648,29.2939952655382,0
                81.7879342070915,29.2943247241235,0
                81.7873682178426,29.2945875031852,0
                81.7880288628096,29.295341442831,0
                81.7881550266942,29.2956880376176,0
                81.7881597022263,29.2962947935389,0
                81.7880388374091,29.2966428841682,0
                81.7877226795268,29.2973597506002,0
                81.7877256102978,29.2977274041284,0
                81.7876292425858,29.2980099386585,0
                81.7874346360754,29.2984667059097,0
                81.7870188692649,29.2990307724608,0
                81.7867378379171,29.2994655407396,0
                81.7864697408289,29.2999024330782,0
                81.7861751514097,29.300163592016,0
                81.7858566245867,29.3005759870097,0
                81.785760506834,29.3008810191758,0
                81.7857659933596,29.3015960779647,0
                81.7857251023377,29.3027218475568,0
                81.785422128029,29.3035694519505,0
                81.7856006532211,29.3042834503754,0
                81.7857045639922,29.3049098936989,0
                81.7844512180823,29.3058285401058,0
                81.7807213779961,29.3078218002779,0
                81.779270120913,29.308782127596,0
                81.7781385750752,29.309483421574,0
                81.7776236355227,29.3100504233141,0
                81.7771797554134,29.3102244007338,0
                81.7759226063098,29.3106670296341,0
                81.7750597800864,29.3109968611171,0
                81.7744440456345,29.311325259442,0
                81.7737311954836,29.3118481375801,0
                81.7732932471966,29.3123040885855,0
                81.7724937145393,29.3131929325018,0
                81.7721943106317,29.3135916407189,0
                81.772280210085,29.3150031358728,0
                81.7720858442609,29.3159335457023,0
                81.7718927878583,29.3170376906661,0
                81.7718729777341,29.3170603754012,0
                81.7728065948663,29.3173098659706,0
                81.7736239775846,29.3175983506395,0
                81.7742202626439,29.3180820641031,0
                81.7747419957231,29.3185008446974,0
                81.7750807485675,29.3192139082086,0
                81.775641348611,29.3198264219521,0
                81.7764216728368,29.3201467160663,0
                81.7769785949599,29.3202743366261,0
                81.7777591682856,29.3206261282203,0
                81.7785031832065,29.3210751593311,0
                81.7790645932259,29.3217869137289,0
                81.7793268630731,29.322175631175,0
                81.7799032785329,29.3224970471571,0
                81.780718729101,29.3225238685816,0
                81.7816832192434,29.3226806178,0
                81.7819121865132,29.3227514900762,0
                81.7823146909848,29.3228731714082,0
                81.7827984322847,29.3231928988512,0
                81.7832438069394,29.3232895215458,0
                81.7837242446039,29.3230904838799,0
                81.7843883471332,29.3227618366953,0
                81.7849435231977,29.3226615417789,0
                81.7856487977648,29.3229167781065,0
                81.7864673029109,29.3233337509526,0
                81.7873617923986,29.3240118879714,0
                81.7878829025629,29.3243336784665,0
                81.7891832162019,29.3248131523384,0
                81.7899646634875,29.3252619341866,0
                81.7901713834187,29.3253689895656,0
                81.7907089300335,29.3256477217281,0
                81.791156548832,29.3260330665373,0
                81.7915489861763,29.3265179651257,0
                81.7917380135946,29.3270040474351,0
                81.7917788748172,29.3274594431535,0
                81.7918187989098,29.327880966443,0
                81.7920446978433,29.3283014312085,0
                81.7925653711055,29.3285577266152,0
                81.793751643979,29.3286815453178,0
                81.7953444285713,29.3286067002624,0
                81.7961598152465,29.3286987652552,0
                81.7967915369613,29.3289228162444,0
                81.7977939584461,29.3291446226135,0
                81.7984251815166,29.3293032420462,0
                81.7992791846,29.3295575429412,0
                81.800169997425,29.3297461628481,0
                81.8010421914695,29.3296935557592,0
                81.8013920186567,29.3296734372004,0
                81.8026882183692,29.3296024631325,0
                81.8043373044368,29.3296557315925,0
                81.8054161455943,29.330267252649,0
                81.8060872324446,29.33075040521,0
                81.8068312473145,29.3311676896424,0
                81.8076117594254,29.3314878580914,0
                81.8086525486245,29.3318379027419,0
                81.8091747815625,29.3322903683125,0
                81.8096578978607,29.3325129793328,0
                81.8102897454179,29.3327369683526,0
                81.8112174890142,29.3329591476752,0
                81.8118853341052,29.3330204647661,0
                81.8127340325691,29.332925110775,0
              </coordinates>
            </LinearRing>
          </outerBoundaryIs>
        </Polygon>
      </Placemark>
      <Placemark id="KA_KALIKOT_Palata.8">
        <ExtendedData>
          <SchemaData schemaUrl="#KA_KALIKOT_Palata.schema">
            <SimpleData name="ogc_fid">833</SimpleData>
            <SimpleData name="objectid_1">834</SimpleData>
            <SimpleData name="dcode">64</SimpleData>
            <SimpleData name="district">KALIKOT</SimpleData>
            <SimpleData name="das">0</SimpleData>
            <SimpleData name="gapa_napa">Palata</SimpleData>
            <SimpleData name="type_gn">Gaunpalika</SimpleData>
            <SimpleData name="gn_code">6.000000000000000</SimpleData>
            <SimpleData name="new_ward_n">9</SimpleData>
            <SimpleData name="ddgnww">640609.000000000000000</SimpleData>
            <SimpleData name="center">Thirpu</SimpleData>
            <SimpleData name="state_code">6</SimpleData>
            <SimpleData name="ddgn">64006</SimpleData>
            <SimpleData name="area_sqkm">8.612484755880002</SimpleData>
            <SimpleData name="shape_leng">17238.649734300001001</SimpleData>
            <SimpleData name="shape_area">8612484.755880000069737</SimpleData>
            <SimpleData name="Province">KA</SimpleData>
            <SimpleData name="Address">Palata-9, KALIKOT, KA</SimpleData>
          </SchemaData>
        </ExtendedData>
        <Polygon>
          <outerBoundaryIs>
            <LinearRing>
              <coordinates>
                81.7732932471966,29.3123040885855,0
                81.7727860748168,29.311864935377,0
                81.7718756452724,29.3114280881302,0
                81.7707132506068,29.3109498030464,0
                81.7696509677248,29.3104258991857,0
                81.768941199085,29.3098999377516,0
                81.767676198097,29.3092011721667,0
                81.7667145903507,29.308631524243,0
                81.7663059105551,29.30783984187,0
                81.7661504423972,29.3072655811035,0
                81.7659923568462,29.306339477393,0
                81.7652552225587,29.30550460657,0
                81.7648237218747,29.3053536772575,0
                81.7653288422353,29.3052831289413,0
                81.7657309156713,29.3051049014111,0
                81.7659808242679,29.3047944338156,0
                81.7662785451153,29.3041746827674,0
                81.7666783105122,29.3037731007489,0
                81.767581758673,29.3032829722886,0
                81.7680563917801,29.3027502161609,0
                81.7682528142925,29.3020859054653,0
                81.7682986955917,29.3014247184445,0
                81.7686980869322,29.3009803275093,0
                81.7694761755714,29.3005901250787,0
                81.770085155682,29.3005573242968,0
                81.7706265823257,29.3005248979443,0
                81.7714716560912,29.3004004211266,0
                81.7722164284218,29.3004548024283,0
                81.7731289948763,29.3002420226716,0
                81.7739047085954,29.2998811299016,0
                81.7741226835986,29.2996136574513,0
                81.7744927005141,29.2993746850355,0
                81.7748274775001,29.2988088683247,0
                81.774824110987,29.2983645968623,0
                81.7747846296019,29.2976519751469,0
                81.7747465205088,29.2971175868034,0
                81.7749460019506,29.2966134487766,0
                81.7751454847699,29.2961070618467,0
                81.7756151169218,29.2955990532646,0
                81.7761531152459,29.2951222304425,0
                81.7770630000331,29.2946410384328,0
                81.7776674284497,29.2940149803212,0
                81.7781537482964,29.2934188552799,0
                81.779162066258,29.2924340859767,0
                81.7798661103404,29.2916292339149,0
                81.780470976044,29.2910617956662,0
                81.7808714364486,29.2902586887728,0
                81.7811715921875,29.2897223672667,0
                81.7815399901953,29.289187860578,0
                81.7821114211045,29.2887086009473,0
                81.7827512790899,29.2882605265273,0
                81.7836428570889,29.2876011628773,0
                81.7842149750978,29.2871240911566,0
                81.7849530771219,29.2863190515688,0
                81.7860603856712,29.285096743053,0
                81.7867656778509,29.2843798206528,0
                81.7873691724524,29.2836342106664,0
                81.787703324014,29.2830975784532,0
                81.7880041051628,29.2825635069297,0
                81.7880331059657,29.2823174057407,0
                81.7874977547247,29.2816236502496,0
                81.7869002865577,29.2809595159476,0
                81.786428677326,29.2801840814228,0
                81.7860866707914,29.2797033705938,0
                81.785746659183,29.279482073806,0
                81.7851944268715,29.2791899056672,0
                81.7848544151312,29.2789685462891,0
                81.7846385804729,29.2784149075585,0
                81.7842980068124,29.2781191798315,0
                81.7839988060324,29.2776765298735,0
                81.7835298176445,29.2771605707576,0
                81.7828921619886,29.2767920339372,0
                81.7822958772246,29.2762768231699,0
                81.7823358155519,29.2759427296506,0
                81.7823310783218,29.2753134129011,0
                81.7819968278745,29.2744244285439,0
                81.781778561615,29.2735460074724,0
                81.7813476399174,29.2725289706892,0
                81.7806586747598,29.2723457900916,0
                81.7807081778991,29.27183571349,0
                81.7809647867845,29.2708146876978,0
                81.7807465206045,29.2699362660383,0
                81.7803170316476,29.269104212746,0
                81.7798340531656,29.268179978581,0
                81.7792449647882,29.2671638779793,0
                81.7785079327949,29.2675854523738,0
                81.777714603894,29.2675426949989,0
                81.776445091298,29.2674576225288,0
                81.7747540712641,29.2675125308877,0
                81.7747043278956,29.2675647128077,0
                81.7746954955518,29.2686947949116,0
                81.7748649341628,29.2706967984783,0
                81.7756099899568,29.2723526549596,0
                81.7756010385818,29.2731286449184,0
                81.7745595201413,29.2750631998681,0
                81.774834509168,29.2769789010481,0
                81.7746605114884,29.2781347907719,0
                81.7743703446729,29.2791425050721,0
                81.7737375415065,29.2799378593903,0
                81.7730058764593,29.2807360868169,0
                81.7723943907554,29.2811050438717,0
                81.771757906591,29.2815755536827,0
                81.7713345256422,29.2816389790002,0
                81.7710035655817,29.2819318843582,0
                81.7706012949359,29.2825838808549,0
                81.7704549348643,29.2828801637657,0
                81.7701995847137,29.2833981739776,0
                81.7700572785523,29.2841456022694,0
                81.7697658679475,29.2848284718035,0
                81.7693645328438,29.2856112055926,0
                81.7689242072206,29.2861641483167,0
                81.7686840516537,29.2862196399426,0
                81.7684804534841,29.2862659452233,0
                81.7679244078065,29.2861383238995,0
                81.7673676736,29.286010640089,0
                81.7667733213861,29.2857546553436,0
                81.7662171489781,29.2856924656135,0
                81.7657001533346,29.2858916896253,0
                81.7649986182785,29.2861866523829,0
                81.7640912440547,29.2861287067294,0
                81.7630143974892,29.2857762249602,0
                81.7621613300739,29.2855871052595,0
                81.7610854816148,29.2853654222748,0
                81.7601241086795,29.2855648901957,0
                81.7590895562925,29.2858955319082,0
                81.7583155286856,29.2863871628192,0
                81.757613744657,29.2866505654576,0
                81.7571370470234,29.2873366824821,0
                81.7568098264411,29.2881506020103,0
                81.7566666460297,29.2887986648194,0
                81.7565646989512,29.2900669826223,0
                81.7563469053753,29.2906208653492,0
                81.7561269289151,29.2909785160344,0
                81.755647677132,29.2912406099054,0
                81.7548398466035,29.291434643051,0
                81.7545968773767,29.2915420041927,0
                81.7542019925242,29.2916457392089,0
                81.7539454640225,29.2916652333658,0
                81.7534169739141,29.2917043474457,0
                81.7519675384694,29.292127537404,0
                81.751435793891,29.2924192520197,0
                81.7513008719143,29.2925305523074,0
                81.7510342169702,29.2927530907039,0
                81.7507623127237,29.2929599421576,0
                81.750574898423,29.2931030513207,0
                81.750551963112,29.2931324862434,0
                81.7504987824443,29.29316210698,0
                81.7502308781051,29.2933846451251,0
                81.7497902467773,29.2935630600132,0
                81.7480862274996,29.293662838968,0
                81.7476303509258,29.2937781963897,0
                81.7480858961256,29.2946779316329,0
                81.7482473105441,29.294755927005,0
                81.7485824479807,29.2950134697079,0
                81.7490295673423,29.2953695681313,0
                81.749369877745,29.2963398579689,0
                81.7497300568255,29.2974746325708,0
                81.7497342333395,29.2980588275242,0
                81.7496304797034,29.2990023010924,0
                81.7495232970149,29.2995532479277,0
                81.7493413135081,29.3000098908512,0
                81.749086585978,29.3006271421919,0
                81.7485390152975,29.3017670275553,0
                81.7482842885051,29.3023864667732,0
                81.7482154716931,29.3030995866918,0
                81.7480859784305,29.3036845926027,0
                81.7480859075969,29.3041176769621,0
                81.748278630536,29.3041707377667,0
                81.7485052765644,29.3047221268161,0
                81.7492512240913,29.3054645059238,0
                81.7500717855569,29.3062065109038,0
                81.751559129457,29.3069785859694,0
                81.752712958192,29.3077187211763,0
                81.7532350653419,29.3082029954039,0
                81.7533854143602,29.3085246556404,0
                81.7533514117489,29.3088834964681,0
                81.7532084791164,29.309662484281,0
                81.7529731228435,29.3103788518132,0
                81.7528644437378,29.3107358795237,0
                81.7528713627835,29.3116786664647,0
                81.7528018606783,29.312294858178,0
                81.7527333564771,29.3130418503148,0
                81.7550849114952,29.3129315813965,0
                81.7561222696545,29.3129572816538,0
                81.756862982101,29.3128899233259,0
                81.7597490340572,29.3124179464752,0
                81.7606395319636,29.3126722482097,0
                81.7612343841684,29.3128966730159,0
                81.7623816664951,29.312824696521,0
                81.7634568301172,29.3129155787131,0
                81.7644601861611,29.3133000568896,0
                81.7656496999439,29.3138774573982,0
                81.7663582173068,29.314491410539,0
                81.7670262465013,29.3146815278088,0
                81.7678062598335,29.3149703244852,0
                81.7688292980988,29.3154832284523,0
                81.7700920535341,29.3159631396814,0
                81.7707639508621,29.3165750301665,0
                81.7716189513557,29.3169918785156,0
                81.7718729777341,29.3170603754012,0
                81.7718927878583,29.3170376906661,0
                81.7720858442609,29.3159335457023,0
                81.772280210085,29.3150031358728,0
                81.7721943106317,29.3135916407189,0
                81.7724937145393,29.3131929325018,0
                81.7732932471966,29.3123040885855,0
              </coordinates>
            </LinearRing>
          </outerBoundaryIs>
        </Polygon>
      </Placemark>
      <Placemark id="KA_KALIKOT_Palata.9">
        <ExtendedData>
          <SchemaData schemaUrl="#KA_KALIKOT_Palata.schema">
            <SimpleData name="ogc_fid">834</SimpleData>
            <SimpleData name="objectid_1">835</SimpleData>
            <SimpleData name="dcode">64</SimpleData>
            <SimpleData name="district">KALIKOT</SimpleData>
            <SimpleData name="das">0</SimpleData>
            <SimpleData name="gapa_napa">Palata</SimpleData>
            <SimpleData name="type_gn">Gaunpalika</SimpleData>
            <SimpleData name="gn_code">6.000000000000000</SimpleData>
            <SimpleData name="new_ward_n">8</SimpleData>
            <SimpleData name="ddgnww">640608.000000000000000</SimpleData>
            <SimpleData name="center">Thirpu</SimpleData>
            <SimpleData name="state_code">6</SimpleData>
            <SimpleData name="ddgn">64006</SimpleData>
            <SimpleData name="area_sqkm">27.018761722400001</SimpleData>
            <SimpleData name="shape_leng">33106.299771199999668</SimpleData>
            <SimpleData name="shape_area">27018761.722399998456240</SimpleData>
            <SimpleData name="Province">KA</SimpleData>
            <SimpleData name="Address">Palata-8, KALIKOT, KA</SimpleData>
          </SchemaData>
        </ExtendedData>
        <Polygon>
          <outerBoundaryIs>
            <LinearRing>
              <coordinates>
                81.8352345029378,29.2305102800638,0
                81.8349229836531,29.2304580930628,0
                81.8340963536427,29.2300798035845,0
                81.8329619020862,29.2290830679794,0
                81.832682633157,29.2288051516742,0
                81.8317840227858,29.2278678515912,0
                81.831208297512,29.2274293210016,0
                81.8297411957504,29.2268632904208,0
                81.8283453886473,29.2267681536464,0
                81.8280762382,29.2267112176107,0
                81.8273700219627,29.2267448920276,0
                81.8259822140063,29.2266045723872,0
                81.8256123272191,29.2265775702195,0
                81.8243820645313,29.226201650045,0
                81.8231564787961,29.2264009259014,0
                81.8221479906177,29.2264229723678,0
                81.8212051841346,29.2262956575094,0
                81.8207503737416,29.2261810995503,0
                81.8205140331666,29.2260495456414,0
                81.8202526335285,29.2259180545563,0
                81.819746955089,29.2257879964052,0
                81.8188357755917,29.22535152367,0
                81.8177370019175,29.2246071402467,0
                81.8174672282435,29.2244757111208,0
                81.8168584457998,29.2239921847646,0
                81.8165208705069,29.2238183210115,0
                81.8152884878973,29.2231604270136,0
                81.8150174043242,29.2229410057995,0
                81.8147642539005,29.2227959529629,0
                81.8134533889614,29.2218024648447,0
                81.8132164253184,29.2215963553557,0
                81.8123528095564,29.2207466721581,0
                81.8121815894503,29.2203937022376,0
                81.8112176085013,29.2196911910429,0
                81.810173069517,29.2193727054142,0
                81.8098010014155,29.2190501678523,0
                81.8085118171759,29.2182820332088,0
                81.8078612201112,29.2181889705651,0
                81.8078103445134,29.2185884951531,0
                81.8077660938181,29.218931649723,0
                81.8074504406405,29.2194184746363,0
                81.8067474463452,29.220927262139,0
                81.8063877218796,29.2221970765905,0
                81.8062901017587,29.2226104738039,0
                81.8059307512555,29.2239254090584,0
                81.8058651938166,29.2241761974129,0
                81.805241451276,29.224976176225,0
                81.8049078031747,29.2253030157087,0
                81.8047403239431,29.2254235649211,0
                81.803869309703,29.2258415759216,0
                81.8034685463834,29.2261372931128,0
                81.8032179529694,29.2263168975738,0
                81.8020469727038,29.227104370264,0
                81.801762445661,29.2273135968736,0
                81.8003687379948,29.2285445240633,0
                81.7992512440213,29.2296880273864,0
                81.7992020590008,29.2298935695502,0
                81.7986083626938,29.2313429890912,0
                81.7981249620936,29.2329248348017,0
                81.7977100054833,29.233633325092,0
                81.7968611630231,29.2347752067171,0
                81.7968886328136,29.2361600163866,0
                81.796740084449,29.2364856709633,0
                81.7964512983825,29.2372249734618,0
                81.796001225317,29.2377149214469,0
                81.7959199810598,29.2380243914644,0
                81.7953187395978,29.2385873923584,0
                81.7946350692966,29.2393155028467,0
                81.7935842557694,29.240368327169,0
                81.792609243572,29.2414952082558,0
                81.7923585853966,29.2417605549585,0
                81.7921426719456,29.2420280272923,0
                81.7907407125529,29.243407753147,0
                81.7898534494832,29.2439137564315,0
                81.7894844357153,29.2440061176634,0
                81.7892079707216,29.2441701601812,0
                81.7886706660922,29.2442906414386,0
                81.7874820046699,29.2449021304905,0
                81.7861074939946,29.2455146781254,0
                81.7858230917185,29.2456630981045,0
                81.7846336187066,29.2462610250915,0
                81.7843836478757,29.2465286217286,0
                81.7841670477037,29.246793781159,0
                81.7834175691565,29.2477568057291,0
                81.7829145728113,29.2479064098812,0
                81.7824522606591,29.2479090905235,0
                81.7808036751849,29.2478307621703,0
                81.7796242786645,29.2475579577891,0
                81.778746969311,29.2471051750736,0
                81.7772621839136,29.246495773185,0
                81.7769927842204,29.2464094017527,0
                81.7753613281813,29.2459586706244,0
                81.7752514684349,29.2459616060375,0
                81.7741029445059,29.245609622154,0
                81.7730629650535,29.2454013142081,0
                81.772496106087,29.2453549977148,0
                81.7721765210738,29.2455237274431,0
                81.7717070787385,29.2458580028786,0
                81.7715964056458,29.2459308689315,0
                81.7714031792977,29.246058292153,0
                81.771312377666,29.2461241592365,0
                81.7715371576899,29.2462627751958,0
                81.7720234525952,29.2469749654212,0
                81.7723765196635,29.247491735362,0
                81.7729766087806,29.2483724740906,0
                81.7734247670641,29.2499962045073,0
                81.7735207444322,29.2505303438337,0
                81.7736390994577,29.250707766299,0
                81.7737142579368,29.2517201106355,0
                81.7736474785668,29.2537889173554,0
                81.7741679957646,29.2557889259807,0
                81.7742711522274,29.2566747827143,0
                81.7743516278612,29.2573735313118,0
                81.7742105779157,29.2577736793351,0
                81.7741900472714,29.259566950056,0
                81.7741524771246,29.2602145141559,0
                81.7734154694566,29.2626909607802,0
                81.7732922171062,29.2637472975924,0
                81.7733958766175,29.2644459842343,0
                81.7747092133742,29.2669353334445,0
                81.7747043278956,29.2675647128077,0
                81.7747540712641,29.2675125308877,0
                81.776445091298,29.2674576225288,0
                81.777714603894,29.2675426949989,0
                81.7785079327949,29.2675854523738,0
                81.7792449647882,29.2671638779793,0
                81.7798340531656,29.268179978581,0
                81.7803170316476,29.269104212746,0
                81.7807465206045,29.2699362660383,0
                81.7809647867845,29.2708146876978,0
                81.7807081778991,29.27183571349,0
                81.7806586747598,29.2723457900916,0
                81.7813476399174,29.2725289706892,0
                81.781778561615,29.2735460074724,0
                81.7819968278745,29.2744244285439,0
                81.7823310783218,29.2753134129011,0
                81.7823358155519,29.2759427296506,0
                81.7822958772246,29.2762768231699,0
                81.7828921619886,29.2767920339372,0
                81.7835298176445,29.2771605707576,0
                81.7839988060324,29.2776765298735,0
                81.7842980068124,29.2781191798315,0
                81.7846385804729,29.2784149075585,0
                81.7848544151312,29.2789685462891,0
                81.7851944268715,29.2791899056672,0
                81.785746659183,29.279482073806,0
                81.7860866707914,29.2797033705938,0
                81.786428677326,29.2801840814228,0
                81.7869002865577,29.2809595159476,0
                81.7874977547247,29.2816236502496,0
                81.7880331059657,29.2823174057407,0
                81.7880041051628,29.2825635069297,0
                81.787703324014,29.2830975784532,0
                81.7873691724524,29.2836342106664,0
                81.7867656778509,29.2843798206528,0
                81.7860603856712,29.285096743053,0
                81.7849530771219,29.2863190515688,0
                81.7842149750978,29.2871240911566,0
                81.7836428570889,29.2876011628773,0
                81.7827512790899,29.2882605265273,0
                81.7821114211045,29.2887086009473,0
                81.7815399901953,29.289187860578,0
                81.7811715921875,29.2897223672667,0
                81.7808714364486,29.2902586887728,0
                81.780470976044,29.2910617956662,0
                81.7798661103404,29.2916292339149,0
                81.779162066258,29.2924340859767,0
                81.7781537482964,29.2934188552799,0
                81.7776674284497,29.2940149803212,0
                81.7770630000331,29.2946410384328,0
                81.7761531152459,29.2951222304425,0
                81.7756151169218,29.2955990532646,0
                81.7751454847699,29.2961070618467,0
                81.7749460019506,29.2966134487766,0
                81.7747465205088,29.2971175868034,0
                81.7747846296019,29.2976519751469,0
                81.774824110987,29.2983645968623,0
                81.7748274775001,29.2988088683247,0
                81.7744927005141,29.2993746850355,0
                81.7741226835986,29.2996136574513,0
                81.7739047085954,29.2998811299016,0
                81.7731289948763,29.3002420226716,0
                81.7722164284218,29.3004548024283,0
                81.7714716560912,29.3004004211266,0
                81.7706265823257,29.3005248979443,0
                81.770085155682,29.3005573242968,0
                81.7694761755714,29.3005901250787,0
                81.7686980869322,29.3009803275093,0
                81.7682986955917,29.3014247184445,0
                81.7682528142925,29.3020859054653,0
                81.7680563917801,29.3027502161609,0
                81.767581758673,29.3032829722886,0
                81.7666783105122,29.3037731007489,0
                81.7662785451153,29.3041746827674,0
                81.7659808242679,29.3047944338156,0
                81.7657309156713,29.3051049014111,0
                81.7653288422353,29.3052831289413,0
                81.7648237218747,29.3053536772575,0
                81.7652552225587,29.30550460657,0
                81.7659923568462,29.306339477393,0
                81.7661504423972,29.3072655811035,0
                81.7663059105551,29.30783984187,0
                81.7667145903507,29.308631524243,0
                81.767676198097,29.3092011721667,0
                81.768941199085,29.3098999377516,0
                81.7696509677248,29.3104258991857,0
                81.7707132506068,29.3109498030464,0
                81.7718756452724,29.3114280881302,0
                81.7727860748168,29.311864935377,0
                81.7732932471966,29.3123040885855,0
                81.7737311954836,29.3118481375801,0
                81.7744440456345,29.311325259442,0
                81.7750597800864,29.3109968611171,0
                81.7759226063098,29.3106670296341,0
                81.7771797554134,29.3102244007338,0
                81.7776236355227,29.3100504233141,0
                81.7781385750752,29.309483421574,0
                81.779270120913,29.308782127596,0
                81.7807213779961,29.3078218002779,0
                81.7844512180823,29.3058285401058,0
                81.7857045639922,29.3049098936989,0
                81.7856006532211,29.3042834503754,0
                81.785422128029,29.3035694519505,0
                81.7857251023377,29.3027218475568,0
                81.7857659933596,29.3015960779647,0
                81.785760506834,29.3008810191758,0
                81.7858566245867,29.3005759870097,0
                81.7861751514097,29.300163592016,0
                81.7864697408289,29.2999024330782,0
                81.7867378379171,29.2994655407396,0
                81.7870188692649,29.2990307724608,0
                81.7874346360754,29.2984667059097,0
                81.7876292425858,29.2980099386585,0
                81.7877256102978,29.2977274041284,0
                81.7877226795268,29.2973597506002,0
                81.7880388374091,29.2966428841682,0
                81.7881597022263,29.2962947935389,0
                81.7881550266942,29.2956880376176,0
                81.7880288628096,29.295341442831,0
                81.7873682178426,29.2945875031852,0
                81.7879342070915,29.2943247241235,0
                81.7887228561648,29.2939952655382,0
                81.789682172952,29.2934256449039,0
                81.7903705258977,29.2929232021292,0
                81.7910338835978,29.2923552643076,0
                81.7915480111274,29.2917905739489,0
                81.7915728831776,29.291767889329,0
                81.7919266586171,29.2911815736269,0
                81.7956996002907,29.2901193517156,0
                81.796340828183,29.2899418147234,0
                81.7972511524975,29.2893725058248,0
                81.7978142136798,29.2886540810439,0
                81.7979318363066,29.2878955285728,0
                81.7980034575405,29.2875928080059,0
                81.7981061515319,29.2864869746188,0
                81.7984946155676,29.2855733780257,0
                81.7988372013791,29.2852036669755,0
                81.7996456695468,29.2842898261454,0
                81.8003089020237,29.2837219510495,0
                81.8010520762676,29.2823528391942,0
                81.801695173639,29.2825000845003,0
                81.8022897157226,29.2826048335394,0
                81.8050084679826,29.282674178501,0
                81.8075023806865,29.2824425487466,0
                81.8076843027585,29.2819429731398,0
                81.8079548937323,29.2818331118545,0
                81.8081250016925,29.2814643989995,0
                81.8079699771057,29.2805562935296,0
                81.8080664684704,29.2803166297628,0
                81.8080377330092,29.279775430001,0
                81.8080323092188,29.2790807441949,0
                81.8074340909293,29.2784144852672,0
                81.8075162769938,29.2779154701553,0
                81.8079342237846,29.2776535633503,0
                81.8083259921972,29.2771729885521,0
                81.8083483710007,29.2768277709178,0
                81.8077931602558,29.2754213317682,0
                81.8077424823932,29.2752705322907,0
                81.807838414683,29.2748796323259,0
                81.8069262223731,29.2751017860178,0
                81.8051707139968,29.2749815843421,0
                81.803734603568,29.2746654064433,0
                81.8032761692028,29.2745169757995,0
                81.8026345064587,29.2745434014488,0
                81.8023129252625,29.2745453345668,0
                81.8017433808671,29.2744179629049,0
                81.8014962275006,29.2743990861859,0
                81.8006820847723,29.2745754332111,0
                81.8010964166615,29.2738579435511,0
                81.8016119180412,29.2734014304448,0
                81.8021761005818,29.2728341787667,0
                81.8023965756271,29.2725734565223,0
                81.802369957606,29.2723773494874,0
                81.8022929755723,29.271987572328,0
                81.8021635698504,29.2712305160165,0
                81.8020368449477,29.2708207395038,0
                81.8020353490049,29.2706245072847,0
                81.8021671528063,29.2701251810288,0
                81.8026582818692,29.2696891040107,0
                81.8034195015276,29.269077858921,0
                81.8050153079752,29.2677915638986,0
                81.8050881125333,29.2676377666887,0
                81.8057716028249,29.2665509405123,0
                81.8066202461789,29.2660270019561,0
                81.8073593366123,29.2658037832081,0
                81.8081246087896,29.2657134274509,0
                81.8091549242674,29.2647530317745,0
                81.8095242513015,29.2645996761387,0
                81.8101601802176,29.2637725748343,0
                81.8106933190003,29.2624700788965,0
                81.8118510113726,29.2604487829471,0
                81.8118958908486,29.2598620260132,0
                81.8118359241842,29.258540648468,0
                81.8120432772352,29.2581716851975,0
                81.8124108595234,29.2578017875173,0
                81.812656642382,29.2575837489158,0
                81.8142833028942,29.2571408132766,0
                81.8149987095812,29.2569401551037,0
                81.8153164856509,29.2565480085206,0
                81.8154137890832,29.2563309056696,0
                81.8158317990312,29.2560914958971,0
                81.8160267777351,29.2557857775268,0
                81.8161480166544,29.2555031180643,0
                81.816516971128,29.2552414603098,0
                81.8167864392264,29.2550007366657,0
                81.8172305054395,29.254889753023,0
                81.8173789208035,29.2549543118465,0
                81.8179958396294,29.2548196457546,0
                81.8184395938926,29.2546658534234,0
                81.8191181277446,29.25459624463,0
                81.8198344053988,29.254591818109,0
                81.8205992410111,29.2544585914255,0
                81.8208689588271,29.2541749968901,0
                81.8211393630254,29.2539770814608,0
                81.8215330004328,29.2538235392106,0
                81.8221001753309,29.2536689366551,0
                81.8225176237766,29.2533618464337,0
                81.8227635309098,29.2532317368779,0
                81.8259123541837,29.2530612356329,0
                81.8275909407674,29.252854591178,0
                81.828676420871,29.2526967467194,0
                81.8298843873611,29.2523418592041,0
                81.8317911459953,29.251333043431,0
                81.8327494010051,29.2507203015282,0
                81.8333398268637,29.2504144014119,0
                81.8344074975737,29.2502026241065,0
                81.8368622286925,29.2499918037829,0
                81.8369079769152,29.2497176422387,0
                81.8367821290766,29.2491861278792,0
                81.8368997473929,29.2487049860859,0
                81.8372625767045,29.2484883867918,0
                81.8374443036614,29.2483812747259,0
                81.8375627945812,29.2480059985162,0
                81.8375584305408,29.2474737984505,0
                81.8371895529867,29.2469415296313,0
                81.8368208615068,29.2465175017249,0
                81.8366954506017,29.2460378569999,0
                81.8361444096705,29.2455608306047,0
                81.835593117544,29.2451379868672,0
                81.8347997321192,29.2448226295508,0
                81.8340071562798,29.2446155754609,0
                81.8334569882901,29.2442445392775,0
                81.8325420569275,29.2439299308234,0
                81.8319295252326,29.2434014082143,0
                81.8313787324142,29.2430304349458,0
                81.8311915822924,29.2423909916609,0
                81.8313087642653,29.2418579176688,0
                81.8316094812364,29.2414297747564,0
                81.8316629893983,29.2405745428334,0
                81.8316522030541,29.2392415417751,0
                81.8316460929923,29.2384950478339,0
                81.831336461325,29.2378021709923,0
                81.831151929348,29.237483009827,0
                81.8312101767775,29.2372165355823,0
                81.8314517111178,29.2369488143554,0
                81.831661938417,29.2366272222052,0
                81.8317804290559,29.2362520716922,0
                81.832144505765,29.2361978938665,0
                81.832443166548,29.235449405259,0
                81.8326208397296,29.2349137705925,0
                81.8332832022961,29.2340569846221,0
                81.8340669868303,29.2331971381324,0
                81.8344869419714,29.2325021468724,0
                81.834785788632,29.2318596477507,0
                81.8350833880645,29.231057039361,0
                81.8352345029378,29.2305102800638,0
              </coordinates>
            </LinearRing>
          </outerBoundaryIs>
        </Polygon>
      </Placemark>
    </Document>
  </Document>
</kml>
