<?xml version="1.0" encoding="UTF-8"?>
<kml xmlns="http://www.opengis.net/kml/2.2">
  <Document id="root_doc">
    <Schema id="GA_SYANGJA_Phedikhola.schema">
      <SimpleField name="ogc_fid" type="int"/>
      <SimpleField name="objectid_1" type="float"/>
      <SimpleField name="dcode" type="int"/>
      <SimpleField name="district" type="string"/>
      <SimpleField name="dan" type="string"/>
      <SimpleField name="das" type="int"/>
      <SimpleField name="gapa_napa" type="string"/>
      <SimpleField name="type_gn" type="string"/>
      <SimpleField name="gn_code" type="float"/>
      <SimpleField name="new_ward_n" type="float"/>
      <SimpleField name="ddgnww" type="float"/>
      <SimpleField name="center" type="string"/>
      <SimpleField name="state_code" type="int"/>
      <SimpleField name="ddgn" type="float"/>
      <SimpleField name="area_sqkm" type="float"/>
      <SimpleField name="shape_leng" type="float"/>
      <SimpleField name="shape_area" type="float"/>
      <SimpleField name="Province" type="string"/>
      <SimpleField name="Address" type="string"/>
    </Schema>
    <Document id="GA_SYANGJA_Phedikhola">
      <name>GA_SYANGJA_Phedikhola</name>
      <Placemark id="GA_SYANGJA_Phedikhola.1">
        <ExtendedData>
          <SchemaData schemaUrl="#GA_SYANGJA_Phedikhola.schema">
            <SimpleData name="ogc_fid">2980</SimpleData>
            <SimpleData name="objectid_1">2981</SimpleData>
            <SimpleData name="dcode">39</SimpleData>
            <SimpleData name="district">SYANGJA</SimpleData>
            <SimpleData name="das">0</SimpleData>
            <SimpleData name="gapa_napa">Phedikhola</SimpleData>
            <SimpleData name="type_gn">Gaunpalika</SimpleData>
            <SimpleData name="gn_code">9.000000000000000</SimpleData>
            <SimpleData name="new_ward_n">4</SimpleData>
            <SimpleData name="ddgnww">390904.000000000000000</SimpleData>
            <SimpleData name="center">Phedikhola</SimpleData>
            <SimpleData name="state_code">4</SimpleData>
            <SimpleData name="ddgn">39009</SimpleData>
            <SimpleData name="area_sqkm">19.125232295499998</SimpleData>
            <SimpleData name="shape_leng">32213.366991899998538</SimpleData>
            <SimpleData name="shape_area">19125232.295499999076128</SimpleData>
            <SimpleData name="Province">GA</SimpleData>
            <SimpleData name="Address">Phedikhola-4, SYANGJA, GA</SimpleData>
          </SchemaData>
        </ExtendedData>
        <Polygon>
          <outerBoundaryIs>
            <LinearRing>
              <coordinates>
                83.8603202548271,28.1955380280228,0
                83.8604482363611,28.1955765265951,0
                83.8609570360955,28.1959447515366,0
                83.8612971123716,28.1961188040389,0
                83.8614022822986,28.1962542933219,0
                83.8616144385428,28.1964079078935,0
                83.8617831623619,28.196602142107,0
                83.862460122143,28.1971803505078,0
                83.8625017399838,28.1972774052277,0
                83.8626928990159,28.1973926479492,0
                83.8628854981235,28.1973950880965,0
                83.8634009942662,28.1972647952653,0
                83.8638529378107,28.1970779447116,0
                83.8641747701092,28.1970422030692,0
                83.8644312980518,28.1970447694409,0
                83.8646232092829,28.1971035799134,0
                83.86500590408,28.1972979431076,0
                83.8651981269351,28.1973387548721,0
                83.8658412296618,28.1972852702888,0
                83.8661638759246,28.1971750348852,0
                83.8671333811979,28.1966864071901,0
                83.8675205195026,28.1965559254161,0
                83.8681000692321,28.1964459446723,0
                83.8685495090565,28.1964485762846,0
                83.8689758863161,28.1965866338915,0
                83.8692289726788,28.1968576125754,0
                83.869419443488,28.1970315379915,0
                83.8698653785762,28.1972823349351,0
                83.8702470720476,28.197553441156,0
                83.870502911024,28.1976326882334,0
                83.8709526637507,28.1976173212709,0
                83.8716615099213,28.1974329745722,0
                83.8722423735947,28.197225877074,0
                83.8725009670561,28.1970953306545,0
                83.8726942547559,28.1970390892783,0
                83.8728199251664,28.1970414658118,0
                83.8728324236305,28.1970414656931,0
                83.8730313972027,28.1970393446879,0
                83.8738150468677,28.1968077531069,0
                83.8740255833017,28.1966883921191,0
                83.8742884273764,28.1964652913172,0
                83.8742970518968,28.1964427310794,0
                83.8747457566426,28.1957279281213,0
                83.8748692438231,28.195500200819,0
                83.875307010537,28.1948711400577,0
                83.8755156163114,28.1944810535484,0
                83.8757665322437,28.1938563017541,0
                83.8759002183854,28.1930623136821,0
                83.8760156437812,28.1928683949974,0
                83.8761944363006,28.1926835398683,0
                83.8763329818902,28.1926069244759,0
                83.8767281825037,28.1924403831324,0
                83.8773318545854,28.1923032801515,0
                83.8782171749207,28.1922228638493,0
                83.8785058237373,28.192247929274,0
                83.8786114965913,28.1922706164666,0
                83.8790286892868,28.1923341167579,0
                83.8791645448576,28.1923793649785,0
                83.8794448163861,28.1925352926157,0
                83.8799544943301,28.1927365330364,0
                83.8802439574305,28.1926668557474,0
                83.8808510072535,28.1923357078589,0
                83.880990426815,28.1922952140065,0
                83.8817403894352,28.1922913517822,0
                83.8820369087169,28.1924315306836,0
                83.8824740974068,28.1925875240918,0
                83.882609577725,28.192671142954,0
                83.8828214843656,28.192770575576,0
                83.8829930243345,28.1927752651873,0
                83.8836873131933,28.1924171214441,0
                83.8837733018873,28.1924081854408,0
                83.8839851469588,28.192507618019,0
                83.8841114410242,28.192595737096,0
                83.8841848667552,28.1926566696024,0
                83.8842691665757,28.192724540184,0
                83.8844945689052,28.1929728333994,0
                83.8845677453691,28.1930405788962,0
                83.8850034309644,28.1933590568804,0
                83.8851189132987,28.1934674238693,0
                83.8853842507005,28.1935669190114,0
                83.8855849712398,28.1936866608916,0
                83.8857975039173,28.1937545329682,0
                83.8861816381716,28.1938180335153,0
                83.8864155435397,28.1938926554932,0
                83.88656539805,28.193895033149,0
                83.8869072889746,28.1939404090789,0
                83.8870355840746,28.1939427864545,0
                83.8872386192238,28.1939452262029,0
                83.8876053195034,28.1939612933907,0
                83.8878057922731,28.1939975436487,0
                83.8879882053632,28.1939909843167,0
                83.8881591199354,28.1940046110103,0
                83.8882979754551,28.1940250491062,0
                83.8884894495077,28.1940748600795,0
                83.8887221049955,28.1941201722256,0
                83.8888074052801,28.1941405464027,0
                83.8895620479166,28.1944705283112,0
                83.8899715515429,28.1946310201051,0
                83.8905326643391,28.1946428407191,0
                83.8907604484152,28.1945414162877,0
                83.8909159300333,28.1943949319909,0
                83.8911545268231,28.1942168894903,0
                83.8918438849694,28.1935969564021,0
                83.8919325624402,28.1934842803156,0
                83.8923333336793,28.1928619064687,0
                83.8925751813382,28.1926184317988,0
                83.8927280384904,28.1924876962976,0
                83.8930325640782,28.1923029058453,0
                83.8931124910425,28.1922871584602,0
                83.8932477858139,28.1922692242933,0
                83.8933334000258,28.1922692883264,0
                83.8936778553152,28.1921995505425,0
                83.8942710289865,28.1920444485398,0
                83.894874390014,28.1918192909676,0
                83.8957136626457,28.1913145375375,0
                83.8959085135085,28.1912312364388,0
                83.8960107507449,28.191201990301,0
                83.8960556197771,28.1911817429725,0
                83.8964010754164,28.1910736959677,0
                83.8976288653085,28.1902760371756,0
                83.8979721980468,28.1900776856648,0
                83.898049002011,28.1900123178755,0
                83.898303662252,28.1896717283329,0
                83.8984125872421,28.1895433037141,0
                83.8985015153703,28.1894283159354,0
                83.8984188409163,28.1893312604773,0
                83.8983765344561,28.189310887202,0
                83.8981879380747,28.1891347750849,0
                83.8978751127427,28.1887848641186,0
                83.8974384916839,28.1883468971959,0
                83.8973523181445,28.1882542793629,0
                83.8972893275871,28.1882000957009,0
                83.8964251513331,28.1872067345124,0
                83.8960496466849,28.186834200053,0
                83.8957430678136,28.1865835301109,0
                83.8953324405957,28.1862899249309,0
                83.8950907902568,28.1860935018382,0
                83.894966122311,28.1859377011756,0
                83.8949074476679,28.1857075332143,0
                83.8949120756847,28.1855180506705,0
                83.8948924547685,28.1854413075047,0
                83.8948105315577,28.1852855701799,0
                83.8946848628278,28.1851681411032,0
                83.8943849072111,28.1849919650324,0
                83.8941949971601,28.1848744723937,0
                83.893990904103,28.1846193681481,0
                83.893750879149,28.1843665116631,0
                83.8937420074309,28.1842898308093,0
                83.8937893175688,28.1841003488994,0
                83.8938843079339,28.1839402404365,0
                83.8939934867346,28.1836447688274,0
                83.8939951132781,28.183570400038,0
                83.8939659312219,28.1834529104842,0
                83.8939141280075,28.1833762288637,0
                83.8936832877459,28.1831819927929,0
                83.893598675046,28.1831323091258,0
                83.8935133746197,28.1831096845249,0
                83.893386767177,28.1830328768193,0
                83.8933136542556,28.1829628825976,0
                83.8932726609954,28.1828861387628,0
                83.8932024220258,28.1827980825851,0
                83.8931598678029,28.1826739684363,0
                83.8931625568791,28.1825589166882,0
                83.8932091793546,28.1824078061335,0
                83.893253799804,28.1823311263289,0
                83.8935382660568,28.182089965023,0
                83.8936153826356,28.1820020370816,0
                83.8937154345278,28.1818622384153,0
                83.8937083141219,28.1817110642858,0
                83.8936673212423,28.1816320707733,0
                83.8935115334548,28.1814356491712,0
                83.8931357789373,28.1810293044793,0
                83.8931177220999,28.1808893797049,0
                83.8931637182931,28.1807631416893,0
                83.8931971525384,28.1807067102252,0
                83.893629726054,28.1803889332441,0
                83.893744464368,28.1802288247839,0
                83.8937579024048,28.1801160220812,0
                83.8937399073446,28.179971660119,0
                83.893694668448,28.1797234323161,0
                83.8936431153159,28.1796286270441,0
                83.8935486334386,28.1793239656323,0
                83.8934010371468,28.1789245625318,0
                83.8934101073142,28.1784665414562,0
                83.8933337501558,28.17808295028,0
                83.8931846529674,28.1776970453152,0
                83.8930689858891,28.1774330047595,0
                83.8929055742124,28.1772794540602,0
                83.8927980272215,28.1772094587485,0
                83.8926709220999,28.1770581570901,0
                83.8926690483285,28.1770243483969,0
                83.8925481268738,28.177006160535,0
                83.8923509628167,28.1771730167236,0
                83.8918042796872,28.1774636066523,0
                83.8913055308789,28.1776368953387,0
                83.8904279565885,28.1778438005183,0
                83.8901385552199,28.1779653475399,0
                83.8887570929893,28.1790945981212,0
                83.8880051268518,28.1792947555056,0
                83.8875092550934,28.1793169325899,0
                83.8870103250449,28.1791721259652,0
                83.8868007307461,28.1790523831505,0
                83.886545400309,28.1784994290559,0
                83.8863126228015,28.1783548139753,0
                83.8860752165108,28.1783501225092,0
                83.884941482205,28.1789131788774,0
                83.884127210617,28.1791606433993,0
                83.8810591797793,28.1794061972856,0
                83.8805757455061,28.1793651306049,0
                83.879715988078,28.1791951949251,0
                83.8790919549122,28.1788065952345,0
                83.878773691227,28.1785311147596,0
                83.878300695842,28.1783073151143,0
                83.8772877821205,28.1776724821737,0
                83.875870233937,28.1771026356399,0
                83.8749642312256,28.1770566884494,0
                83.873855824206,28.176703702164,0
                83.8728314045543,28.1763982135741,0
                83.8728205935885,28.1763959636773,0
                83.8727566023854,28.1763800889664,0
                83.8720525122301,28.176221530239,0
                83.8717331204774,28.1761039106065,0
                83.8710929589358,28.1759656629854,0
                83.8702613249438,28.1757279834329,0
                83.8700051720429,28.1756871081373,0
                83.8696840272727,28.175704851705,0
                83.8692993301274,28.1756639113605,0
                83.8688499525044,28.1756589677106,0
                83.8678802609165,28.176129534388,0
                83.8676209789285,28.1763165132314,0
                83.8671698497613,28.1764469942586,0
                83.8669542506648,28.1765594807666,0
                83.866693530096,28.1768638864446,0
                83.8665872953679,28.1767870791928,0
                83.866143550102,28.1763805463252,0
                83.8658507250624,28.1758635884592,0
                83.8655771439095,28.1755159285536,0
                83.8655153430685,28.1753443807789,0
                83.8655190988582,28.1750578443626,0
                83.8656544657316,28.1745413301851,0
                83.8656156640628,28.1742547934871,0
                83.8653459631571,28.1736205344253,0
                83.8653484037851,28.1734468621671,0
                83.8654378352385,28.1731603900339,0
                83.8656128803557,28.1728762931653,0
                83.8657230579673,28.1726463159048,0
                83.8658313575795,28.1725335781753,0
                83.8660899510232,28.172400719486,0
                83.867035454344,28.172126383721,0
                83.8672964887509,28.1718017925645,0
                83.8672343126175,28.1716483056532,0
                83.8669799755769,28.1714720675739,0
                83.8665554124476,28.1712189585042,0
                83.8659379999601,28.1709814702343,0
                83.8657692140246,28.1708075462545,0
                83.8656860407501,28.170633748467,0
                83.8657105417563,28.170403706938,0
                83.8658422174673,28.1701556692644,0
                83.8660159469876,28.1699843746632,0
                83.8662102360413,28.1698537025434,0
                83.8663395327983,28.1697771483834,0
                83.8668549037635,28.1696490435183,0
                83.8673685230332,28.1696563011588,0
                83.8685226785135,28.169745374013,0
                83.8690373615927,28.1696555779127,0
                83.8694867388312,28.1696628338479,0
                83.8703246312229,28.1694222439177,0
                83.8709039322205,28.1692942023581,0
                83.8710549129027,28.1692176497288,0
                83.8711848353675,28.1691049117996,0
                83.8712519565738,28.1688748713751,0
                83.8711897796362,28.1687416947197,0
                83.871126164281,28.1686830113946,0
                83.8709556254787,28.1686445124112,0
                83.8707652171985,28.168468337895,0
                83.8705105040195,28.1683327212085,0
                83.8703001620673,28.1680618051569,0
                83.8701146350643,28.1675404740227,0
                83.8701177643431,28.1673103075274,0
                83.870164264264,28.1670238346073,0
                83.8702561939411,28.1667870443924,0
                83.8703196892591,28.1666246858257,0
                83.8703248824227,28.1662794671805,0
                83.8704404412087,28.1657088328173,0
                83.8706409247566,28.1651946324068,0
                83.8705870088997,28.1645064444383,0
                83.8706781919186,28.1641071694047,0
                83.8709223597462,28.1634824804158,0
                83.8710320356633,28.1633111224752,0
                83.8711428391806,28.1630269620687,0
                83.8713839403392,28.1626301268393,0
                83.8714956191645,28.1622895345304,0
                83.8719323236235,28.1616672855583,0
                83.8722876073445,28.1607561235835,0
                83.8723962821024,28.1606253878783,0
                83.8723337306462,28.160510271818,0
                83.8724241626561,28.1601674920677,0
                83.8724274471373,28.1584527723826,0
                83.8728023521527,28.157609355203,0
                83.872820849876,28.1575867327972,0
                83.8731426889136,28.1572058348875,0
                83.8733114236153,28.1568653053546,0
                83.873870675055,28.1561686906099,0
                83.874470926008,28.1552374713762,0
                83.8746741012301,28.1545337265296,0
                83.8751329381441,28.1533632146115,0
                83.8752248736062,28.152880510153,0
                83.875231761167,28.1521923852996,0
                83.8752913804155,28.1520932068979,0
                83.8751759591903,28.1520253995844,0
                83.8749406823891,28.1518604728636,0
                83.8745434297018,28.1514901250166,0
                83.8743807057741,28.1512869532064,0
                83.8742076056695,28.1512235818359,0
                83.8739945721823,28.1511918312473,0
                83.8739096468103,28.1511601450357,0
                83.8737407955751,28.1510720256663,0
                83.8735350763873,28.1509274097812,0
                83.8733672905061,28.1507400492136,0
                83.8728212429139,28.1505229353465,0
                83.872750378084,28.1504596903784,0
                83.8725802149828,28.1504166914391,0
                83.8724312971009,28.1504142516419,0
                83.8722033303889,28.1502741983516,0
                83.8716292874993,28.150036773001,0
                83.8714371260825,28.1500140218173,0
                83.870794271918,28.1501194398201,0
                83.8706021105536,28.1501169996664,0
                83.8703470841883,28.149999443627,0
                83.870156987667,28.1498435794603,0
                83.8700528189085,28.1496517204585,0
                83.8700401446701,28.1490403380278,0
                83.8699601011393,28.1486589335731,0
                83.8698769898635,28.1485054464474,0
                83.8696869571313,28.1483315842259,0
                83.8696020309923,28.1482908366076,0
                83.8694972358132,28.1481373484622,0
                83.869335082246,28.1475257764695,0
                83.86922991145,28.1474083485044,0
                83.8690384387772,28.1473292270667,0
                83.8685063257365,28.1471707961076,0
                83.8679941461117,28.1471048557188,0
                83.8676112617098,28.1469849233418,0
                83.8674637850214,28.1468313725258,0
                83.8674441653634,28.1466982593043,0
                83.8675329700404,28.1464705313115,0
                83.8678794925465,28.1461707517665,0
                83.8679231751375,28.1460940716905,0
                83.867904305893,28.1459406479334,0
                83.8677558283576,28.1458434667152,0
                83.8673928141063,28.1458205881951,0
                83.8666214150057,28.1459416270784,0
                83.8659160728595,28.1459319296326,0
                83.8655974310664,28.1457736888637,0
                83.8652169872788,28.1454822715628,0
                83.8648337289406,28.1453623391726,0
                83.8645769501789,28.1453778955732,0
                83.8643858531906,28.1452987129503,0
                83.86417588627,28.1450300459203,0
                83.8640319132997,28.1446282676595,0
                83.8638421929922,28.1444520927414,0
                83.8634597471429,28.144296101054,0
                83.8631658565553,28.1439100066833,0
                83.8629530737054,28.143848883578,0
                83.8624402679606,28.1438235029342,0
                83.8621851791928,28.1437240075511,0
                83.8620384526902,28.1435117746797,0
                83.8620185824427,28.1434170332175,0
                83.8621746964257,28.1429614514061,0
                83.862157954671,28.1426568541691,0
                83.8619493649576,28.1422911343546,0
                83.8619986170363,28.1418332385019,0
                83.8618547067186,28.1414517709854,0
                83.8618791459477,28.1412216677369,0
                83.8620974971079,28.1409218229807,0
                83.8621828687479,28.1405631690523,0
                83.8621666828877,28.1405586694296,0
                83.8617383639995,28.1406304064951,0
                83.8611391938927,28.1406591437061,0
                83.8609669652302,28.1407515075726,0
                83.8605575778663,28.1409744187164,0
                83.8608744049517,28.1412274008311,0
                83.8609138955221,28.1414553180939,0
                83.8608010898903,28.1418545307517,0
                83.8604321313751,28.1422489884885,0
                83.860298704378,28.1425917678787,0
                83.8603077486723,28.1434491280895,0
                83.8603364126746,28.1444215400387,0
                83.8603937081285,28.1448795617359,0
                83.8605582394998,28.1453400226516,0
                83.8607252736487,28.1456266869066,0
                83.860807320515,28.1458569178518,0
                83.8610243285684,28.1471182438802,0
                83.8612126100895,28.1473869731008,0
                83.8614669479233,28.1475451500049,0
                83.8617220367517,28.1476423950935,0
                83.8620640530984,28.147647275486,0
                83.8623215200848,28.1475956592427,0
                83.8629192516882,28.1476616622191,0
                83.8632179602096,28.1477024759313,0
                83.863905185304,28.1474843816531,0
                83.8643359442034,28.1472614710964,0
                83.8646797129989,28.147153549331,0
                83.8649364919115,28.1471379918501,0
                83.8654051139845,28.1472580511291,0
                83.8657477565633,28.1472244968791,0
                83.8663043075465,28.1471754481194,0
                83.8663898593516,28.1471574510995,0
                83.8664750977992,28.147177825636,0
                83.8666655691139,28.147315628385,0
                83.8667706777403,28.1474488681668,0
                83.8667466143736,28.14762028925,0
                83.8665502598728,28.1479043860206,0
                83.8663993413262,28.1479967502784,0
                83.8661383699692,28.1482987808582,0
                83.8659179525121,28.1487520487383,0
                83.8658890087857,28.149266439469,0
                83.8656825788045,28.1502363478489,0
                83.8655305962314,28.1504053924922,0
                83.8650575309861,28.1505876812348,0
                83.864774937328,28.1509077727476,0
                83.8647277498486,28.1512122439507,0
                83.8648304802707,28.1515012192488,0
                83.8649971392031,28.1518081944264,0
                83.8652906543208,28.1522124124045,0
                83.8655198654916,28.1526164420976,0
                83.8657735150781,28.1528287397011,0
                83.8659622340006,28.1530793443038,0
                83.866342363719,28.1534090703935,0
                83.8668933463202,28.1537592980665,0
                83.867573624251,28.1540374711547,0
                83.867915703466,28.1540220402013,0
                83.8680882455484,28.1539116156487,0
                83.8683464633923,28.1538013165476,0
                83.8685180033944,28.1537653853575,0
                83.8690343755639,28.1535425387954,0
                83.8693768300677,28.1535293579478,0
                83.8699773776114,28.1534058161813,0
                83.870837269124,28.1530749852577,0
                83.8713538920281,28.1528340776731,0
                83.8716103575821,28.1528365815681,0
                83.872039740189,28.152710599686,0
                83.8722965191211,28.1526950428933,0
                83.8727224591792,28.15281503824,0
                83.8728210084127,28.1528489740833,0
                83.8728483791723,28.1528580365543,0
                83.8731672064957,28.1531155184753,0
                83.8735622063181,28.1535784200174,0
                83.8737421114531,28.1540071968022,0
                83.873497631127,28.1546590089932,0
                83.8731956029413,28.1549746001915,0
                83.8729045757587,28.1551299568181,0
                83.8728208991767,28.1551412039248,0
                83.8727297859442,28.1551546388136,0
                83.8726227973693,28.1552921249379,0
                83.8721889096851,28.1557250161873,0
                83.8721437876644,28.1558760637808,0
                83.8721414090566,28.1560474859984,0
                83.8722203900216,28.1565055710799,0
                83.8724046030272,28.1570810220578,0
                83.872356790658,28.1574216776144,0
                83.8720518230742,28.1578184489428,0
                83.8717048622713,28.1581565377209,0
                83.8715539438992,28.15824890208,0
                83.8712286679879,28.1585486823184,0
                83.8710979947084,28.1587200397434,0
                83.8705148773115,28.1591299928424,0
                83.870300029471,28.1592042952435,0
                83.8700431885652,28.1592176029067,0
                83.8695963138615,28.1590592354877,0
                83.8692123041981,28.1590160449046,0
                83.8690836955575,28.1590339790299,0
                83.8689558385397,28.1589932306312,0
                83.8686347557168,28.159026785458,0
                83.8681857539039,28.1590195289894,0
                83.867737814989,28.1589379036035,0
                83.8674174213319,28.1589127758288,0
                83.8669680429287,28.1589462034251,0
                83.8661983337728,28.1589341299559,0
                83.8655592984229,28.1587733216961,0
                83.8651134241562,28.1585563342324,0
                83.8647301031499,28.1584364016046,0
                83.8643461558917,28.1583729015194,0
                83.8640910669371,28.158275531447,0
                83.8637064321077,28.1582322787926,0
                83.8633207327725,28.1582657695024,0
                83.862741432848,28.1583735005387,0
                83.862160756936,28.1585759733511,0
                83.861772304771,28.158801133864,0
                83.8610613306043,28.159118531842,0
                83.8607367445721,28.1593618787982,0
                83.860649378412,28.1594768675761,0
                83.8604499584196,28.1599323852186,0
                83.8602264132049,28.1605616377203,0
                83.8598343944212,28.1610147151619,0
                83.8595741115708,28.1612400031195,0
                83.8591656643576,28.1613704848041,0
                83.858715661008,28.1614219100162,0
                83.8580699915882,28.1616806891696,0
                83.8578320203559,28.1618519198776,0
                83.8575927350292,28.1620975812939,0
                83.8572443980051,28.162494289466,0
                83.8568558837352,28.16271945022,0
                83.8565113637745,28.1628679312677,0
                83.8563171380039,28.1629602947215,0
                83.8556885866533,28.1634876750884,0
                83.8552776982856,28.1637894529995,0
                83.8549544886656,28.1639381222663,0
                83.8546952066836,28.1641069776241,0
                83.8530841648654,28.1645091034577,0
                83.8528255715082,28.1646396500629,0
                83.8525027375731,28.1647498843537,0
                83.8516030441805,28.1648143648408,0
                83.8512808984919,28.1649064759697,0
                83.8510213048805,28.1650753943793,0
                83.8505918593107,28.1651855027376,0
                83.8503986346223,28.1652213705292,0
                83.8498214000904,28.1651959262342,0
                83.849370333087,28.1653037220671,0
                83.8490495643352,28.1653011552492,0
                83.8480848783237,28.1654038180024,0
                83.847762357025,28.1655140522646,0
                83.8474377704838,28.165759587353,0
                83.8472196693562,28.1660233100545,0
                83.8471746728599,28.1661586097618,0
                83.846934198452,28.166499012699,0
                83.8466804757291,28.1667874820367,0
                83.8465858618546,28.1668957213415,0
                83.8460661720582,28.1673508591479,0
                83.8458704431996,28.1675784602059,0
                83.8457158950261,28.167921238952,0
                83.8455852217589,28.1680925337664,0
                83.8455187892568,28.1682639550701,0
                83.8454537347976,28.1683202616595,0
                83.8451951413756,28.1684508081739,0
                83.8447873818897,28.1685225446419,0
                83.8439494261098,28.1687810702958,0
                83.8435604734846,28.1690446653371,0
                83.843408427359,28.1692158975208,0
                83.8433416200472,28.1694075662591,0
                83.8432311294428,28.1696736660802,0
                83.843035401458,28.1699013297619,0
                83.8426890671094,28.1701851731349,0
                83.8424933380618,28.1704128369202,0
                83.8420052537995,28.1716734024438,0
                83.8418319613585,28.1718243855006,0
                83.8415526849308,28.1718962497584,0
                83.8413583326293,28.1720291094052,0
                83.8412709669239,28.1721620964246,0
                83.8411583486522,28.1725636202467,0
                83.841048922342,28.1727349162706,0
                83.8408542580598,28.1728858362506,0
                83.8406400360113,28.1729013942751,0
                83.8405764833218,28.1728629593897,0
                83.8401281701444,28.1727812099511,0
                83.8398063371178,28.1728350118489,0
                83.8396336702949,28.1729476237783,0
                83.8395683647374,28.1730242411446,0
                83.8394574987276,28.1733106512242,0
                83.8393480730225,28.1734819458609,0
                83.8391255899508,28.1741111355319,0
                83.8389281095839,28.1744538512482,0
                83.8388173055556,28.1747402608132,0
                83.8385333977185,28.1751392206914,0
                83.837729050097,28.176049750075,0
                83.8376633686661,28.1761647386707,0
                83.8373162209979,28.1765050147152,0
                83.8371215568632,28.1766559355878,0
                83.8366270570504,28.1768222869582,0
                83.8364483196621,28.1773567986526,0
                83.836571545925,28.1777427033521,0
                83.8368248197399,28.1779956838618,0
                83.8371395176917,28.1784585847489,0
                83.8371565090347,28.1787654315444,0
                83.8371106981069,28.1789954728469,0
                83.8371877379394,28.1796092311219,0
                83.8371643000925,28.179762653972,0
                83.8370519958219,28.180143805328,0
                83.8369201956104,28.1803737197924,0
                83.8368078908439,28.180754870909,0
                83.836931116024,28.1811408373758,0
                83.8370778428377,28.1813530707121,0
                83.8370753390204,28.1815448657427,0
                83.8369019216815,28.1817160973635,0
                83.8366220191759,28.1818263331519,0
                83.836556964052,28.1818826398774,0
                83.8364681585156,28.1821126800583,0
                83.8365078987745,28.1823428466555,0
                83.8366534981947,28.1826520713574,0
                83.8367348559065,28.1829589821579,0
                83.8367327284925,28.1831124058993,0
                83.836665232146,28.1833424463057,0
                83.8365333700531,28.1835904838734,0
                83.8363596399355,28.183779776675,0
                83.8362733380933,28.1838157719369,0
                83.8359481873416,28.1841199267912,0
                83.8357972065564,28.1842145406285,0
                83.8356256031642,28.1842504096831,0
                83.8351942818141,28.1844755079573,0
                83.8349793714461,28.184549684907,0
                83.8348478851792,28.1847571015973,0
                83.8345881654476,28.1849666410376,0
                83.8343273818431,28.1852505486172,0
                83.8339340481316,28.1858389264811,0
                83.8337986183512,28.1863554394976,0
                83.8336415040298,28.1868718907936,0
                83.8334027178046,28.1871174894835,0
                83.8327553593977,28.1875137556838,0
                83.8326253123833,28.187626431257,0
                83.832471076683,28.1879307756438,0
                83.8324678843248,28.1881609420926,0
                83.8325896714029,28.1886415886139,0
                83.8328162527803,28.1892961571558,0
                83.8328140624617,28.1894496437708,0
                83.8323883409489,28.1908252618056,0
                83.8322268455512,28.191666620156,0
                83.8322439001227,28.1919734679132,0
                83.8324076170637,28.1925128593285,0
                83.8325326586194,28.1927454025602,0
                83.8325915805525,28.1931289932545,0
                83.8325648888708,28.1935125207189,0
                83.8321906734068,28.1942745711613,0
                83.8320783055106,28.1946557219643,0
                83.8320751141672,28.1948858259077,0
                83.8322547584616,28.1958088076349,0
                83.8322483121475,28.1962690785393,0
                83.8320922615129,28.1967268467048,0
                83.831324274277,28.1980975851092,0
                83.8312556522257,28.198404368593,0
                83.8312513341348,28.1987111528143,0
                83.8313507466608,28.1992685414765,0
                83.8313891107417,28.1995754522523,0
                83.8314614567549,28.200534366214,0
                83.8316241099273,28.2011504374988,0
                83.8315739181584,28.2016873260341,0
                83.8313759366519,28.2020684128411,0
                83.8312671991202,28.2022013366678,0
                83.8311591489419,28.2022960142175,0
                83.83092005192,28.2025032413618,0
                83.8302893724541,28.2031680458757,0
                83.8301791333267,28.203398023,0
                83.8301759416256,28.2036281274939,0
                83.8302391812653,28.2037048714724,0
                83.8302799854791,28.2038583577955,0
                83.8305318191779,28.2042263907277,0
                83.8307193483816,28.2046101714685,0
                83.8307793963866,28.2049170828269,0
                83.8310304788679,28.2053618587819,0
                83.831159205082,28.2057003921373,0
                83.8313817258765,28.2062850303942,0
                83.8320937322387,28.2074252502434,0
                83.8321760913311,28.207655418097,0
                83.8321728996573,28.2078855225072,0
                83.8318864267005,28.2084492171407,0
                83.8316015785824,28.209008411773,0
                83.831188498386,28.2095200463211,0
                83.8311588769185,28.209556104461,0
                83.8308835941431,28.2098986319866,0
                83.8306881793198,28.2100879241918,0
                83.8304691380402,28.2104688856376,0
                83.8303795186986,28.2107734193815,0
                83.8303541418493,28.2110802039761,0
                83.830264896663,28.2113846749085,0
                83.8301333473467,28.2116123393892,0
                83.8297431430215,28.2119548020844,0
                83.8293731841092,28.2123716332463,0
                83.8290880243813,28.212903767784,0
                83.828977095087,28.2132104884347,0
                83.8286710648808,28.2136658168287,0
                83.8284318407919,28.2139317270334,0
                83.8286446223437,28.2140674057537,0
                83.8292237319982,28.2140703516216,0
                83.8296089290809,28.2141317272449,0
                83.8299293218552,28.214229161028,0
                83.8300803025317,28.2141729807751,0
                83.8301236736293,28.2141166117371,0
                83.8306421725349,28.2138126477763,0
                83.8311587944332,28.2136463585042,0
                83.831223473726,28.2136261109732,0
                83.831609047194,28.2135927456797,0
                83.8318240822754,28.2135185683569,0
                83.8325171902848,28.2128742005068,0
                83.8330343133102,28.2126108569137,0
                83.8334205757971,28.2125391203338,0
                83.8339987486256,28.2125240683294,0
                83.8343188917366,28.2126236889788,0
                83.8345740415076,28.2127594305728,0
                83.8348301943817,28.2128183666984,0
                83.8352801346311,28.2127850651214,0
                83.8361177771456,28.2125627229521,0
                83.8365694695046,28.2123940585465,0
                83.8371497705609,28.2122277702765,0
                83.8377095131753,28.2119644903475,0
                83.8378391851265,28.2118518153865,0
                83.839075107377,28.2106011354068,0
                83.8393356413993,28.210299167376,0
                83.8395091218177,28.2101278108544,0
                83.8397689034581,28.2099003975646,0
                83.8403995230754,28.2090843568042,0
                83.8407019867599,28.2088771311187,0
                83.8409613949898,28.2086518430148,0
                83.8410954432014,28.2084489255495,0
                83.8411142531962,28.2084219284801,0
                83.8414937888257,28.207278538156,0
                83.8416483995509,28.2069357591999,0
                83.8417610176994,28.2065365473246,0
                83.8418527645276,28.2060787151662,0
                83.8418559568696,28.2058485490429,0
                83.8419003274014,28.2057358102974,0
                83.8419967687078,28.204932759328,0
                83.8422398721923,28.2044006243415,0
                83.8426285753829,28.2041370913562,0
                83.8430368354151,28.204024795454,0
                83.843422033134,28.2040274269383,0
                83.8442602381521,28.2037870242176,0
                83.8450113905836,28.2036592356469,0
                83.8451836813124,28.2035849950364,0
                83.8456829375011,28.2030734237588,0
                83.8459256024289,28.2025593500987,0
                83.8460127188736,28.2024466111409,0
                83.8462070697184,28.2023137510303,0
                83.8464863470919,28.2022395747971,0
                83.8466810741985,28.2020886539723,0
                83.8469212986915,28.2017460016162,0
                83.846952871555,28.2010015070947,0
                83.8470644889412,28.2006587276909,0
                83.8470257502562,28.2003721283345,0
                83.8469838198678,28.2002953842872,0
                83.8469202039271,28.2002569496697,0
                83.8466886159695,28.1999679098589,0
                83.846499896765,28.1996789330757,0
                83.846440099366,28.1993539608547,0
                83.8466363277927,28.1991060496165,0
                83.8467010077116,28.1990700534909,0
                83.8472155027999,28.1989961308476,0
                83.8473441104844,28.1989985701529,0
                83.847727493073,28.1991365637742,0
                83.8482408615751,28.1991596948911,0
                83.8485628192085,28.1991037674355,0
                83.8493612221899,28.1986330107212,0
                83.849643628274,28.1983310428344,0
                83.8500547667819,28.1980088284892,0
                83.8502504956817,28.1977812271026,0
                83.8504672831202,28.1975738747535,0
                83.8508139930147,28.1972696571685,0
                83.8510950214639,28.1970624306635,0
                83.8513128108378,28.1967964584323,0
                83.8515512209246,28.1965688581737,0
                83.8516805792048,28.1965125527767,0
                83.8520046030274,28.1962873276275,0
                83.8523921791306,28.1961365978532,0
                83.8528451861432,28.1958731290773,0
                83.8529738567387,28.1958552574121,0
                83.8532321370513,28.1957426469275,0
                83.8540702801191,28.195502181724,0
                83.8543285603908,28.1953896341348,0
                83.8547399495664,28.1950697322595,0
                83.8554142501414,28.1942536293329,0
                83.8559319371477,28.1939699759574,0
                83.8562523922991,28.1940312255916,0
                83.8566354002543,28.1941873419695,0
                83.8568265597071,28.1943025847843,0
                83.8574202846622,28.1947093077047,0
                83.8575887584279,28.1949215405502,0
                83.8579700132788,28.1952310810635,0
                83.8585455579478,28.1954076370177,0
                83.858995372486,28.1953742091994,0
                83.8592512120656,28.1954512067684,0
                83.8595720435462,28.1954740846022,0
                83.8596999636178,28.1955125829081,0
                83.8599568036234,28.1955150866844,0
                83.8603202548271,28.1955380280228,0
              </coordinates>
            </LinearRing>
          </outerBoundaryIs>
        </Polygon>
      </Placemark>
      <Placemark id="GA_SYANGJA_Phedikhola.2">
        <ExtendedData>
          <SchemaData schemaUrl="#GA_SYANGJA_Phedikhola.schema">
            <SimpleData name="ogc_fid">2981</SimpleData>
            <SimpleData name="objectid_1">2982</SimpleData>
            <SimpleData name="dcode">39</SimpleData>
            <SimpleData name="district">SYANGJA</SimpleData>
            <SimpleData name="das">0</SimpleData>
            <SimpleData name="gapa_napa">Phedikhola</SimpleData>
            <SimpleData name="type_gn">Gaunpalika</SimpleData>
            <SimpleData name="gn_code">9.000000000000000</SimpleData>
            <SimpleData name="new_ward_n">2</SimpleData>
            <SimpleData name="ddgnww">390902.000000000000000</SimpleData>
            <SimpleData name="center">Phedikhola</SimpleData>
            <SimpleData name="state_code">4</SimpleData>
            <SimpleData name="ddgn">39009</SimpleData>
            <SimpleData name="area_sqkm">13.935017611599999</SimpleData>
            <SimpleData name="shape_leng">25646.884594800001651</SimpleData>
            <SimpleData name="shape_area">13935017.611599998548627</SimpleData>
            <SimpleData name="Province">GA</SimpleData>
            <SimpleData name="Address">Phedikhola-2, SYANGJA, GA</SimpleData>
          </SchemaData>
        </ExtendedData>
        <Polygon>
          <outerBoundaryIs>
            <LinearRing>
              <coordinates>
                83.8926690483285,28.1770243483969,0
                83.892665300226,28.1769634162885,0
                83.8927226695428,28.1768754877373,0
                83.8927892246518,28.17678074661,0
                83.8928985247398,28.1766883825257,0
                83.8931596176486,28.1765215889636,0
                83.8936789276941,28.1763212407408,0
                83.8939410838324,28.1761048267072,0
                83.893975206119,28.1760303963659,0
                83.8938399241678,28.1754166373268,0
                83.8938310520833,28.1753399572819,0
                83.8938266791459,28.1752542148046,0
                83.8938203675394,28.1752361538771,0
                83.893796872373,28.1751684715547,0
                83.8937825626905,28.1751323501929,0
                83.8937635668597,28.1750420453595,0
                83.8936069751622,28.1744282857171,0
                83.8935685453168,28.1743380433579,0
                83.893516179243,28.1741958059485,0
                83.8934751870605,28.1741191243515,0
                83.893397764448,28.1738731453569,0
                83.8933873927243,28.173773841711,0
                83.8933703345879,28.1736813498955,0
                83.8933100975339,28.1734286222266,0
                83.8932793622498,28.1729299788811,0
                83.8931305795679,28.1724357718738,0
                83.8925179365409,28.1711944367477,0
                83.8923607132771,28.1709190840292,0
                83.8923082844989,28.1708355913613,0
                83.8922063025249,28.1706234211856,0
                83.8921701220844,28.1705196173687,0
                83.8918688705822,28.1694770194523,0
                83.8917123997115,28.1690866151601,0
                83.8914048899428,28.1685178497643,0
                83.8914058278873,28.1684794777902,0
                83.8913087195003,28.1682966807067,0
                83.8910666349257,28.1678994005317,0
                83.8908106166297,28.1674163777435,0
                83.8907096359737,28.1671658985066,0
                83.8906139631936,28.1670687807676,0
                83.8903542532995,28.166804613407,0
                83.8903370677284,28.1667888015027,0
                83.889450640521,28.1659916722848,0
                83.8893734656923,28.1658946173274,0
                83.8890806348069,28.1656213873203,0
                83.888836362987,28.1652151075689,0
                83.8888036192442,28.1651586747587,0
                83.8887223213675,28.1649848769242,0
                83.888691767598,28.1647164008719,0
                83.888730333664,28.164310313432,0
                83.889046430689,28.1636089445564,0
                83.8890789976264,28.1631757968716,0
                83.8891013073843,28.1631374259455,0
                83.8891286208073,28.1629095714612,0
                83.889200568153,28.161975594649,0
                83.8893002501245,28.1615898820114,0
                83.8896742781094,28.1608163330028,0
                83.890166478726,28.1599842288271,0
                83.8901737340594,28.1596977542133,0
                83.8901453678386,28.1594517761199,0
                83.8899622771896,28.1589575679306,0
                83.8899075982408,28.1588943232225,0
                83.8894420418782,28.158589406328,0
                83.8892413835929,28.1584764127169,0
                83.8888711860666,28.1583046731369,0
                83.8886049747247,28.1581623059327,0
                83.8884160008773,28.1581147450116,0
                83.8881895336752,28.1580333738943,0
                83.888150413508,28.1580333735457,0
                83.8879608788381,28.1579136314486,0
                83.8878644537415,28.1579135669941,0
                83.8876093018956,28.1578501309509,0
                83.8871020627189,28.1575925212536,0
                83.886974517879,28.1575608350947,0
                83.886762673209,28.1574704645921,0
                83.8866818722041,28.1574522776287,0
                83.8866347536501,28.1574477146996,0
                83.886207436391,28.1574203358703,0
                83.8861221972694,28.1573999609786,0
                83.8859530346317,28.1573208402574,0
                83.8857664392059,28.1570860460151,0
                83.8854110557109,28.1567541330099,0
                83.8849880538269,28.1565552067921,0
                83.8848178900482,28.1565144584087,0
                83.8845397398982,28.1565074541446,0
                83.8842849629856,28.1564260202171,0
                83.8842538432042,28.1563876482217,0
                83.8842450334414,28.1563109674125,0
                83.8844744524224,28.1557042762045,0
                83.8844784548192,28.1555508525134,0
                83.8844551501882,28.1553454954551,0
                83.8844116583505,28.1552349428684,0
                83.8843385446545,28.1551649481332,0
                83.8840860817062,28.1549887096086,0
                83.8839977195121,28.154918714422,0
                83.883897547861,28.154832908292,0
                83.8837455063742,28.1547695993116,0
                83.8840550951864,28.1545284382338,0
                83.8846895792601,28.154222163744,0
                83.8851797663028,28.1540691853268,0
                83.885414235635,28.1540220060558,0
                83.8855887130526,28.1539860117184,0
                83.8863544199321,28.1541739448058,0
                83.8867639269625,28.1541810133949,0
                83.8873287334687,28.1538453648985,0
                83.8875970101969,28.1538116849708,0
                83.8879332135744,28.153931553992,0
                83.888441198168,28.1543787096323,0
                83.8893956121586,28.1554443151303,0
                83.889488218068,28.1557444775047,0
                83.8896601282109,28.1559882703167,0
                83.8900326375222,28.1561172022731,0
                83.8907947869214,28.1560636562966,0
                83.8912782246609,28.1559512372014,0
                83.8915133227677,28.1557009504486,0
                83.8916140642879,28.1554754726113,0
                83.8918114779835,28.1553357391068,0
                83.8927589162016,28.1551966413831,0
                83.8934372759674,28.1545902071246,0
                83.8937453610575,28.1544934707361,0
                83.8942836615751,28.1545954075321,0
                83.8951218510474,28.1551466207322,0
                83.8956285291889,28.1553544857137,0
                83.8962003269185,28.1553639310229,0
                83.8966148385346,28.1551453947049,0
                83.8969567981303,28.154890736422,0
                83.8979132386461,28.1546094018472,0
                83.898977404263,28.1548380856141,0
                83.8999653325572,28.1548952213562,0
                83.9004312093985,28.1548369208496,0
                83.9007699804423,28.1546205711621,0
                83.9009900814553,28.1543860959754,0
                83.9014657108773,28.1541066912808,0
                83.9018992172162,28.15398733383,0
                83.9021451224154,28.15399208778,0
                83.9024955696749,28.1542720680849,0
                83.9027487778624,28.1546535376915,0
                83.9037619403133,28.1553468659047,0
                83.9039515384749,28.1554147372677,0
                83.9045678305032,28.1554715544182,0
                83.905253551828,28.1554291318009,0
                83.9058578463259,28.1553934569531,0
                83.9061598690668,28.1553553409893,0
                83.9066359964169,28.1551886754234,0
                83.9068117959998,28.1546699135104,0
                83.9072535662191,28.1538444953555,0
                83.9076378336601,28.1535424037929,0
                83.9077485758521,28.1531815008779,0
                83.907721274993,28.1527821610108,0
                83.9080383056028,28.1522454028836,0
                83.9083405218037,28.1519365598407,0
                83.908403833738,28.1515552834778,0
                83.9082634205607,28.1512551205653,0
                83.9084022960738,28.1503482679254,0
                83.9088809932124,28.1497845765816,0
                83.9089659897301,28.1493831139378,0
                83.9088122692492,28.1489700865663,0
                83.9083547184268,28.1482975152453,0
                83.9081064513706,28.1477061900551,0
                83.9079815497462,28.146774334871,0
                83.9077649079275,28.1459710296517,0
                83.9078272818662,28.1455942521793,0
                83.907821923819,28.1447685142066,0
                83.907888860701,28.1443850498828,0
                83.9079892925117,28.1440083357251,0
                83.9082430108947,28.1438551037174,0
                83.9093126816311,28.143824185958,0
                83.9097797423098,28.143887687961,0
                83.9104523969027,28.1441791722033,0
                83.9111752287023,28.1445811476487,0
                83.9120535990235,28.1451864190981,0
                83.9127656226604,28.1455207752261,0
                83.9139505833078,28.1457833327267,0
                83.9144821984963,28.1458422729988,0
                83.9153284587238,28.1459353406215,0
                83.9160566070718,28.1461162108003,0
                83.9167410729644,28.146371573569,0
                83.9184646384902,28.1471487179121,0
                83.9188742660743,28.147403889048,0
                83.9194671190166,28.147683998428,0
                83.9203527464878,28.1478943055778,0
                83.9203699959515,28.1478063768787,0
                83.9204690468808,28.1477115739272,0
                83.9207138297057,28.1475741534221,0
                83.9207783830541,28.1475652177501,0
                83.9208968057789,28.1475133486636,0
                83.9209738590561,28.1474751032942,0
                83.9213423753984,28.1473196237492,0
                83.9215907210974,28.1471076464288,0
                83.9217391428826,28.1469069797159,0
                83.9219380586705,28.1466814413506,0
                83.9221624111873,28.1463047910051,0
                83.9222876496362,28.1460296308155,0
                83.9223992679337,28.1456484173762,0
                83.9223578965359,28.1457183478697,0
                83.9224383319321,28.145291950236,0
                83.9225302097718,28.1445452685801,0
                83.9225770825106,28.1443918459994,0
                83.9226220148222,28.1443174160393,0
                83.9226580759344,28.1441753048857,0
                83.922840309017,28.1438076530542,0
                83.9230721583105,28.1435144958998,0
                83.9232459499963,28.14342213241,0
                83.9233338142127,28.1433477027797,0
                83.9235249205513,28.1430071743381,0
                83.9236001021294,28.1428402530445,0
                83.9237950923124,28.1420055815093,0
                83.9237644759625,28.1418115368878,0
                83.9238229043711,28.1418679695165,0
                83.9236359963097,28.1416332377756,0
                83.923217622944,28.1412449542184,0
                83.9231358866151,28.1410892166774,0
                83.923141827929,28.140861362411,0
                83.9232122609257,28.1406335090905,0
                83.9233021271341,28.1404823997571,0
                83.9236089660079,28.1402208654777,0
                83.9239296185645,28.139844279938,0
                83.9239863634073,28.1397315408911,0
                83.9241177850924,28.1396188034777,0
                83.9245278652146,28.1391339787935,0
                83.9245814214399,28.1391114191514,0
                83.9247610275468,28.1388114491811,0
                83.9250548125003,28.1382340690762,0
                83.9251921139345,28.1379024762103,0
                83.9252432385412,28.1375979420849,0
                83.9252507429977,28.1373114059938,0
                83.9251482633142,28.136961623295,0
                83.9250636605194,28.1364314196858,0
                83.9250175428164,28.1363907356501,0
                83.924922119099,28.136350112137,0
                83.9245860979809,28.1364965941355,0
                83.9243008812599,28.1367378178127,0
                83.9241022158607,28.1369633564968,0
                83.9240187885727,28.1370354734799,0
                83.9234799795106,28.1373488116667,0
                83.9231455217252,28.1374659208693,0
                83.9228546847746,28.1375221603595,0
                83.9227687583407,28.1375198468285,0
                83.9227016420315,28.137553718405,0
                83.9222550147497,28.1374992784154,0
                83.9216792199833,28.1373748425996,0
                83.9215186159043,28.1373702159396,0
                83.9214763095171,28.137352154518,0
                83.9209726900289,28.1373405844867,0
                83.9204496990988,28.1372545838531,0
                83.9202998442451,28.1372522072895,0
                83.9197562312738,28.1371707060524,0
                83.9193757844102,28.1370621468402,0
                83.9190519548133,28.1369446524138,0
                83.9187018156395,28.1368767779607,0
                83.9184406005505,28.1368720870782,0
                83.918254253215,28.1367704680212,0
                83.9181683891835,28.1367794033426,0
                83.9180408442228,28.1367387179602,0
                83.9177831287461,28.1367430875745,0
                83.917698203138,28.1367136520569,0
                83.9176298371211,28.1367069013011,0
                83.9170972850892,28.1366569601218,0
                83.9167490291985,28.1361310642151,0
                83.9166686701063,28.135918957668,0
                83.91648507613,28.1355714230699,0
                83.9161919337378,28.1352982559462,0
                83.9160640759154,28.1352755687221,0
                83.9158496672694,28.1352731278967,0
                83.9158063601146,28.1352912503997,0
                83.9156348837304,28.135286623707,0
                83.9155047119064,28.1353406785701,0
                83.9153119251701,28.1353383007675,0
                83.9148484248579,28.1353673530371,0
                83.9147618723701,28.13540341153,0
                83.914482471725,28.1354731509082,0
                83.9142953704909,28.1355181437243,0
                83.9142447516825,28.1355474523966,0
                83.9142018197943,28.1355451396333,0
                83.9141152681091,28.1355925089781,0
                83.9137280683699,28.1356711829325,0
                83.9136424550899,28.1356689315625,0
                83.9133398056424,28.1357860414072,0
                83.9131223942065,28.135925775716,0
                83.9127545027679,28.1360811300739,0
                83.9123519288718,28.1362072996209,0
                83.9123019987242,28.1362049872017,0
                83.9122154469523,28.1362432947809,0
                83.9117845644308,28.1363490907533,0
                83.9115942758929,28.1364278302074,0
                83.9114687898799,28.13657219022,0
                83.9114366692622,28.1365699404272,0
                83.9111110844896,28.1367547302037,0
                83.9109471029681,28.1368854658,0
                83.9107714373866,28.1369823924757,0
                83.910557901924,28.1370499448681,0
                83.910472225735,28.1370498808097,0
                83.9102994982845,28.137112935486,0
                83.9102123211109,28.1371669917733,0
                83.9101155203718,28.137193987266,0
                83.9097303221622,28.1371869820114,0
                83.9096135891348,28.1371553582764,0
                83.9091004083596,28.1371256650333,0
                83.9090154201688,28.1371052900714,0
                83.9084446183173,28.1372560804977,0
                83.9082705145114,28.1373686922189,0
                83.9081190330076,28.1374318711647,0
                83.907314005079,28.137952498845,0
                83.9069463639306,28.1381056664265,0
                83.9066234057713,28.1381775928079,0
                83.9064503029477,28.1382497083308,0
                83.9062896365454,28.1382563299158,0
                83.9054236275315,28.1382286941788,0
                83.9053055812587,28.1382353792089,0
                83.905168161083,28.1382803730929,0
                83.9048363946977,28.1381786270141,0
                83.9047524695011,28.1381108816736,0
                83.9045371877084,28.1380227605788,0
                83.9041674884503,28.1379751341034,0
                83.9035935650735,28.1379837497504,0
                83.9031579333538,28.1381187923544,0
                83.9029713940061,28.1382179682603,0
                83.9028985282118,28.1382179049245,0
                83.9028603457861,28.1382314028223,0
                83.9027957293445,28.1382516503074,0
                83.902736235754,28.138289958434,0
                83.9024660199928,28.1384003187146,0
                83.9019595826933,28.1386707235757,0
                83.9019267730088,28.1387248432318,0
                83.9016543057089,28.1389006357209,0
                83.9015331351182,28.1388983214843,0
                83.9013182886574,28.138920691101,0
                83.9010166394854,28.1390016783413,0
                83.9009300876061,28.1390377361901,0
                83.9006719965829,28.1390894156424,0
                83.9005008314209,28.1390870380801,0
                83.8998699146993,28.1391565217368,0
                83.8998148601326,28.1391316480066,0
                83.8997715529257,28.1391496454004,0
                83.8994293487687,28.139142640816,0
                83.8993017416837,28.1391109543045,0
                83.8991640115942,28.1390612059006,0
                83.899048277998,28.1389822117642,0
                83.898900111678,28.1389121530889,0
                83.8984321771723,28.1387967182298,0
                83.898111220307,28.1387897143684,0
                83.8978961224632,28.1388437055408,0
                83.8978108225049,28.1388233315273,0
                83.8977252708695,28.1388300171036,0
                83.8974262495925,28.138795952833,0
                83.8972147174626,28.1386965831001,0
                83.8970868596438,28.1386738962332,0
                83.8967065388036,28.1384863445465,0
                83.8965363757972,28.1384433455183,0
                83.8962844083865,28.13846796421,0
                83.895816841306,28.1386932489597,0
                83.8955444400216,28.1387404281373,0
                83.895192172058,28.1388461622663,0
                83.8951564897509,28.1388461620484,0
                83.8949400793458,28.1389384627036,0
                83.8948118465195,28.1389361479404,0
                83.8946004396553,28.1388254052661,0
                83.8942640518452,28.1385905455176,0
                83.8935793377569,28.1382403170071,0
                83.8930817848903,28.1379488973821,0
                83.8928506941951,28.1377862839224,0
                83.892702528475,28.1377162257658,0
                83.8920556198383,28.1374832983421,0
                83.8916005594927,28.1372844345382,0
                83.8912495480764,28.1370923840624,0
                83.8908697881033,28.1369928240203,0
                83.8907851753155,28.1369521393479,0
                83.8906716291207,28.136924951989,0
                83.8905832030705,28.1369000777064,0
                83.8905074642699,28.1368819538696,0
                83.890413039688,28.1368593289945,0
                83.8902273731089,28.1370667447366,0
                83.8899372171191,28.137391397896,0
                83.8897669896144,28.1374386412942,0
                83.8895782643426,28.1374655735769,0
                83.8892446236806,28.1373569531435,0
                83.8890703982567,28.1372665830232,0
                83.8885374173998,28.1367698073099,0
                83.8879336953364,28.1363113391579,0
                83.8877131649983,28.1361554750457,0
                83.8875230050183,28.1360605433726,0
                83.8872915389086,28.1358979292365,0
                83.8871433101874,28.1358278704264,0
                83.8868033574029,28.1357441228831,0
                83.8863888518149,28.1356896214541,0
                83.8861082015662,28.135725488178,0
                83.8856865041087,28.1358943411993,0
                83.8854880309975,28.13586934022,0
                83.8854777186476,28.1359618322942,0
                83.8853048631343,28.1361015668483,0
                83.8852411832308,28.1361534357611,0
                83.8849976519111,28.1362592969919,0
                83.8846339492438,28.1363221607414,0
                83.8845127779515,28.1363197845353,0
                83.8841611411921,28.1361209217736,0
                83.8839597948537,28.1360507992828,0
                83.8838735553887,28.1360687968174,0
                83.8836667054638,28.1362063436477,0
                83.8835574058024,28.136300895729,0
                83.8834048603162,28.1364745021799,0
                83.8830424034681,28.1367517215704,0
                83.8823468041239,28.1369902517554,0
                83.8819544179169,28.1370531144375,0
                83.8817842540164,28.1370100528811,0
                83.8815705332129,28.1369963632824,0
                83.8814842310499,28.1370323585308,0
                83.8808815596046,28.1371649621372,0
                83.880710081599,28.1371715840487,0
                83.8803231323216,28.1372389463806,0
                83.8800644156771,28.1373108734573,0
                83.8795676032823,28.1374909738369,0
                83.8796331584213,28.1374459172731,0
                83.8794886762039,28.1375066593547,0
                83.8791370343547,28.1375875210755,0
                83.8786025436716,28.1375690765046,0
                83.8785179930457,28.1375284538148,0
                83.8784133834593,28.1374402733573,0
                83.8783112138792,28.1372461641343,0
                83.8782928438232,28.1371311112958,0
                83.8782965335484,28.1369776880117,0
                83.8783920912031,28.136598724054,0
                83.8784059047225,28.1364746103389,0
                83.8783862839119,28.1364069916367,0
                83.8783551007325,28.1363686190528,0
                83.878269925573,28.1363482447246,0
                83.8781938093991,28.1363932398194,0
                83.8780883837163,28.1365217887997,0
                83.8778557788726,28.1370652979066,0
                83.8777659128819,28.1372254072747,0
                83.877689483724,28.1372817130538,0
                83.8775448749176,28.1374440710343,0
                83.8770854300007,28.1377504740612,0
                83.8768813292287,28.137926266812,0
                83.87645244295,28.1382394815225,0
                83.8764018240129,28.1382597291709,0
                83.8761830368924,28.1384467710384,0
                83.8758939481321,28.1385863786565,0
                83.8749355098627,28.1388020942773,0
                83.8740404927626,28.1393788404293,0
                83.873821705306,28.1395659443603,0
                83.8736645985058,28.1397259899428,0
                83.8734584366041,28.1398137294789,0
                83.8732795846188,28.139840661041,0
                83.8731297303864,28.1398382843384,0
                83.8728700122508,28.1399463325576,0
                83.8728215803631,28.1400117013484,0
                83.872626665749,28.1401581847913,0
                83.8718525761666,28.1404710817419,0
                83.8715954843926,28.1405249471939,0
                83.871253092167,28.140540440418,0
                83.8705928090319,28.1403593214503,0
                83.8702518566243,28.1402777610005,0
                83.869403228365,28.1398460366191,0
                83.8690626512928,28.1397442281185,0
                83.8688062488686,28.1397214136718,0
                83.8676911424827,28.1399729982976,0
                83.867003293219,28.1402114650733,0
                83.8668310010508,28.1403038290482,0
                83.8652855741845,28.1407377654281,0
                83.8649435582332,28.1407328850039,0
                83.8644296877616,28.1407842474585,0
                83.8640867326733,28.1408538607768,0
                83.8636587273418,28.1408669777358,0
                83.8633173990508,28.1408237887699,0
                83.8630606207234,28.1408393459762,0
                83.8625501925429,28.1406606039883,0
                83.8621828687479,28.1405631690523,0
                83.8620974971079,28.1409218229807,0
                83.8618791459477,28.1412216677369,0
                83.8618547067186,28.1414517709854,0
                83.8619986170363,28.1418332385019,0
                83.8619493649576,28.1422911343546,0
                83.862157954671,28.1426568541691,0
                83.8621746964257,28.1429614514061,0
                83.8620185824427,28.1434170332175,0
                83.8620384526902,28.1435117746797,0
                83.8621851791928,28.1437240075511,0
                83.8624402679606,28.1438235029342,0
                83.8629530737054,28.143848883578,0
                83.8631658565553,28.1439100066833,0
                83.8634597471429,28.144296101054,0
                83.8638421929922,28.1444520927414,0
                83.8640319132997,28.1446282676595,0
                83.86417588627,28.1450300459203,0
                83.8643858531906,28.1452987129503,0
                83.8645769501789,28.1453778955732,0
                83.8648337289406,28.1453623391726,0
                83.8652169872788,28.1454822715628,0
                83.8655974310664,28.1457736888637,0
                83.8659160728595,28.1459319296326,0
                83.8666214150057,28.1459416270784,0
                83.8673928141063,28.1458205881951,0
                83.8677558283576,28.1458434667152,0
                83.867904305893,28.1459406479334,0
                83.8679231751375,28.1460940716905,0
                83.8678794925465,28.1461707517665,0
                83.8675329700404,28.1464705313115,0
                83.8674441653634,28.1466982593043,0
                83.8674637850214,28.1468313725258,0
                83.8676112617098,28.1469849233418,0
                83.8679941461117,28.1471048557188,0
                83.8685063257365,28.1471707961076,0
                83.8690384387772,28.1473292270667,0
                83.86922991145,28.1474083485044,0
                83.869335082246,28.1475257764695,0
                83.8694972358132,28.1481373484622,0
                83.8696020309923,28.1482908366076,0
                83.8696869571313,28.1483315842259,0
                83.8698769898635,28.1485054464474,0
                83.8699601011393,28.1486589335731,0
                83.8700401446701,28.1490403380278,0
                83.8700528189085,28.1496517204585,0
                83.870156987667,28.1498435794603,0
                83.8703470841883,28.149999443627,0
                83.8706021105536,28.1501169996664,0
                83.870794271918,28.1501194398201,0
                83.8714371260825,28.1500140218173,0
                83.8716292874993,28.150036773001,0
                83.8722033303889,28.1502741983516,0
                83.8724312971009,28.1504142516419,0
                83.8725802149828,28.1504166914391,0
                83.872750378084,28.1504596903784,0
                83.8728212429139,28.1505229353465,0
                83.8733672905061,28.1507400492136,0
                83.8735350763873,28.1509274097812,0
                83.8737407955751,28.1510720256663,0
                83.8739096468103,28.1511601450357,0
                83.8739945721823,28.1511918312473,0
                83.8742076056695,28.1512235818359,0
                83.8743807057741,28.1512869532064,0
                83.8745434297018,28.1514901250166,0
                83.8749406823891,28.1518604728636,0
                83.8751759591903,28.1520253995844,0
                83.8752913804155,28.1520932068979,0
                83.875231761167,28.1521923852996,0
                83.8752248736062,28.152880510153,0
                83.8751329381441,28.1533632146115,0
                83.8746741012301,28.1545337265296,0
                83.874470926008,28.1552374713762,0
                83.873870675055,28.1561686906099,0
                83.8733114236153,28.1568653053546,0
                83.8731426889136,28.1572058348875,0
                83.872820849876,28.1575867327972,0
                83.8728023521527,28.157609355203,0
                83.8724274471373,28.1584527723826,0
                83.8724241626561,28.1601674920677,0
                83.8723337306462,28.160510271818,0
                83.8723962821024,28.1606253878783,0
                83.8722876073445,28.1607561235835,0
                83.8719323236235,28.1616672855583,0
                83.8714956191645,28.1622895345304,0
                83.8713839403392,28.1626301268393,0
                83.8711428391806,28.1630269620687,0
                83.8710320356633,28.1633111224752,0
                83.8709223597462,28.1634824804158,0
                83.8706781919186,28.1641071694047,0
                83.8705870088997,28.1645064444383,0
                83.8706409247566,28.1651946324068,0
                83.8704404412087,28.1657088328173,0
                83.8703248824227,28.1662794671805,0
                83.8703196892591,28.1666246858257,0
                83.8702561939411,28.1667870443924,0
                83.870164264264,28.1670238346073,0
                83.8701177643431,28.1673103075274,0
                83.8701146350643,28.1675404740227,0
                83.8703001620673,28.1680618051569,0
                83.8705105040195,28.1683327212085,0
                83.8707652171985,28.168468337895,0
                83.8709556254787,28.1686445124112,0
                83.871126164281,28.1686830113946,0
                83.8711897796362,28.1687416947197,0
                83.8712519565738,28.1688748713751,0
                83.8711848353675,28.1691049117996,0
                83.8710549129027,28.1692176497288,0
                83.8709039322205,28.1692942023581,0
                83.8703246312229,28.1694222439177,0
                83.8694867388312,28.1696628338479,0
                83.8690373615927,28.1696555779127,0
                83.8685226785135,28.169745374013,0
                83.8673685230332,28.1696563011588,0
                83.8668549037635,28.1696490435183,0
                83.8663395327983,28.1697771483834,0
                83.8662102360413,28.1698537025434,0
                83.8660159469876,28.1699843746632,0
                83.8658422174673,28.1701556692644,0
                83.8657105417563,28.170403706938,0
                83.8656860407501,28.170633748467,0
                83.8657692140246,28.1708075462545,0
                83.8659379999601,28.1709814702343,0
                83.8665554124476,28.1712189585042,0
                83.8669799755769,28.1714720675739,0
                83.8672343126175,28.1716483056532,0
                83.8672964887509,28.1718017925645,0
                83.867035454344,28.172126383721,0
                83.8660899510232,28.172400719486,0
                83.8658313575795,28.1725335781753,0
                83.8657230579673,28.1726463159048,0
                83.8656128803557,28.1728762931653,0
                83.8654378352385,28.1731603900339,0
                83.8653484037851,28.1734468621671,0
                83.8653459631571,28.1736205344253,0
                83.8656156640628,28.1742547934871,0
                83.8656544657316,28.1745413301851,0
                83.8655190988582,28.1750578443626,0
                83.8655153430685,28.1753443807789,0
                83.8655771439095,28.1755159285536,0
                83.8658507250624,28.1758635884592,0
                83.866143550102,28.1763805463252,0
                83.8665872953679,28.1767870791928,0
                83.866693530096,28.1768638864446,0
                83.8669542506648,28.1765594807666,0
                83.8671698497613,28.1764469942586,0
                83.8676209789285,28.1763165132314,0
                83.8678802609165,28.176129534388,0
                83.8688499525044,28.1756589677106,0
                83.8692993301274,28.1756639113605,0
                83.8696840272727,28.175704851705,0
                83.8700051720429,28.1756871081373,0
                83.8702613249438,28.1757279834329,0
                83.8710929589358,28.1759656629854,0
                83.8717331204774,28.1761039106065,0
                83.8720525122301,28.176221530239,0
                83.8727566023854,28.1763800889664,0
                83.8728205935885,28.1763959636773,0
                83.8728314045543,28.1763982135741,0
                83.873855824206,28.176703702164,0
                83.8749642312256,28.1770566884494,0
                83.875870233937,28.1771026356399,0
                83.8772877821205,28.1776724821737,0
                83.878300695842,28.1783073151143,0
                83.878773691227,28.1785311147596,0
                83.8790919549122,28.1788065952345,0
                83.879715988078,28.1791951949251,0
                83.8805757455061,28.1793651306049,0
                83.8810591797793,28.1794061972856,0
                83.884127210617,28.1791606433993,0
                83.884941482205,28.1789131788774,0
                83.8860752165108,28.1783501225092,0
                83.8863126228015,28.1783548139753,0
                83.886545400309,28.1784994290559,0
                83.8868007307461,28.1790523831505,0
                83.8870103250449,28.1791721259652,0
                83.8875092550934,28.1793169325899,0
                83.8880051268518,28.1792947555056,0
                83.8887570929893,28.1790945981212,0
                83.8901385552199,28.1779653475399,0
                83.8904279565885,28.1778438005183,0
                83.8913055308789,28.1776368953387,0
                83.8918042796872,28.1774636066523,0
                83.8923509628167,28.1771730167236,0
                83.8925481268738,28.177006160535,0
                83.8926690483285,28.1770243483969,0
              </coordinates>
            </LinearRing>
          </outerBoundaryIs>
        </Polygon>
      </Placemark>
      <Placemark id="GA_SYANGJA_Phedikhola.3">
        <ExtendedData>
          <SchemaData schemaUrl="#GA_SYANGJA_Phedikhola.schema">
            <SimpleData name="ogc_fid">2983</SimpleData>
            <SimpleData name="objectid_1">2984</SimpleData>
            <SimpleData name="dcode">39</SimpleData>
            <SimpleData name="district">SYANGJA</SimpleData>
            <SimpleData name="das">0</SimpleData>
            <SimpleData name="gapa_napa">Phedikhola</SimpleData>
            <SimpleData name="type_gn">Gaunpalika</SimpleData>
            <SimpleData name="gn_code">9.000000000000000</SimpleData>
            <SimpleData name="new_ward_n">5</SimpleData>
            <SimpleData name="ddgnww">390904.999999999941792</SimpleData>
            <SimpleData name="center">Phedikhola</SimpleData>
            <SimpleData name="state_code">4</SimpleData>
            <SimpleData name="ddgn">39009</SimpleData>
            <SimpleData name="area_sqkm">8.903583097929999</SimpleData>
            <SimpleData name="shape_leng">14175.214141599999493</SimpleData>
            <SimpleData name="shape_area">8903583.097929999232292</SimpleData>
            <SimpleData name="Province">GA</SimpleData>
            <SimpleData name="Address">Phedikhola-5, SYANGJA, GA</SimpleData>
          </SchemaData>
        </ExtendedData>
        <Polygon>
          <outerBoundaryIs>
            <LinearRing>
              <coordinates>
                83.8284318407919,28.2139317270334,0
                83.8286710648808,28.2136658168287,0
                83.828977095087,28.2132104884347,0
                83.8290880243813,28.212903767784,0
                83.8293731841092,28.2123716332463,0
                83.8297431430215,28.2119548020844,0
                83.8301333473467,28.2116123393892,0
                83.830264896663,28.2113846749085,0
                83.8303541418493,28.2110802039761,0
                83.8303795186986,28.2107734193815,0
                83.8304691380402,28.2104688856376,0
                83.8306881793198,28.2100879241918,0
                83.8308835941431,28.2098986319866,0
                83.8311588769185,28.209556104461,0
                83.831188498386,28.2095200463211,0
                83.8316015785824,28.209008411773,0
                83.8318864267005,28.2084492171407,0
                83.8321728996573,28.2078855225072,0
                83.8321760913311,28.207655418097,0
                83.8320937322387,28.2074252502434,0
                83.8313817258765,28.2062850303942,0
                83.831159205082,28.2057003921373,0
                83.8310304788679,28.2053618587819,0
                83.8307793963866,28.2049170828269,0
                83.8307193483816,28.2046101714685,0
                83.8305318191779,28.2042263907277,0
                83.8302799854791,28.2038583577955,0
                83.8302391812653,28.2037048714724,0
                83.8301759416256,28.2036281274939,0
                83.8301791333267,28.203398023,0
                83.8302893724541,28.2031680458757,0
                83.83092005192,28.2025032413618,0
                83.8311591489419,28.2022960142175,0
                83.8312671991202,28.2022013366678,0
                83.8313759366519,28.2020684128411,0
                83.8315739181584,28.2016873260341,0
                83.8316241099273,28.2011504374988,0
                83.8314614567549,28.200534366214,0
                83.8313891107417,28.1995754522523,0
                83.8313507466608,28.1992685414765,0
                83.8312513341348,28.1987111528143,0
                83.8312556522257,28.198404368593,0
                83.831324274277,28.1980975851092,0
                83.8320922615129,28.1967268467048,0
                83.8322483121475,28.1962690785393,0
                83.8322547584616,28.1958088076349,0
                83.8320751141672,28.1948858259077,0
                83.8320783055106,28.1946557219643,0
                83.8321906734068,28.1942745711613,0
                83.8325648888708,28.1935125207189,0
                83.8325915805525,28.1931289932545,0
                83.8325326586194,28.1927454025602,0
                83.8324076170637,28.1925128593285,0
                83.8322439001227,28.1919734679132,0
                83.8322268455512,28.191666620156,0
                83.8323883409489,28.1908252618056,0
                83.8328140624617,28.1894496437708,0
                83.8328162527803,28.1892961571558,0
                83.8325896714029,28.1886415886139,0
                83.8324678843248,28.1881609420926,0
                83.832471076683,28.1879307756438,0
                83.8326253123833,28.187626431257,0
                83.8327553593977,28.1875137556838,0
                83.8334027178046,28.1871174894835,0
                83.8336415040298,28.1868718907936,0
                83.8337986183512,28.1863554394976,0
                83.8339340481316,28.1858389264811,0
                83.8343273818431,28.1852505486172,0
                83.8345881654476,28.1849666410376,0
                83.8348478851792,28.1847571015973,0
                83.8349793714461,28.184549684907,0
                83.8351942818141,28.1844755079573,0
                83.8356256031642,28.1842504096831,0
                83.8357972065564,28.1842145406285,0
                83.8359481873416,28.1841199267912,0
                83.8362733380933,28.1838157719369,0
                83.8363596399355,28.183779776675,0
                83.8365333700531,28.1835904838734,0
                83.836665232146,28.1833424463057,0
                83.8367327284925,28.1831124058993,0
                83.8367348559065,28.1829589821579,0
                83.8366534981947,28.1826520713574,0
                83.8365078987745,28.1823428466555,0
                83.8364681585156,28.1821126800583,0
                83.836556964052,28.1818826398774,0
                83.8366220191759,28.1818263331519,0
                83.8369019216815,28.1817160973635,0
                83.8370753390204,28.1815448657427,0
                83.8370778428377,28.1813530707121,0
                83.836931116024,28.1811408373758,0
                83.8368078908439,28.180754870909,0
                83.8369201956104,28.1803737197924,0
                83.8370519958219,28.180143805328,0
                83.8371643000925,28.179762653972,0
                83.8371877379394,28.1796092311219,0
                83.8371106981069,28.1789954728469,0
                83.8371565090347,28.1787654315444,0
                83.8371395176917,28.1784585847489,0
                83.8368248197399,28.1779956838618,0
                83.836571545925,28.1777427033521,0
                83.8364483196621,28.1773567986526,0
                83.8366270570504,28.1768222869582,0
                83.8362639192845,28.1767789729215,0
                83.8360075158812,28.176758408137,0
                83.8356238829656,28.1766383505887,0
                83.8345039285183,28.1756082388006,0
                83.8340009488632,28.1748360505763,0
                83.8337506166107,28.1743732141424,0
                83.8334210545507,28.1734478554516,0
                83.8332324606476,28.1731768768617,0
                83.8330204290172,28.1730209503495,0
                83.8328925102087,28.1729801394083,0
                83.832314899332,28.17297494283,0
                83.8321862915762,28.1729927519681,0
                83.8318666491015,28.1728931935152,0
                83.8314826394409,28.1728115073598,0
                83.8311598101081,28.1726778888709,0
                83.830907971533,28.1725738941452,0
                83.8302715027843,28.1721263621325,0
                83.8299501083713,28.1721237948732,0
                83.8294336118678,28.1722922715821,0
                83.8289837345043,28.1722872028476,0
                83.8285364860279,28.1721107111837,0
                83.8280026848502,28.1719724026098,0
                83.8279348140385,28.1722205045214,0
                83.8279553725937,28.1722972476515,0
                83.8282486989339,28.1727600854838,0
                83.8283097483322,28.1729903157258,0
                83.8282862484988,28.1731436757268,0
                83.8281768225158,28.1733149713142,0
                83.8278742338938,28.1735041992927,0
                83.8277214372568,28.1737137404198,0
                83.827695809601,28.174020524968,0
                83.8277363017738,28.1741740113733,0
                83.8276453061192,28.1745574128742,0
                83.8275340646021,28.1748438225894,0
                83.8270992392246,28.1752990241734,0
                83.8263837597697,28.1759252681702,0
                83.8260807333209,28.1761324951863,0
                83.825581290609,28.176607881233,0
                83.8249752380272,28.177062830627,0
                83.8248029465187,28.1771370714441,0
                83.8245450432083,28.1771908749364,0
                83.8244367435927,28.1772674280976,0
                83.8238996254274,28.1773772844633,0
                83.8233007702863,28.1772953449444,0
                83.8228969536401,28.1770804831906,0
                83.8223855253915,28.1768835556563,0
                83.8215288283432,28.1768553568776,0
                83.8209303482933,28.1767552946384,0
                83.8206966325922,28.1766173659712,0
                83.820316315322,28.1762491425361,0
                83.8198496349375,28.1759191030535,0
                83.819338207646,28.1757221749714,0
                83.8190817425628,28.1756812374526,0
                83.8188903323849,28.1756019912406,0
                83.8183821588724,28.1751748968146,0
                83.8180260934612,28.1745968188819,0
                83.8178812445782,28.1742492856196,0
                83.8178877536017,28.1737890150897,0
                83.8178281430729,28.1734437329387,0
                83.8178125908822,28.1730399572978,0
                83.817752291745,28.1727510450371,0
                83.8174832162883,28.1720964118123,0
                83.8173131161808,28.1719991682575,0
                83.8170585288244,28.1718251178398,0
                83.8167598204267,28.1717434953324,0
                83.8164171162185,28.1717408028283,0
                83.8160739737866,28.1717764192375,0
                83.8156440929505,28.1718683412708,0
                83.8136833381754,28.1726914233431,0
                83.8128230110911,28.1729316373205,0
                83.8124794941061,28.1729853146303,0
                83.8123082673294,28.1729647517189,0
                83.8120526780488,28.1728854422689,0
                83.8119038251072,28.1727882608842,0
                83.8116476724301,28.1727292620063,0
                83.8113053442087,28.1727061963847,0
                83.8111334293519,28.1727420650917,0
                83.8107025457725,28.1729287290072,0
                83.8104432016701,28.1730795243194,0
                83.8100141333007,28.1731330751892,0
                83.8095435098296,28.1730895709701,0
                83.8095398807886,28.173339985544,0
                83.8095373774204,28.1735137205283,0
                83.8095991153227,28.1736852679872,0
                83.8096174830977,28.1739153721489,0
                83.8096116629713,28.1743191486333,0
                83.8097318853685,28.1748947224891,0
                83.8099362823422,28.1755876010424,0
                83.8102089247077,28.1759940684974,0
                83.8103110912063,28.1763394136172,0
                83.8102998271391,28.1771448398254,0
                83.8102767024403,28.1772598298995,0
                83.8103576230354,28.1775871138634,0
                83.8105027838973,28.1779347094254,0
                83.8106700053624,28.178223748118,0
                83.8106692542943,28.1782801178963,0
                83.8108997163802,28.1786279653911,0
                83.8108982145925,28.1787429547233,0
                83.81085302925,28.1789166261379,0
                83.8107211673906,28.1791442906538,0
                83.8103288980167,28.1796198038907,0
                83.8101547925834,28.1797910348953,0
                83.8100670505402,28.1799623313507,0
                83.810065236874,28.1800775079228,0
                83.8097515707679,28.1810539147813,0
                83.8095774031204,28.1812250835524,0
                83.8092751273976,28.1814119367608,0
                83.8090998959139,28.1816801597273,0
                83.8090543987483,28.1818515811494,0
                83.8090511443951,28.1820816847382,0
                83.8091121314515,28.1823118526302,0
                83.8094895693951,28.1828922433624,0
                83.809550556822,28.1831224110373,0
                83.8095259926275,28.1833525147348,0
                83.8092590140094,28.184040260808,0
                83.8092120153134,28.1843267337032,0
                83.809207258458,28.1846741393675,0
                83.8092476868014,28.1848457499789,0
                83.8092624879514,28.1853058955029,0
                83.8091710547374,28.1857073581625,0
                83.8091174842101,28.1864562893424,0
                83.8091572243446,28.1866865185967,0
                83.8093681915572,28.1868988780603,0
                83.8104333526987,28.1873336055068,0
                83.8108989071659,28.1877402630889,0
                83.8110672554583,28.187952559239,0
                83.81110806002,28.1881060461074,0
                83.8111000484894,28.1886813062232,0
                83.811028486124,28.1891978833442,0
                83.810971660657,28.1901746685081,0
                83.8108119811135,28.190864853602,0
                83.8108046586251,28.1913814939314,0
                83.8108418332221,28.1917853324774,0
                83.8109234418081,28.1920742457046,0
                83.8109393064489,28.1924757715845,0
                83.8109323601452,28.1929745386631,0
                83.8108336663339,28.1938947665495,0
                83.8108256565636,28.1944678386531,0
                83.8108857045438,28.1947566886066,0
                83.8109577381062,28.1957359133427,0
                83.8110772717285,28.1963700451572,0
                83.8111317504977,28.1970604838933,0
                83.8112960930989,28.1975796265779,0
                83.8115449231269,28.1981575157436,0
                83.8115622892797,28.1984440521972,0
                83.8115376635494,28.1986741556589,0
                83.8114708562233,28.1988455147115,0
                83.8114892247344,28.199075680977,0
                83.8115921422819,28.1993645939935,0
                83.8119934542654,28.1997915620475,0
                83.8124385126405,28.200139537315,0
                83.8128633253548,28.2004131444132,0
                83.8133488125729,28.2009169188192,0
                83.8136218930085,28.201321136284,0
                83.8139748296365,28.2021293187488,0
                83.8142204678029,28.2029373112915,0
                83.8142792638992,28.2033412759954,0
                83.8143608721009,28.2036301262833,0
                83.8143066761134,28.2044332398842,0
                83.8142144917525,28.2048932591801,0
                83.8142230963156,28.2058138628176,0
                83.8142419033933,28.2059853473686,0
                83.8143853123377,28.2064479956091,0
                83.8144838484463,28.2070821266673,0
                83.8145861402738,28.2074274095907,0
                83.8146691885467,28.2076012705535,0
                83.815304460713,28.2084503287059,0
                83.8154057569041,28.2085859424839,0
                83.8157020245457,28.2088570478412,0
                83.8162546932298,28.2092074619241,0
                83.8163818612869,28.2093227038617,0
                83.8165273973595,28.2096681118577,0
                83.8166516248905,28.2099773982688,0
                83.8167795437001,28.2100361457325,0
                83.8172465993172,28.2103639353026,0
                83.817502062639,28.2105018641239,0
                83.8177342759409,28.2107729057616,0
                83.8179852953164,28.2112538042365,0
                83.8182811866216,28.2115610306001,0
                83.818983834893,28.2119138851802,0
                83.8194322105571,28.212031818457,0
                83.8199455774371,28.2121136942187,0
                83.8203947034545,28.2121751961189,0
                83.8206295453237,28.2122545050884,0
                83.8208856970145,28.2123338144802,0
                83.8213964980701,28.2126074225451,0
                83.8216718312383,28.212840218048,0
                83.821904483087,28.2130908870041,0
                83.822223123688,28.2133033102553,0
                83.8225425146144,28.2134594886259,0
                83.8229905139102,28.2136179813939,0
                83.823245538827,28.2137739710537,0
                83.8236913474981,28.2141220095617,0
                83.8240750424065,28.2142781886892,0
                83.8249747347441,28.2143063876441,0
                83.8254263013763,28.2141964046661,0
                83.8257482584989,28.2141607258512,0
                83.826070215387,28.2141634186792,0
                83.8264545368746,28.2142789760881,0
                83.8267117517637,28.2142815428556,0
                83.8269704071126,28.2141893680103,0
                83.8277479992371,28.2137346091064,0
                83.8279415988686,28.2136987399974,0
                83.8281341347075,28.2137373643221,0
                83.8284318407919,28.2139317270334,0
              </coordinates>
            </LinearRing>
          </outerBoundaryIs>
        </Polygon>
      </Placemark>
      <Placemark id="GA_SYANGJA_Phedikhola.4">
        <ExtendedData>
          <SchemaData schemaUrl="#GA_SYANGJA_Phedikhola.schema">
            <SimpleData name="ogc_fid">2984</SimpleData>
            <SimpleData name="objectid_1">2985</SimpleData>
            <SimpleData name="dcode">39</SimpleData>
            <SimpleData name="district">SYANGJA</SimpleData>
            <SimpleData name="das">0</SimpleData>
            <SimpleData name="gapa_napa">Phedikhola</SimpleData>
            <SimpleData name="type_gn">Gaunpalika</SimpleData>
            <SimpleData name="gn_code">9.000000000000000</SimpleData>
            <SimpleData name="new_ward_n">3</SimpleData>
            <SimpleData name="ddgnww">390903.000000000058208</SimpleData>
            <SimpleData name="center">Phedikhola</SimpleData>
            <SimpleData name="state_code">4</SimpleData>
            <SimpleData name="ddgn">39009</SimpleData>
            <SimpleData name="area_sqkm">5.014457508180000</SimpleData>
            <SimpleData name="shape_leng">14454.798262700000123</SimpleData>
            <SimpleData name="shape_area">5014457.508179999887943</SimpleData>
            <SimpleData name="Province">GA</SimpleData>
            <SimpleData name="Address">Phedikhola-3, SYANGJA, GA</SimpleData>
          </SchemaData>
        </ExtendedData>
        <Polygon>
          <outerBoundaryIs>
            <LinearRing>
              <coordinates>
                83.8605575778663,28.1409744187164,0
                83.8602169385783,28.1408544869651,0
                83.8599602218523,28.1408700438385,0
                83.8597023799335,28.140962281601,0
                83.8592709318628,28.1412415618647,0
                83.8587496786285,28.1417870036363,0
                83.8580083818331,28.1427857136931,0
                83.8577239738185,28.143238918627,0
                83.8575891080007,28.1436945002364,0
                83.8576397076177,28.1446105426187,0
                83.8575072816141,28.1449127011771,0
                83.8572466236606,28.1451764227374,0
                83.8567931779402,28.1454940114786,0
                83.8568504724384,28.1459701565223,0
                83.8568449032796,28.1463514350321,0
                83.8568211538282,28.1465047958855,0
                83.856688665142,28.1468069534916,0
                83.8566624123386,28.147131923996,0
                83.8566512730388,28.1479124151063,0
                83.85660514954,28.1481402690488,0
                83.8563857335005,28.1485190429868,0
                83.8562770584269,28.1486317191398,0
                83.8557586197976,28.1490034891606,0
                83.8551360126783,28.1491855256943,0
                83.8549197258345,28.149336508469,0
                83.8547894277681,28.1494694321113,0
                83.8545483908449,28.1498278958765,0
                83.8544582710065,28.1501346787282,0
                83.8542175460997,28.150493142201,0
                83.8540222563437,28.1506643741225,0
                83.8537850354079,28.150794983566,0
                83.8535453743067,28.1510790161478,0
                83.8533245825757,28.1515344713127,0
                83.8529954911824,28.1520665428545,0
                83.852729327095,28.1526731706508,0
                83.8526188987482,28.1529212092602,0
                83.8524221697578,28.1531872443066,0
                83.8522272555205,28.1533359156234,0
                83.8519691001245,28.153430402461,0
                83.8517126352411,28.1534075884217,0
                83.8514796064363,28.153269722514,0
                83.8512913253555,28.1529806824432,0
                83.8508665117582,28.1527862559576,0
                83.8503323339653,28.1527405017011,0
                83.8500531826282,28.1527943674142,0
                83.849815961356,28.1529249771385,0
                83.8492929564796,28.1535493498609,0
                83.8490976665821,28.1537205809673,0
                83.8486668452221,28.1539254304324,0
                83.8485578570916,28.1540584789506,0
                83.848015983152,28.1545089919063,0
                83.8476295333421,28.1546011027291,0
                83.8469671855832,28.1545349103439,0
                83.8464741876007,28.1545862735971,0
                83.8459595674591,28.154675944717,0
                83.8455926751718,28.154883107014,0
                83.8453317038707,28.1551647654343,0
                83.8451996549793,28.1553924920197,0
                83.8449763598676,28.1560014332188,0
                83.8445870027328,28.157679525468,0
                83.8444339568715,28.1578868791347,0
                83.8442389171235,28.1580581106664,0
                83.8441526782048,28.1580941680222,0
                83.8439783217469,28.1583037710717,0
                83.8436694132306,28.1589102740851,0
                83.843344513624,28.1591942434049,0
                83.8428262643519,28.1594936448939,0
                83.8420513000313,28.1597882932937,0
                83.8415356159141,28.1599366466399,0
                83.8409368216007,28.1599291383264,0
                83.8403396544591,28.1597885787096,0
                83.8396555587135,28.159760695611,0
                83.8393331002582,28.1598528695036,0
                83.8390961924943,28.1599631062474,0
                83.8389654567897,28.1601164028919,0
                83.8386789218462,28.1606462248975,0
                83.8383099012802,28.1610067483667,0
                83.8380673626607,28.1614622038112,0
                83.8379747405707,28.1619200977139,0
                83.8378987975819,28.1626825905932,0
                83.8378096794523,28.1629103181156,0
                83.8378075520846,28.1630637414262,0
                83.837580627779,28.1639027247241,0
                83.8375260569317,28.1646652172359,0
                83.8373918181613,28.1650463681074,0
                83.8372383964076,28.165274032353,0
                83.8368043834054,28.1656706142623,0
                83.8363948095095,28.1658754020545,0
                83.8359178648745,28.1662696710069,0
                83.8358318759789,28.1663079162838,0
                83.8356361481848,28.166515269073,0
                83.8352895012474,28.1667855514505,0
                83.8350515294672,28.1669680309483,0
                83.8345541512577,28.1673464263014,0
                83.834380420642,28.1675357189138,0
                83.8339687182591,28.1678939928815,0
                83.8335332028811,28.1684439357332,0
                83.8333818461301,28.1685587983907,0
                83.8325214549578,28.1688939413891,0
                83.831917903943,28.1691932173728,0
                83.831659310659,28.1693418249651,0
                83.8311597453651,28.1697021590068,0
                83.83079428958,28.1699656915701,0
                83.8305364476051,28.1700218077639,0
                83.8291564947809,28.1706585407364,0
                83.8285934991279,28.171095429478,0
                83.8282872807999,28.1715328221538,0
                83.8281352357452,28.1716859938558,0
                83.8280026848502,28.1719724026098,0
                83.8285364860279,28.1721107111837,0
                83.8289837345043,28.1722872028476,0
                83.8294336118678,28.1722922715821,0
                83.8299501083713,28.1721237948732,0
                83.8302715027843,28.1721263621325,0
                83.830907971533,28.1725738941452,0
                83.8311598101081,28.1726778888709,0
                83.8314826394409,28.1728115073598,0
                83.8318666491015,28.1728931935152,0
                83.8321862915762,28.1729927519681,0
                83.832314899332,28.17297494283,0
                83.8328925102087,28.1729801394083,0
                83.8330204290172,28.1730209503495,0
                83.8332324606476,28.1731768768617,0
                83.8334210545507,28.1734478554516,0
                83.8337506166107,28.1743732141424,0
                83.8340009488632,28.1748360505763,0
                83.8345039285183,28.1756082388006,0
                83.8356238829656,28.1766383505887,0
                83.8360075158812,28.176758408137,0
                83.8362639192845,28.1767789729215,0
                83.8366270570504,28.1768222869582,0
                83.8371215568632,28.1766559355878,0
                83.8373162209979,28.1765050147152,0
                83.8376633686661,28.1761647386707,0
                83.837729050097,28.176049750075,0
                83.8385333977185,28.1751392206914,0
                83.8388173055556,28.1747402608132,0
                83.8389281095839,28.1744538512482,0
                83.8391255899508,28.1741111355319,0
                83.8393480730225,28.1734819458609,0
                83.8394574987276,28.1733106512242,0
                83.8395683647374,28.1730242411446,0
                83.8396336702949,28.1729476237783,0
                83.8398063371178,28.1728350118489,0
                83.8401281701444,28.1727812099511,0
                83.8405764833218,28.1728629593897,0
                83.8406400360113,28.1729013942751,0
                83.8408542580598,28.1728858362506,0
                83.841048922342,28.1727349162706,0
                83.8411583486522,28.1725636202467,0
                83.8412709669239,28.1721620964246,0
                83.8413583326293,28.1720291094052,0
                83.8415526849308,28.1718962497584,0
                83.8418319613585,28.1718243855006,0
                83.8420052537995,28.1716734024438,0
                83.8424933380618,28.1704128369202,0
                83.8426890671094,28.1701851731349,0
                83.843035401458,28.1699013297619,0
                83.8432311294428,28.1696736660802,0
                83.8433416200472,28.1694075662591,0
                83.843408427359,28.1692158975208,0
                83.8435604734846,28.1690446653371,0
                83.8439494261098,28.1687810702958,0
                83.8447873818897,28.1685225446419,0
                83.8451951413756,28.1684508081739,0
                83.8454537347976,28.1683202616595,0
                83.8455187892568,28.1682639550701,0
                83.8455852217589,28.1680925337664,0
                83.8457158950261,28.167921238952,0
                83.8458704431996,28.1675784602059,0
                83.8460661720582,28.1673508591479,0
                83.8465858618546,28.1668957213415,0
                83.8466804757291,28.1667874820367,0
                83.846934198452,28.166499012699,0
                83.8471746728599,28.1661586097618,0
                83.8472196693562,28.1660233100545,0
                83.8474377704838,28.165759587353,0
                83.847762357025,28.1655140522646,0
                83.8480848783237,28.1654038180024,0
                83.8490495643352,28.1653011552492,0
                83.849370333087,28.1653037220671,0
                83.8498214000904,28.1651959262342,0
                83.8503986346223,28.1652213705292,0
                83.8505918593107,28.1651855027376,0
                83.8510213048805,28.1650753943793,0
                83.8512808984919,28.1649064759697,0
                83.8516030441805,28.1648143648408,0
                83.8525027375731,28.1647498843537,0
                83.8528255715082,28.1646396500629,0
                83.8530841648654,28.1645091034577,0
                83.8546952066836,28.1641069776241,0
                83.8549544886656,28.1639381222663,0
                83.8552776982856,28.1637894529995,0
                83.8556885866533,28.1634876750884,0
                83.8563171380039,28.1629602947215,0
                83.8565113637745,28.1628679312677,0
                83.8568558837352,28.16271945022,0
                83.8572443980051,28.162494289466,0
                83.8575927350292,28.1620975812939,0
                83.8578320203559,28.1618519198776,0
                83.8580699915882,28.1616806891696,0
                83.858715661008,28.1614219100162,0
                83.8591656643576,28.1613704848041,0
                83.8595741115708,28.1612400031195,0
                83.8598343944212,28.1610147151619,0
                83.8602264132049,28.1605616377203,0
                83.8604499584196,28.1599323852186,0
                83.860649378412,28.1594768675761,0
                83.8607367445721,28.1593618787982,0
                83.8610613306043,28.159118531842,0
                83.861772304771,28.158801133864,0
                83.862160756936,28.1585759733511,0
                83.862741432848,28.1583735005387,0
                83.8633207327725,28.1582657695024,0
                83.8637064321077,28.1582322787926,0
                83.8640910669371,28.158275531447,0
                83.8643461558917,28.1583729015194,0
                83.8647301031499,28.1584364016046,0
                83.8651134241562,28.1585563342324,0
                83.8655592984229,28.1587733216961,0
                83.8661983337728,28.1589341299559,0
                83.8669680429287,28.1589462034251,0
                83.8674174213319,28.1589127758288,0
                83.867737814989,28.1589379036035,0
                83.8681857539039,28.1590195289894,0
                83.8686347557168,28.159026785458,0
                83.8689558385397,28.1589932306312,0
                83.8690836955575,28.1590339790299,0
                83.8692123041981,28.1590160449046,0
                83.8695963138615,28.1590592354877,0
                83.8700431885652,28.1592176029067,0
                83.870300029471,28.1592042952435,0
                83.8705148773115,28.1591299928424,0
                83.8710979947084,28.1587200397434,0
                83.8712286679879,28.1585486823184,0
                83.8715539438992,28.15824890208,0
                83.8717048622713,28.1581565377209,0
                83.8720518230742,28.1578184489428,0
                83.872356790658,28.1574216776144,0
                83.8724046030272,28.1570810220578,0
                83.8722203900216,28.1565055710799,0
                83.8721414090566,28.1560474859984,0
                83.8721437876644,28.1558760637808,0
                83.8721889096851,28.1557250161873,0
                83.8726227973693,28.1552921249379,0
                83.8727297859442,28.1551546388136,0
                83.8728208991767,28.1551412039248,0
                83.8729045757587,28.1551299568181,0
                83.8731956029413,28.1549746001915,0
                83.873497631127,28.1546590089932,0
                83.8737421114531,28.1540071968022,0
                83.8735622063181,28.1535784200174,0
                83.8731672064957,28.1531155184753,0
                83.8728483791723,28.1528580365543,0
                83.8728210084127,28.1528489740833,0
                83.8727224591792,28.15281503824,0
                83.8722965191211,28.1526950428933,0
                83.872039740189,28.152710599686,0
                83.8716103575821,28.1528365815681,0
                83.8713538920281,28.1528340776731,0
                83.870837269124,28.1530749852577,0
                83.8699773776114,28.1534058161813,0
                83.8693768300677,28.1535293579478,0
                83.8690343755639,28.1535425387954,0
                83.8685180033944,28.1537653853575,0
                83.8683464633923,28.1538013165476,0
                83.8680882455484,28.1539116156487,0
                83.867915703466,28.1540220402013,0
                83.867573624251,28.1540374711547,0
                83.8668933463202,28.1537592980665,0
                83.866342363719,28.1534090703935,0
                83.8659622340006,28.1530793443038,0
                83.8657735150781,28.1528287397011,0
                83.8655198654916,28.1526164420976,0
                83.8652906543208,28.1522124124045,0
                83.8649971392031,28.1518081944264,0
                83.8648304802707,28.1515012192488,0
                83.8647277498486,28.1512122439507,0
                83.864774937328,28.1509077727476,0
                83.8650575309861,28.1505876812348,0
                83.8655305962314,28.1504053924922,0
                83.8656825788045,28.1502363478489,0
                83.8658890087857,28.149266439469,0
                83.8659179525121,28.1487520487383,0
                83.8661383699692,28.1482987808582,0
                83.8663993413262,28.1479967502784,0
                83.8665502598728,28.1479043860206,0
                83.8667466143736,28.14762028925,0
                83.8667706777403,28.1474488681668,0
                83.8666655691139,28.147315628385,0
                83.8664750977992,28.147177825636,0
                83.8663898593516,28.1471574510995,0
                83.8663043075465,28.1471754481194,0
                83.8657477565633,28.1472244968791,0
                83.8654051139845,28.1472580511291,0
                83.8649364919115,28.1471379918501,0
                83.8646797129989,28.147153549331,0
                83.8643359442034,28.1472614710964,0
                83.863905185304,28.1474843816531,0
                83.8632179602096,28.1477024759313,0
                83.8629192516882,28.1476616622191,0
                83.8623215200848,28.1475956592427,0
                83.8620640530984,28.147647275486,0
                83.8617220367517,28.1476423950935,0
                83.8614669479233,28.1475451500049,0
                83.8612126100895,28.1473869731008,0
                83.8610243285684,28.1471182438802,0
                83.860807320515,28.1458569178518,0
                83.8607252736487,28.1456266869066,0
                83.8605582394998,28.1453400226516,0
                83.8603937081285,28.1448795617359,0
                83.8603364126746,28.1444215400387,0
                83.8603077486723,28.1434491280895,0
                83.860298704378,28.1425917678787,0
                83.8604321313751,28.1422489884885,0
                83.8608010898903,28.1418545307517,0
                83.8609138955221,28.1414553180939,0
                83.8608744049517,28.1412274008311,0
                83.8605575778663,28.1409744187164,0
              </coordinates>
            </LinearRing>
          </outerBoundaryIs>
        </Polygon>
      </Placemark>
      <Placemark id="GA_SYANGJA_Phedikhola.5">
        <ExtendedData>
          <SchemaData schemaUrl="#GA_SYANGJA_Phedikhola.schema">
            <SimpleData name="ogc_fid">2999</SimpleData>
            <SimpleData name="objectid_1">3000</SimpleData>
            <SimpleData name="dcode">39</SimpleData>
            <SimpleData name="district">SYANGJA</SimpleData>
            <SimpleData name="das">0</SimpleData>
            <SimpleData name="gapa_napa">Phedikhola</SimpleData>
            <SimpleData name="type_gn">Gaunpalika</SimpleData>
            <SimpleData name="gn_code">9.000000000000000</SimpleData>
            <SimpleData name="new_ward_n">1</SimpleData>
            <SimpleData name="ddgnww">390900.999999999941792</SimpleData>
            <SimpleData name="center">Phedikhola</SimpleData>
            <SimpleData name="state_code">4</SimpleData>
            <SimpleData name="ddgn">39009</SimpleData>
            <SimpleData name="area_sqkm">9.748522223400000</SimpleData>
            <SimpleData name="shape_leng">16555.100205800001277</SimpleData>
            <SimpleData name="shape_area">9748522.223400000482798</SimpleData>
            <SimpleData name="Province">GA</SimpleData>
            <SimpleData name="Address">Phedikhola-1, SYANGJA, GA</SimpleData>
          </SchemaData>
        </ExtendedData>
        <Polygon>
          <outerBoundaryIs>
            <LinearRing>
              <coordinates>
                83.923485910806,28.1683771239086,0
                83.9242027116554,28.167274172375,0
                83.9242794532742,28.1671908066025,0
                83.9245359273326,28.1667893469196,0
                83.924550863328,28.1667645370834,0
                83.9246943513018,28.1664013848334,0
                83.9247004136679,28.1663675754577,0
                83.924865899443,28.1659841129974,0
                83.9250178848502,28.1657179514135,0
                83.9250089495614,28.1656412714048,0
                83.925063950475,28.1652374332449,0
                83.9250528908463,28.1651945620789,0
                83.9250623341976,28.164831344969,0
                83.9251444577762,28.1643418283238,0
                83.9253357553583,28.1638140046991,0
                83.9253806888154,28.1637395740547,0
                83.9253947521428,28.1636154606514,0
                83.9255898610859,28.1631327581187,0
                83.9258620236442,28.162564375758,0
                83.9260180693711,28.1623388367796,0
                83.9264784612877,28.1615449782056,0
                83.9265052075449,28.1615449790215,0
                83.926895041034,28.1610330313586,0
                83.9269654077926,28.1609721630117,0
                83.9270597775294,28.1606406322431,0
                83.9270617785335,28.160563889547,0
                83.9269476093668,28.1604171510209,0
                83.9269069906309,28.1603404072485,0
                83.9267403296808,28.1601462965543,0
                83.9264926178695,28.1599183132,0
                83.9262570299788,28.1596407096635,0
                83.9259761958917,28.1594442858216,0
                83.9257471678594,28.1592568615807,0
                83.92556950957,28.1590153805438,0
                83.9254855226272,28.1589386362302,0
                83.9250232206547,28.1583991777058,0
                83.9246187190095,28.1580605150879,0
                83.9242422133632,28.1577106024477,0
                83.9240666787964,28.1575097431807,0
                83.9240339335104,28.1574758707624,0
                83.9236092526557,28.1569093531145,0
                83.9233796624608,28.1566610592388,0
                83.9231930672273,28.1564285773331,0
                83.9230643399359,28.1561848471301,0
                83.9227533883898,28.1558462485644,0
                83.9224918056952,28.1555031496577,0
                83.9223821369899,28.1552977915468,0
                83.9223636465841,28.1549413239022,0
                83.9223795827147,28.1548736424272,0
                83.9223862705603,28.1548465828288,0
                83.9223902091401,28.1547518419961,0
                83.9224488298339,28.154560047217,0
                83.9224934508042,28.1544856795082,0
                83.9225269483401,28.1544089997503,0
                83.9228557921754,28.153766188604,0
                83.9229216592319,28.1537007578782,0
                83.923335491772,28.1530512610609,0
                83.9233597414891,28.1529452085721,0
                83.9233616797658,28.1528685280808,0
                83.9232445792213,28.1524375653222,0
                83.9232409062455,28.1517584388234,0
                83.9232406575087,28.1516817589003,0
                83.9232467832001,28.151618576796,0
                83.9232471598265,28.1515373344635,0
                83.9230969924289,28.1515169588019,0
                83.9230463754295,28.1514852735406,0
                83.9229703862887,28.1514492124855,0
                83.9228014731782,28.1513408448633,0
                83.9226533069434,28.1512707866756,0
                83.9222538672678,28.1509659946807,0
                83.9220672710748,28.1507335128701,0
                83.921985597873,28.150568776614,0
                83.9219232960947,28.150492032453,0
                83.9218759924959,28.1503362959308,0
                83.9218655661902,28.149839966306,0
                83.9218893196861,28.1495151205913,0
                83.9218782604177,28.149440627419,0
                83.9218614524762,28.149336824081,0
                83.9218163352632,28.1492668922842,0
                83.9216786046215,28.1491968967367,0
                83.9215631220469,28.1491088396281,0
                83.9214795092545,28.1490319702442,0
                83.921386712756,28.1488853573305,0
                83.9212954769919,28.1487838025014,0
                83.9208187967195,28.1484744478159,0
                83.9206279490199,28.1483841407663,0
                83.9203653012214,28.148187654323,0
                83.920313809712,28.1481109102746,0
                83.9203049372869,28.1480341675366,0
                83.9203386842313,28.1479665489305,0
                83.9203527464878,28.1478943055778,0
                83.9194671190166,28.147683998428,0
                83.9188742660743,28.147403889048,0
                83.9184646384902,28.1471487179121,0
                83.9167410729644,28.146371573569,0
                83.9160566070718,28.1461162108003,0
                83.9153284587238,28.1459353406215,0
                83.9144821984963,28.1458422729988,0
                83.9139505833078,28.1457833327267,0
                83.9127656226604,28.1455207752261,0
                83.9120535990235,28.1451864190981,0
                83.9111752287023,28.1445811476487,0
                83.9104523969027,28.1441791722033,0
                83.9097797423098,28.143887687961,0
                83.9093126816311,28.143824185958,0
                83.9082430108947,28.1438551037174,0
                83.9079892925117,28.1440083357251,0
                83.907888860701,28.1443850498828,0
                83.907821923819,28.1447685142066,0
                83.9078272818662,28.1455942521793,0
                83.9077649079275,28.1459710296517,0
                83.9079815497462,28.146774334871,0
                83.9081064513706,28.1477061900551,0
                83.9083547184268,28.1482975152453,0
                83.9088122692492,28.1489700865663,0
                83.9089659897301,28.1493831139378,0
                83.9088809932124,28.1497845765816,0
                83.9084022960738,28.1503482679254,0
                83.9082634205607,28.1512551205653,0
                83.908403833738,28.1515552834778,0
                83.9083405218037,28.1519365598407,0
                83.9080383056028,28.1522454028836,0
                83.907721274993,28.1527821610108,0
                83.9077485758521,28.1531815008779,0
                83.9076378336601,28.1535424037929,0
                83.9072535662191,28.1538444953555,0
                83.9068117959998,28.1546699135104,0
                83.9066359964169,28.1551886754234,0
                83.9061598690668,28.1553553409893,0
                83.9058578463259,28.1553934569531,0
                83.905253551828,28.1554291318009,0
                83.9045678305032,28.1554715544182,0
                83.9039515384749,28.1554147372677,0
                83.9037619403133,28.1553468659047,0
                83.9027487778624,28.1546535376915,0
                83.9024955696749,28.1542720680849,0
                83.9021451224154,28.15399208778,0
                83.9018992172162,28.15398733383,0
                83.9014657108773,28.1541066912808,0
                83.9009900814553,28.1543860959754,0
                83.9007699804423,28.1546205711621,0
                83.9004312093985,28.1548369208496,0
                83.8999653325572,28.1548952213562,0
                83.898977404263,28.1548380856141,0
                83.8979132386461,28.1546094018472,0
                83.8969567981303,28.154890736422,0
                83.8966148385346,28.1551453947049,0
                83.8962003269185,28.1553639310229,0
                83.8956285291889,28.1553544857137,0
                83.8951218510474,28.1551466207322,0
                83.8942836615751,28.1545954075321,0
                83.8937453610575,28.1544934707361,0
                83.8934372759674,28.1545902071246,0
                83.8927589162016,28.1551966413831,0
                83.8918114779835,28.1553357391068,0
                83.8916140642879,28.1554754726113,0
                83.8915133227677,28.1557009504486,0
                83.8912782246609,28.1559512372014,0
                83.8907947869214,28.1560636562966,0
                83.8900326375222,28.1561172022731,0
                83.8896601282109,28.1559882703167,0
                83.889488218068,28.1557444775047,0
                83.8893956121586,28.1554443151303,0
                83.888441198168,28.1543787096323,0
                83.8879332135744,28.153931553992,0
                83.8875970101969,28.1538116849708,0
                83.8873287334687,28.1538453648985,0
                83.8867639269625,28.1541810133949,0
                83.8863544199321,28.1541739448058,0
                83.8855887130526,28.1539860117184,0
                83.885414235635,28.1540220060558,0
                83.8851797663028,28.1540691853268,0
                83.8846895792601,28.154222163744,0
                83.8840550951864,28.1545284382338,0
                83.8837455063742,28.1547695993116,0
                83.883897547861,28.154832908292,0
                83.8839977195121,28.154918714422,0
                83.8840860817062,28.1549887096086,0
                83.8843385446545,28.1551649481332,0
                83.8844116583505,28.1552349428684,0
                83.8844551501882,28.1553454954551,0
                83.8844784548192,28.1555508525134,0
                83.8844744524224,28.1557042762045,0
                83.8842450334414,28.1563109674125,0
                83.8842538432042,28.1563876482217,0
                83.8842849629856,28.1564260202171,0
                83.8845397398982,28.1565074541446,0
                83.8848178900482,28.1565144584087,0
                83.8849880538269,28.1565552067921,0
                83.8854110557109,28.1567541330099,0
                83.8857664392059,28.1570860460151,0
                83.8859530346317,28.1573208402574,0
                83.8861221972694,28.1573999609786,0
                83.886207436391,28.1574203358703,0
                83.8866347536501,28.1574477146996,0
                83.8866818722041,28.1574522776287,0
                83.886762673209,28.1574704645921,0
                83.886974517879,28.1575608350947,0
                83.8871020627189,28.1575925212536,0
                83.8876093018956,28.1578501309509,0
                83.8878644537415,28.1579135669941,0
                83.8879608788381,28.1579136314486,0
                83.888150413508,28.1580333735457,0
                83.8881895336752,28.1580333738943,0
                83.8884160008773,28.1581147450116,0
                83.8886049747247,28.1581623059327,0
                83.8888711860666,28.1583046731369,0
                83.8892413835929,28.1584764127169,0
                83.8894420418782,28.158589406328,0
                83.8899075982408,28.1588943232225,0
                83.8899622771896,28.1589575679306,0
                83.8901453678386,28.1594517761199,0
                83.8901737340594,28.1596977542133,0
                83.890166478726,28.1599842288271,0
                83.8896742781094,28.1608163330028,0
                83.8893002501245,28.1615898820114,0
                83.889200568153,28.161975594649,0
                83.8891286208073,28.1629095714612,0
                83.8891013073843,28.1631374259455,0
                83.8890789976264,28.1631757968716,0
                83.889046430689,28.1636089445564,0
                83.888730333664,28.164310313432,0
                83.888691767598,28.1647164008719,0
                83.8887223213675,28.1649848769242,0
                83.8888036192442,28.1651586747587,0
                83.888836362987,28.1652151075689,0
                83.8890806348069,28.1656213873203,0
                83.8893734656923,28.1658946173274,0
                83.889450640521,28.1659916722848,0
                83.8903370677284,28.1667888015027,0
                83.8903542532995,28.166804613407,0
                83.8906139631936,28.1670687807676,0
                83.8907096359737,28.1671658985066,0
                83.8908106166297,28.1674163777435,0
                83.8910666349257,28.1678994005317,0
                83.8913087195003,28.1682966807067,0
                83.8914058278873,28.1684794777902,0
                83.8914048899428,28.1685178497643,0
                83.8917123997115,28.1690866151601,0
                83.8918688705822,28.1694770194523,0
                83.8921701220844,28.1705196173687,0
                83.8922063025249,28.1706234211856,0
                83.8923082844989,28.1708355913613,0
                83.8923607132771,28.1709190840292,0
                83.8925179365409,28.1711944367477,0
                83.8931305795679,28.1724357718738,0
                83.8932793622498,28.1729299788811,0
                83.8933100975339,28.1734286222266,0
                83.8933703345879,28.1736813498955,0
                83.8933873927243,28.173773841711,0
                83.893397764448,28.1738731453569,0
                83.8934751870605,28.1741191243515,0
                83.893516179243,28.1741958059485,0
                83.8935685453168,28.1743380433579,0
                83.8936069751622,28.1744282857171,0
                83.8937635668597,28.1750420453595,0
                83.8937825626905,28.1751323501929,0
                83.893796872373,28.1751684715547,0
                83.8938203675394,28.1752361538771,0
                83.8938266791459,28.1752542148046,0
                83.8938310520833,28.1753399572819,0
                83.8938399241678,28.1754166373268,0
                83.893975206119,28.1760303963659,0
                83.8939410838324,28.1761048267072,0
                83.8936789276941,28.1763212407408,0
                83.8931596176486,28.1765215889636,0
                83.8928985247398,28.1766883825257,0
                83.8927892246518,28.17678074661,0
                83.8927226695428,28.1768754877373,0
                83.892665300226,28.1769634162885,0
                83.8926690483285,28.1770243483969,0
                83.8926709220999,28.1770581570901,0
                83.8927980272215,28.1772094587485,0
                83.8929055742124,28.1772794540602,0
                83.8930689858891,28.1774330047595,0
                83.8931846529674,28.1776970453152,0
                83.8933337501558,28.17808295028,0
                83.8934101073142,28.1784665414562,0
                83.8934010371468,28.1789245625318,0
                83.8935486334386,28.1793239656323,0
                83.8936431153159,28.1796286270441,0
                83.893694668448,28.1797234323161,0
                83.8937399073446,28.179971660119,0
                83.8937579024048,28.1801160220812,0
                83.893744464368,28.1802288247839,0
                83.893629726054,28.1803889332441,0
                83.8931971525384,28.1807067102252,0
                83.8931637182931,28.1807631416893,0
                83.8931177220999,28.1808893797049,0
                83.8931357789373,28.1810293044793,0
                83.8935115334548,28.1814356491712,0
                83.8936673212423,28.1816320707733,0
                83.8937083141219,28.1817110642858,0
                83.8937154345278,28.1818622384153,0
                83.8936153826356,28.1820020370816,0
                83.8935382660568,28.182089965023,0
                83.893253799804,28.1823311263289,0
                83.8932091793546,28.1824078061335,0
                83.8931625568791,28.1825589166882,0
                83.8931598678029,28.1826739684363,0
                83.8932024220258,28.1827980825851,0
                83.8932726609954,28.1828861387628,0
                83.8933136542556,28.1829628825976,0
                83.893386767177,28.1830328768193,0
                83.8935133746197,28.1831096845249,0
                83.893598675046,28.1831323091258,0
                83.8936832877459,28.1831819927929,0
                83.8939141280075,28.1833762288637,0
                83.8939659312219,28.1834529104842,0
                83.8939951132781,28.183570400038,0
                83.8939934867346,28.1836447688274,0
                83.8938843079339,28.1839402404365,0
                83.8937893175688,28.1841003488994,0
                83.8937420074309,28.1842898308093,0
                83.893750879149,28.1843665116631,0
                83.893990904103,28.1846193681481,0
                83.8941949971601,28.1848744723937,0
                83.8943849072111,28.1849919650324,0
                83.8946848628278,28.1851681411032,0
                83.8948105315577,28.1852855701799,0
                83.8948924547685,28.1854413075047,0
                83.8949120756847,28.1855180506705,0
                83.8949074476679,28.1857075332143,0
                83.894966122311,28.1859377011756,0
                83.8950907902568,28.1860935018382,0
                83.8953324405957,28.1862899249309,0
                83.8957430678136,28.1865835301109,0
                83.8960496466849,28.186834200053,0
                83.8964251513331,28.1872067345124,0
                83.8972893275871,28.1882000957009,0
                83.8973523181445,28.1882542793629,0
                83.8974384916839,28.1883468971959,0
                83.8978751127427,28.1887848641186,0
                83.8981879380747,28.1891347750849,0
                83.8983765344561,28.189310887202,0
                83.8984188409163,28.1893312604773,0
                83.8985015153703,28.1894283159354,0
                83.8985525099861,28.1893786961306,0
                83.8986606885403,28.1890809750111,0
                83.8986566285873,28.1889794837185,0
                83.89864400711,28.1888959915485,0
                83.8986371364948,28.1887335059287,0
                83.8986241394752,28.1886432641345,0
                83.8986175169733,28.1885643959857,0
                83.8986106447735,28.1884943399682,0
                83.8985321094731,28.1876753507875,0
                83.8985319234838,28.1875918578812,0
                83.8986177921651,28.1873279454035,0
                83.8988217716869,28.1869829178164,0
                83.899507820602,28.1862050619981,0
                83.9000431950806,28.1858196674059,0
                83.9004045219115,28.185772552667,0
                83.9007382313627,28.1855832628855,0
                83.9008258461516,28.1855088958806,0
                83.9010027023325,28.1852834194207,0
                83.9010794431345,28.1852068027265,0
                83.9011693719017,28.1850466305105,0
                83.9013723509371,28.184771533721,0
                83.9015108964451,28.1846521098455,0
                83.901979652298,28.1843839542202,0
                83.9024209709764,28.1842398493416,0
                83.9025082107212,28.1841744810051,0
                83.9025585175184,28.1841271739302,0
                83.9026289468556,28.1840437447563,0
                83.9026487589101,28.1839602533924,0
                83.9026519457887,28.183946754258,0
                83.9027001933871,28.183768521515,0
                83.9027238165896,28.1836714682733,0
                83.9027622548998,28.1834143670266,0
                83.9027688846451,28.1831392043044,0
                83.9027492005477,28.1830623990127,0
                83.9027532034838,28.1828999762221,0
                83.9028217610114,28.1827285550089,0
                83.9030199883461,28.1825031415392,0
                83.9031804702686,28.1823655933221,0
                83.9033503264741,28.1821356173143,0
                83.9036338646956,28.1814905554201,0
                83.9037273590817,28.1811612116145,0
                83.9038135398496,28.1809063608283,0
                83.9038793487993,28.1806401989321,0
                83.9038829763285,28.1804935242679,0
                83.9039052864304,28.1804574657834,0
                83.9039098525302,28.1802656706653,0
                83.9039322246751,28.1802273624351,0
                83.9039378536178,28.1799995074455,0
                83.9039611654412,28.1799227649379,0
                83.9039529810354,28.179807713405,0
                83.9039674192555,28.1796588515685,0
                83.9042545202382,28.1789551076454,0
                83.9042867050401,28.1788581169015,0
                83.9043313263345,28.1787836868241,0
                83.9044233203676,28.1784769664415,0
                83.9044411941716,28.1784115348366,0
                83.9044488188665,28.1783844750654,0
                83.904631991987,28.1778724614603,0
                83.9048739060743,28.1774439424851,0
                83.9050545732133,28.1772387761706,0
                83.9052612363421,28.1770449216432,0
                83.9057009960418,28.1767880151544,0
                83.905967837222,28.1766754043926,0
                83.9067002424326,28.1765179926786,0
                83.9068294762756,28.1764819352101,0
                83.9071001296105,28.176371574612,0
                83.9071873692825,28.1763062068127,0
                83.9072864206837,28.1761934065445,0
                83.9073310407754,28.1761190386252,0
                83.9073894103497,28.1760152992241,0
                83.9075245848921,28.1757447007379,0
                83.9077506824737,28.1756004672089,0
                83.9079779672292,28.1755058548132,0
                83.9084630915341,28.1753866236786,0
                83.9089177229377,28.175183836097,0
                83.9092287455736,28.1750870374282,0
                83.9096333179997,28.1749925532108,0
                83.9099512759337,28.17497468406,0
                83.9102215547908,28.1748665740153,0
                83.9103304159874,28.1747966438938,0
                83.9107891125175,28.1744360591083,0
                83.9108431685313,28.1744090003237,0
                83.9109001610652,28.1743616926502,0
                83.9109625918836,28.1743143226104,0
                83.9112619946849,28.1740392904561,0
                83.911739000751,28.1736898919383,0
                83.9120437136168,28.1734960396638,0
                83.9125203412016,28.1732753172452,0
                83.9128526106832,28.1732078288505,0
                83.9133204221595,28.1732600188282,0
                83.9138037926181,28.1733573300409,0
                83.9144816385584,28.1734412082665,0
                83.9148202193513,28.1733737199418,0
                83.9151836704905,28.1733559147474,0
                83.9155369992612,28.1732997377615,0
                83.915870269991,28.1731893785029,0
                83.9160256897902,28.1730112715122,0
                83.9161563084278,28.1724788849637,0
                83.9161625631613,28.1722126586459,0
                83.9163209860478,28.1718608187065,0
                83.9164522228927,28.1716917109031,0
                83.9170751493862,28.1711957033328,0
                83.9177943099372,28.1708306850388,0
                83.9180414060104,28.1706525801494,0
                83.9182581917621,28.1705331569434,0
                83.9184040501281,28.1704091708219,0
                83.9187479450801,28.1702040697847,0
                83.9196676429769,28.1697962465924,0
                83.9200585958181,28.1695640866509,0
                83.9201448343582,28.1695370276075,0
                83.9204928547504,28.1693139280631,0
                83.9205787811569,28.1692981815753,0
                83.9209700464617,28.1690569595764,0
                83.9211428995615,28.1689826564818,0
                83.921679265662,28.1689355445392,0
                83.9219146721626,28.1689402353835,0
                83.9219569781944,28.1689605463919,0
                83.9220858985737,28.1689538614052,0
                83.9221708248213,28.1689741740257,0
                83.9224635356445,28.168969865742,0
                83.9228739196548,28.1688685691254,0
                83.9233884843211,28.168451490231,0
                83.9234470394809,28.1684356806023,0
                83.923485910806,28.1683771239086,0
              </coordinates>
            </LinearRing>
          </outerBoundaryIs>
        </Polygon>
      </Placemark>
    </Document>
  </Document>
</kml>
