<?xml version="1.0" encoding="UTF-8"?>
<kml xmlns="http://www.opengis.net/kml/2.2">
  <Document id="root_doc">
    <Schema id="KO_JHAPA_Shivasataxi.schema">
      <SimpleField name="ogc_fid" type="int"/>
      <SimpleField name="objectid_1" type="float"/>
      <SimpleField name="dcode" type="int"/>
      <SimpleField name="district" type="string"/>
      <SimpleField name="dan" type="string"/>
      <SimpleField name="das" type="int"/>
      <SimpleField name="gapa_napa" type="string"/>
      <SimpleField name="type_gn" type="string"/>
      <SimpleField name="gn_code" type="float"/>
      <SimpleField name="new_ward_n" type="float"/>
      <SimpleField name="ddgnww" type="float"/>
      <SimpleField name="center" type="string"/>
      <SimpleField name="state_code" type="int"/>
      <SimpleField name="ddgn" type="float"/>
      <SimpleField name="area_sqkm" type="float"/>
      <SimpleField name="shape_leng" type="float"/>
      <SimpleField name="shape_area" type="float"/>
      <SimpleField name="Province" type="string"/>
      <SimpleField name="Address" type="string"/>
    </Schema>
    <Document id="KO_JHAPA_Shivasataxi">
      <name>KO_JHAPA_Shivasataxi</name>
      <Placemark id="KO_JHAPA_Shivasataxi.1">
        <ExtendedData>
          <SchemaData schemaUrl="#KO_JHAPA_Shivasataxi.schema">
            <SimpleData name="ogc_fid">6402</SimpleData>
            <SimpleData name="objectid_1">6403</SimpleData>
            <SimpleData name="dcode">4</SimpleData>
            <SimpleData name="district">JHAPA</SimpleData>
            <SimpleData name="das">0</SimpleData>
            <SimpleData name="gapa_napa">Shivasataxi</SimpleData>
            <SimpleData name="type_gn">Nagarpalika</SimpleData>
            <SimpleData name="gn_code">15.000000000000000</SimpleData>
            <SimpleData name="new_ward_n">1</SimpleData>
            <SimpleData name="ddgnww">41501.000000000000000</SimpleData>
            <SimpleData name="center">Bangdanda</SimpleData>
            <SimpleData name="state_code">1</SimpleData>
            <SimpleData name="ddgn">4015</SimpleData>
            <SimpleData name="area_sqkm">9.952166835120000</SimpleData>
            <SimpleData name="shape_leng">16366.672262300000511</SimpleData>
            <SimpleData name="shape_area">9952166.835119999945164</SimpleData>
            <SimpleData name="Province">KO</SimpleData>
            <SimpleData name="Address">Shivasataxi-1, JHAPA, KO</SimpleData>
          </SchemaData>
        </ExtendedData>
        <Polygon>
          <outerBoundaryIs>
            <LinearRing>
              <coordinates>
                87.8023819868991,26.6420325681764,0
                87.8019362387168,26.6417620206093,0
                87.801489862698,26.6415705909742,0
                87.800490687158,26.6412444129192,0
                87.799937951274,26.6410128602771,0
                87.7993647840189,26.6406483189655,0
                87.7984082303786,26.6402249623429,0
                87.7981528898954,26.6401496514436,0
                87.7976427694779,26.6400915846368,0
                87.7972598856879,26.6399177170333,0
                87.7970487340459,26.6395149981238,0
                87.7968374030875,26.6388256789463,0
                87.7966683063708,26.6385197643261,0
                87.7964994014628,26.6380604258903,0
                87.7962683917068,26.6370665704287,0
                87.7960577479745,26.6363773137773,0
                87.7959955791597,26.6359172896904,0
                87.7959745247164,26.635687246574,0
                87.7960407840784,26.6349219390748,0
                87.7959177721378,26.6333927567952,0
                87.795812795267,26.6330097254305,0
                87.795685818477,26.6327035616749,0
                87.7954741049137,26.6323189034216,0
                87.7952835722602,26.6320897944203,0
                87.7952197712164,26.6319367440113,0
                87.7952632697128,26.6317830084864,0
                87.7954125027517,26.6316693958587,0
                87.7958598853917,26.6315562888396,0
                87.7959448753383,26.6314994208871,0
                87.7962648403157,26.6312110764081,0
                87.7963082139233,26.6310392798877,0
                87.796223793074,26.6308096108206,0
                87.7959475206035,26.6306193716479,0
                87.7959054659804,26.6305225667518,0
                87.7958851004693,26.63021584306,0
                87.7958007437284,26.6299094306048,0
                87.7957157579208,26.6297767532004,0
                87.7955675910644,26.6296805710348,0
                87.7952700065528,26.6295851986381,0
                87.795058040325,26.6293359039644,0
                87.7948240713034,26.6292762795615,0
                87.7946961523862,26.6292002832944,0
                87.7944629999837,26.6289894848519,0
                87.7943996372426,26.6287980626818,0
                87.7945066289565,26.628569521624,0
                87.7946563627144,26.6284355365075,0
                87.7947206084031,26.6282817381237,0
                87.7947431160309,26.6278235912755,0
                87.7948501071697,26.6275928000628,0
                87.7948726776969,26.6271346533435,0
                87.7947463902366,26.6267517461268,0
                87.7947688958966,26.6263702793733,0
                87.794875761432,26.6262162320444,0
                87.7951363562618,26.6260545642042,0
                87.7952050381728,26.6259075153436,0
                87.7952383475641,26.6258350844336,0
                87.7954143997304,26.6253241321869,0
                87.7956654467333,26.6245983867514,0
                87.7959314808156,26.624319353342,0
                87.7961122143849,26.6240385688362,0
                87.7962529534865,26.6237015379906,0
                87.7964101887066,26.6234773107699,0
                87.7968682120429,26.6226330795632,0
                87.797011076917,26.622237366572,0
                87.7970328375744,26.6216663532477,0
                87.7969635437527,26.6212650746204,0
                87.7967987054513,26.6205755059748,0
                87.7966803517498,26.6203437740112,0
                87.7966184231167,26.6202854656092,0
                87.7962702884171,26.6199511755349,0
                87.7951052667667,26.6192920227605,0
                87.7948546143339,26.6191693415199,0
                87.7944349843185,26.619022783846,0
                87.7932672744793,26.6184313129866,0
                87.7929595709562,26.6181351452829,0
                87.7926908601132,26.6179358452391,0
                87.7925276978324,26.6177584817682,0
                87.7923474149715,26.6174661287703,0
                87.7923303570816,26.6173511386966,0
                87.7924689710465,26.6170683533425,0
                87.7928218705917,26.6167346385904,0
                87.7930452861848,26.6164558548683,0
                87.7931177819305,26.6162298129523,0
                87.7931326021986,26.6158280980147,0
                87.7930590556422,26.615539746195,0
                87.7930632447445,26.6154245684936,0
                87.7929129010469,26.6149041731756,0
                87.7929090374799,26.6144460879337,0
                87.7930305315423,26.6140483121915,0
                87.7933435624735,26.6136584145448,0
                87.7935077378136,26.6132626387988,0
                87.7936142373779,26.6126911278308,0
                87.7935961292189,26.6120616820215,0
                87.7935618885564,26.6118294518471,0
                87.7935219582366,26.6117710184778,0
                87.7933870462866,26.6114039846343,0
                87.7924769664015,26.6118535538715,0
                87.7919785244502,26.6121044609955,0
                87.7917194307397,26.6122120712853,0
                87.7914587112551,26.6123556167887,0
                87.7912609199592,26.6125214740577,0
                87.7906941719331,26.6128856815731,0
                87.7902159157662,26.6131568366238,0
                87.7896396006032,26.6137692731186,0
                87.7893458780295,26.6142177290558,0
                87.7890804054617,26.6144966995629,0
                87.7890064130367,26.6146009392728,0
                87.7887882467572,26.6149067839706,0
                87.7886565737037,26.6150180840132,0
                87.7881374476088,26.6152714275194,0
                87.7873664808439,26.6154200873541,0
                87.7868536699656,26.6154996341172,0
                87.7861920041718,26.6155777399795,0
                87.7858536106909,26.6155480480311,0
                87.7850133508389,26.6152931799625,0
                87.7845890299464,26.6152820480409,0
                87.7835638473053,26.615423078954,0
                87.7831395275354,26.6154118218811,0
                87.7824694323027,26.6151627061534,0
                87.782053053101,26.6149394049668,0
                87.7813787560332,26.6153606063153,0
                87.7810886597141,26.6157141322825,0
                87.7808488121118,26.6158779263091,0
                87.7808035033627,26.6159549186714,0
                87.7807704384253,26.616259767219,0
                87.7806467563772,26.6167139750543,0
                87.780659687162,26.6169440810509,0
                87.7807176008233,26.6176319601042,0
                87.7809666149781,26.6183459031216,0
                87.781046601572,26.6184831426612,0
                87.7812304488801,26.6186603803215,0
                87.7817321915489,26.6188855581841,0
                87.7818766080024,26.6189840518732,0
                87.7822839819566,26.6194556437956,0
                87.7824967545444,26.6199960390036,0
                87.7827893754197,26.6212264380923,0
                87.7831450003001,26.6219262591448,0
                87.7834083335824,26.6222587978839,0
                87.7835928681204,26.6224360358772,0
                87.7839051996737,26.6225967775295,0
                87.7840892338473,26.6227943262073,0
                87.7842897003431,26.6231046156652,0
                87.7840993509427,26.6230808643346,0
                87.7836510318756,26.6231442258016,0
                87.7830058605627,26.6233350716852,0
                87.7826865892859,26.623363938113,0
                87.7823645662198,26.6234491749795,0
                87.7820451694464,26.6234599808131,0
                87.7815962879091,26.6235414026533,0
                87.7809570572158,26.6235810122377,0
                87.7805081761122,26.6236624343128,0
                87.7800607962294,26.6236874864495,0
                87.7792904541004,26.6238383336602,0
                87.7779548784685,26.6237599406854,0
                87.7773140842212,26.6238559827124,0
                87.7770559914868,26.6239250348675,0
                87.776731841903,26.6240690163797,0
                87.7764098191475,26.6241542527882,0
                87.7758926311629,26.6243488513895,0
                87.7751760897979,26.624747678795,0
                87.7745277295219,26.6250355167685,0
                87.774006227963,26.6253249187693,0
                87.7736618343951,26.6253493477536,0
                87.773403987739,26.6255538257509,0
                87.7730849005321,26.625706743762,0
                87.7728300556057,26.6258006684929,0
                87.7725108468634,26.6258384715588,0
                87.7711717017732,26.6260669271048,0
                87.7705979628319,26.6260654791149,0
                87.770406548178,26.6261612793299,0
                87.7698325571046,26.6262953198812,0
                87.7690033516893,26.6262929921818,0
                87.7682380113798,26.626351285508,0
                87.7682168215555,26.6265612665482,0
                87.7685336690532,26.6287054616459,0
                87.7686388823872,26.6297000028324,0
                87.7685737816334,26.6316905796777,0
                87.7685718062092,26.6333739337386,0
                87.7686142967168,26.6335271714234,0
                87.7686352155271,26.6342152372491,0
                87.7686988894567,26.6344450935143,0
                87.7687196910462,26.6348285605811,0
                87.7687832382787,26.6351350979109,0
                87.7687402288504,26.6357468572404,0
                87.7687608409372,26.6362070674458,0
                87.7690362202248,26.6372029239435,0
                87.7695666210935,26.6385043212414,0
                87.7698212632339,26.639039966975,0
                87.7701827039837,26.6395773025412,0
                87.7707770483472,26.6403051882765,0
                87.7712016710338,26.6407270975956,0
                87.7716482931403,26.6410518904429,0
                87.7730487185923,26.6418769073901,0
                87.7732399419,26.6419345313351,0
                87.7742563625971,26.6424141334301,0
                87.7752092305946,26.642779056792,0
                87.7769241128467,26.6436790112298,0
                87.77768719666,26.6439095056689,0
                87.778131759602,26.6441191832537,0
                87.7783223587384,26.6441768074015,0
                87.7788307868027,26.6444447930434,0
                87.7791485552651,26.6445604140911,0
                87.7802284646348,26.6451366968035,0
                87.7809687327113,26.6456154822287,0
                87.7816035132022,26.6461896321844,0
                87.7825331803117,26.6472789297769,0
                87.7829769873673,26.6477390863614,0
                87.7832306953711,26.6481212448162,0
                87.7833358642297,26.6483508526078,0
                87.7842862098905,26.6497107522844,0
                87.7847496302006,26.6505521262311,0
                87.784875726773,26.6510885822031,0
                87.7850228258082,26.6513945582879,0
                87.7853403383502,26.6517402844045,0
                87.7859525553626,26.6524860437882,0
                87.786100405765,26.6527154017679,0
                87.7865869548984,26.6532700498848,0
                87.7875571005777,26.6550315413742,0
                87.7876194608623,26.6553380153912,0
                87.7874476526568,26.6561016965859,0
                87.7872121061862,26.6567145139828,0
                87.7869350701643,26.6571537835199,0
                87.7867857047647,26.6575359348803,0
                87.7865714681849,26.658148628362,0
                87.7865283415683,26.6584557881398,0
                87.7866322504167,26.6591434178902,0
                87.7868210237959,26.6597561185905,0
                87.78707417015,26.6601383402222,0
                87.7877706743268,26.6614386779493,0
                87.7879816408116,26.6617263449093,0
                87.7882141658285,26.6620341972855,0
                87.7887869667015,26.6620535818982,0
                87.7890047510731,26.6620433363263,0
                87.7895520559551,26.6620154747483,0
                87.790339767981,26.661979554623,0
                87.7914466869427,26.6619800751384,0
                87.7923835679054,26.6619072244919,0
                87.7934056878116,26.6618135012527,0
                87.7949383667393,26.6617395362975,0
                87.7961316533175,26.6616087576095,0
                87.7967277023547,26.6615512113283,0
                87.7968130037612,26.6615327147064,0
                87.796877122959,26.6614555976233,0
                87.7969199315577,26.6613809176158,0
                87.7969206223967,26.6612071822792,0
                87.7968149581787,26.6608241506532,0
                87.7965607529968,26.6602886297321,0
                87.7964125967845,26.6597523607157,0
                87.7963709217746,26.659445699071,0
                87.7966275216132,26.6591419176668,0
                87.7967558844653,26.658911002518,0
                87.7968630030747,26.6586057815039,0
                87.7968855731615,26.658147570846,0
                87.7968446517996,26.6576874854861,0
                87.7969742759708,26.6569985474976,0
                87.7971453861402,26.6566929521257,0
                87.7972745015586,26.6563876058151,0
                87.7976597834905,26.6555460604389,0
                87.7980468245027,26.6543231113908,0
                87.798196879676,26.6537875355794,0
                87.7983686779552,26.6534819398055,0
                87.7987325870653,26.6526404571667,0
                87.7990983207549,26.6513409509855,0
                87.7993558637829,26.6507303215396,0
                87.7996780343626,26.6496588574265,0
                87.7997850262536,26.6494303796346,0
                87.7999776329648,26.6491427206017,0
                87.8004707868464,26.6478424671411,0
                87.8007710760242,26.6471547819623,0
                87.8012845309064,26.6462380583301,0
                87.8013488405747,26.6460075171538,0
                87.8014985788396,26.6457020463433,0
                87.8015850118677,26.645397012251,0
                87.8016920037988,26.6451684091576,0
                87.8019068027083,26.6445557160608,0
                87.8019926751769,26.6441738757568,0
                87.8021860375764,26.6436380502865,0
                87.8024449072735,26.6424135362615,0
                87.8023819868991,26.6420325681764,0
              </coordinates>
            </LinearRing>
          </outerBoundaryIs>
        </Polygon>
      </Placemark>
      <Placemark id="KO_JHAPA_Shivasataxi.2">
        <ExtendedData>
          <SchemaData schemaUrl="#KO_JHAPA_Shivasataxi.schema">
            <SimpleData name="ogc_fid">6403</SimpleData>
            <SimpleData name="objectid_1">6404</SimpleData>
            <SimpleData name="dcode">4</SimpleData>
            <SimpleData name="district">JHAPA</SimpleData>
            <SimpleData name="das">0</SimpleData>
            <SimpleData name="gapa_napa">Shivasataxi</SimpleData>
            <SimpleData name="type_gn">Nagarpalika</SimpleData>
            <SimpleData name="gn_code">15.000000000000000</SimpleData>
            <SimpleData name="new_ward_n">2</SimpleData>
            <SimpleData name="ddgnww">41502.000000000000000</SimpleData>
            <SimpleData name="center">Bangdanda</SimpleData>
            <SimpleData name="state_code">1</SimpleData>
            <SimpleData name="ddgn">4015</SimpleData>
            <SimpleData name="area_sqkm">13.016284707000001</SimpleData>
            <SimpleData name="shape_leng">19486.508577999997215</SimpleData>
            <SimpleData name="shape_area">13016284.707000000402331</SimpleData>
            <SimpleData name="Province">KO</SimpleData>
            <SimpleData name="Address">Shivasataxi-2, JHAPA, KO</SimpleData>
          </SchemaData>
        </ExtendedData>
        <Polygon>
          <outerBoundaryIs>
            <LinearRing>
              <coordinates>
                87.7933870462866,26.6114039846343,0
                87.7932931281962,26.6110772617191,0
                87.793278696357,26.6109036513643,0
                87.7931241015057,26.6104983079756,0
                87.7930904855797,26.6102683280209,0
                87.7929528857993,26.609978037369,0
                87.7927625488236,26.6093991468883,0
                87.7927751792472,26.6090538643463,0
                87.7928759880799,26.608656150701,0
                87.7933727549062,26.6078884133836,0
                87.7935956693701,26.6076299405589,0
                87.7947930062569,26.607991056698,0
                87.7951743308629,26.60804312188,0
                87.7956845145308,26.6080402559316,0
                87.7964537307157,26.6079299048489,0
                87.7974097310932,26.6079606708125,0
                87.7975381532664,26.6079259883562,0
                87.7981768839148,26.6079089391477,0
                87.798882732135,26.6077967116931,0
                87.7992649951745,26.6078080934243,0
                87.8000886978939,26.6079500960044,0
                87.8018730919833,26.6079874388559,0
                87.8027597856877,26.6081494416103,0
                87.8038420204705,26.6082020197391,0
                87.8040361221138,26.6081332168533,0
                87.804142170448,26.6081348436662,0
                87.8043373347163,26.6080457303178,0
                87.8046480530178,26.6076920162936,0
                87.8046991760319,26.607466037068,0
                87.8047513132243,26.6066647318155,0
                87.8048003104804,26.6064951849986,0
                87.8050470996016,26.6061575944352,0
                87.8050939710544,26.6060444799681,0
                87.8051215960123,26.605875057335,0
                87.8053534527485,26.6053661057703,0
                87.8053625201643,26.6051358754612,0
                87.8052627867507,26.6049627010881,0
                87.8050590679027,26.6047269055792,0
                87.8048035517568,26.6041822603731,0
                87.8046414521703,26.6039688378741,0
                87.8042703200838,26.6036685449725,0
                87.8040197299798,26.6035458627026,0
                87.8037328986969,26.6032699440119,0
                87.8037248448213,26.6029270357357,0
                87.8037972783659,26.6026986817246,0
                87.8038589695211,26.6021861025294,0
                87.804050833354,26.6016186550064,0
                87.8041530176431,26.6011622590406,0
                87.8041621468335,26.6009343418266,0
                87.8040329886577,26.6004138213993,0
                87.8036901059216,26.5999261072174,0
                87.8033819027312,26.5996480004651,0
                87.8035625729477,26.5993672157538,0
                87.8042028167204,26.5987588431422,0
                87.8043386168686,26.5985324277111,0
                87.8045832798121,26.5982535187642,0
                87.8049109431602,26.5974618429157,0
                87.8053596493486,26.5968455918462,0
                87.8054903222719,26.5967748510449,0
                87.8056178054357,26.5967786648581,0
                87.8058064040264,26.5968407883556,0
                87.805889517722,26.5968831611074,0
                87.8059908760553,26.5970180266728,0
                87.8063598201294,26.5973746902472,0
                87.8065480442071,26.5974571241125,0
                87.8066754649262,26.5974609385803,0
                87.8068268226914,26.5973900725805,0
                87.8070278024478,26.5971475349936,0
                87.8074435060661,26.5968360066824,0
                87.8075793682777,26.5966118416489,0
                87.8079535153441,26.5962780021327,0
                87.8084316469912,26.5960067845934,0
                87.8085212630284,26.5958957334012,0
                87.8085083324934,26.5956656284333,0
                87.8081841970979,26.5952545325983,0
                87.8081270829649,26.5950811086088,0
                87.8081313350868,26.5949659938605,0
                87.8082976365577,26.5945137859269,0
                87.8084702406562,26.5944428577564,0
                87.8087287716581,26.5943556205027,0
                87.8089840514816,26.5943428759838,0
                87.80967983336,26.594499125926,0
                87.8103828690897,26.5944455184884,0
                87.8112160140835,26.5943392312031,0
                87.8116585167771,26.5944472295034,0
                87.8121623222483,26.5946158494364,0
                87.812353110149,26.5946215401629,0
                87.81254664879,26.5945707978369,0
                87.8126991316136,26.5944796838386,0
                87.8127880603383,26.5943685703649,0
                87.8128034426647,26.5939691050583,0
                87.8127656370491,26.5938519896991,0
                87.8126445323344,26.5936766893757,0
                87.8125895444057,26.5934445835733,0
                87.8125090581001,26.5933277176674,0
                87.812451943951,26.5931542940447,0
                87.812456195817,26.593039116409,0
                87.8123207215645,26.5926923934938,0
                87.8123370424742,26.5922523695773,0
                87.8124714038026,26.5920846363031,0
                87.8127965535014,26.5919247812044,0
                87.8131616333172,26.5918211725293,0
                87.8132948696706,26.5916714381066,0
                87.8134376103697,26.591275787017,0
                87.8134806808934,26.5907046495849,0
                87.8134085731363,26.5903575530242,0
                87.8131925486177,26.5898917142538,0
                87.8130693176502,26.5897750349296,0
                87.8126743741634,26.5895516714619,0
                87.8124940913273,26.5892593188374,0
                87.8124556615396,26.5891422028127,0
                87.8124626017908,26.5889707175136,0
                87.8125088482689,26.5888576039218,0
                87.8126473994529,26.5885770051846,0
                87.8127577007433,26.5884658300099,0
                87.8134121263099,26.588026566894,0
                87.8137347116136,26.5879412681816,0
                87.8138620700718,26.5879450200801,0
                87.8146174663382,26.588200199477,0
                87.8150625336283,26.5882315183215,0
                87.8152768192827,26.58818290096,0
                87.8154979838539,26.5879604867473,0
                87.8157020276595,26.587623020335,0
                87.8162780300854,26.5870105838963,0
                87.8165973640926,26.5870019652248,0
                87.8173542606579,26.5872164610018,0
                87.8174796185144,26.5872767079027,0
                87.8177968260878,26.5873245222383,0
                87.8179896778945,26.5872737803393,0
                87.8184677475246,26.5870025631959,0
                87.8186909746052,26.5867236538248,0
                87.8186952268702,26.5866085386551,0
                87.8186158658082,26.5864736109836,0
                87.8183636501897,26.58638930157,0
                87.8180517569095,26.586206061322,0
                87.8179285885479,26.5860871941021,0
                87.8178283544829,26.5859320806631,0
                87.8174983407539,26.5856722219085,0
                87.817398607692,26.5854990478243,0
                87.8173835512751,26.5853254373833,0
                87.8174559849622,26.5850993336289,0
                87.817677148809,26.5848769194956,0
                87.8177688282664,26.5847071850915,0
                87.8177751434655,26.5845356375888,0
                87.8177196557451,26.5843238425122,0
                87.8175783657769,26.5841283567601,0
                87.8173512116981,26.5839491186056,0
                87.817098996558,26.5838648081879,0
                87.8167662944342,26.5836636317382,0
                87.8162269341152,26.5833395250988,0
                87.8160600826688,26.5832592785342,0
                87.8158053027097,26.5832494618431,0
                87.8152392552106,26.5830609055817,0
                87.8149919172877,26.5828614805961,0
                87.8147913872368,26.5825490666605,0
                87.814660277065,26.5826400562428,0
                87.8134616582729,26.5836645073227,0
                87.8134285990932,26.583691754803,0
                87.8127773629273,26.5840520238053,0
                87.8121723725037,26.5843014285483,0
                87.8112343040571,26.5843857789392,0
                87.8102151243156,26.5843531998618,0
                87.8091906289443,26.5844560463478,0
                87.808935849635,26.5844461678485,0
                87.8081752006708,26.584328663398,0
                87.8070692174288,26.5843507666251,0
                87.8067322631015,26.5842623922985,0
                87.8061412167556,26.584168701681,0
                87.8058010736562,26.5841571342954,0
                87.8053794422283,26.5840670088901,0
                87.8044476894707,26.5839797497081,0
                87.8041107981103,26.5838936253233,0
                87.8038597080662,26.5837890048682,0
                87.8036065538006,26.5837430044077,0
                87.8034359525954,26.5836650078697,0
                87.8028549717827,26.5833952703232,0
                87.8022648638169,26.5832609581735,0
                87.8016700650617,26.5832620096565,0
                87.8015016506023,26.5832178223033,0
                87.800918044746,26.5829323358984,0
                87.7996595926737,26.5825084120019,0
                87.7993259518141,26.5823455446819,0
                87.7990737364712,26.582261235014,0
                87.7983984510439,26.5821431702618,0
                87.7974630090748,26.5821529013282,0
                87.7962658475691,26.5823243019545,0
                87.7957541623897,26.5823655388267,0
                87.7952450411631,26.5823300323467,0
                87.7948175954412,26.5823933314855,0
                87.7935238761679,26.5828495802219,0
                87.7929828780815,26.5831007980101,0
                87.7922381489991,26.5836510495375,0
                87.7922105903741,26.5836624856866,0
                87.7920004269508,26.5837560986444,0
                87.7917419582517,26.5838455862102,0
                87.7910559189002,26.5839938100146,0
                87.7903645636753,26.5842774601603,0
                87.78976176174,26.5844884307155,0
                87.7895048566208,26.5845372342192,0
                87.7892468261048,26.5846063482386,0
                87.78921863769,26.5847960817354,0
                87.7891579464522,26.5852725396544,0
                87.7891286208659,26.5860353477932,0
                87.7890071250789,26.5865234286599,0
                87.7889778138318,26.5866409177739,0
                87.7883851785374,26.5876935655172,0
                87.7880078916966,26.5886749111241,0
                87.7873427112824,26.5894006487424,0
                87.7868039138023,26.5890606683493,0
                87.785869609064,26.5884994492602,0
                87.7849949824427,26.5880529714442,0
                87.7844342508999,26.5877108027662,0
                87.7841831603902,26.5876083696448,0
                87.7835611246361,26.5872056424214,0
                87.7830585065338,26.5870165874191,0
                87.7829102764217,26.586992586063,0
                87.7826912380667,26.5871788166935,0
                87.7826204299359,26.5873664861588,0
                87.7826193547738,26.5879419369608,0
                87.7823518061251,26.5888324791798,0
                87.7818588046318,26.5889502724749,0
                87.7816030242135,26.5889809530457,0
                87.7812165716307,26.589084623838,0
                87.7805156626773,26.5890817363708,0
                87.7793126976024,26.5888716690999,0
                87.7782940796202,26.5888389033525,0
                87.7777221555238,26.5887833352405,0
                87.7773383915244,26.5888283236587,0
                87.7770803601664,26.5888974375623,0
                87.7762515920395,26.5889109841754,0
                87.7759941866015,26.588977848413,0
                87.7758193310837,26.5891073334214,0
                87.7757217107212,26.5894306166863,0
                87.7754771105199,26.5897275238373,0
                87.7749280462541,26.5901885984311,0
                87.7747276288627,26.5904311368224,0
                87.7743364241406,26.5906679208046,0
                87.7740475780651,26.5910034492957,0
                87.7735257010276,26.5913131626138,0
                87.7733102898249,26.5913820278211,0
                87.7731190640466,26.5913966478423,0
                87.7729244624152,26.5914856993389,0
                87.7724889496807,26.5917588551303,0
                87.7723317144153,26.5919830827033,0
                87.7722608444347,26.5921730651024,0
                87.7722565928634,26.5922881176451,0
                87.7720923550152,26.5926838925011,0
                87.7718903113655,26.5929648020766,0
                87.771820504127,26.5931344109388,0
                87.771767254759,26.5934212606859,0
                87.7715395875603,26.5938151599503,0
                87.7714435927217,26.5940999453051,0
                87.7713311660432,26.5942675539242,0
                87.7711669286144,26.5946655790747,0
                87.7708124650339,26.5950556637225,0
                87.7703753265096,26.5953671284432,0
                87.7697975236141,26.5954831078958,0
                87.7698460711067,26.5958867617088,0
                87.7699339100335,26.5969219857952,0
                87.7698571627398,26.5972653927408,0
                87.7698181568312,26.5977236644114,0
                87.7696695373709,26.598293112148,0
                87.7694818014252,26.5987454453614,0
                87.769371438066,26.5988566204105,0
                87.7692355128431,26.5990829741337,0
                87.7689801584453,26.5996484827367,0
                87.7687097959852,26.6006156443363,0
                87.7686575338313,26.6014193235003,0
                87.7687459986401,26.6024545480143,0
                87.7687321036153,26.6033730312719,0
                87.7685522829456,26.6047437214806,0
                87.7685020850179,26.6054885313282,0
                87.768334219462,26.6059994842802,0
                87.7682780942988,26.6063405159715,0
                87.7681336645935,26.6067948490709,0
                87.7680712237407,26.6073096782268,0
                87.7679026706195,26.6078205689566,0
                87.7678807854089,26.6083915813416,0
                87.7677137836629,26.609419176931,0
                87.7676390988859,26.6097039009303,0
                87.7675714799787,26.6098170774201,0
                87.7674151084216,26.6105558228731,0
                87.7672002464793,26.6111797646262,0
                87.767092997366,26.611751213871,0
                87.7670231899775,26.6119208224863,0
                87.7668717573753,26.6125467036057,0
                87.766826949717,26.6126033227965,0
                87.766726064738,26.6135741738647,0
                87.7667339936499,26.6139171447091,0
                87.7667910446991,26.6140905685484,0
                87.7668367783898,26.6145506538224,0
                87.7668575121504,26.6151236680368,0
                87.7669481164583,26.6155293841057,0
                87.7669581704643,26.6158157971377,0
                87.7672054334186,26.6165682368339,0
                87.7673642814226,26.6168584649914,0
                87.7674213324342,26.6170318883449,0
                87.7676201115341,26.6173828618591,0
                87.7681030322491,26.6180842474415,0
                87.7682996856946,26.618491590711,0
                87.7684714016268,26.6190119242226,0
                87.7684601464363,26.6192985864886,0
                87.7685128196929,26.6195871254423,0
                87.7685036907614,26.619815105272,0
                87.768454568002,26.6199845896889,0
                87.7684498652649,26.6206728422256,0
                87.7681585428397,26.6227277841698,0
                87.7680906494494,26.623928616786,0
                87.7682510471937,26.6247356127344,0
                87.768241918306,26.6249657803866,0
                87.7681431108101,26.6252980618034,0
                87.7681464217514,26.6253251225508,0
                87.7681963430479,26.6257558361801,0
                87.7682380113798,26.626351285508,0
                87.7690033516893,26.6262929921818,0
                87.7698325571046,26.6262953198812,0
                87.770406548178,26.6261612793299,0
                87.7705979628319,26.6260654791149,0
                87.7711717017732,26.6260669271048,0
                87.7725108468634,26.6258384715588,0
                87.7728300556057,26.6258006684929,0
                87.7730849005321,26.625706743762,0
                87.773403987739,26.6255538257509,0
                87.7736618343951,26.6253493477536,0
                87.774006227963,26.6253249187693,0
                87.7745277295219,26.6250355167685,0
                87.7751760897979,26.624747678795,0
                87.7758926311629,26.6243488513895,0
                87.7764098191475,26.6241542527882,0
                87.776731841903,26.6240690163797,0
                87.7770559914868,26.6239250348675,0
                87.7773140842212,26.6238559827124,0
                87.7779548784685,26.6237599406854,0
                87.7792904541004,26.6238383336602,0
                87.7800607962294,26.6236874864495,0
                87.7805081761122,26.6236624343128,0
                87.7809570572158,26.6235810122377,0
                87.7815962879091,26.6235414026533,0
                87.7820451694464,26.6234599808131,0
                87.7823645662198,26.6234491749795,0
                87.7826865892859,26.623363938113,0
                87.7830058605627,26.6233350716852,0
                87.7836510318756,26.6231442258016,0
                87.7840993509427,26.6230808643346,0
                87.7842897003431,26.6231046156652,0
                87.7840892338473,26.6227943262073,0
                87.7839051996737,26.6225967775295,0
                87.7835928681204,26.6224360358772,0
                87.7834083335824,26.6222587978839,0
                87.7831450003001,26.6219262591448,0
                87.7827893754197,26.6212264380923,0
                87.7824967545444,26.6199960390036,0
                87.7822839819566,26.6194556437956,0
                87.7818766080024,26.6189840518732,0
                87.7817321915489,26.6188855581841,0
                87.7812304488801,26.6186603803215,0
                87.781046601572,26.6184831426612,0
                87.7809666149781,26.6183459031216,0
                87.7807176008233,26.6176319601042,0
                87.780659687162,26.6169440810509,0
                87.7806467563772,26.6167139750543,0
                87.7807704384253,26.616259767219,0
                87.7808035033627,26.6159549186714,0
                87.7808488121118,26.6158779263091,0
                87.7810886597141,26.6157141322825,0
                87.7813787560332,26.6153606063153,0
                87.782053053101,26.6149394049668,0
                87.7824694323027,26.6151627061534,0
                87.7831395275354,26.6154118218811,0
                87.7835638473053,26.615423078954,0
                87.7845890299464,26.6152820480409,0
                87.7850133508389,26.6152931799625,0
                87.7858536106909,26.6155480480311,0
                87.7861920041718,26.6155777399795,0
                87.7868536699656,26.6154996341172,0
                87.7873664808439,26.6154200873541,0
                87.7881374476088,26.6152714275194,0
                87.7886565737037,26.6150180840132,0
                87.7887882467572,26.6149067839706,0
                87.7890064130367,26.6146009392728,0
                87.7890804054617,26.6144966995629,0
                87.7893458780295,26.6142177290558,0
                87.7896396006032,26.6137692731186,0
                87.7902159157662,26.6131568366238,0
                87.7906941719331,26.6128856815731,0
                87.7912609199592,26.6125214740577,0
                87.7914587112551,26.6123556167887,0
                87.7917194307397,26.6122120712853,0
                87.7919785244502,26.6121044609955,0
                87.7924769664015,26.6118535538715,0
                87.7933870462866,26.6114039846343,0
              </coordinates>
            </LinearRing>
          </outerBoundaryIs>
        </Polygon>
      </Placemark>
      <Placemark id="KO_JHAPA_Shivasataxi.3">
        <ExtendedData>
          <SchemaData schemaUrl="#KO_JHAPA_Shivasataxi.schema">
            <SimpleData name="ogc_fid">6404</SimpleData>
            <SimpleData name="objectid_1">6405</SimpleData>
            <SimpleData name="dcode">4</SimpleData>
            <SimpleData name="district">JHAPA</SimpleData>
            <SimpleData name="das">0</SimpleData>
            <SimpleData name="gapa_napa">Shivasataxi</SimpleData>
            <SimpleData name="type_gn">Nagarpalika</SimpleData>
            <SimpleData name="gn_code">15.000000000000000</SimpleData>
            <SimpleData name="new_ward_n">3</SimpleData>
            <SimpleData name="ddgnww">41503.000000000000000</SimpleData>
            <SimpleData name="center">Bangdanda</SimpleData>
            <SimpleData name="state_code">1</SimpleData>
            <SimpleData name="ddgn">4015</SimpleData>
            <SimpleData name="area_sqkm">10.798727940499999</SimpleData>
            <SimpleData name="shape_leng">18260.521903400000156</SimpleData>
            <SimpleData name="shape_area">10798727.940500000491738</SimpleData>
            <SimpleData name="Province">KO</SimpleData>
            <SimpleData name="Address">Shivasataxi-3, JHAPA, KO</SimpleData>
          </SchemaData>
        </ExtendedData>
        <Polygon>
          <outerBoundaryIs>
            <LinearRing>
              <coordinates>
                87.8147913872368,26.5825490666605,0
                87.8146672304371,26.5819336799893,0
                87.8146527988552,26.5817600070047,0
                87.8145355696432,26.5815079637588,0
                87.8143068524436,26.5813670964969,0
                87.8138863471963,26.5812566609745,0
                87.8136586923366,26.5810977325273,0
                87.8131667036327,26.5806425127369,0
                87.8130734114582,26.5803136018903,0
                87.8129945494294,26.5801583643701,0
                87.8128495086536,26.5800576202671,0
                87.812513741999,26.5799512479192,0
                87.8121742854514,26.5799418679089,0
                87.8115745479231,26.580055846361,0
                87.8110687408135,26.5799436596627,0
                87.8104622002899,26.579694419495,0
                87.8102772275016,26.5795374918121,0
                87.8102442370456,26.5793052614596,0
                87.8104723419359,26.5789113619147,0
                87.8104814080071,26.5786811327296,0
                87.8104078618086,26.5783927185553,0
                87.8103060027981,26.5782759766765,0
                87.8101690895236,26.5779833745757,0
                87.8101210425987,26.5775797836399,0
                87.8102575300234,26.5773556174212,0
                87.8104546956776,26.577207821868,0
                87.8107148532396,26.5770822120359,0
                87.810759598411,26.5770277801049,0
                87.810806469632,26.5769124788977,0
                87.8108155367595,26.5766844987956,0
                87.8107398638581,26.5764525170943,0
                87.8102003916537,26.5755732705444,0
                87.8100043011804,26.5751659895322,0
                87.8099871815204,26.5750509992682,0
                87.8100777974295,26.5749195750572,0
                87.8102089697749,26.5748285848145,0
                87.8103379546723,26.5747940275866,0
                87.8107419648947,26.5747872235449,0
                87.8108970109814,26.5746216160555,0
                87.810925324179,26.5744499436513,0
                87.8108682105572,26.5742765199737,0
                87.8107670386941,26.5741575286477,0
                87.8105974981748,26.5741336522482,0
                87.8103389674539,26.5742208270756,0
                87.810169552211,26.5742150748526,0
                87.8098247189685,26.5743388697472,0
                87.8096354323274,26.5742744972979,0
                87.8095112628992,26.5741940014874,0
                87.8093908443439,26.574018639801,0
                87.8094190325642,26.5738470303639,0
                87.8095955132858,26.5736812972493,0
                87.8097906152632,26.5735921837443,0
                87.8100027125809,26.5735977495697,0
                87.8101572590981,26.5734502032183,0
                87.8101609477199,26.5733531486513,0
                87.8100207837916,26.5731395399157,0
                87.8098534945359,26.5730773547894,0
                87.8095629737437,26.5728961774893,0
                87.8096099074775,26.5727830628126,0
                87.8097405174631,26.5727101342397,0
                87.8099317428445,26.5726955144229,0
                87.8100186695442,26.5726612062584,0
                87.8101519063846,26.5725115337109,0
                87.8101588463479,26.5723399868153,0
                87.8101194158805,26.5722635549123,0
                87.8099744373404,26.5721627483349,0
                87.8096354195395,26.57213311928,0
                87.8094685679899,26.5720506239999,0
                87.8091483578043,26.5720974887504,0
                87.8090374318932,26.5722087265755,0
                87.8088764459489,26.5725096979501,0
                87.8086984014059,26.5727138023558,0
                87.808480551518,26.5728617225475,0
                87.8082678285221,26.572853906645,0
                87.8082267731186,26.5728135348994,0
                87.8081724104445,26.5725836785778,0
                87.8081814762928,26.5723534481999,0
                87.8083200276028,26.572070600474,0
                87.8084308910314,26.5719594243336,0
                87.8086269932252,26.5718319392142,0
                87.8090773752235,26.5717323311497,0
                87.8092724775598,26.5716432176688,0
                87.809424959218,26.5715521029988,0
                87.8095379494013,26.5713822454853,0
                87.8096131330096,26.5710997706727,0
                87.8096850041796,26.5708894776167,0
                87.8099317294349,26.5705541366014,0
                87.8099435471958,26.5702674743346,0
                87.8098634987601,26.5701302965278,0
                87.8096365317078,26.5699713687665,0
                87.8095522929628,26.5699493066137,0
                87.8090432963193,26.5699137999918,0
                87.8087645814359,26.5699808515753,0
                87.808500797252,26.5702034529689,0
                87.8084239875373,26.5705242985892,0
                87.8083787412619,26.5706012909725,0
                87.8081137703142,26.5708397655929,0
                87.8079645397637,26.5708541364662,0
                87.8078819887704,26.5707959522931,0
                87.8077562055193,26.5702167501235,0
                87.8077668977793,26.5699503984615,0
                87.8079016977242,26.5697623548854,0
                87.808246530686,26.5696408092799,0
                87.8083360841399,26.5695274454764,0
                87.8083409620278,26.5694123300564,0
                87.8082230447319,26.5691602877114,0
                87.8080796921002,26.5690234837192,0
                87.8076597488638,26.5688949877958,0
                87.8073617870627,26.5689034186055,0
                87.8072754849825,26.5689400385032,0
                87.807230677504,26.5689944087136,0
                87.8072035515136,26.5691480191793,0
                87.8073005342906,26.5693798760993,0
                87.8072701581318,26.5696079807628,0
                87.8073277088856,26.5697633434153,0
                87.8072125315422,26.5699896343242,0
                87.8071842810772,26.5701613065268,0
                87.8070724173651,26.5703108541694,0
                87.8069866147951,26.5703271636381,0
                87.806819262908,26.570264915727,0
                87.806284717567,26.5698076324344,0
                87.805443144065,26.5695889484579,0
                87.8051014991976,26.5696360633736,0
                87.8047749119482,26.5698364770209,0
                87.8044284529938,26.5699963947836,0
                87.8040451898691,26.5700030744432,0
                87.8039210208464,26.5699225162096,0
                87.8038192237917,26.569805774002,0
                87.8037414254466,26.5696301635792,0
                87.8036801850439,26.5695718548571,0
                87.8036050130459,26.5693195626663,0
                87.8035250260387,26.5691846352843,0
                87.8032586288184,26.5689469003862,0
                87.8030305982932,26.568803783813,0
                87.8029287390709,26.5686870415626,0
                87.8028338213707,26.5683965026137,0
                87.8026937187893,26.5681828932282,0
                87.8024656263609,26.5680397763106,0
                87.8020605662712,26.5675298132324,0
                87.8017306766543,26.567272204663,0
                87.8015062738769,26.567034282775,0
                87.8014712204155,26.5668607347959,0
                87.801724824251,26.5663538455397,0
                87.8017340155726,26.5661236156173,0
                87.8016583434021,26.5658916349248,0
                87.8012750923737,26.5653634858801,0
                87.801279969688,26.5652483079266,0
                87.8014398306021,26.5649677101285,0
                87.8014259615139,26.5647759771224,0
                87.8013482252573,26.5646003657916,0
                87.8010593928624,26.5643808789396,0
                87.8008921037675,26.5643186312711,0
                87.8006361983427,26.5643291253191,0
                87.8000259562316,26.5647116433475,0
                87.7998692843193,26.5649178732177,0
                87.7996704927335,26.565101728004,0
                87.7996454312681,26.5651966567588,0
                87.7995340051338,26.5653281437545,0
                87.7993827730528,26.5653989470604,0
                87.7992121703209,26.5654134427167,0
                87.7990853122134,26.5653893173406,0
                87.7988999011097,26.5652504510106,0
                87.7987196811985,26.5649559110234,0
                87.7985358973197,26.5647786727192,0
                87.7983563649043,26.5644863196214,0
                87.7979891084418,26.5640912219016,0
                87.7978388890481,26.5635888870181,0
                87.7976806663273,26.5632986592238,0
                87.7975799327542,26.5631616067131,0
                87.7973737130133,26.5630003045083,0
                87.7971489348993,26.5627826317959,0
                87.7971173826896,26.5624962807852,0
                87.7971633161234,26.5624215377158,0
                87.7972730540786,26.5623284229109,0
                87.7976141361556,26.5623016819696,0
                87.7978097382617,26.5621922572224,0
                87.7979206635644,26.56208108122,0
                87.7980144064554,26.5618549156716,0
                87.7980186589209,26.5617398002027,0
                87.7979819789817,26.5616046239306,0
                87.7978418147808,26.5613910143883,0
                87.7971212962087,26.560792552827,0
                87.7967888440138,26.5606116870164,0
                87.7965005111009,26.5603718274353,0
                87.7960246429048,26.5600495341819,0
                87.7957753033803,26.5599087913269,0
                87.7951059586568,26.5596394899695,0
                87.7946892668506,26.5594341870278,0
                87.7942949488246,26.55919270114,0
                87.7940306769084,26.5588963462807,0
                87.7939806284351,26.5585513749217,0
                87.7939033928275,26.5583577030789,0
                87.7937014254342,26.5580835358885,0
                87.7934344031564,26.5578458637609,0
                87.7930997614231,26.5577190554123,0
                87.7927624947153,26.5576510550849,0
                87.7917440647677,26.5576002904712,0
                87.7915554653376,26.5575358552753,0
                87.7913898014625,26.5574352362747,0
                87.7912880050328,26.5573184938263,0
                87.7914281820679,26.5569972745226,0
                87.7916302239448,26.5567344256813,0
                87.7917612714571,26.5566434364032,0
                87.7923432639428,26.5564325898632,0
                87.79257867226,26.5563681005124,0
                87.7927414090918,26.5560445058152,0
                87.7926864839931,26.5558124005618,0
                87.7925853124134,26.555695595492,0
                87.7924200869621,26.5555746659511,0
                87.7921696838687,26.5554519838626,0
                87.7909867154041,26.5552802898581,0
                87.7901490187351,26.5549667383534,0
                87.7890072938723,26.5548625386731,0
                87.7888786231983,26.55484972493,0
                87.7885424179279,26.5547635381138,0
                87.788288826772,26.5547355985197,0
                87.7878694466581,26.5545890413299,0
                87.787532741466,26.5545209152319,0
                87.7872011008403,26.5543670472464,0
                87.7870861744314,26.554525656406,0
                87.78676859119,26.5544980909822,0
                87.7865799290772,26.5544336555843,0
                87.7861328614167,26.5544587070447,0
                87.7854210097588,26.5547424817534,0
                87.7846483541834,26.5549475122237,0
                87.7842629646753,26.5550128120929,0
                87.7837541565592,26.5549953039547,0
                87.7835660569243,26.5549128698465,0
                87.7831867327049,26.5548449938366,0
                87.7827461051865,26.5547165589716,0
                87.7822366713813,26.5547013011207,0
                87.7818487185432,26.554841031529,0
                87.781652615485,26.5549685167401,0
                87.7814548868764,26.5551343120464,0
                87.7812982152667,26.5553404780515,0
                87.7810646705301,26.5558698655589,0
                87.7809873603864,26.5562109603969,0
                87.7808655428131,26.5571255033944,0
                87.7807903582175,26.5574102272705,0
                87.780772099608,26.5578684379734,0
                87.7805897290489,26.5587223609022,0
                87.7805928431249,26.5591826955005,0
                87.7805067036621,26.5602707877465,0
                87.7805375056465,26.5605572009678,0
                87.7805241867384,26.5609025460162,0
                87.7805949199267,26.5612496421204,0
                87.7806919019063,26.5614814988496,0
                87.7807491912608,26.5621716903395,0
                87.7807001936604,26.5623434871161,0
                87.7806840609723,26.5627429523338,0
                87.7805741230484,26.56337083422,0
                87.7804050707802,26.5638817236989,0
                87.7802687087564,26.5641081394033,0
                87.7802217123686,26.5642212535278,0
                87.7799914183405,26.5646738352604,0
                87.7796838896463,26.5649304324115,0
                87.7789062954625,26.565250639926,0
                87.7784451594346,26.5656187244341,0
                87.7783999135119,26.5656955924152,0
                87.7776291221966,26.5663790810355,0
                87.7773839592808,26.566676051342,0
                87.7772474720396,26.5669024041453,0
                87.7767791943947,26.5679790527873,0
                87.7765537157867,26.5683142687885,0
                87.77639166706,26.5686536114836,0
                87.7759657088678,26.5692155552778,0
                87.7753227762654,26.5698847359227,0
                87.774992687601,26.5701595805074,0
                87.7748409554468,26.5702506321048,0
                87.7729299151678,26.5718180239729,0
                87.7727566863958,26.5719069502457,0
                87.7722902341406,26.5724103983787,0
                87.7722033065892,26.5724650790852,0
                87.7719574569573,26.5727619862899,0
                87.7715272470671,26.5734390452103,0
                87.7712472062314,26.5740610488166,0
                87.7711137703632,26.5747454869625,0
                87.7710601962507,26.5755469168599,0
                87.7710068835363,26.5758314538334,0
                87.7710023075669,26.5764633362134,0
                87.7709489956444,26.5767479362714,0
                87.7705019653356,26.5778244594458,0
                87.7699352051619,26.5787255584743,0
                87.7695560569482,26.5791721381907,0
                87.7688966292796,26.5797263906788,0
                87.7676315854861,26.5805477329823,0
                87.7673223693913,26.580842763996,0
                87.7671225147686,26.5810672411324,0
                87.7667055608129,26.5813988923439,0
                87.766328538173,26.5817890388083,0
                87.7660646298583,26.5820094526181,0
                87.7655041845627,26.5827389414774,0
                87.7653889449854,26.5829629825376,0
                87.7652624490488,26.5834758737229,0
                87.765195328723,26.583663543524,0
                87.765119583552,26.5838737738453,0
                87.7651190080451,26.5844469746618,0
                87.7653619566741,26.5853166538176,0
                87.7656400964824,26.5858228653596,0
                87.7659300415899,26.5865794923601,0
                87.7663665290205,26.5873962428593,0
                87.7672281984311,26.5887432674333,0
                87.7678810980782,26.5894527807297,0
                87.7682036085664,26.589922683693,0
                87.7683005280103,26.590154540196,0
                87.7684806850574,26.5904469559666,0
                87.7687834360872,26.5914336261302,0
                87.7689853150725,26.5928180733733,0
                87.7691335327566,26.5933949005634,0
                87.7692859401925,26.5938589264782,0
                87.7695017765612,26.5943271396635,0
                87.7695524496434,26.5946720481751,0
                87.7697975236141,26.5954831078958,0
                87.7703753265096,26.5953671284432,0
                87.7708124650339,26.5950556637225,0
                87.7711669286144,26.5946655790747,0
                87.7713311660432,26.5942675539242,0
                87.7714435927217,26.5940999453051,0
                87.7715395875603,26.5938151599503,0
                87.771767254759,26.5934212606859,0
                87.771820504127,26.5931344109388,0
                87.7718903113655,26.5929648020766,0
                87.7720923550152,26.5926838925011,0
                87.7722565928634,26.5922881176451,0
                87.7722608444347,26.5921730651024,0
                87.7723317144153,26.5919830827033,0
                87.7724889496807,26.5917588551303,0
                87.7729244624152,26.5914856993389,0
                87.7731190640466,26.5913966478423,0
                87.7733102898249,26.5913820278211,0
                87.7735257010276,26.5913131626138,0
                87.7740475780651,26.5910034492957,0
                87.7743364241406,26.5906679208046,0
                87.7747276288627,26.5904311368224,0
                87.7749280462541,26.5901885984311,0
                87.7754771105199,26.5897275238373,0
                87.7757217107212,26.5894306166863,0
                87.7758193310837,26.5891073334214,0
                87.7759941866015,26.588977848413,0
                87.7762515920395,26.5889109841754,0
                87.7770803601664,26.5888974375623,0
                87.7773383915244,26.5888283236587,0
                87.7777221555238,26.5887833352405,0
                87.7782940796202,26.5888389033525,0
                87.7793126976024,26.5888716690999,0
                87.7805156626773,26.5890817363708,0
                87.7812165716307,26.589084623838,0
                87.7816030242135,26.5889809530457,0
                87.7818588046318,26.5889502724749,0
                87.7823518061251,26.5888324791798,0
                87.7826193547738,26.5879419369608,0
                87.7826204299359,26.5873664861588,0
                87.7826912380667,26.5871788166935,0
                87.7829102764217,26.586992586063,0
                87.7830585065338,26.5870165874191,0
                87.7835611246361,26.5872056424214,0
                87.7841831603902,26.5876083696448,0
                87.7844342508999,26.5877108027662,0
                87.7849949824427,26.5880529714442,0
                87.785869609064,26.5884994492602,0
                87.7868039138023,26.5890606683493,0
                87.7873427112824,26.5894006487424,0
                87.7880078916966,26.5886749111241,0
                87.7883851785374,26.5876935655172,0
                87.7889778138318,26.5866409177739,0
                87.7890071250789,26.5865234286599,0
                87.7891286208659,26.5860353477932,0
                87.7891579464522,26.5852725396544,0
                87.78921863769,26.5847960817354,0
                87.7892468261048,26.5846063482386,0
                87.7895048566208,26.5845372342192,0
                87.78976176174,26.5844884307155,0
                87.7903645636753,26.5842774601603,0
                87.7910559189002,26.5839938100146,0
                87.7917419582517,26.5838455862102,0
                87.7920004269508,26.5837560986444,0
                87.7922105903741,26.5836624856866,0
                87.7922381489991,26.5836510495375,0
                87.7929828780815,26.5831007980101,0
                87.7935238761679,26.5828495802219,0
                87.7948175954412,26.5823933314855,0
                87.7952450411631,26.5823300323467,0
                87.7957541623897,26.5823655388267,0
                87.7962658475691,26.5823243019545,0
                87.7974630090748,26.5821529013282,0
                87.7983984510439,26.5821431702618,0
                87.7990737364712,26.582261235014,0
                87.7993259518141,26.5823455446819,0
                87.7996595926737,26.5825084120019,0
                87.800918044746,26.5829323358984,0
                87.8015016506023,26.5832178223033,0
                87.8016700650617,26.5832620096565,0
                87.8022648638169,26.5832609581735,0
                87.8028549717827,26.5833952703232,0
                87.8034359525954,26.5836650078697,0
                87.8036065538006,26.5837430044077,0
                87.8038597080662,26.5837890048682,0
                87.8041107981103,26.5838936253233,0
                87.8044476894707,26.5839797497081,0
                87.8053794422283,26.5840670088901,0
                87.8058010736562,26.5841571342954,0
                87.8061412167556,26.584168701681,0
                87.8067322631015,26.5842623922985,0
                87.8070692174288,26.5843507666251,0
                87.8081752006708,26.584328663398,0
                87.808935849635,26.5844461678485,0
                87.8091906289443,26.5844560463478,0
                87.8102151243156,26.5843531998618,0
                87.8112343040571,26.5843857789392,0
                87.8121723725037,26.5843014285483,0
                87.8127773629273,26.5840520238053,0
                87.8134285990932,26.583691754803,0
                87.8134616582729,26.5836645073227,0
                87.814660277065,26.5826400562428,0
                87.8147913872368,26.5825490666605,0
              </coordinates>
            </LinearRing>
          </outerBoundaryIs>
        </Polygon>
      </Placemark>
      <Placemark id="KO_JHAPA_Shivasataxi.4">
        <ExtendedData>
          <SchemaData schemaUrl="#KO_JHAPA_Shivasataxi.schema">
            <SimpleData name="ogc_fid">6405</SimpleData>
            <SimpleData name="objectid_1">6406</SimpleData>
            <SimpleData name="dcode">4</SimpleData>
            <SimpleData name="district">JHAPA</SimpleData>
            <SimpleData name="das">0</SimpleData>
            <SimpleData name="gapa_napa">Shivasataxi</SimpleData>
            <SimpleData name="type_gn">Nagarpalika</SimpleData>
            <SimpleData name="gn_code">15.000000000000000</SimpleData>
            <SimpleData name="new_ward_n">4</SimpleData>
            <SimpleData name="ddgnww">41504.000000000000000</SimpleData>
            <SimpleData name="center">Bangdanda</SimpleData>
            <SimpleData name="state_code">1</SimpleData>
            <SimpleData name="ddgn">4015</SimpleData>
            <SimpleData name="area_sqkm">11.945297804300001</SimpleData>
            <SimpleData name="shape_leng">22902.801364100003411</SimpleData>
            <SimpleData name="shape_area">11945297.804300000891089</SimpleData>
            <SimpleData name="Province">KO</SimpleData>
            <SimpleData name="Address">Shivasataxi-4, JHAPA, KO</SimpleData>
          </SchemaData>
        </ExtendedData>
        <Polygon>
          <outerBoundaryIs>
            <LinearRing>
              <coordinates>
                87.8445393337093,26.5485826179572,0
                87.8443256222842,26.5480964692247,0
                87.8442466984607,26.547941230402,0
                87.8440596741616,26.5473240935112,0
                87.8438448998805,26.5468605043731,0
                87.8437387387065,26.546321861203,0
                87.8435847673743,26.5459346413315,0
                87.8433059393256,26.5454669268588,0
                87.8429948084277,26.5447692314529,0
                87.842773594407,26.5444569413611,0
                87.8424987042364,26.5439147336027,0
                87.8419780397355,26.5431325407524,0
                87.8415294212391,26.5426793841154,0
                87.8412469663219,26.5423064731446,0
                87.8409298885399,26.5420014311769,0
                87.8406753021592,26.5417547607294,0
                87.8395037879518,26.5408184445644,0
                87.839197396859,26.5405223394451,0
                87.8384494514346,26.539601654517,0
                87.8381143846213,26.5389785772844,0
                87.8378452482707,26.538282944874,0
                87.8374526917938,26.537506754308,0
                87.8372709701182,26.5372730839244,0
                87.8369385293843,26.5365755125865,0
                87.8367381870101,26.5362810972884,0
                87.8364057460684,26.5355835259585,0
                87.8360163667674,26.5352473604126,0
                87.835684538281,26.5350642447965,0
                87.8353702063095,26.5349578726523,0
                87.8349238257366,26.5349807379146,0
                87.8347352264237,26.5349186144827,0
                87.8342920355334,26.5348647980783,0
                87.8339772025639,26.5347786751344,0
                87.8336596822404,26.5347489218619,0
                87.8328446068911,26.5344377456908,0
                87.8326582586324,26.5343350636552,0
                87.8323503038331,26.5340773928892,0
                87.8320402861781,26.533876092101,0
                87.8315347908032,26.5337842777858,0
                87.8309700558472,26.5335732228983,0
                87.8306693462914,26.5335275335189,0
                87.8306536611949,26.5335254711815,0
                87.8302135955948,26.5333767877139,0
                87.8299029533854,26.5331732999799,0
                87.8295331331467,26.53285494502,0
                87.8292874826872,26.5326172117863,0
                87.8292480521004,26.5325407172994,0
                87.8291191428115,26.5320585693422,0
                87.8291164659249,26.5316005463385,0
                87.8290504222557,26.5311405847199,0
                87.8290643038853,26.5307974892785,0
                87.8293589634307,26.5303490334963,0
                87.8295896321927,26.5298986394183,0
                87.8299760333855,26.5293029475018,0
                87.830185391327,26.5288526779734,0
                87.8306694044162,26.5283105463294,0
                87.8307645821596,26.5282038701527,0
                87.8310032418728,26.5280784474603,0
                87.8312541567435,26.527648239773,0
                87.8314544482014,26.5274259503123,0
                87.831553506431,26.5270665451115,0
                87.8314997683765,26.5268343771797,0
                87.8313212984991,26.526524150366,0
                87.83100008896,26.5265891390813,0
                87.8306696307807,26.52659788208,0
                87.830064584122,26.5266149312921,0
                87.8298109306315,26.5265667433546,0
                87.8293921751359,26.5264179984003,0
                87.8288519393059,26.5261142642135,0
                87.8287101491913,26.5259368401252,0
                87.8286530984196,26.5257634160921,0
                87.8286909773956,26.5253637637455,0
                87.8286435558909,26.5249601731213,0
                87.8284475279108,26.5245528288492,0
                87.828148139806,26.5240852387317,0
                87.8279706702763,26.5237342662747,0
                87.8278103211952,26.5235005330209,0
                87.8275461125167,26.5232041790648,0
                87.8270964186751,26.5232835387136,0
                87.826255082903,26.5235772475745,0
                87.8258656290322,26.5237554745875,0
                87.825148401048,26.5241297418505,0
                87.8247551327403,26.524382462473,0
                87.8244962890047,26.5244877610909,0
                87.8229307844577,26.5253294714044,0
                87.822671252269,26.5254347701438,0
                87.8220180154181,26.5258131007729,0
                87.8216935544957,26.525954832432,0
                87.8214303332825,26.5261549352508,0
                87.8210423807959,26.5262745424742,0
                87.8205351359887,26.5261984769233,0
                87.8203891554265,26.5261361049802,0
                87.8200125201099,26.5259893598173,0
                87.8197626802987,26.5258666785787,0
                87.8195100898196,26.5258004296762,0
                87.8193166760451,26.5258489215647,0
                87.8189265970523,26.5260272117239,0
                87.8184769036801,26.5261065092874,0
                87.8178402355874,26.5260830617164,0
                87.8172631835086,26.5261586070674,0
                87.8162438789463,26.526121528587,0
                87.8158634918267,26.526069588134,0
                87.8154211758139,26.5259592769119,0
                87.8147233306645,26.5258775208405,0
                87.8139043171477,26.5256204030623,0
                87.8137802104289,26.5255399077185,0
                87.8133406458086,26.5253709138945,0
                87.8130876167514,26.5253249753678,0
                87.8129575696963,26.5253775934603,0
                87.8126074222402,26.5256143165932,0
                87.8118166346546,26.5262370610068,0
                87.8116215953163,26.5263261747599,0
                87.8112267019308,26.5266195171694,0
                87.8109010528884,26.5267815595417,0
                87.8096083972601,26.5271973740321,0
                87.8087061966339,26.5274145887898,0
                87.8083864255842,26.5274231448086,0
                87.8081973878399,26.5273791444196,0
                87.8075600959823,26.5273578843731,0
                87.8071119654331,26.5274010597391,0
                87.8069185513918,26.5274518646795,0
                87.8068556852356,26.5274296154442,0
                87.806790067889,26.5274660483844,0
                87.806215141506,26.5274850983041,0
                87.8055682822165,26.5277121290669,0
                87.804980412829,26.5280359029865,0
                87.8043963577145,26.5282851832618,0
                87.8040084679701,26.5284046657041,0
                87.8036167633305,26.5286212641813,0
                87.803228747382,26.528743059335,0
                87.8025877037577,26.528816603164,0
                87.8022713078665,26.5287687265276,0
                87.8019564142063,26.5286622299507,0
                87.801581842292,26.5284589908804,0
                87.801267510137,26.5283524316845,0
                87.800887123214,26.5283004285164,0
                87.800117657781,26.5283904689809,0
                87.7996007201941,26.5285446333659,0
                87.7991089694465,26.5286240550819,0
                87.7988088823112,26.5286708578375,0
                87.7986559017757,26.528678479841,0
                87.7983192574435,26.5286916598627,0
                87.7978087608124,26.5286944622198,0
                87.797104913285,26.5287480693362,0
                87.7967222126043,26.5287344384303,0
                87.7964643071247,26.5288013030501,0
                87.7962692676393,26.5288903545839,0
                87.7960124871666,26.5289392206063,0
                87.7946062918366,26.5290080007078,0
                87.7941560363535,26.529087235581,0
                87.7933821932445,26.529292327995,0
                87.7927422751733,26.5293455620764,0
                87.7911501067526,26.5292731631408,0
                87.7904308888716,26.5291913445998,0
                87.7897059244444,26.5290080968974,0
                87.7895159451254,26.5291987013735,0
                87.789008062109,26.5296776507161,0
                87.7889850013145,26.52969808657,0
                87.788664655194,26.5302617192509,0
                87.7886430837117,26.5307763612558,0
                87.7888430391715,26.531587545231,0
                87.7890078865879,26.5318484008032,0
                87.7893616402479,26.5324083589827,0
                87.7896664057307,26.5327631467261,0
                87.7897899498125,26.5328617657629,0
                87.790409285147,26.5338196321101,0
                87.7907959138465,26.5342349158761,0
                87.7909163316303,26.5344125279937,0
                87.7911224885093,26.5345715802214,0
                87.7914873060707,26.5350050497444,0
                87.7922901258403,26.5356436968188,0
                87.7925702671251,26.5360731649656,0
                87.7926326333085,26.5361134123698,0
                87.7926508164083,26.5361922815326,0
                87.7925445061469,26.536705047675,0
                87.7924047049731,26.5369857078602,0
                87.7923267690438,26.5373291147646,0
                87.792263203289,26.5378416941363,0
                87.7922255620404,26.5387603019207,0
                87.7920956791735,26.5398463931878,0
                87.7920292248309,26.540934423182,0
                87.7918546704857,26.5415581782118,0
                87.7917918560521,26.5419985767174,0
                87.7917649178908,26.5421859970935,0
                87.791581359456,26.5430399826913,0
                87.7915716051861,26.5432679003858,0
                87.7914708584527,26.5436656137717,0
                87.791417834997,26.5449837492449,0
                87.7914437597256,26.5453852154082,0
                87.791379743442,26.5464732444327,0
                87.7914414099302,26.5470505082208,0
                87.7913694016781,26.5477933185674,0
                87.7913858346344,26.5479083089103,0
                87.7913347108771,26.5481365380217,0
                87.7907231936424,26.5496088992138,0
                87.7903149057584,26.5508026007002,0
                87.7898468164249,26.5518770617237,0
                87.7895014707227,26.5525558095075,0
                87.7890076493815,26.5529873879141,0
                87.7884227126234,26.5534960827929,0
                87.7879649526641,26.5537874244121,0
                87.7876829860471,26.553933406613,0
                87.7871064964382,26.554011076786,0
                87.7869770116681,26.5540636946519,0
                87.7869087678878,26.5541768708491,0
                87.7869690074356,26.554273551282,0
                87.7871362972358,26.5543357991921,0
                87.7872011008403,26.5543670472464,0
                87.787532741466,26.5545209152319,0
                87.7878694466581,26.5545890413299,0
                87.788288826772,26.5547355985197,0
                87.7885424179279,26.5547635381138,0
                87.7888786231983,26.55484972493,0
                87.7890072938723,26.5548625386731,0
                87.7901490187351,26.5549667383534,0
                87.7909867154041,26.5552802898581,0
                87.7921696838687,26.5554519838626,0
                87.7924200869621,26.5555746659511,0
                87.7925853124134,26.555695595492,0
                87.7926864839931,26.5558124005618,0
                87.7927414090918,26.5560445058152,0
                87.79257867226,26.5563681005124,0
                87.792705154973,26.5564259724558,0
                87.7930824163848,26.5565525934204,0
                87.7935252319649,26.5566426568276,0
                87.7937175827405,26.5566099756288,0
                87.7939925460826,26.5566377904368,0
                87.7942547668057,26.5564558115757,0
                87.7943443204041,26.5563424481114,0
                87.7944173784621,26.5561164062281,0
                87.7944285709919,26.5558298063903,0
                87.7943742710925,26.5555976376048,0
                87.7943834001112,26.5553697198453,0
                87.7945075824402,26.5549131989692,0
                87.7946510104591,26.5545174863458,0
                87.79472832072,26.5541740796082,0
                87.7947325101074,26.5540612147406,0
                87.7946355910749,26.5538271076385,0
                87.7944544321857,26.553573126745,0
                87.7942066562177,26.5533940748854,0
                87.7937872762822,26.55324514206,0
                87.7933652695446,26.5531752653376,0
                87.7930316921892,26.5530123987947,0
                87.7926630595528,26.5526737332351,0
                87.7926060081737,26.5525003097648,0
                87.7926641353205,26.5521005952234,0
                87.7929163004559,26.5516501388181,0
                87.7930729727273,26.5514439718613,0
                87.7934934282457,26.5510173294545,0
                87.7938217037959,26.5507786062995,0
                87.7940173058312,26.5506714317065,0
                87.7942757750224,26.5505842562917,0
                87.7945806143242,26.5504020899592,0
                87.7949307001164,26.5501451189932,0
                87.7952611017292,26.5498499006124,0
                87.7959406508538,26.5493361454219,0
                87.7964965312156,26.5487237706431,0
                87.7967380044218,26.5485396667621,0
                87.7970940922117,26.5481518319648,0
                87.7978004528898,26.5475250859521,0
                87.7981372946383,26.5470786308242,0
                87.7983260934743,26.5466262983158,0
                87.7983372854109,26.5463418857546,0
                87.7983043574894,26.5461119048775,0
                87.798247931759,26.5459362317122,0
                87.7981674450018,26.5458193650921,0
                87.7976560224322,26.545325773177,0
                87.7975110428305,26.545225029359,0
                87.7966546631507,26.5448326721707,0
                87.7961198038744,26.5443957000358,0
                87.7956296916307,26.5439019837237,0
                87.7952444398853,26.5434302676639,0
                87.7949413005042,26.5430392951216,0
                87.794823008332,26.5428053135294,0
                87.7947715221911,26.5425167750736,0
                87.7948089006656,26.5421171221832,0
                87.7948582723909,26.5419995082048,0
                87.7949736391822,26.5417213469047,0
                87.7956081412974,26.5407858769374,0
                87.7960511560256,26.5403613594648,0
                87.7964439234977,26.5401065141778,0
                87.7967029549444,26.5400193393486,0
                87.7970216632888,26.5400311566817,0
                87.7972097629638,26.5401135282081,0
                87.7975618993871,26.5403349531069,0
                87.797766994241,26.5405143789708,0
                87.7979896463684,26.5407906092884,0
                87.7981137533314,26.5408711666141,0
                87.7983461601921,26.5409172300086,0
                87.7985741895348,26.5410580967432,0
                87.7987957166513,26.5413523882436,0
                87.7990135543651,26.541741607984,0
                87.7990937257404,26.5419984000554,0
                87.7991828955818,26.5422845024279,0
                87.799564183483,26.5439002450212,0
                87.7996812873792,26.5441523501558,0
                87.7999269385558,26.5443901465035,0
                87.8006852115179,26.5445686453189,0
                87.8011312778734,26.544582027589,0
                87.8015149791903,26.5445572245154,0
                87.8019019314476,26.5444558030401,0
                87.8021577111282,26.544445308204,0
                87.8028025698003,26.5442769600104,0
                87.8030296672442,26.5441899097773,0
                87.8030712176012,26.5444762605959,0
                87.8030758324219,26.5448779130541,0
                87.8031588715999,26.5454528031035,0
                87.8034028955691,26.5457290333598,0
                87.8039378169036,26.5461660059948,0
                87.8039570629997,26.5462245636545,0
                87.8039090658381,26.546355739101,0
                87.8038183874918,26.5464871005829,0
                87.8038355079855,26.5466020908649,0
                87.8039772348949,26.5467796405722,0
                87.8043096879167,26.5469626942181,0
                87.804349118845,26.5470392505851,0
                87.804273297121,26.547858740898,0
                87.8044437631729,26.5483790741753,0
                87.8044133240954,26.5486071162895,0
                87.8042577158706,26.5487727245548,0
                87.8040380522465,26.5489387061621,0
                87.803625600863,26.5491531168602,0
                87.8033158840111,26.5494482102799,0
                87.8032918228257,26.5495047675532,0
                87.8032875714922,26.5496198827999,0
                87.8033776126607,26.5500232869263,0
                87.8036135712732,26.5504890639194,0
                87.8041543581478,26.5513096277229,0
                87.8045417359331,26.5517249122368,0
                87.8048929345893,26.5519847090522,0
                87.8055809623336,26.552330504209,0
                87.8063376725234,26.5525473742349,0
                87.8065065869362,26.5525735008384,0
                87.8065935141107,26.5525368800347,0
                87.8070182089416,26.5525525742964,0
                87.8071893751514,26.5525200177833,0
                87.807449969507,26.552394408944,0
                87.8077068123575,26.5523455429114,0
                87.8079615296945,26.5523531720177,0
                87.808133195394,26.5523206154654,0
                87.8089822102223,26.5523699396744,0
                87.8090653231962,26.5524100623079,0
                87.8092097397101,26.5525288673393,0
                87.8094095193177,26.5528413442999,0
                87.8097169606227,26.5536542168884,0
                87.8098256234569,26.5541161789063,0
                87.8102364243543,26.555007422443,0
                87.8107097417953,26.5548715680075,0
                87.811914781263,26.5545284947366,0
                87.8120257077402,26.554419569192,0
                87.8120512063825,26.5543042674381,0
                87.8119180451979,26.5539192353596,0
                87.8117608854372,26.5536087589713,0
                87.8112983355498,26.5529434328322,0
                87.8105267062497,26.552038496265,0
                87.8104477818477,26.5518831964144,0
                87.8104329753685,26.5517298341725,0
                87.8105433382655,26.551639031399,0
                87.8112079429182,26.551508804946,0
                87.8117909355313,26.551279835725,0
                87.8119354141569,26.5513986407162,0
                87.8121570031436,26.5516929942908,0
                87.8126088609619,26.5526246104518,0
                87.8128518850652,26.5529187768139,0
                87.8130309173597,26.5532291904114,0
                87.8133358070717,26.5535839778676,0
                87.8135750173208,26.5539729487166,0
                87.8137114300961,26.5542836126932,0
                87.8140114430105,26.5547512021692,0
                87.814305016592,26.5553723421358,0
                87.8148326207205,26.556001110058,0
                87.8151550688957,26.556450577094,0
                87.8154033460371,26.5566116306224,0
                87.8159683296851,26.5568408085445,0
                87.8171008618268,26.5572426697601,0
                87.8176061061386,26.5573729812337,0
                87.8179813030832,26.5575581598338,0
                87.8186118426845,26.5577508420265,0
                87.819050969664,26.5579378336452,0
                87.8196127026126,26.5582436928645,0
                87.820174623983,26.5584932442652,0
                87.8203135483066,26.5582668290146,0
                87.8211332736497,26.5574542275268,0
                87.821289019778,26.5567719143105,0
                87.8213134684252,26.5561602176174,0
                87.8213652169822,26.5559343002712,0
                87.8213322259891,26.5557043197368,0
                87.8214808442357,26.5551731807596,0
                87.821787822372,26.5544200010986,0
                87.8220367359291,26.5540462887676,0
                87.8222818982627,26.5537673170624,0
                87.8229683882609,26.5531044497434,0
                87.8232582958191,26.5527687965185,0
                87.8233893432067,26.5526778064459,0
                87.8233814140459,26.552352897123,0
                87.8232119489453,26.5518145656113,0
                87.8231815223629,26.5515078413548,0
                87.8230301769915,26.5510438789229,0
                87.8230217479474,26.5507370927624,0
                87.822900779936,26.550047274507,0
                87.8227914920426,26.5495853124561,0
                87.8226006536199,26.5490426056546,0
                87.8225676640074,26.5488126252877,0
                87.8226161611901,26.5486612016663,0
                87.8227040890033,26.548588459259,0
                87.8231171656691,26.5483739854957,0
                87.8233820121108,26.5481332613346,0
                87.8237832829689,26.5476706217432,0
                87.8238744003358,26.5475211365865,0
                87.8244264778721,26.5464889856005,0
                87.8245027250966,26.5461862001847,0
                87.8244643694112,26.5455545670037,0
                87.824779826483,26.5456407528458,0
                87.8251992693543,26.5457894974737,0
                87.8255329096132,26.5459523026392,0
                87.8258691766683,26.5460586749227,0
                87.8269632159732,26.546343420792,0
                87.8278926546475,26.5465095488531,0
                87.8284032138739,26.5465065587858,0
                87.8289196507965,26.5463523310537,0
                87.8296917421783,26.5461877350891,0
                87.8302039272092,26.5461463109541,0
                87.8306686815381,26.5460578898178,0
                87.8307181129308,26.546048579006,0
                87.8312301737221,26.5459891556685,0
                87.8316036703959,26.5467270993312,0
                87.8317304547607,26.5472656796063,0
                87.8320752629396,26.5481933564791,0
                87.832192992747,26.5484273388499,0
                87.8323938855423,26.5492362099887,0
                87.8324530628289,26.5493509507066,0
                87.8325771699929,26.5494314462103,0
                87.8333481365474,26.5492667250618,0
                87.8348930719597,26.5488402905302,0
                87.8356591619348,26.5487883720292,0
                87.8373880697904,26.5485593617182,0
                87.8381541594086,26.5485074425816,0
                87.8408883046955,26.5485974237341,0
                87.8413986765433,26.5485741225421,0
                87.842161577627,26.5485989477005,0
                87.8427365041287,26.548561711627,0
                87.8439448475616,26.5485996685696,0
                87.8445393337093,26.5485826179572,0
              </coordinates>
            </LinearRing>
          </outerBoundaryIs>
        </Polygon>
      </Placemark>
      <Placemark id="KO_JHAPA_Shivasataxi.5">
        <ExtendedData>
          <SchemaData schemaUrl="#KO_JHAPA_Shivasataxi.schema">
            <SimpleData name="ogc_fid">6406</SimpleData>
            <SimpleData name="objectid_1">6407</SimpleData>
            <SimpleData name="dcode">4</SimpleData>
            <SimpleData name="district">JHAPA</SimpleData>
            <SimpleData name="das">0</SimpleData>
            <SimpleData name="gapa_napa">Shivasataxi</SimpleData>
            <SimpleData name="type_gn">Nagarpalika</SimpleData>
            <SimpleData name="gn_code">15.000000000000000</SimpleData>
            <SimpleData name="new_ward_n">6</SimpleData>
            <SimpleData name="ddgnww">41506.000000000000000</SimpleData>
            <SimpleData name="center">Bangdanda</SimpleData>
            <SimpleData name="state_code">1</SimpleData>
            <SimpleData name="ddgn">4015</SimpleData>
            <SimpleData name="area_sqkm">14.299468946999999</SimpleData>
            <SimpleData name="shape_leng">24746.877829100001691</SimpleData>
            <SimpleData name="shape_area">14299468.947000002488494</SimpleData>
            <SimpleData name="Province">KO</SimpleData>
            <SimpleData name="Address">Shivasataxi-6, JHAPA, KO</SimpleData>
          </SchemaData>
        </ExtendedData>
        <Polygon>
          <outerBoundaryIs>
            <LinearRing>
              <coordinates>
                87.8677250321635,26.5754104241916,0
                87.867475268103,26.5747350402275,0
                87.8673266239733,26.5736640668636,0
                87.8673200714125,26.5732827871983,0
                87.8673893152728,26.5731514873559,0
                87.8674542459881,26.5731149922751,0
                87.8679397439933,26.5731864946691,0
                87.8692019484424,26.5735104908411,0
                87.8697083187935,26.5736021793843,0
                87.8698788589652,26.5735876217732,0
                87.8700082808573,26.5735350041185,0
                87.8700188488414,26.5732685889637,0
                87.8699306834323,26.5728087522263,0
                87.8699026952637,26.5724276599958,0
                87.869775661836,26.5718891412816,0
                87.8694506002567,26.5709659649176,0
                87.8690948494011,26.5702889544998,0
                87.8687851691996,26.5689843107449,0
                87.8684849070133,26.5685167838181,0
                87.8679589905396,26.5678340201027,0
                87.8675430619537,26.567078389878,0
                87.8673093542675,26.5665382443751,0
                87.8672393719034,26.5661550886771,0
                87.8672462498782,26.5659835412158,0
                87.8663486250736,26.5655760601063,0
                87.8662223296086,26.5655543091465,0
                87.8655315501104,26.5652854448609,0
                87.865158978384,26.5650462709759,0
                87.8645316902541,26.5647973425234,0
                87.8643398399559,26.5648120884758,0
                87.8635170119447,26.5646726475187,0
                87.8629482760881,26.5645407101395,0
                87.8625038960984,26.5645072678908,0
                87.8617469994475,26.5642952715589,0
                87.8606790205753,26.5639203460211,0
                87.8602434577818,26.5636409246784,0
                87.8596790990087,26.5634141836828,0
                87.8594936258688,26.5632753797686,0
                87.85930540222,26.5631930083872,0
                87.8588080984953,26.5628733394505,0
                87.8583694726283,26.5626887216486,0
                87.8573004305239,26.5623318580272,0
                87.8568574900914,26.5622419818426,0
                87.8565393439223,26.5622326647722,0
                87.8560273464265,26.5622943993216,0
                87.8552568172657,26.5624412478361,0
                87.8541512591161,26.5629983665119,0
                87.8538236713627,26.5632372773916,0
                87.8535636387519,26.5633630110026,0
                87.8528433457275,26.5638546426027,0
                87.8525178833589,26.5640348713742,0
                87.8519333277126,26.5643046490753,0
                87.8508841458296,26.5645184867645,0
                87.8503096571747,26.5645399736872,0
                87.8496734270594,26.5645212130892,0
                87.8493580321468,26.564453151375,0
                87.8486662509685,26.5642203452605,0
                87.8482847382662,26.5642090897931,0
                87.8478371702354,26.5642501401275,0
                87.8471962507441,26.5643644934971,0
                87.846433724385,26.564319357903,0
                87.845737817676,26.5642016672644,0
                87.8451090278884,26.5640090473035,0
                87.8449848587453,26.5639285521268,0
                87.844615538322,26.5636102595966,0
                87.8444758740881,26.5633764025484,0
                87.84443956968,26.5632232276177,0
                87.8444012648719,26.5631264853492,0
                87.8439765699058,26.5631312267873,0
                87.8433335236316,26.5632839511901,0
                87.842687226696,26.5635292305341,0
                87.8422369070329,26.5636289011845,0
                87.8414691295196,26.5637191912293,0
                87.8403113349216,26.5640058324362,0
                87.8397950227109,26.5641803701325,0
                87.8394103201296,26.5642436075313,0
                87.8390268065579,26.5642887219996,0
                87.8383905145219,26.5642676494751,0
                87.8375598076062,26.5643356902201,0
                87.8368559588067,26.5644278568976,0
                87.8362123503192,26.5645963296129,0
                87.8358925780343,26.5646253219697,0
                87.8356352349748,26.5646922481838,0
                87.8349328873482,26.5647279194165,0
                87.8346126154306,26.5647749717269,0
                87.8341666721279,26.5647776509582,0
                87.8329502631475,26.5649494258131,0
                87.8323752738271,26.5649865991225,0
                87.8319260799387,26.5650682089194,0
                87.8316831686497,26.5653088085586,0
                87.83162991946,26.5655731596936,0
                87.8316394734538,26.5658618850144,0
                87.8315691658565,26.5660293067772,0
                87.8315642890588,26.5661444220105,0
                87.8314013024803,26.5665018881959,0
                87.8311455847511,26.5665326931244,0
                87.830668770549,26.5665265596994,0
                87.8301900824544,26.5665202389429,0
                87.8298692481637,26.5665672286031,0
                87.8294859851384,26.5665717207708,0
                87.828530797347,26.566520895448,0
                87.8278895658475,26.5665968144913,0
                87.8264824332471,26.5666817182101,0
                87.8245586763675,26.5669049123717,0
                87.8236574750277,26.5671042539703,0
                87.8229431859085,26.567403964753,0
                87.8224912410412,26.5675419442987,0
                87.822295013272,26.5676491183129,0
                87.8219736778705,26.5677164188318,0
                87.821518982945,26.567910831736,0
                87.8209379909705,26.5680811807561,0
                87.8207466408502,26.5680755528483,0
                87.8204241806269,26.5681608522016,0
                87.8194636777163,26.56824313899,0
                87.8193362563232,26.568239324467,0
                87.8190218002821,26.5681147671415,0
                87.8188314507166,26.5680888282946,0
                87.818634722576,26.5682163132285,0
                87.8185660410567,26.568347551392,0
                87.818528724645,26.5687472030078,0
                87.8184332304813,26.5689913675926,0
                87.8185932042402,26.5692454743329,0
                87.8186736290907,26.5693623404073,0
                87.8186831836939,26.5696488786106,0
                87.8187402344238,26.5698223019211,0
                87.8186720534277,26.5699355412339,0
                87.8186064358514,26.569971973982,0
                87.8184572044611,26.5699842202432,0
                87.8177632360337,26.5697895368646,0
                87.8172551785414,26.5697157830229,0
                87.8167521225577,26.569547163422,0
                87.8164978437196,26.5695192861349,0
                87.8164354153373,26.5694790387313,0
                87.8163709226889,26.5694951605851,0
                87.8159915358726,26.5694251594621,0
                87.8155454064314,26.5694119030753,0
                87.8153529926364,26.5694445834808,0
                87.8149708551908,26.5694332650705,0
                87.8141975129462,26.5696362333072,0
                87.813808434737,26.5697963990021,0
                87.8130917051979,26.570195413734,0
                87.8127021263907,26.5703736414713,0
                87.811930909659,26.5705224266057,0
                87.8114838418878,26.5705452910923,0
                87.8110765805028,26.5706288392549,0
                87.8104972146348,26.5707629417965,0
                87.8100421426734,26.5709980378344,0
                87.8096131330096,26.5710997706727,0
                87.8095379494013,26.5713822454853,0
                87.809424959218,26.5715521029988,0
                87.8092724775598,26.5716432176688,0
                87.8090773752235,26.5717323311497,0
                87.8086269932252,26.5718319392142,0
                87.8084308910314,26.5719594243336,0
                87.8083200276028,26.572070600474,0
                87.8081814762928,26.5723534481999,0
                87.8081724104445,26.5725836785778,0
                87.8082267731186,26.5728135348994,0
                87.8082678285221,26.572853906645,0
                87.808480551518,26.5728617225475,0
                87.8086984014059,26.5727138023558,0
                87.8088764459489,26.5725096979501,0
                87.8090374318932,26.5722087265755,0
                87.8091483578043,26.5720974887504,0
                87.8094685679899,26.5720506239999,0
                87.8096354195395,26.57213311928,0
                87.8099744373404,26.5721627483349,0
                87.8101194158805,26.5722635549123,0
                87.8101588463479,26.5723399868153,0
                87.8101519063846,26.5725115337109,0
                87.8100186695442,26.5726612062584,0
                87.8099317428445,26.5726955144229,0
                87.8097405174631,26.5727101342397,0
                87.8096099074775,26.5727830628126,0
                87.8095629737437,26.5728961774893,0
                87.8098534945359,26.5730773547894,0
                87.8100207837916,26.5731395399157,0
                87.8101609477199,26.5733531486513,0
                87.8101572590981,26.5734502032183,0
                87.8100027125809,26.5735977495697,0
                87.8097906152632,26.5735921837443,0
                87.8095955132858,26.5736812972493,0
                87.8094190325642,26.5738470303639,0
                87.8093908443439,26.574018639801,0
                87.8095112628992,26.5741940014874,0
                87.8096354323274,26.5742744972979,0
                87.8098247189685,26.5743388697472,0
                87.810169552211,26.5742150748526,0
                87.8103389674539,26.5742208270756,0
                87.8105974981748,26.5741336522482,0
                87.8107670386941,26.5741575286477,0
                87.8108682105572,26.5742765199737,0
                87.810925324179,26.5744499436513,0
                87.8108970109814,26.5746216160555,0
                87.8107419648947,26.5747872235449,0
                87.8103379546723,26.5747940275866,0
                87.8102089697749,26.5748285848145,0
                87.8100777974295,26.5749195750572,0
                87.8099871815204,26.5750509992682,0
                87.8100043011804,26.5751659895322,0
                87.8102003916537,26.5755732705444,0
                87.8107398638581,26.5764525170943,0
                87.8108155367595,26.5766844987956,0
                87.810806469632,26.5769124788977,0
                87.810759598411,26.5770277801049,0
                87.8107148532396,26.5770822120359,0
                87.8104546956776,26.577207821868,0
                87.8102575300234,26.5773556174212,0
                87.8101210425987,26.5775797836399,0
                87.8101690895236,26.5779833745757,0
                87.8103060027981,26.5782759766765,0
                87.8104078618086,26.5783927185553,0
                87.8104814080071,26.5786811327296,0
                87.8104723419359,26.5789113619147,0
                87.8102442370456,26.5793052614596,0
                87.8102772275016,26.5795374918121,0
                87.8104622002899,26.579694419495,0
                87.8110687408135,26.5799436596627,0
                87.8115745479231,26.580055846361,0
                87.8121742854514,26.5799418679089,0
                87.812513741999,26.5799512479192,0
                87.8128495086536,26.5800576202671,0
                87.8129945494294,26.5801583643701,0
                87.8130734114582,26.5803136018903,0
                87.8131667036327,26.5806425127369,0
                87.8136586923366,26.5810977325273,0
                87.8138863471963,26.5812566609745,0
                87.8143068524436,26.5813670964969,0
                87.8145355696432,26.5815079637588,0
                87.8146527988552,26.5817600070047,0
                87.8146672304371,26.5819336799893,0
                87.8147913872368,26.5825490666605,0
                87.8149919172877,26.5828614805961,0
                87.8152392552106,26.5830609055817,0
                87.8158053027097,26.5832494618431,0
                87.8160600826688,26.5832592785342,0
                87.8162269341152,26.5833395250988,0
                87.8167662944342,26.5836636317382,0
                87.817098996558,26.5838648081879,0
                87.8173512116981,26.5839491186056,0
                87.8175783657769,26.5841283567601,0
                87.8177196557451,26.5843238425122,0
                87.8177751434655,26.5845356375888,0
                87.8177688282664,26.5847071850915,0
                87.817677148809,26.5848769194956,0
                87.8174559849622,26.5850993336289,0
                87.8173835512751,26.5853254373833,0
                87.817398607692,26.5854990478243,0
                87.8174983407539,26.5856722219085,0
                87.8178283544829,26.5859320806631,0
                87.8179285885479,26.5860871941021,0
                87.8180517569095,26.586206061322,0
                87.8183636501897,26.58638930157,0
                87.8186158658082,26.5864736109836,0
                87.8186952268702,26.5866085386551,0
                87.8186909746052,26.5867236538248,0
                87.8184677475246,26.5870025631959,0
                87.8179896778945,26.5872737803393,0
                87.8177968260878,26.5873245222383,0
                87.8174796185144,26.5872767079027,0
                87.8173542606579,26.5872164610018,0
                87.8165973640926,26.5870019652248,0
                87.8162780300854,26.5870105838963,0
                87.8157020276595,26.587623020335,0
                87.8154979838539,26.5879604867473,0
                87.8152768192827,26.58818290096,0
                87.8150625336283,26.5882315183215,0
                87.8146174663382,26.588200199477,0
                87.8138620700718,26.5879450200801,0
                87.8137347116136,26.5879412681816,0
                87.8134121263099,26.588026566894,0
                87.8127577007433,26.5884658300099,0
                87.8126473994529,26.5885770051846,0
                87.8125088482689,26.5888576039218,0
                87.8124626017908,26.5889707175136,0
                87.8124556615396,26.5891422028127,0
                87.8124940913273,26.5892593188374,0
                87.8126743741634,26.5895516714619,0
                87.8130693176502,26.5897750349296,0
                87.8131925486177,26.5898917142538,0
                87.8134085731363,26.5903575530242,0
                87.8134806808934,26.5907046495849,0
                87.8134376103697,26.591275787017,0
                87.8132948696706,26.5916714381066,0
                87.8131616333172,26.5918211725293,0
                87.8127965535014,26.5919247812044,0
                87.8124714038026,26.5920846363031,0
                87.8123370424742,26.5922523695773,0
                87.8123207215645,26.5926923934938,0
                87.812456195817,26.593039116409,0
                87.812451943951,26.5931542940447,0
                87.8125090581001,26.5933277176674,0
                87.8125895444057,26.5934445835733,0
                87.8126445323344,26.5936766893757,0
                87.8127656370491,26.5938519896991,0
                87.8128034426647,26.5939691050583,0
                87.8127880603383,26.5943685703649,0
                87.8126991316136,26.5944796838386,0
                87.81254664879,26.5945707978369,0
                87.812353110149,26.5946215401629,0
                87.8121623222483,26.5946158494364,0
                87.8116585167771,26.5944472295034,0
                87.8112160140835,26.5943392312031,0
                87.8103828690897,26.5944455184884,0
                87.80967983336,26.594499125926,0
                87.8089840514816,26.5943428759838,0
                87.8087287716581,26.5943556205027,0
                87.8084702406562,26.5944428577564,0
                87.8082976365577,26.5945137859269,0
                87.8085449126727,26.5947132112965,0
                87.8091276427392,26.5950370692616,0
                87.8093798580736,26.5951213787973,0
                87.8096276961474,26.595300492757,0
                87.8104615162292,26.5957290343254,0
                87.8107937808186,26.5959482090893,0
                87.8112112221217,26.5961534489743,0
                87.8114596241168,26.5963145018181,0
                87.8121282179688,26.5966221127758,0
                87.8129684779738,26.5968971049282,0
                87.8136428879147,26.5970511665779,0
                87.8148269186802,26.5972226741393,0
                87.8154201529335,26.5972598695974,0
                87.8163489040839,26.5974418715478,0
                87.8182925836709,26.597746630979,0
                87.8191401599777,26.5978072047934,0
                87.819820322454,26.5978077793844,0
                87.8204754857871,26.5979010340404,0
                87.8207207604486,26.5981568284113,0
                87.8215669488942,26.598808600395,0
                87.8225723107107,26.5991773999158,0
                87.8229445680691,26.5994550084422,0
                87.8231450973318,26.5997652356014,0
                87.8233393111327,26.6002470093301,0
                87.8236631847792,26.601226743177,0
                87.823658369634,26.6013395465499,0
                87.8237725344495,26.6016863936213,0
                87.8237806508869,26.6020293637084,0
                87.8239221777529,26.6027754269508,0
                87.8241340120394,26.6033518187047,0
                87.8241483810753,26.6035232416614,0
                87.8242818546548,26.6039263965474,0
                87.8242941602379,26.6041565646028,0
                87.8243897034497,26.6044447291369,0
                87.8245393466518,26.6055337626228,0
                87.8246955686478,26.6058803606947,0
                87.8248461620886,26.6063984435312,0
                87.8250071980514,26.6066299265464,0
                87.8254235774043,26.6068509155478,0
                87.8257547784233,26.6070882136999,0
                87.8264218095897,26.607431821839,0
                87.8268361241263,26.6077092427408,0
                87.827586268463,26.6080907237656,0
                87.8285097676446,26.6084035264553,0
                87.829098875863,26.6085535250763,0
                87.8301166803957,26.6086197881485,0
                87.8304578235821,26.6085907348513,0
                87.8306674220612,26.6085917380441,0
                87.8323268325306,26.6086092055821,0
                87.8330044312819,26.6086660883573,0
                87.833424060589,26.6088125838793,0
                87.8335370504887,26.6086449124812,0
                87.8336136731442,26.6083037563689,0
                87.8339198397732,26.6075144546546,0
                87.8342115736327,26.6065537309417,0
                87.8342034579495,26.6062108226876,0
                87.834129787022,26.60592240853,0
                87.8340299911878,26.6057469845021,0
                87.833858212109,26.6052470244266,0
                87.8338078523338,26.6048840550188,0
                87.8337129341086,26.6045957656557,0
                87.8336323849161,26.6044788997152,0
                87.833556024272,26.604249230581,0
                87.8333165028792,26.6038421986695,0
                87.8332236473176,26.6034974760584,0
                87.8334263907552,26.6026456164538,0
                87.8337792285856,26.6023140890263,0
                87.8339384018975,26.6020333661107,0
                87.8341253251582,26.6015832211802,0
                87.8340751524591,26.6012383121605,0
                87.8339272478196,26.6006637344694,0
                87.8338680698718,26.6005467435331,0
                87.8335421834725,26.600176332227,0
                87.8331394987212,26.5995920000642,0
                87.8330417668503,26.5993602681067,0
                87.8328412369513,26.5990499786746,0
                87.832491476517,26.5987541225229,0
                87.8314902428857,26.5982680834293,0
                87.8311548510471,26.5981437125875,0
                87.8306676728507,26.5977651739389,0
                87.830473951017,26.5976083708411,0
                87.8303934018152,26.5974915050332,0
                87.8302824889894,26.5970701637958,0
                87.8303511082458,26.5969389270149,0
                87.8304604081747,26.596866060362,0
                87.8306678198125,26.5968220049519,0
                87.8308457355012,26.59678257438,0
                87.830976345292,26.5967095837519,0
                87.8311692588744,26.5966588412734,0
                87.8315540230921,26.5965934170503,0
                87.8320012779231,26.596570489769,0
                87.8322623730079,26.5964065082484,0
                87.8328001206247,26.5962318459327,0
                87.8333742968837,26.5962307319821,0
                87.8335026552457,26.5961961746066,0
                87.8339489101293,26.5962093695648,0
                87.8343560471466,26.5961076983726,0
                87.8348826144637,26.5956871196866,0
                87.8351718356553,26.5953334056157,0
                87.8353061342589,26.5951656727961,0
                87.8353145132722,26.5949376930879,0
                87.8352829620268,26.5946513416357,0
                87.835206602255,26.5944216098335,0
                87.8352114166394,26.5943064948062,0
                87.8344460411141,26.5931985762102,0
                87.8341686513723,26.5926766785751,0
                87.8340523609626,26.5923862641868,0
                87.8338179162773,26.5912954788229,0
                87.8336466377573,26.5907752709517,0
                87.8335744675396,26.5904304241223,0
                87.833458176559,26.5901423219699,0
                87.8333674473586,26.5897389173849,0
                87.8334003883973,26.5894363823222,0
                87.8335574349578,26.589212029604,0
                87.8337338543534,26.5890462970628,0
                87.8339949487955,26.5888845656144,0
                87.8343829647099,26.5887423979729,0
                87.8356781718926,26.5887641080087,0
                87.8360588091424,26.5888137982327,0
                87.8366204304609,26.5885622675425,0
                87.8369471429054,26.5883640409269,0
                87.8371469345421,26.5881417511565,0
                87.8373658481831,26.5879576468712,0
                87.8377233742888,26.5875110671631,0
                87.8383626808017,26.5869025691544,0
                87.8385197913765,26.5866804655827,0
                87.8388043221152,26.5864599280937,0
                87.8390254233003,26.5862375133516,0
                87.8392274038648,26.5859587293097,0
                87.8394904999734,26.5857383151533,0
                87.839712602528,26.5854775294973,0
                87.8400866240288,26.5851481274211,0
                87.8404840821529,26.5847599189599,0
                87.8407014319753,26.5846322466585,0
                87.8412060009803,26.584209605031,0
                87.8415742708686,26.5840313768778,0
                87.8420755892499,26.5836854783761,0
                87.8421023978997,26.5836627312945,0
                87.8423394345133,26.5834649403448,0
                87.8425397269994,26.583240462948,0
                87.8426979616046,26.5829980496456,0
                87.8424932430514,26.5828029378624,0
                87.8419559461967,26.5824247729855,0
                87.8414824538079,26.5820281732525,0
                87.8410341473151,26.5815570178058,0
                87.8409157935537,26.5813252855695,0
                87.8409950422598,26.5809276341989,0
                87.8411804024079,26.5805339844477,0
                87.8412320263054,26.5803057546495,0
                87.8415837995537,26.5800124745,0
                87.8417180992555,26.5798448033739,0
                87.8420184500272,26.5792247383203,0
                87.8420467000563,26.5790553159749,0
                87.8419965266895,26.5787104067073,0
                87.8420055932526,26.5784824269382,0
                87.8420613444213,26.5781413949044,0
                87.8420580425728,26.5776833093,0
                87.8421165443824,26.5772858450337,0
                87.8420173732463,26.5771104209717,0
                87.8420866181172,26.5769611223428,0
                87.842133489678,26.5768480082524,0
                87.8421259366213,26.5765050375331,0
                87.8424466577349,26.5759232183443,0
                87.8426230142017,26.5757575483433,0
                87.8428851721005,26.5755753821349,0
                87.8436023388818,26.5751582441507,0
                87.843865622466,26.574955891016,0
                87.8449286855652,26.5743990214707,0
                87.8451054794691,26.5742128539928,0
                87.8454998730925,26.5739194488322,0
                87.8458447058504,26.5737977786497,0
                87.8459683132997,26.5738963346463,0
                87.8463013917653,26.5740590768326,0
                87.8465019203422,26.5743693033244,0
                87.8466476382201,26.5749844410929,0
                87.8466535033121,26.5753657828007,0
                87.8467597893239,26.5759021758774,0
                87.8469821287353,26.5761942173868,0
                87.8472182754366,26.5766576190832,0
                87.847300450737,26.5767361146133,0
                87.8474156154714,26.5770445894096,0
                87.8474642254469,26.5774278698366,0
                87.8474339122434,26.577655975006,0
                87.8474889615463,26.5778857684865,0
                87.8477069871729,26.5782726138469,0
                87.8479711213559,26.5791194839274,0
                87.8479228614585,26.5798034856615,0
                87.8480322117042,26.5802631362169,0
                87.8482263634934,26.580726787194,0
                87.8485633055685,26.5813273036839,0
                87.8486701550751,26.5818636966824,0
                87.848921920264,26.5824827112508,0
                87.8492839245834,26.5829882367631,0
                87.8498742081182,26.5836526904511,0
                87.8500286915435,26.5835050810543,0
                87.8503547786505,26.5833067288708,0
                87.8508375377536,26.582920333906,0
                87.8515303310824,26.582598000158,0
                87.8517316863066,26.5823373383861,0
                87.8521733893479,26.5819126957939,0
                87.8530898470875,26.5812934545535,0
                87.8534809897697,26.5810767931433,0
                87.8536749664001,26.5810056778969,0
                87.8540016163295,26.5808073878327,0
                87.8542600847486,26.5807200877147,0
                87.8545851719736,26.5805579206699,0
                87.8553923296193,26.5800092956506,0
                87.8554382004308,26.579934490178,0
                87.8558963984413,26.5796249005306,0
                87.8574550274311,26.5788911807844,0
                87.8583048673668,26.5783444941098,0
                87.8586960093362,26.5781277702827,0
                87.858889986591,26.5780589047535,0
                87.8592836301165,26.5777654996029,0
                87.8604548051178,26.5771536999441,0
                87.8608422578948,26.5770317174169,0
                87.8611022902387,26.5769060453092,0
                87.8616810304483,26.5767716934769,0
                87.8619831199573,26.5766457720184,0
                87.8625698013525,26.5763217488566,0
                87.8632800279555,26.5760760334023,0
                87.8642451586838,26.575858070317,0
                87.8666762880678,26.5756063870303,0
                87.8669988114398,26.5755209005102,0
                87.8677250321635,26.5754104241916,0
              </coordinates>
            </LinearRing>
          </outerBoundaryIs>
        </Polygon>
      </Placemark>
      <Placemark id="KO_JHAPA_Shivasataxi.6">
        <ExtendedData>
          <SchemaData schemaUrl="#KO_JHAPA_Shivasataxi.schema">
            <SimpleData name="ogc_fid">6407</SimpleData>
            <SimpleData name="objectid_1">6408</SimpleData>
            <SimpleData name="dcode">4</SimpleData>
            <SimpleData name="district">JHAPA</SimpleData>
            <SimpleData name="das">0</SimpleData>
            <SimpleData name="gapa_napa">Shivasataxi</SimpleData>
            <SimpleData name="type_gn">Nagarpalika</SimpleData>
            <SimpleData name="gn_code">15.000000000000000</SimpleData>
            <SimpleData name="new_ward_n">7</SimpleData>
            <SimpleData name="ddgnww">41507.000000000000000</SimpleData>
            <SimpleData name="center">Bangdanda</SimpleData>
            <SimpleData name="state_code">1</SimpleData>
            <SimpleData name="ddgn">4015</SimpleData>
            <SimpleData name="area_sqkm">20.281950326499999</SimpleData>
            <SimpleData name="shape_leng">30820.534101599998394</SimpleData>
            <SimpleData name="shape_area">20281950.326499998569489</SimpleData>
            <SimpleData name="Province">KO</SimpleData>
            <SimpleData name="Address">Shivasataxi-7, JHAPA, KO</SimpleData>
          </SchemaData>
        </ExtendedData>
        <Polygon>
          <outerBoundaryIs>
            <LinearRing>
              <coordinates>
                87.8567085699667,26.6216218506928,0
                87.8566555831818,26.6213333746646,0
                87.8566428662509,26.6199637428926,0
                87.85657219745,26.6195805874476,0
                87.8565370314839,26.6188180896728,0
                87.8565001029732,26.6186649147308,0
                87.8565039298611,26.6179992227639,0
                87.8565467498348,26.6174280849796,0
                87.8566441342359,26.6165181026132,0
                87.8566674077765,26.6153401430316,0
                87.8566872302546,26.6148075014485,0
                87.8568262194726,26.6145065301329,0
                87.8569703363509,26.6140543843703,0
                87.8570000255566,26.6138262801689,0
                87.8570698324418,26.6136769185842,0
                87.8571505198306,26.6132228972005,0
                87.8572240303447,26.6123875958914,0
                87.8571532984312,26.6120043780059,0
                87.8566402635141,26.6109424593597,0
                87.8563407521675,26.6104184994008,0
                87.8560386769854,26.6099712823071,0
                87.8557642887225,26.6093546433676,0
                87.855535084796,26.6086633232541,0
                87.855351125748,26.6078949489435,0
                87.8553070196579,26.6073604320705,0
                87.8553269035649,26.6068300400147,0
                87.8554165958606,26.6061457882975,0
                87.8556662610601,26.6057155808975,0
                87.8558447428456,26.6054933533017,0
                87.8560626561622,26.6053476194426,0
                87.8565834077489,26.6050782149095,0
                87.8573603768271,26.6047576326307,0
                87.8577895112557,26.6046580237891,0
                87.8590664091677,26.6046390495568,0
                87.8593233148911,26.6045901211423,0
                87.8598392523775,26.6044335819763,0
                87.8610490449633,26.6039185243453,0
                87.8613971299652,26.6037201104428,0
                87.8615504884467,26.6035905617717,0
                87.861810644628,26.6034648903309,0
                87.8619640659106,26.6033375912881,0
                87.8622241598579,26.6032119199568,0
                87.8633413351387,26.6029027797444,0
                87.8637688443776,26.6028392938874,0
                87.8641989167041,26.6026990011211,0
                87.8645395607266,26.6026901953463,0
                87.8659796832216,26.6028483967675,0
                87.867340194882,26.6028514218779,0
                87.8676787128497,26.6028989871075,0
                87.8678510041266,26.6028483064918,0
                87.8683850001715,26.6027683235566,0
                87.8689020622585,26.6025936608839,0
                87.8690997276306,26.602427741116,0
                87.869425315333,26.6022474510195,0
                87.8696032345292,26.6020432844519,0
                87.8696723544741,26.6018939858036,0
                87.8699375761365,26.6016170772013,0
                87.8700073836157,26.601465466546,0
                87.8700641344565,26.601086000175,0
                87.8699674168651,26.6002472584446,0
                87.8698390710676,26.5997086773451,0
                87.8697792815707,26.5990231104548,0
                87.8697039847289,26.5987730061307,0
                87.8697170045352,26.5978410867686,0
                87.8696448484566,26.5969254148149,0
                87.8695684257236,26.596693432994,0
                87.8691114422537,26.5958433105329,0
                87.8690194625689,26.5954602795507,0
                87.8689997922242,26.5948511439874,0
                87.8690772277503,26.5944715528843,0
                87.8691480495191,26.5937129953424,0
                87.8691356810226,26.5934828894995,0
                87.8690806314603,26.5932530962467,0
                87.8688424223212,26.5927896940936,0
                87.8687905609245,26.5924831574228,0
                87.8686008503573,26.5918682694686,0
                87.8686065405903,26.5917170326697,0
                87.8687480308594,26.5913393798734,0
                87.868926450796,26.5911171527934,0
                87.8698796516624,26.5906329626801,0
                87.8705109537022,26.5902319467793,0
                87.8709083492229,26.589843675084,0
                87.8710888319594,26.5895650148739,0
                87.8712667513008,26.5893608478557,0
                87.871339060042,26.5891347436878,0
                87.8713671991501,26.5883741854719,0
                87.8712030004842,26.5870754195367,0
                87.8711948348425,26.5861616229958,0
                87.8711292937357,26.5856249804959,0
                87.8711834807444,26.5853222583522,0
                87.8711392488233,26.5847878028967,0
                87.8710233963918,26.5844815778932,0
                87.8706616429441,26.5839377429508,0
                87.8705811602359,26.583663015024,0
                87.8705489167012,26.5835525863434,0
                87.8705552941818,26.5834013498343,0
                87.870694221373,26.5831003782115,0
                87.8709179480532,26.5828214692287,0
                87.8711931752554,26.582296331755,0
                87.8713687303283,26.5816160185212,0
                87.8713773722742,26.580853272223,0
                87.8711468536986,26.58023644646,0
                87.8709465863711,26.5793937652717,0
                87.8702618222586,26.5784389598971,0
                87.8702067726724,26.5782091042178,0
                87.8699636227266,26.5779149998752,0
                87.8697967093311,26.5778348162773,0
                87.8695903645901,26.5776758255217,0
                87.8692437297245,26.5773033513118,0
                87.8688817258957,26.5767978886806,0
                87.8686661399104,26.5763343621997,0
                87.8684037440872,26.575981699814,0
                87.8681979000307,26.5758047116822,0
                87.8680119264287,26.5756839678129,0
                87.8677250321635,26.5754104241916,0
                87.8669988114398,26.5755209005102,0
                87.8666762880678,26.5756063870303,0
                87.8642451586838,26.575858070317,0
                87.8632800279555,26.5760760334023,0
                87.8625698013525,26.5763217488566,0
                87.8619831199573,26.5766457720184,0
                87.8616810304483,26.5767716934769,0
                87.8611022902387,26.5769060453092,0
                87.8608422578948,26.5770317174169,0
                87.8604548051178,26.5771536999441,0
                87.8592836301165,26.5777654996029,0
                87.858889986591,26.5780589047535,0
                87.8586960093362,26.5781277702827,0
                87.8583048673668,26.5783444941098,0
                87.8574550274311,26.5788911807844,0
                87.8558963984413,26.5796249005306,0
                87.8554382004308,26.579934490178,0
                87.8553923296193,26.5800092956506,0
                87.8545851719736,26.5805579206699,0
                87.8542600847486,26.5807200877147,0
                87.8540016163295,26.5808073878327,0
                87.8536749664001,26.5810056778969,0
                87.8534809897697,26.5810767931433,0
                87.8530898470875,26.5812934545535,0
                87.8521733893479,26.5819126957939,0
                87.8517316863066,26.5823373383861,0
                87.8515303310824,26.582598000158,0
                87.8508375377536,26.582920333906,0
                87.8503547786505,26.5833067288708,0
                87.8500286915435,26.5835050810543,0
                87.8498742081182,26.5836526904511,0
                87.8492839245834,26.5829882367631,0
                87.848921920264,26.5824827112508,0
                87.8486701550751,26.5818636966824,0
                87.8485633055685,26.5813273036839,0
                87.8482263634934,26.580726787194,0
                87.8480322117042,26.5802631362169,0
                87.8479228614585,26.5798034856615,0
                87.8479711213559,26.5791194839274,0
                87.8477069871729,26.5782726138469,0
                87.8474889615463,26.5778857684865,0
                87.8474339122434,26.577655975006,0
                87.8474642254469,26.5774278698366,0
                87.8474156154714,26.5770445894096,0
                87.847300450737,26.5767361146133,0
                87.8472182754366,26.5766576190832,0
                87.8469821287353,26.5761942173868,0
                87.8467597893239,26.5759021758774,0
                87.8466535033121,26.5753657828007,0
                87.8466476382201,26.5749844410929,0
                87.8465019203422,26.5743693033244,0
                87.8463013917653,26.5740590768326,0
                87.8459683132997,26.5738963346463,0
                87.8458447058504,26.5737977786497,0
                87.8454998730925,26.5739194488322,0
                87.8451054794691,26.5742128539928,0
                87.8449286855652,26.5743990214707,0
                87.843865622466,26.574955891016,0
                87.8436023388818,26.5751582441507,0
                87.8428851721005,26.5755753821349,0
                87.8426230142017,26.5757575483433,0
                87.8424466577349,26.5759232183443,0
                87.8421259366213,26.5765050375331,0
                87.842133489678,26.5768480082524,0
                87.8420866181172,26.5769611223428,0
                87.8420173732463,26.5771104209717,0
                87.8421165443824,26.5772858450337,0
                87.8420580425728,26.5776833093,0
                87.8420613444213,26.5781413949044,0
                87.8420055932526,26.5784824269382,0
                87.8419965266895,26.5787104067073,0
                87.8420467000563,26.5790553159749,0
                87.8420184500272,26.5792247383203,0
                87.8417180992555,26.5798448033739,0
                87.8415837995537,26.5800124745,0
                87.8412320263054,26.5803057546495,0
                87.8411804024079,26.5805339844477,0
                87.8409950422598,26.5809276341989,0
                87.8409157935537,26.5813252855695,0
                87.8410341473151,26.5815570178058,0
                87.8414824538079,26.5820281732525,0
                87.8419559461967,26.5824247729855,0
                87.8424932430514,26.5828029378624,0
                87.8426979616046,26.5829980496456,0
                87.8425397269994,26.583240462948,0
                87.8423394345133,26.5834649403448,0
                87.8421023978997,26.5836627312945,0
                87.8420755892499,26.5836854783761,0
                87.8415742708686,26.5840313768778,0
                87.8412060009803,26.584209605031,0
                87.8407014319753,26.5846322466585,0
                87.8404840821529,26.5847599189599,0
                87.8400866240288,26.5851481274211,0
                87.839712602528,26.5854775294973,0
                87.8394904999734,26.5857383151533,0
                87.8392274038648,26.5859587293097,0
                87.8390254233003,26.5862375133516,0
                87.8388043221152,26.5864599280937,0
                87.8385197913765,26.5866804655827,0
                87.8383626808017,26.5869025691544,0
                87.8377233742888,26.5875110671631,0
                87.8373658481831,26.5879576468712,0
                87.8371469345421,26.5881417511565,0
                87.8369471429054,26.5883640409269,0
                87.8366204304609,26.5885622675425,0
                87.8360588091424,26.5888137982327,0
                87.8356781718926,26.5887641080087,0
                87.8343829647099,26.5887423979729,0
                87.8339949487955,26.5888845656144,0
                87.8337338543534,26.5890462970628,0
                87.8335574349578,26.589212029604,0
                87.8334003883973,26.5894363823222,0
                87.8333674473586,26.5897389173849,0
                87.833458176559,26.5901423219699,0
                87.8335744675396,26.5904304241223,0
                87.8336466377573,26.5907752709517,0
                87.8338179162773,26.5912954788229,0
                87.8340523609626,26.5923862641868,0
                87.8341686513723,26.5926766785751,0
                87.8344460411141,26.5931985762102,0
                87.8352114166394,26.5943064948062,0
                87.835206602255,26.5944216098335,0
                87.8352829620268,26.5946513416357,0
                87.8353145132722,26.5949376930879,0
                87.8353061342589,26.5951656727961,0
                87.8351718356553,26.5953334056157,0
                87.8348826144637,26.5956871196866,0
                87.8343560471466,26.5961076983726,0
                87.8339489101293,26.5962093695648,0
                87.8335026552457,26.5961961746066,0
                87.8333742968837,26.5962307319821,0
                87.8328001206247,26.5962318459327,0
                87.8322623730079,26.5964065082484,0
                87.8320012779231,26.596570489769,0
                87.8315540230921,26.5965934170503,0
                87.8311692588744,26.5966588412734,0
                87.830976345292,26.5967095837519,0
                87.8308457355012,26.59678257438,0
                87.8306678198125,26.5968220049519,0
                87.8304604081747,26.596866060362,0
                87.8303511082458,26.5969389270149,0
                87.8302824889894,26.5970701637958,0
                87.8303934018152,26.5974915050332,0
                87.830473951017,26.5976083708411,0
                87.8306676728507,26.5977651739389,0
                87.8311548510471,26.5981437125875,0
                87.8314902428857,26.5982680834293,0
                87.832491476517,26.5987541225229,0
                87.8328412369513,26.5990499786746,0
                87.8330417668503,26.5993602681067,0
                87.8331394987212,26.5995920000642,0
                87.8335421834725,26.600176332227,0
                87.8338680698718,26.6005467435331,0
                87.8339272478196,26.6006637344694,0
                87.8340751524591,26.6012383121605,0
                87.8341253251582,26.6015832211802,0
                87.8339384018975,26.6020333661107,0
                87.8337792285856,26.6023140890263,0
                87.8334263907552,26.6026456164538,0
                87.8332236473176,26.6034974760584,0
                87.8333165028792,26.6038421986695,0
                87.833556024272,26.604249230581,0
                87.8336323849161,26.6044788997152,0
                87.8337129341086,26.6045957656557,0
                87.8338078523338,26.6048840550188,0
                87.833858212109,26.6052470244266,0
                87.8340299911878,26.6057469845021,0
                87.834129787022,26.60592240853,0
                87.8342034579495,26.6062108226876,0
                87.8342115736327,26.6065537309417,0
                87.8339198397732,26.6075144546546,0
                87.8336136731442,26.6083037563689,0
                87.8335370504887,26.6086449124812,0
                87.833424060589,26.6088125838793,0
                87.8330044312819,26.6086660883573,0
                87.8323268325306,26.6086092055821,0
                87.8306674220612,26.6085917380441,0
                87.8304578235821,26.6085907348513,0
                87.8301166803957,26.6086197881485,0
                87.829098875863,26.6085535250763,0
                87.8285097676446,26.6084035264553,0
                87.827586268463,26.6080907237656,0
                87.8268361241263,26.6077092427408,0
                87.8264218095897,26.607431821839,0
                87.8257547784233,26.6070882136999,0
                87.8254235774043,26.6068509155478,0
                87.8250071980514,26.6066299265464,0
                87.8248461620886,26.6063984435312,0
                87.8246955686478,26.6058803606947,0
                87.8245393466518,26.6055337626228,0
                87.8243897034497,26.6044447291369,0
                87.8242941602379,26.6041565646028,0
                87.8242818546548,26.6039263965474,0
                87.8241483810753,26.6035232416614,0
                87.8241340120394,26.6033518187047,0
                87.8239221777529,26.6027754269508,0
                87.8237806508869,26.6020293637084,0
                87.8237725344495,26.6016863936213,0
                87.823658369634,26.6013395465499,0
                87.8236631847792,26.601226743177,0
                87.8233393111327,26.6002470093301,0
                87.8231450973318,26.5997652356014,0
                87.8229445680691,26.5994550084422,0
                87.8225723107107,26.5991773999158,0
                87.8215669488942,26.598808600395,0
                87.8207207604486,26.5981568284113,0
                87.8204754857871,26.5979010340404,0
                87.819820322454,26.5978077793844,0
                87.8191401599777,26.5978072047934,0
                87.8182925836709,26.597746630979,0
                87.8163489040839,26.5974418715478,0
                87.8154201529335,26.5972598695974,0
                87.8148269186802,26.5972226741393,0
                87.8136428879147,26.5970511665779,0
                87.8129684779738,26.5968971049282,0
                87.8121282179688,26.5966221127758,0
                87.8114596241168,26.5963145018181,0
                87.8112112221217,26.5961534489743,0
                87.8107937808186,26.5959482090893,0
                87.8104615162292,26.5957290343254,0
                87.8096276961474,26.595300492757,0
                87.8093798580736,26.5951213787973,0
                87.8091276427392,26.5950370692616,0
                87.8085449126727,26.5947132112965,0
                87.8082976365577,26.5945137859269,0
                87.8081313350868,26.5949659938605,0
                87.8081270829649,26.5950811086088,0
                87.8081841970979,26.5952545325983,0
                87.8085083324934,26.5956656284333,0
                87.8085212630284,26.5958957334012,0
                87.8084316469912,26.5960067845934,0
                87.8079535153441,26.5962780021327,0
                87.8075793682777,26.5966118416489,0
                87.8074435060661,26.5968360066824,0
                87.8070278024478,26.5971475349936,0
                87.8068268226914,26.5973900725805,0
                87.8066754649262,26.5974609385803,0
                87.8065480442071,26.5974571241125,0
                87.8063598201294,26.5973746902472,0
                87.8059908760553,26.5970180266728,0
                87.805889517722,26.5968831611074,0
                87.8058064040264,26.5968407883556,0
                87.8056178054357,26.5967786648581,0
                87.8054903222719,26.5967748510449,0
                87.8053596493486,26.5968455918462,0
                87.8049109431602,26.5974618429157,0
                87.8045832798121,26.5982535187642,0
                87.8043386168686,26.5985324277111,0
                87.8042028167204,26.5987588431422,0
                87.8035625729477,26.5993672157538,0
                87.8033819027312,26.5996480004651,0
                87.8036901059216,26.5999261072174,0
                87.8040329886577,26.6004138213993,0
                87.8041621468335,26.6009343418266,0
                87.8041530176431,26.6011622590406,0
                87.804050833354,26.6016186550064,0
                87.8038589695211,26.6021861025294,0
                87.8037972783659,26.6026986817246,0
                87.8037248448213,26.6029270357357,0
                87.8037328986969,26.6032699440119,0
                87.8040197299798,26.6035458627026,0
                87.8042703200838,26.6036685449725,0
                87.8046414521703,26.6039688378741,0
                87.8048035517568,26.6041822603731,0
                87.8050590679027,26.6047269055792,0
                87.8052627867507,26.6049627010881,0
                87.8053625201643,26.6051358754612,0
                87.8053534527485,26.6053661057703,0
                87.8051215960123,26.605875057335,0
                87.8050939710544,26.6060444799681,0
                87.8050470996016,26.6061575944352,0
                87.8048003104804,26.6064951849986,0
                87.8047513132243,26.6066647318155,0
                87.8046991760319,26.607466037068,0
                87.8046480530178,26.6076920162936,0
                87.8043373347163,26.6080457303178,0
                87.804142170448,26.6081348436662,0
                87.8040361221138,26.6081332168533,0
                87.8038420204705,26.6082020197391,0
                87.8027597856877,26.6081494416103,0
                87.8018730919833,26.6079874388559,0
                87.8000886978939,26.6079500960044,0
                87.7992649951745,26.6078080934243,0
                87.798882732135,26.6077967116931,0
                87.7981768839148,26.6079089391477,0
                87.7975381532664,26.6079259883562,0
                87.7974097310932,26.6079606708125,0
                87.7964537307157,26.6079299048489,0
                87.7956845145308,26.6080402559316,0
                87.7951743308629,26.60804312188,0
                87.7947930062569,26.607991056698,0
                87.7935956693701,26.6076299405589,0
                87.7933727549062,26.6078884133836,0
                87.7928759880799,26.608656150701,0
                87.7927751792472,26.6090538643463,0
                87.7927625488236,26.6093991468883,0
                87.7929528857993,26.609978037369,0
                87.7930904855797,26.6102683280209,0
                87.7931241015057,26.6104983079756,0
                87.793278696357,26.6109036513643,0
                87.7932931281962,26.6110772617191,0
                87.7933870462866,26.6114039846343,0
                87.7935219582366,26.6117710184778,0
                87.7935618885564,26.6118294518471,0
                87.7935961292189,26.6120616820215,0
                87.7936142373779,26.6126911278308,0
                87.7935077378136,26.6132626387988,0
                87.7933435624735,26.6136584145448,0
                87.7930305315423,26.6140483121915,0
                87.7929090374799,26.6144460879337,0
                87.7929129010469,26.6149041731756,0
                87.7930632447445,26.6154245684936,0
                87.7930590556422,26.615539746195,0
                87.7931326021986,26.6158280980147,0
                87.7931177819305,26.6162298129523,0
                87.7930452861848,26.6164558548683,0
                87.7928218705917,26.6167346385904,0
                87.7924689710465,26.6170683533425,0
                87.7923303570816,26.6173511386966,0
                87.7923474149715,26.6174661287703,0
                87.7925276978324,26.6177584817682,0
                87.7926908601132,26.6179358452391,0
                87.7929595709562,26.6181351452829,0
                87.7932672744793,26.6184313129866,0
                87.7944349843185,26.619022783846,0
                87.7948546143339,26.6191693415199,0
                87.7951052667667,26.6192920227605,0
                87.7962702884171,26.6199511755349,0
                87.79663761957,26.6197911961633,0
                87.7970684427814,26.6196511536507,0
                87.7975690094955,26.6193414398812,0
                87.7979149691532,26.619179273053,0
                87.7982204969459,26.6189789833632,0
                87.7987243152653,26.6185925883699,0
                87.7990126609088,26.6182773090647,0
                87.799297378609,26.6180568333494,0
                87.7995202310777,26.6177961097278,0
                87.7998698792386,26.6175391384447,0
                87.8004281858744,26.6174028478121,0
                87.8007730811836,26.6172790525895,0
                87.8013723193122,26.6171628870206,0
                87.8016324754336,26.6170372772597,0
                87.8027525902636,26.6166496444733,0
                87.8036093587835,26.6164846122627,0
                87.8036769773859,26.6163713733384,0
                87.8038748301643,26.6162055791263,0
                87.8041684907523,26.6157571231859,0
                87.805131645798,26.6144700019418,0
                87.805907314629,26.6136555248965,0
                87.8062212214743,26.6132250048332,0
                87.8065053765357,26.6130248403189,0
                87.8069451912621,26.6131893339495,0
                87.8071968440635,26.6132713317345,0
                87.8076143480616,26.6134743843366,0
                87.8078670645512,26.6135383216689,0
                87.8085425372482,26.6136518238864,0
                87.809389738147,26.6137328333424,0
                87.8097266930003,26.6138188322284,0
                87.8098936063278,26.6138991406991,0
                87.8099549094728,26.6139574490025,0
                87.810032833156,26.6141510587608,0
                87.8100216399765,26.6144354716764,0
                87.8099449548948,26.6147766278886,0
                87.810014311869,26.6151779070566,0
                87.8100394853953,26.6156358060822,0
                87.8101172831177,26.6158091050611,0
                87.8101797741411,26.6158493524827,0
                87.8104116187978,26.6158931654102,0
                87.8108391901287,26.615829803893,0
                87.8112641346826,26.6158409363329,0
                87.8132244471909,26.6157056096687,0
                87.8138200582231,26.6157022459144,0
                87.8139579840445,26.6154216474008,0
                87.8140970977627,26.615120739041,0
                87.8143668217357,26.6147468384833,0
                87.814498431966,26.6146355380164,0
                87.8150378677061,26.6144226916115,0
                87.8152080956143,26.6144283816211,0
                87.8153796375454,26.6143755147689,0
                87.8155576812919,26.6141714110153,0
                87.8156966701923,26.6138705021575,0
                87.8158170503721,26.6129604576764,0
                87.8158649227486,26.6128089716802,0
                87.8160680293329,26.6125100013703,0
                87.8162407586219,26.6124390108818,0
                87.8166042749734,26.6123737731237,0
                87.8168602423805,26.6123610288331,0
                87.8169466074684,26.6123266590405,0
                87.817102654545,26.6121204295717,0
                87.8173159392351,26.6121079342382,0
                87.8176668251796,26.6123834175921,0
                87.8184307889782,26.6124061168707,0
                87.8186835042312,26.6124701166295,0
                87.8188280453199,26.612586608698,0
                87.8189682730951,26.6128002804594,0
                87.8190756837574,26.613336611628,0
                87.8190666168802,26.6135645914148,0
                87.8191756415178,26.6145951290393,0
                87.8191581956662,26.6150510899031,0
                87.8191091987276,26.6152228234445,0
                87.8191006939149,26.6154508043234,0
                87.819217047366,26.6157389691662,0
                87.8195220618913,26.6160891944773,0
                87.8202825729637,26.6167775869121,0
                87.8208617388903,26.6171939366404,0
                87.8212797433039,26.6173764904229,0
                87.8215276442182,26.617553355019,0
                87.8220749325992,26.6182542422774,0
                87.8225932323254,26.6185919730052,0
                87.8229286869755,26.6187164059882,0
                87.8235199208122,26.6188077214614,0
                87.8245414768477,26.618779242798,0
                87.825814686145,26.61883507475,0
                87.8268383060503,26.6187478516016,0
                87.8273485525621,26.6187426113873,0
                87.8276055206769,26.618693745291,0
                87.8282852449508,26.6186942584285,0
                87.829565333114,26.6185762919721,0
                87.830096889072,26.6185731780471,0
                87.8306518812865,26.6185112555903,0
                87.8306675666534,26.6185089441398,0
                87.8309077237726,26.6184804506684,0
                87.8320124564841,26.6184965955166,0
                87.8323562891947,26.6183929859627,0
                87.8327566726654,26.6184809229325,0
                87.8330073876744,26.6186012920598,0
                87.8337715885292,26.6191767566306,0
                87.834103790512,26.6193778709465,0
                87.8342712054169,26.6194400560196,0
                87.8346850193114,26.6197377883745,0
                87.8353337288112,26.6205575415816,0
                87.8357684781756,26.6208754602407,0
                87.8359151449693,26.6209355198255,0
                87.8365896800718,26.6210894571179,0
                87.8371836651453,26.6211265898315,0
                87.8378652023157,26.6211090413585,0
                87.8388180769543,26.6212139881332,0
                87.8392617055962,26.6212836151336,0
                87.8400262934979,26.6213084399864,0
                87.8408046384481,26.6209698591671,0
                87.8421047352107,26.6203235642442,0
                87.8427945895406,26.62007803532,0
                87.8437355963174,26.6199348155574,0
                87.8440747393277,26.6199644445728,0
                87.8444971206779,26.6200544443372,0
                87.8450821632687,26.6203194953324,0
                87.8454971662539,26.6205967919205,0
                87.8456203968971,26.6207156584586,0
                87.8458716122976,26.6208179667382,0
                87.8464551543858,26.6211394502045,0
                87.8471316139528,26.6218078426969,0
                87.8472154146823,26.6218479657956,0
                87.847461940683,26.6220856375746,0
                87.8479783021502,26.6224797380078,0
                87.8483735575497,26.6227210371665,0
                87.8487090117685,26.6228454074632,0
                87.8491314545166,26.6229354076582,0
                87.849555837023,26.6229464142664,0
                87.8499829086696,26.6229032392288,0
                87.850152573503,26.6229270521326,0
                87.850667447687,26.6227908235021,0
                87.8507528118093,26.6227925755868,0
                87.8510114052469,26.6227053380328,0
                87.8515237152212,26.6226459151988,0
                87.8523816090008,26.6224624466538,0
                87.8533330584395,26.6220325018449,0
                87.8542814438712,26.6216996110464,0
                87.8548792428562,26.6216418771407,0
                87.8555636569745,26.6215294618906,0
                87.8559044259881,26.6215206572428,0
                87.8565815867862,26.6215977882121,0
                87.8567085699667,26.6216218506928,0
              </coordinates>
            </LinearRing>
          </outerBoundaryIs>
        </Polygon>
      </Placemark>
      <Placemark id="KO_JHAPA_Shivasataxi.7">
        <ExtendedData>
          <SchemaData schemaUrl="#KO_JHAPA_Shivasataxi.schema">
            <SimpleData name="ogc_fid">6408</SimpleData>
            <SimpleData name="objectid_1">6409</SimpleData>
            <SimpleData name="dcode">4</SimpleData>
            <SimpleData name="district">JHAPA</SimpleData>
            <SimpleData name="das">0</SimpleData>
            <SimpleData name="gapa_napa">Shivasataxi</SimpleData>
            <SimpleData name="type_gn">Nagarpalika</SimpleData>
            <SimpleData name="gn_code">15.000000000000000</SimpleData>
            <SimpleData name="new_ward_n">11</SimpleData>
            <SimpleData name="ddgnww">41511.000000000000000</SimpleData>
            <SimpleData name="center">Bangdanda</SimpleData>
            <SimpleData name="state_code">1</SimpleData>
            <SimpleData name="ddgn">4015</SimpleData>
            <SimpleData name="area_sqkm">22.328217783400000</SimpleData>
            <SimpleData name="shape_leng">24927.322248699998454</SimpleData>
            <SimpleData name="shape_area">22328217.783399999141693</SimpleData>
            <SimpleData name="Province">KO</SimpleData>
            <SimpleData name="Address">Shivasataxi-11, JHAPA, KO</SimpleData>
          </SchemaData>
        </ExtendedData>
        <Polygon>
          <outerBoundaryIs>
            <LinearRing>
              <coordinates>
                87.8179532744801,26.6937205140013,0
                87.8181452519125,26.6936065902979,0
                87.8192965532138,26.6930922189678,0
                87.8197648099177,26.6928819329324,0
                87.8204042331772,26.692634528938,0
                87.8210864039847,26.6922153901223,0
                87.8214058658555,26.692100843758,0
                87.8218530575496,26.6921026646002,0
                87.8225552149488,26.692197919682,0
                87.8228747366666,26.6921802395559,0
                87.8231518919729,26.6920274457463,0
                87.8233863672848,26.6917982200466,0
                87.8235783445758,26.691684295932,0
                87.8238338769186,26.6915879959714,0
                87.8242174523128,26.6915700052891,0
                87.8246637680303,26.6916283208087,0
                87.8250471568558,26.6915900192513,0
                87.8254304823067,26.6916103372408,0
                87.8261967596494,26.6915359203304,0
                87.8265157813524,26.6915363011952,0
                87.8267714991296,26.6914784360292,0
                87.8273471199245,26.6911727858094,0
                87.8277308906066,26.6908297599435,0
                87.8285636779491,26.6899697249834,0
                87.8291393019432,26.6894924650868,0
                87.8297150482744,26.6891303820461,0
                87.8301623070313,26.6889765286279,0
                87.8306095629582,26.688901731494,0
                87.8306653063356,26.6888856081484,0
                87.8318214780649,26.6885403478344,0
                87.8325658910762,26.6881411460073,0
                87.8327584412515,26.6875849475189,0
                87.8329931090784,26.6871254922828,0
                87.832972745747,26.6867442742558,0
                87.8325708779069,26.6859771462426,0
                87.8320630218724,26.6853077571726,0
                87.8316611527519,26.6846173087739,0
                87.8315772955956,26.6843109587412,0
                87.8315774239946,26.6841575348696,0
                87.8316202347593,26.684003861046,0
                87.8317908439252,26.6837185141013,0
                87.8322600470118,26.6831245743411,0
                87.8323450375479,26.6830676434024,0
                87.832579075977,26.6827819221531,0
                87.8330270964228,26.6821317993089,0
                87.8334317407969,26.6817300916775,0
                87.8344118358834,26.6802394895728,0
                87.8346471938103,26.6797033530205,0
                87.8347756878111,26.6792445196582,0
                87.8349481914543,26.6780972472969,0
                87.8349284532623,26.677713779956,0
                87.8347379882506,26.6772545665884,0
                87.8345474553183,26.6770435809567,0
                87.8337212673234,26.6762970047299,0
                87.8336794030728,26.676067149439,0
                87.8338506412538,26.6756080666036,0
                87.8338507701457,26.6754546428581,0
                87.8336822383343,26.6750719854777,0
                87.8335771998258,26.6746123350063,0
                87.8334925266683,26.6744594091339,0
                87.8334080456133,26.6741529972791,0
                87.8331335310746,26.6736152880361,0
                87.8330702938008,26.6733854942491,0
                87.8332832078952,26.6732150132252,0
                87.83406942472,26.6729667372951,0
                87.8342822761545,26.6727940057821,0
                87.8343674556649,26.6726806419466,0
                87.8343893325361,26.6724887219846,0
                87.8343047214875,26.6723357957583,0
                87.834305475424,26.6721823713541,0
                87.8343904050225,26.6720306362449,0
                87.8345818839054,26.6718580296063,0
                87.8346247573546,26.6717043564268,0
                87.834604074735,26.6716277375337,0
                87.8344344134046,26.6714369383618,0
                87.8342861220298,26.6713408191555,0
                87.8337984404428,26.6711090178479,0
                87.8336922685335,26.6710148362466,0
                87.8336925202378,26.6709561540413,0
                87.8337353304946,26.6708024800559,0
                87.8339058122001,26.6706706200229,0
                87.8343307611442,26.6704785822257,0
                87.8344586224597,26.6703650320984,0
                87.8344586864043,26.6702882886911,0
                87.8344166943097,26.6702117940752,0
                87.8343315193731,26.6701536729109,0
                87.8340131245551,26.6700584872036,0
                87.8338860813053,26.6699418699226,0
                87.8338014080404,26.6697889439387,0
                87.8337387348378,26.6695410894964,0
                87.8338877853035,26.6692333687864,0
                87.8344409117984,26.6687946048829,0
                87.8345479634781,26.6686608683021,0
                87.8345900840473,26.6685861260406,0
                87.8346551477895,26.6682021599517,0
                87.8346338391149,26.6681256038865,0
                87.8343797527804,26.6678969312213,0
                87.8343165789441,26.667667137025,0
                87.8343174602833,26.6673602266195,0
                87.8342542226467,26.667207175785,0
                87.8342350424384,26.6669906946634,0
                87.8342336683556,26.6669771329359,0
                87.8340860758875,26.666364308538,0
                87.8338749907364,26.6658284755005,0
                87.8336210965136,26.6653696984487,0
                87.8335365509271,26.6651399663469,0
                87.833303211118,26.664908919491,0
                87.83298550672,26.6647370535733,0
                87.8326671160118,26.6644681328781,0
                87.8324765854069,26.6641623439163,0
                87.8321603354399,26.663243604877,0
                87.8320769901986,26.6624001755905,0
                87.8319925724858,26.6620170829124,0
                87.8320159002748,26.6612519612438,0
                87.8320804023564,26.6607935649962,0
                87.8322090232817,26.6602579888886,0
                87.8323580732353,26.659952517478,0
                87.83286871094,26.6592838975609,0
                87.8330605702366,26.6589014343905,0
                87.8331248170529,26.6586732054795,0
                87.8330623960944,26.6582898626905,0
                87.8330625891393,26.6580597572943,0
                87.8329361789103,26.6576001695133,0
                87.8327244665558,26.6571410806325,0
                87.8325341827415,26.656968466689,0
                87.8324491941081,26.6569305934357,0
                87.8322799737376,26.6566246791148,0
                87.8322810485465,26.6560876633604,0
                87.8323668591162,26.6557058230252,0
                87.83243028978,26.6556287060145,0
                87.8325158460389,26.6554002895508,0
                87.8332610884909,26.6542722136641,0
                87.8334536996262,26.6538153195359,0
                87.8338366663048,26.6531270729939,0
                87.8339864680192,26.6527448594067,0
                87.8341150266743,26.6522093456492,0
                87.8341164851094,26.6512909249351,0
                87.8342030487226,26.6507556603896,0
                87.8341828138642,26.6502187691158,0
                87.8340765827241,26.6500275954114,0
                87.8336739495608,26.6499125983511,0
                87.8330371589523,26.6497967210438,0
                87.8318907508259,26.6495259109287,0
                87.8316997140106,26.6495067213491,0
                87.831382006787,26.6494115359479,0
                87.8306664779681,26.6492577855346,0
                87.8287015544725,26.6488314738197,0
                87.8262966886651,26.6483310336457,0
                87.8258281903819,26.6482141602166,0
                87.8259348056009,26.6480239913568,0
                87.8262128441609,26.6474898553951,0
                87.8262556551003,26.6473361814757,0
                87.8265771291297,26.6466483101329,0
                87.8267903605128,26.6462657216228,0
                87.8278819001624,26.6438946345878,0
                87.8281378147201,26.6434373039622,0
                87.8285876550801,26.6424418364026,0
                87.8286511484387,26.6423670309669,0
                87.8291437347116,26.6412968205702,0
                87.8293569665577,26.6409142331063,0
                87.8297639347482,26.6399957575288,0
                87.8299129836668,26.6397669670461,0
                87.8304269434048,26.6386199508039,0
                87.8306666726859,26.6381740566207,0
                87.8307044198737,26.6381038762603,0
                87.8311095762541,26.6371876502416,0
                87.8313227451946,26.6368050625269,0
                87.8316851549322,26.6359635164623,0
                87.8319410701665,26.6355062488949,0
                87.8327727549982,26.6336894216441,0
                87.8329860526653,26.633153408853,0
                87.833327086604,26.6324857236558,0
                87.8336466877785,26.63172117062,0
                87.8339667855512,26.6311100416588,0
                87.8342863244969,26.6303454885251,0
                87.835206002024,26.6283769889482,0
                87.8355929749702,26.6273840814157,0
                87.8359356963208,26.6266983974958,0
                87.8361723051924,26.6260877669616,0
                87.8363432901692,26.625782109056,0
                87.8363337912393,26.6257709229474,0
                87.8364824698711,26.6253277764761,0
                87.8365439036972,26.625142355468,0
                87.8366131486756,26.6249930571523,0
                87.8368368767581,26.624693837289,0
                87.8378550328092,26.6230699968273,0
                87.8379727124679,26.6227691500705,0
                87.8381537580956,26.6224702418347,0
                87.8384771075962,26.6217936814236,0
                87.838612406888,26.6215875142293,0
                87.8388180769543,26.6212139881332,0
                87.8378652023157,26.6211090413585,0
                87.8371836651453,26.6211265898315,0
                87.8365896800718,26.6210894571179,0
                87.8359151449693,26.6209355198255,0
                87.8357684781756,26.6208754602407,0
                87.8353337288112,26.6205575415816,0
                87.8346850193114,26.6197377883745,0
                87.8342712054169,26.6194400560196,0
                87.834103790512,26.6193778709465,0
                87.8337715885292,26.6191767566306,0
                87.8330073876744,26.6186012920598,0
                87.8327566726654,26.6184809229325,0
                87.8323562891947,26.6183929859627,0
                87.8320124564841,26.6184965955166,0
                87.8309077237726,26.6184804506684,0
                87.8306675666534,26.6185089441398,0
                87.8306518812865,26.6185112555903,0
                87.830096889072,26.6185731780471,0
                87.8298735984941,26.61885202448,0
                87.8297351105775,26.6191326228675,0
                87.8296694927968,26.6191894285836,0
                87.8295012523945,26.6196981314079,0
                87.8293647650075,26.6199222975672,0
                87.8292097180174,26.6200902802669,0
                87.8288153245674,26.6204016206006,0
                87.8284053743402,26.6205619742611,0
                87.8276217138305,26.6210358562358,0
                87.8271319517135,26.6216118593617,0
                87.8267604932581,26.621887078533,0
                87.8263052340345,26.6221221121643,0
                87.8261938081224,26.6222514112629,0
                87.8260083849955,26.6226451243908,0
                87.8258551393904,26.623327437297,0
                87.8258307531341,26.6239548825044,0
                87.8253165370045,26.6253251920705,0
                87.8252826642476,26.6254157462559,0
                87.8251541045326,26.6260438138753,0
                87.8249394921982,26.6266745685114,0
                87.8245120279268,26.6275345485154,0
                87.8243617251423,26.6279347614607,0
                87.8241480560069,26.6283376594924,0
                87.8238479533364,26.6290254067488,0
                87.8229499701944,26.6306304387878,0
                87.8226509987226,26.6310315237138,0
                87.8224801422385,26.6312040054134,0
                87.8224370198102,26.6313171204201,0
                87.8221809199248,26.6316615855114,0
                87.8220094929881,26.6321770376272,0
                87.8217720576485,26.6333833664373,0
                87.821449008527,26.6346443138062,0
                87.82129800669,26.635563606836,0
                87.8211692609559,26.6360788095779,0
                87.8209335909412,26.6366533183657,0
                87.8206987375133,26.636995409151,0
                87.8204205739591,26.6375115463628,0
                87.8202075336667,26.6377405859123,0
                87.8199731238197,26.6378750691206,0
                87.8194831839722,26.6380087989027,0
                87.8190351125865,26.6381986492385,0
                87.8187152115459,26.6384080621397,0
                87.8185021712699,26.6386372257074,0
                87.8181608337898,26.6389235069491,0
                87.8177981262126,26.6391151092874,0
                87.8177549375166,26.6394019587434,0
                87.8176478793285,26.6398019221699,0
                87.8177526627209,26.6404918015243,0
                87.8175811721539,26.6410072540804,0
                87.8173675028203,26.6414101525276,0
                87.8163847853297,26.6427855151438,0
                87.8159362015669,26.643530442079,0
                87.8154867995213,26.644505537438,0
                87.8152723720547,26.6452514063609,0
                87.8150791367347,26.6457083001259,0
                87.8137813134235,26.645323122232,0
                87.8117381529886,26.6447278222591,0
                87.8070597892555,26.6433599784039,0
                87.8055080630225,26.6429174872492,0
                87.8023819868991,26.6420325681764,0
                87.8024449072735,26.6424135362615,0
                87.8021860375764,26.6436380502865,0
                87.8019926751769,26.6441738757568,0
                87.8019068027083,26.6445557160608,0
                87.8016920037988,26.6451684091576,0
                87.8015850118677,26.645397012251,0
                87.8014985788396,26.6457020463433,0
                87.8013488405747,26.6460075171538,0
                87.8012845309064,26.6462380583301,0
                87.8007710760242,26.6471547819623,0
                87.8004707868464,26.6478424671411,0
                87.7999776329648,26.6491427206017,0
                87.7997850262536,26.6494303796346,0
                87.7996780343626,26.6496588574265,0
                87.7993558637829,26.6507303215396,0
                87.7990983207549,26.6513409509855,0
                87.7987325870653,26.6526404571667,0
                87.7983686779552,26.6534819398055,0
                87.798196879676,26.6537875355794,0
                87.7980468245027,26.6543231113908,0
                87.7976597834905,26.6555460604389,0
                87.7972745015586,26.6563876058151,0
                87.7971453861402,26.6566929521257,0
                87.7969742759708,26.6569985474976,0
                87.7968446517996,26.6576874854861,0
                87.7968855731615,26.658147570846,0
                87.7968630030747,26.6586057815039,0
                87.7967558844653,26.658911002518,0
                87.7966275216132,26.6591419176668,0
                87.7963709217746,26.659445699071,0
                87.7964125967845,26.6597523607157,0
                87.7965607529968,26.6602886297321,0
                87.7968149581787,26.6608241506532,0
                87.7969206223967,26.6612071822792,0
                87.7969199315577,26.6613809176158,0
                87.796877122959,26.6614555976233,0
                87.7968130037612,26.6615327147064,0
                87.7967277023547,26.6615512113283,0
                87.7961316533175,26.6616087576095,0
                87.7949383667393,26.6617395362975,0
                87.7934056878116,26.6618135012527,0
                87.7923835679054,26.6619072244919,0
                87.7914466869427,26.6619800751384,0
                87.790339767981,26.661979554623,0
                87.7895520559551,26.6620154747483,0
                87.7890047510731,26.6620433363263,0
                87.7887869667015,26.6620535818982,0
                87.7882141658285,26.6620341972855,0
                87.7885945444065,26.6624743543895,0
                87.7890049794299,26.6629933166322,0
                87.7891234606654,26.6631438683798,0
                87.7895257064988,26.6637553857015,0
                87.7897587321864,26.664042927995,0
                87.7901402294753,26.6647335630763,0
                87.7903288120447,26.6654996876307,0
                87.7904771592713,26.6658824694385,0
                87.7906681255113,26.6662650030345,0
                87.7908162881123,26.6665326695619,0
                87.7911132394779,26.6669868232115,0
                87.7912402764262,26.6673764797565,0
                87.7912398938259,26.6676811411841,0
                87.791046714137,26.6684471337362,0
                87.7909611592848,26.6685988061846,0
                87.7907254234204,26.6692883667575,0
                87.7904898784892,26.6698244411625,0
                87.790295627206,26.6709717761089,0
                87.7903152305714,26.6718133282841,0
                87.7902704615569,26.6728854224846,0
                87.7902912599238,26.673345632949,0
                87.7903543722719,26.6735731141454,0
                87.7904594649424,26.6743397997996,0
                87.7904580143397,26.6749513098434,0
                87.7905636789873,26.6753343410367,0
                87.7906702237871,26.6754893918456,0
                87.7913076891912,26.6761401601024,0
                87.7916903778608,26.6766390614847,0
                87.7918388555771,26.6767736154538,0
                87.7920513213717,26.677079280743,0
                87.7923060240625,26.6776736085779,0
                87.7924959835754,26.6783629900859,0
                87.7926653210541,26.6790525583448,0
                87.7927492959723,26.6796658196944,0
                87.7929396996501,26.6800483524959,0
                87.7932158433934,26.6803920779172,0
                87.7937268301584,26.6808157384897,0
                87.7942371939796,26.6811603431588,0
                87.7944287913812,26.6812562760045,0
                87.7953220360499,26.6819282350146,0
                87.7960879266526,26.6823504000409,0
                87.7967050246843,26.6827733751194,0
                87.7971513319817,26.6831950965465,0
                87.7973850437493,26.6835773806522,0
                87.7974908347091,26.6838836686791,0
                87.7976393727903,26.6841152765883,0
                87.797767290426,26.6842679534264,0
                87.7981711050268,26.6846312412773,0
                87.7983620114113,26.6849009723029,0
                87.7984896166526,26.6850152768248,0
                87.7989364910786,26.6852452030256,0
                87.7996392083038,26.6854398245568,0
                87.7997666904502,26.6855158828412,0
                87.8000221557983,26.6855933803861,0
                87.800277556479,26.685745372591,0
                87.8010433174114,26.6863977055365,0
                87.8018941953751,26.6869366742331,0
                87.8024687959842,26.6874727636716,0
                87.8025745913333,26.6876075038714,0
                87.8029579724555,26.6879144851448,0
                87.803532327867,26.6882407170601,0
                87.8040431314965,26.6884521463932,0
                87.8046816709179,26.6886065199198,0
                87.8051295499352,26.6886265269548,0
                87.8055769307801,26.6885698523848,0
                87.8057041635612,26.6886277870501,0
                87.8059593755382,26.6888384610304,0
                87.8065342934986,26.6891465699706,0
                87.8067257048622,26.6892221923735,0
                87.8071520249047,26.6892039519895,0
                87.8072157031322,26.6892419497657,0
                87.8073648048287,26.6894532468255,0
                87.8074277873856,26.6898364652007,0
                87.8075334520466,26.6902194965503,0
                87.8076599911561,26.690525659614,0
                87.8085302917543,26.6915789597606,0
                87.8087212003259,26.6917516358073,0
                87.8089122979604,26.6918678792291,0
                87.8093589236588,26.6920593712613,0
                87.8098052971827,26.6923095457196,0
                87.8101243791002,26.692404730756,0
                87.8106987433088,26.6923676195966,0
                87.8111464997388,26.6922726368791,0
                87.8113380373955,26.692273702056,0
                87.8116569951584,26.6923508888158,0
                87.8120393167677,26.6925043832574,0
                87.812677351455,26.6928504899625,0
                87.8138241821171,26.6937509965952,0
                87.8141432620571,26.6939251123148,0
                87.8143982274836,26.6940026724632,0
                87.8149729020176,26.6940219944617,0
                87.8151646919592,26.6939644407667,0
                87.8153135490313,26.6938891372822,0
                87.8153994784337,26.6937735860915,0
                87.8154423512955,26.6936221004736,0
                87.8155274684636,26.693486238374,0
                87.8157196955151,26.6934106859717,0
                87.8159748494362,26.6934318139553,0
                87.8163577334963,26.6935853078286,0
                87.8169320935401,26.6937196197711,0
                87.817314980355,26.6937783721524,0
                87.8179532744801,26.6937205140013,0
              </coordinates>
            </LinearRing>
          </outerBoundaryIs>
        </Polygon>
      </Placemark>
      <Placemark id="KO_JHAPA_Shivasataxi.8">
        <ExtendedData>
          <SchemaData schemaUrl="#KO_JHAPA_Shivasataxi.schema">
            <SimpleData name="ogc_fid">6409</SimpleData>
            <SimpleData name="objectid_1">6410</SimpleData>
            <SimpleData name="dcode">4</SimpleData>
            <SimpleData name="district">JHAPA</SimpleData>
            <SimpleData name="das">0</SimpleData>
            <SimpleData name="gapa_napa">Shivasataxi</SimpleData>
            <SimpleData name="type_gn">Nagarpalika</SimpleData>
            <SimpleData name="gn_code">15.000000000000000</SimpleData>
            <SimpleData name="new_ward_n">9</SimpleData>
            <SimpleData name="ddgnww">41509.000000000000000</SimpleData>
            <SimpleData name="center">Bangdanda</SimpleData>
            <SimpleData name="state_code">1</SimpleData>
            <SimpleData name="ddgn">4015</SimpleData>
            <SimpleData name="area_sqkm">10.780964157100000</SimpleData>
            <SimpleData name="shape_leng">20466.317089600001054</SimpleData>
            <SimpleData name="shape_area">10780964.157099999487400</SimpleData>
            <SimpleData name="Province">KO</SimpleData>
            <SimpleData name="Address">Shivasataxi-9, JHAPA, KO</SimpleData>
          </SchemaData>
        </ExtendedData>
        <Polygon>
          <outerBoundaryIs>
            <LinearRing>
              <coordinates>
                87.8404265365591,26.6785478109324,0
                87.8400880338071,26.6778593639321,0
                87.8396011110675,26.6772259095947,0
                87.8393267206635,26.6767085742505,0
                87.8392846054015,26.6765372763894,0
                87.8389674747922,26.6758464550749,0
                87.8388194993068,26.6756171590312,0
                87.8386924559324,26.6755028546554,0
                87.8385873510762,26.6752146270652,0
                87.8385894345015,26.6742962696128,0
                87.8387176136443,26.673952489083,0
                87.8386966817712,26.6738375611716,0
                87.8385697642807,26.673664573397,0
                87.838506339178,26.6734911501613,0
                87.8385086078707,26.6726878447085,0
                87.8384244396393,26.6723431225011,0
                87.8384050206151,26.6716550571063,0
                87.83834222408,26.6713101476994,0
                87.8380667688056,26.6709078030723,0
                87.8380682158931,26.6705062120029,0
                87.8381542168372,26.6699890086989,0
                87.8382186526889,26.6697020345445,0
                87.8382825213303,26.6695866087129,0
                87.8383044602856,26.6694149364885,0
                87.8383065440584,26.6684965784439,0
                87.8382435564392,26.6683051559885,0
                87.8380947659162,26.668208973971,0
                87.8378618638305,26.6679599290592,0
                87.8377773131262,26.6679017444086,0
                87.8374591681121,26.6678449310998,0
                87.8373531213045,26.6677665606631,0
                87.8373108171204,26.6676517578292,0
                87.8373539433031,26.6673649708875,0
                87.8373331395892,26.6670988059018,0
                87.8372482155291,26.6669910014369,0
                87.837227343982,26.6669640653776,0
                87.836973317654,26.6668301343817,0
                87.8368460246623,26.6666752079418,0
                87.8368892172479,26.6662371842606,0
                87.8371660026195,26.6658722838431,0
                87.8376336378391,26.6655108234163,0
                87.837633826739,26.6654543289857,0
                87.8371460206823,26.6652044657494,0
                87.8367861381316,26.6648388037273,0
                87.8366163479127,26.6648014283378,0
                87.836361005087,26.6648390457227,0
                87.8361914024971,26.6648197310274,0
                87.8360852934643,26.6647414241061,0
                87.8361069165432,26.6646848666349,0
                87.8364683780297,26.6643217176073,0
                87.8365538087016,26.6641496709501,0
                87.8365541888596,26.6639398764906,0
                87.836490448192,26.6639018788032,0
                87.8360658783901,26.6638818097936,0
                87.8356835543398,26.6638050599915,0
                87.8354929566824,26.6636708180719,0
                87.8354090399416,26.6632674130995,0
                87.8354306047565,26.6630393707545,0
                87.8354946626888,26.6628675120593,0
                87.8356648965339,26.6626182870801,0
                87.8360264210711,26.662255137834,0
                87.836175532002,26.6620444089342,0
                87.8364308161087,26.6618353066222,0
                87.8366221070076,26.661721382709,0
                87.8368770133925,26.6616453937895,0
                87.8371957852714,26.6616074030597,0
                87.8375359933155,26.6615129176746,0
                87.8376633536878,26.6614173661226,0
                87.8379191433646,26.6610164678138,0
                87.8380051435357,26.6604992638589,0
                87.8381113876208,26.6601736690957,0
                87.838452227272,26.6598128942352,0
                87.8386434553202,26.6596966575543,0
                87.8392806247096,26.6596026780399,0
                87.8397266959447,26.6594691354376,0
                87.8399819772929,26.6593549003157,0
                87.8403222521542,26.6590888048241,0
                87.840620035284,26.6586876569016,0
                87.8411094828618,26.658228956559,0
                87.8414283215802,26.6580375410825,0
                87.8416198004529,26.657867184593,0
                87.8418110912642,26.6577531977721,0
                87.8426395537477,26.6574662384731,0
                87.8427029826846,26.6574681140389,0
                87.8429583273592,26.6573537543126,0
                87.8432133605524,26.6572010842394,0
                87.8433411576688,26.6571619650382,0
                87.8441698747483,26.6566470879414,0
                87.8449347185902,26.6564191849123,0
                87.8455082104639,26.6562871437404,0
                87.8458905393736,26.6561156039483,0
                87.8462731203695,26.6558854436232,0
                87.8464646000708,26.6557150236891,0
                87.8465498390563,26.6556965276213,0
                87.8468473074945,26.655428493971,0
                87.8473789343879,26.6550665352152,0
                87.848251277423,26.6542648084487,0
                87.8492076046811,26.6536926882992,0
                87.8495048838665,26.6534810871728,0
                87.8498242241545,26.6531948675182,0
                87.8501216278775,26.6530058269868,0
                87.8502917350011,26.6528332205084,0
                87.8505903321836,26.6523757031824,0
                87.8506752641519,26.6521450367616,0
                87.8506766523669,26.6515718986028,0
                87.850868701946,26.6510562594204,0
                87.8508900157081,26.6508823998073,0
                87.8511029973502,26.6504817510009,0
                87.8511673691147,26.6502715202417,0
                87.8513164797657,26.6500607290809,0
                87.851890225743,26.6497188318627,0
                87.8523364234078,26.6495266069774,0
                87.8529742239804,26.649184273503,0
                87.8532930634768,26.6489184276637,0
                87.8535485405953,26.6484971565039,0
                87.8540175536563,26.6480002082749,0
                87.8544013221561,26.6477722352413,0
                87.8545298082754,26.6476586849586,0
                87.8546582354672,26.6473713369284,0
                87.854680803798,26.6470281797943,0
                87.8547666071927,26.6469149410866,0
                87.8548950350947,26.6466275307233,0
                87.8551966433441,26.6456531826311,0
                87.8555400582925,26.6447372685239,0
                87.8555847535657,26.6441638193377,0
                87.8556933131897,26.6436487407902,0
                87.8556960818484,26.642845372617,0
                87.8555505591876,26.641927886486,0
                87.8554877595382,26.6417567752624,0
                87.8554673935828,26.6414681124577,0
                87.8553411680779,26.6411236397741,0
                87.8553427405567,26.640665554082,0
                87.8555141013971,26.6403215248592,0
                87.8556852713558,26.640130982109,0
                87.8558131324945,26.6400173690364,0
                87.8563461964155,26.6396937199648,0
                87.8566875979341,26.6393509428267,0
                87.8568593361344,26.6388918615007,0
                87.8569030250444,26.6386050115145,0
                87.8570530134601,26.6382634193713,0
                87.8572668044046,26.6379755729221,0
                87.8580144127034,26.6372331515994,0
                87.8582071460474,26.636889059476,0
                87.858292703145,26.6366605809319,0
                87.8583148302559,26.6364302888307,0
                87.8582310974187,26.6361442491603,0
                87.8582321042114,26.6358576492982,0
                87.85816867942,26.6356866003976,0
                87.8580841928283,26.6355516726101,0
                87.8578935340268,26.6353971203238,0
                87.8577241234075,26.6351680117569,0
                87.8576190813695,26.6348820970149,0
                87.8576836438533,26.6345364407098,0
                87.8578775054186,26.6340230509559,0
                87.8578994445806,26.6338491913094,0
                87.8579850009432,26.63362077525,0
                87.8583060948647,26.6331630085431,0
                87.8585411998898,26.6327058020408,0
                87.8588621056767,26.6323044055661,0
                87.8598865571337,26.6313889417081,0
                87.8610163683548,26.6305517222155,0
                87.8616357402314,26.6299432243853,0
                87.8619130225777,26.6296753153899,0
                87.8618077296278,26.6294457705201,0
                87.86155452484,26.6289102496894,0
                87.8612388366893,26.6279915726057,0
                87.860415230694,26.6263831966574,0
                87.8599165696551,26.6253279030105,0
                87.8598105878703,26.6251029835519,0
                87.8596313056511,26.6247925686872,0
                87.8594481473661,26.6245590237684,0
                87.8587757525293,26.6237778279384,0
                87.8582401447829,26.6233230451684,0
                87.8579977463283,26.6229724453722,0
                87.8579608178385,26.6228192711273,0
                87.8578605214646,26.622664219527,0
                87.8575083856597,26.6224067978611,0
                87.8572004943952,26.6221108174449,0
                87.8570595805031,26.6218972712925,0
                87.8568749830368,26.6217224079881,0
                87.8567085699667,26.6216218506928,0
                87.8565815867862,26.6215977882121,0
                87.8559044259881,26.6215206572428,0
                87.8555636569745,26.6215294618906,0
                87.8548792428562,26.6216418771407,0
                87.8542814438712,26.6216996110464,0
                87.8533330584395,26.6220325018449,0
                87.8523816090008,26.6224624466538,0
                87.8515237152212,26.6226459151988,0
                87.8510114052469,26.6227053380328,0
                87.8507528118093,26.6227925755868,0
                87.850667447687,26.6227908235021,0
                87.850152573503,26.6229270521326,0
                87.8499829086696,26.6229032392288,0
                87.849555837023,26.6229464142664,0
                87.8491314545166,26.6229354076582,0
                87.8487090117685,26.6228454074632,0
                87.8483735575497,26.6227210371665,0
                87.8479783021502,26.6224797380078,0
                87.847461940683,26.6220856375746,0
                87.8472154146823,26.6218479657956,0
                87.8471316139528,26.6218078426969,0
                87.8464551543858,26.6211394502045,0
                87.8458716122976,26.6208179667382,0
                87.8456203968971,26.6207156584586,0
                87.8454971662539,26.6205967919205,0
                87.8450821632687,26.6203194953324,0
                87.8444971206779,26.6200544443372,0
                87.8440747393277,26.6199644445728,0
                87.8437355963174,26.6199348155574,0
                87.8427945895406,26.62007803532,0
                87.8421047352107,26.6203235642442,0
                87.8408046384481,26.6209698591671,0
                87.8400262934979,26.6213084399864,0
                87.8392617055962,26.6212836151336,0
                87.8388180769543,26.6212139881332,0
                87.838612406888,26.6215875142293,0
                87.8384771075962,26.6217936814236,0
                87.8381537580956,26.6224702418347,0
                87.8379727124679,26.6227691500705,0
                87.8378550328092,26.6230699968273,0
                87.8368368767581,26.624693837289,0
                87.8366131486756,26.6249930571523,0
                87.8365439036972,26.625142355468,0
                87.8364824698711,26.6253277764761,0
                87.8363337912393,26.6257709229474,0
                87.8363432901692,26.625782109056,0
                87.8361723051924,26.6260877669616,0
                87.8359356963208,26.6266983974958,0
                87.8355929749702,26.6273840814157,0
                87.835206002024,26.6283769889482,0
                87.8342863244969,26.6303454885251,0
                87.8339667855512,26.6311100416588,0
                87.8336466877785,26.63172117062,0
                87.833327086604,26.6324857236558,0
                87.8329860526653,26.633153408853,0
                87.8327727549982,26.6336894216441,0
                87.8319410701665,26.6355062488949,0
                87.8316851549322,26.6359635164623,0
                87.8313227451946,26.6368050625269,0
                87.8311095762541,26.6371876502416,0
                87.8307044198737,26.6381038762603,0
                87.8306666726859,26.6381740566207,0
                87.8304269434048,26.6386199508039,0
                87.8299129836668,26.6397669670461,0
                87.8297639347482,26.6399957575288,0
                87.8293569665577,26.6409142331063,0
                87.8291437347116,26.6412968205702,0
                87.8286511484387,26.6423670309669,0
                87.8285876550801,26.6424418364026,0
                87.8281378147201,26.6434373039622,0
                87.8278819001624,26.6438946345878,0
                87.8267903605128,26.6462657216228,0
                87.8265771291297,26.6466483101329,0
                87.8262556551003,26.6473361814757,0
                87.8262128441609,26.6474898553951,0
                87.8259348056009,26.6480239913568,0
                87.8258281903819,26.6482141602166,0
                87.8262966886651,26.6483310336457,0
                87.8287015544725,26.6488314738197,0
                87.8306664779681,26.6492577855346,0
                87.831382006787,26.6494115359479,0
                87.8316997140106,26.6495067213491,0
                87.8318907508259,26.6495259109287,0
                87.8330371589523,26.6497967210438,0
                87.8336739495608,26.6499125983511,0
                87.8340765827241,26.6500275954114,0
                87.8341828138642,26.6502187691158,0
                87.8342030487226,26.6507556603896,0
                87.8341164851094,26.6512909249351,0
                87.8341150266743,26.6522093456492,0
                87.8339864680192,26.6527448594067,0
                87.8338366663048,26.6531270729939,0
                87.8334536996262,26.6538153195359,0
                87.8332610884909,26.6542722136641,0
                87.8325158460389,26.6554002895508,0
                87.83243028978,26.6556287060145,0
                87.8323668591162,26.6557058230252,0
                87.8322810485465,26.6560876633604,0
                87.8322799737376,26.6566246791148,0
                87.8324491941081,26.6569305934357,0
                87.8325341827415,26.656968466689,0
                87.8327244665558,26.6571410806325,0
                87.8329361789103,26.6576001695133,0
                87.8330625891393,26.6580597572943,0
                87.8330623960944,26.6582898626905,0
                87.8331248170529,26.6586732054795,0
                87.8330605702366,26.6589014343905,0
                87.83286871094,26.6592838975609,0
                87.8323580732353,26.659952517478,0
                87.8322090232817,26.6602579888886,0
                87.8320804023564,26.6607935649962,0
                87.8320159002748,26.6612519612438,0
                87.8319925724858,26.6620170829124,0
                87.8320769901986,26.6624001755905,0
                87.8321603354399,26.663243604877,0
                87.8324765854069,26.6641623439163,0
                87.8326671160118,26.6644681328781,0
                87.83298550672,26.6647370535733,0
                87.833303211118,26.664908919491,0
                87.8335365509271,26.6651399663469,0
                87.8336210965136,26.6653696984487,0
                87.8338749907364,26.6658284755005,0
                87.8340860758875,26.666364308538,0
                87.8342336683556,26.6669771329359,0
                87.8342350424384,26.6669906946634,0
                87.8342542226467,26.667207175785,0
                87.8343174602833,26.6673602266195,0
                87.8343165789441,26.667667137025,0
                87.8343797527804,26.6678969312213,0
                87.8346338391149,26.6681256038865,0
                87.8346551477895,26.6682021599517,0
                87.8345900840473,26.6685861260406,0
                87.8345479634781,26.6686608683021,0
                87.8344409117984,26.6687946048829,0
                87.8338877853035,26.6692333687864,0
                87.8337387348378,26.6695410894964,0
                87.8338014080404,26.6697889439387,0
                87.8338860813053,26.6699418699226,0
                87.8340131245551,26.6700584872036,0
                87.8343315193731,26.6701536729109,0
                87.8344166943097,26.6702117940752,0
                87.8344586864043,26.6702882886911,0
                87.8344586224597,26.6703650320984,0
                87.8343307611442,26.6704785822257,0
                87.8339058122001,26.6706706200229,0
                87.8337353304946,26.6708024800559,0
                87.8336925202378,26.6709561540413,0
                87.8336922685335,26.6710148362466,0
                87.8337984404428,26.6711090178479,0
                87.8342861220298,26.6713408191555,0
                87.8344344134046,26.6714369383618,0
                87.834604074735,26.6716277375337,0
                87.8346247573546,26.6717043564268,0
                87.8345818839054,26.6718580296063,0
                87.8343904050225,26.6720306362449,0
                87.834305475424,26.6721823713541,0
                87.8343047214875,26.6723357957583,0
                87.8343893325361,26.6724887219846,0
                87.8343674556649,26.6726806419466,0
                87.8342822761545,26.6727940057821,0
                87.83406942472,26.6729667372951,0
                87.8332832078952,26.6732150132252,0
                87.8330702938008,26.6733854942491,0
                87.8331335310746,26.6736152880361,0
                87.8334080456133,26.6741529972791,0
                87.8334925266683,26.6744594091339,0
                87.8335771998258,26.6746123350063,0
                87.8336822383343,26.6750719854777,0
                87.8338507701457,26.6754546428581,0
                87.8338506412538,26.6756080666036,0
                87.8336794030728,26.676067149439,0
                87.8337212673234,26.6762970047299,0
                87.8345474553183,26.6770435809567,0
                87.8347379882506,26.6772545665884,0
                87.8349284532623,26.677713779956,0
                87.8349481914543,26.6780972472969,0
                87.8347756878111,26.6792445196582,0
                87.8346471938103,26.6797033530205,0
                87.8344118358834,26.6802394895728,0
                87.8334317407969,26.6817300916775,0
                87.8330270964228,26.6821317993089,0
                87.832579075977,26.6827819221531,0
                87.8323450375479,26.6830676434024,0
                87.8322600470118,26.6831245743411,0
                87.8317908439252,26.6837185141013,0
                87.8316202347593,26.684003861046,0
                87.8315774239946,26.6841575348696,0
                87.8315772955956,26.6843109587412,0
                87.8316611527519,26.6846173087739,0
                87.8320630218724,26.6853077571726,0
                87.8325708779069,26.6859771462426,0
                87.832972745747,26.6867442742558,0
                87.8329931090784,26.6871254922828,0
                87.8327584412515,26.6875849475189,0
                87.8325658910762,26.6881411460073,0
                87.8332461851167,26.6878167494832,0
                87.83348003366,26.6876821402911,0
                87.8337352561637,26.6874529148152,0
                87.8339908559595,26.687108324768,0
                87.8342045876264,26.6867076757378,0
                87.8343963180173,26.686478699398,0
                87.834930085858,26.6854466112387,0
                87.8352494923886,26.6849866573346,0
                87.8355901450797,26.6845875104993,0
                87.8359097350964,26.6843193520246,0
                87.8361440860019,26.6840698152739,0
                87.8367180837241,26.6836512375295,0
                87.8377390913527,26.6830405595587,0
                87.8382502873533,26.6825252390791,0
                87.83844220646,26.6822375799155,0
                87.8385278254118,26.682009163355,0
                87.8386350098617,26.6815504554331,0
                87.8386575817764,26.6810335632039,0
                87.8387860761794,26.6805747922978,0
                87.8387865160613,26.6804596773285,0
                87.8390424974941,26.6798286118597,0
                87.8392346061425,26.6794845199522,0
                87.8392779163536,26.6793105988559,0
                87.8394694625101,26.6789663822473,0
                87.839746183121,26.678680474661,0
                87.8399379740272,26.678548426783,0
                87.8401929415146,26.6785469314816,0
                87.8404265365591,26.6785478109324,0
              </coordinates>
            </LinearRing>
          </outerBoundaryIs>
        </Polygon>
      </Placemark>
      <Placemark id="KO_JHAPA_Shivasataxi.9">
        <ExtendedData>
          <SchemaData schemaUrl="#KO_JHAPA_Shivasataxi.schema">
            <SimpleData name="ogc_fid">6410</SimpleData>
            <SimpleData name="objectid_1">6411</SimpleData>
            <SimpleData name="dcode">4</SimpleData>
            <SimpleData name="district">JHAPA</SimpleData>
            <SimpleData name="das">0</SimpleData>
            <SimpleData name="gapa_napa">Shivasataxi</SimpleData>
            <SimpleData name="type_gn">Nagarpalika</SimpleData>
            <SimpleData name="gn_code">15.000000000000000</SimpleData>
            <SimpleData name="new_ward_n">10</SimpleData>
            <SimpleData name="ddgnww">41510.000000000000000</SimpleData>
            <SimpleData name="center">Bangdanda</SimpleData>
            <SimpleData name="state_code">1</SimpleData>
            <SimpleData name="ddgn">4015</SimpleData>
            <SimpleData name="area_sqkm">14.423714365000000</SimpleData>
            <SimpleData name="shape_leng">21899.316246799997316</SimpleData>
            <SimpleData name="shape_area">14423714.365000000223517</SimpleData>
            <SimpleData name="Province">KO</SimpleData>
            <SimpleData name="Address">Shivasataxi-10, JHAPA, KO</SimpleData>
          </SchemaData>
        </ExtendedData>
        <Polygon>
          <outerBoundaryIs>
            <LinearRing>
              <coordinates>
                87.8788753638456,26.6846895660857,0
                87.8790549669353,26.6846072011984,0
                87.8792877538369,26.6844139720086,0
                87.879631653664,26.6841297529964,0
                87.8798483825324,26.6838260964785,0
                87.8801061666617,26.6836191814912,0
                87.8808012892369,26.682554286783,0
                87.8808880314337,26.6824026137585,0
                87.8810433972802,26.6819435937048,0
                87.8813048741368,26.6814883885947,0
                87.8814816119837,26.6810314938562,0
                87.8817864602786,26.6804971082457,0
                87.8819620709007,26.6801372670594,0
                87.8821587419889,26.679754679547,0
                87.882598897275,26.6786891544864,0
                87.882969302389,26.6780234688562,0
                87.8833019038261,26.6771842984428,0
                87.8834546398653,26.6769576958537,0
                87.8835678211264,26.6765756055305,0
                87.8836778751867,26.6763470652229,0
                87.8837684327558,26.6760419059859,0
                87.8837723131195,26.6758139255316,0
                87.8835730444945,26.6750457378164,0
                87.883178608395,26.6744660308085,0
                87.8824878383694,26.6738046999209,0
                87.881541476093,26.6731426764505,0
                87.8810379254681,26.6727328278206,0
                87.8808481394197,26.6726347701045,0
                87.8807222833814,26.6725182153151,0
                87.8800280088765,26.6720508674163,0
                87.8797769843213,26.6718177579174,0
                87.8797355545207,26.671739076235,0
                87.8794212272677,26.6714476581421,0
                87.878564733313,26.6705368461873,0
                87.8785233028651,26.6704604148347,0
                87.8784393779211,26.6704022302668,0
                87.8780655012166,26.6698810810553,0
                87.8778142894976,26.6696276604017,0
                87.8775854503107,26.6693379315718,0
                87.8772179569411,26.668415129019,0
                87.8771383499051,26.668106466573,0
                87.8771048042931,26.6675718878328,0
                87.8770931299035,26.6670349338038,0
                87.8770978808233,26.6669897504326,0
                87.8771177576946,26.6668046411489,0
                87.8772989982774,26.6661965096663,0
                87.8773481261988,26.665814856712,0
                87.8773611424774,26.6650498600188,0
                87.8772414805202,26.6645902725641,0
                87.8770176485525,26.6639756970129,0
                87.8766877056844,26.6633593688747,0
                87.8766080985374,26.6630530816913,0
                87.8761733583614,26.6623585082797,0
                87.8760480028589,26.6622238928023,0
                87.8758170359037,26.6620673393355,0
                87.8749788489785,26.6613301999757,0
                87.8745370378253,26.661019218059,0
                87.8742211454846,26.6608429151475,0
                87.8736511000595,26.6606049875575,0
                87.8732084132606,26.6603504388566,0
                87.8726193720675,26.6599998329723,0
                87.8723274097952,26.6599970775136,0
                87.8722376086324,26.659995388821,0
                87.8721614962633,26.6598988328847,0
                87.8717793012739,26.6596687826217,0
                87.8712066347451,26.659245808844,0
                87.8710794664877,26.6591134424447,0
                87.8709526137662,26.6588637744514,0
                87.8707847099873,26.6583277551792,0
                87.870573373793,26.6578687288253,0
                87.8703639214462,26.656990050586,0
                87.8702381392735,26.6563770384473,0
                87.8701969030249,26.655995945773,0
                87.8700709906019,26.6556131013613,0
                87.8699443253226,26.6553837443616,0
                87.8697764239422,26.6547710434189,0
                87.8696932591926,26.6542345256933,0
                87.8696331059588,26.6530885615459,0
                87.869507884739,26.6525522932334,0
                87.869508706276,26.6521709510941,0
                87.8694476033391,26.6515598777268,0
                87.8695574868047,26.6505663402875,0
                87.8696437352824,26.6501844998966,0
                87.869581945135,26.6495711141782,0
                87.8695871615621,26.6482713522089,0
                87.8695254340375,26.6476602162614,0
                87.8696123723646,26.6471249512581,0
                87.8696367643822,26.6462853997279,0
                87.8697016378565,26.6459803646463,0
                87.8696825294238,26.6453667300357,0
                87.8697260938868,26.6450618197353,0
                87.8697725483384,26.6440687187298,0
                87.8697115759756,26.6432274152024,0
                87.869544427175,26.6424612907879,0
                87.868424557834,26.6403944482737,0
                87.868340011666,26.6401647795077,0
                87.8681073626543,26.6397826207435,0
                87.8678121047865,26.6390938619563,0
                87.8676237110436,26.6382534308665,0
                87.8674551813166,26.6377941547975,0
                87.8669913263822,26.6367996070358,0
                87.8664620372783,26.6360334130903,0
                87.8661658333749,26.6357080607256,0
                87.8658485122163,26.6351706636921,0
                87.8653194105131,26.6344248434081,0
                87.8650863843953,26.6341554871484,0
                87.8647692492106,26.6336383390887,0
                87.8641977126805,26.6330077574192,0
                87.863859204157,26.632567477,0
                87.8635628175831,26.6320503908904,0
                87.8632035008208,26.6315132433208,0
                87.8630128439182,26.6312842587899,0
                87.8626109096811,26.6306706799466,0
                87.8619130225777,26.6296753153899,0
                87.8616357402314,26.6299432243853,0
                87.8610163683548,26.6305517222155,0
                87.8598865571337,26.6313889417081,0
                87.8588621056767,26.6323044055661,0
                87.8585411998898,26.6327058020408,0
                87.8583060948647,26.6331630085431,0
                87.8579850009432,26.63362077525,0
                87.8578994445806,26.6338491913094,0
                87.8578775054186,26.6340230509559,0
                87.8576836438533,26.6345364407098,0
                87.8576190813695,26.6348820970149,0
                87.8577241234075,26.6351680117569,0
                87.8578935340268,26.6353971203238,0
                87.8580841928283,26.6355516726101,0
                87.85816867942,26.6356866003976,0
                87.8582321042114,26.6358576492982,0
                87.8582310974187,26.6361442491603,0
                87.8583148302559,26.6364302888307,0
                87.858292703145,26.6366605809319,0
                87.8582071460474,26.636889059476,0
                87.8580144127034,26.6372331515994,0
                87.8572668044046,26.6379755729221,0
                87.8570530134601,26.6382634193713,0
                87.8569030250444,26.6386050115145,0
                87.8568593361344,26.6388918615007,0
                87.8566875979341,26.6393509428267,0
                87.8563461964155,26.6396937199648,0
                87.8558131324945,26.6400173690364,0
                87.8556852713558,26.640130982109,0
                87.8555141013971,26.6403215248592,0
                87.8553427405567,26.640665554082,0
                87.8553411680779,26.6411236397741,0
                87.8554673935828,26.6414681124577,0
                87.8554877595382,26.6417567752624,0
                87.8555505591876,26.641927886486,0
                87.8556960818484,26.642845372617,0
                87.8556933131897,26.6436487407902,0
                87.8555847535657,26.6441638193377,0
                87.8555400582925,26.6447372685239,0
                87.8551966433441,26.6456531826311,0
                87.8548950350947,26.6466275307233,0
                87.8547666071927,26.6469149410866,0
                87.854680803798,26.6470281797943,0
                87.8546582354672,26.6473713369284,0
                87.8545298082754,26.6476586849586,0
                87.8544013221561,26.6477722352413,0
                87.8540175536563,26.6480002082749,0
                87.8535485405953,26.6484971565039,0
                87.8532930634768,26.6489184276637,0
                87.8529742239804,26.649184273503,0
                87.8523364234078,26.6495266069774,0
                87.851890225743,26.6497188318627,0
                87.8513164797657,26.6500607290809,0
                87.8511673691147,26.6502715202417,0
                87.8511029973502,26.6504817510009,0
                87.8508900157081,26.6508823998073,0
                87.850868701946,26.6510562594204,0
                87.8506766523669,26.6515718986028,0
                87.8506752641519,26.6521450367616,0
                87.8505903321836,26.6523757031824,0
                87.8502917350011,26.6528332205084,0
                87.8501216278775,26.6530058269868,0
                87.8498242241545,26.6531948675182,0
                87.8495048838665,26.6534810871728,0
                87.8492076046811,26.6536926882992,0
                87.848251277423,26.6542648084487,0
                87.8473789343879,26.6550665352152,0
                87.8468473074945,26.655428493971,0
                87.8465498390563,26.6556965276213,0
                87.8464646000708,26.6557150236891,0
                87.8462731203695,26.6558854436232,0
                87.8458905393736,26.6561156039483,0
                87.8455082104639,26.6562871437404,0
                87.8449347185902,26.6564191849123,0
                87.8441698747483,26.6566470879414,0
                87.8433411576688,26.6571619650382,0
                87.8432133605524,26.6572010842394,0
                87.8429583273592,26.6573537543126,0
                87.8427029826846,26.6574681140389,0
                87.8426395537477,26.6574662384731,0
                87.8418110912642,26.6577531977721,0
                87.8416198004529,26.657867184593,0
                87.8414283215802,26.6580375410825,0
                87.8411094828618,26.658228956559,0
                87.840620035284,26.6586876569016,0
                87.8403222521542,26.6590888048241,0
                87.8399819772929,26.6593549003157,0
                87.8397266959447,26.6594691354376,0
                87.8392806247096,26.6596026780399,0
                87.8386434553202,26.6596966575543,0
                87.838452227272,26.6598128942352,0
                87.8381113876208,26.6601736690957,0
                87.8380051435357,26.6604992638589,0
                87.8379191433646,26.6610164678138,0
                87.8376633536878,26.6614173661226,0
                87.8375359933155,26.6615129176746,0
                87.8371957852714,26.6616074030597,0
                87.8368770133925,26.6616453937895,0
                87.8366221070076,26.661721382709,0
                87.8364308161087,26.6618353066222,0
                87.836175532002,26.6620444089342,0
                87.8360264210711,26.662255137834,0
                87.8356648965339,26.6626182870801,0
                87.8354946626888,26.6628675120593,0
                87.8354306047565,26.6630393707545,0
                87.8354090399416,26.6632674130995,0
                87.8354929566824,26.6636708180719,0
                87.8356835543398,26.6638050599915,0
                87.8360658783901,26.6638818097936,0
                87.836490448192,26.6639018788032,0
                87.8365541888596,26.6639398764906,0
                87.8365538087016,26.6641496709501,0
                87.8364683780297,26.6643217176073,0
                87.8361069165432,26.6646848666349,0
                87.8360852934643,26.6647414241061,0
                87.8361914024971,26.6648197310274,0
                87.836361005087,26.6648390457227,0
                87.8366163479127,26.6648014283378,0
                87.8367861381316,26.6648388037273,0
                87.8371460206823,26.6652044657494,0
                87.837633826739,26.6654543289857,0
                87.8376336378391,26.6655108234163,0
                87.8371660026195,26.6658722838431,0
                87.8368892172479,26.6662371842606,0
                87.8368460246623,26.6666752079418,0
                87.836973317654,26.6668301343817,0
                87.837227343982,26.6669640653776,0
                87.8372482155291,26.6669910014369,0
                87.8373331395892,26.6670988059018,0
                87.8373539433031,26.6673649708875,0
                87.8373108171204,26.6676517578292,0
                87.8373531213045,26.6677665606631,0
                87.8374591681121,26.6678449310998,0
                87.8377773131262,26.6679017444086,0
                87.8378618638305,26.6679599290592,0
                87.8380947659162,26.668208973971,0
                87.8382435564392,26.6683051559885,0
                87.8383065440584,26.6684965784439,0
                87.8383044602856,26.6694149364885,0
                87.8382825213303,26.6695866087129,0
                87.8382186526889,26.6697020345445,0
                87.8381542168372,26.6699890086989,0
                87.8380682158931,26.6705062120029,0
                87.8380667688056,26.6709078030723,0
                87.83834222408,26.6713101476994,0
                87.8384050206151,26.6716550571063,0
                87.8384244396393,26.6723431225011,0
                87.8385086078707,26.6726878447085,0
                87.838506339178,26.6734911501613,0
                87.8385697642807,26.673664573397,0
                87.8386966817712,26.6738375611716,0
                87.8387176136443,26.673952489083,0
                87.8385894345015,26.6742962696128,0
                87.8385873510762,26.6752146270652,0
                87.8386924559324,26.6755028546554,0
                87.8388194993068,26.6756171590312,0
                87.8389674747922,26.6758464550749,0
                87.8392846054015,26.6765372763894,0
                87.8393267206635,26.6767085742505,0
                87.8396011110675,26.6772259095947,0
                87.8400880338071,26.6778593639321,0
                87.8404265365591,26.6785478109324,0
                87.8406603843573,26.6784155771071,0
                87.8408091814401,26.6782432199067,0
                87.8408948002656,26.6780124912271,0
                87.84089524044,26.6778974385895,0
                87.8410239233335,26.6773822353978,0
                87.8410664208034,26.6772668713666,0
                87.8412158430834,26.6770945140878,0
                87.8414069448837,26.6770392100496,0
                87.841661911732,26.6770377150858,0
                87.8418106444188,26.6769442887041,0
                87.8421723559012,26.6765992003001,0
                87.8424913185289,26.6764280328984,0
                87.8426188021757,26.6764272854446,0
                87.8430011301936,26.6763325513876,0
                87.8436383609975,26.6763151899821,0
                87.8439357621918,26.6762006430221,0
                87.8442766620296,26.6759346091538,0
                87.844511267679,26.6754751533749,0
                87.8448096753183,26.6750739436873,0
                87.8450648963313,26.6749393357782,0
                87.8452559972737,26.674884031485,0
                87.8460205884496,26.6747689303274,0
                87.8465938897148,26.6747700036414,0
                87.8468484805822,26.6748091303305,0
                87.8473579747272,26.6749256298126,0
                87.8481005594991,26.6752326170327,0
                87.8481644251799,26.6752909257884,0
                87.8483552730969,26.6753664850735,0
                87.8493099561429,26.6756563532299,0
                87.8509019915041,26.6760236637735,0
                87.851220325121,26.6760240451499,0
                87.851794003761,26.6759100025464,0
                87.8528781874939,26.6754522507983,0
                87.8531328427759,26.6754145711737,0
                87.85351529358,26.675414515568,0
                87.8542793787442,26.6755701418841,0
                87.8549799077711,26.6757825735702,0
                87.8553612269485,26.6760691185246,0
                87.8555518881889,26.6761266174416,0
                87.8558073561139,26.6761092484242,0
                87.8560618872938,26.6760513834169,0
                87.8563809742633,26.6758982147763,0
                87.8566360718215,26.6756688027076,0
                87.8568916672893,26.6754980096781,0
                87.8570187767998,26.6754588901582,0
                87.8574645922471,26.6755374540899,0
                87.8576561300625,26.6755385198598,0
                87.8579745285131,26.6754621574777,0
                87.8581236366974,26.6753461084399,0
                87.8582301884004,26.675212434189,0
                87.8586127073034,26.6749844612442,0
                87.8589954770607,26.6746978053138,0
                87.8595060398329,26.6745458282263,0
                87.8600790913005,26.6745084672404,0
                87.8603341848883,26.6744505400112,0
                87.86084412486,26.6742037582488,0
                87.8611635895867,26.6739355375187,0
                87.8613546910684,26.673880295987,0
                87.8617369549982,26.6738598671663,0
                87.8623740586382,26.6739191867886,0
                87.8633941834205,26.6736331683611,0
                87.8638398760655,26.6736146778458,0
                87.8642221997919,26.6736936159506,0
                87.8643494324458,26.6737514886079,0
                87.8646670087291,26.6740564051101,0
                87.8648581689428,26.6741725861078,0
                87.8650488303851,26.674230084678,0
                87.8651976865315,26.6742314623229,0
                87.8653465462507,26.6740771035305,0
                87.8653467349897,26.6740206715024,0
                87.8652625658281,26.6736759494373,0
                87.865072601553,26.6732167977595,0
                87.865009302668,26.6729870665806,0
                87.8650098691496,26.6728132688309,0
                87.8651592361967,26.6722979415856,0
                87.8653512827031,26.671953787796,0
                87.8655213894554,26.6717812430208,0
                87.8659040308401,26.6716480116109,0
                87.8664774554948,26.6716693331046,0
                87.8671141820116,26.6718414554767,0
                87.8678141488925,26.6720718856661,0
                87.8679418798536,26.6721861908268,0
                87.8679625623949,26.6722627471348,0
                87.8678983778059,26.6724932889669,0
                87.8676644647041,26.6727790721579,0
                87.8672803099161,26.6734673802881,0
                87.8672588701299,26.6736976724513,0
                87.8673647882601,26.6739271542887,0
                87.8674273982706,26.6742313792054,0
                87.8672988349647,26.6749971234702,0
                87.8671918392674,26.6753790256079,0
                87.8668933707446,26.675685556086,0
                87.8665959048994,26.6758769091986,0
                87.8663191218114,26.6761425684158,0
                87.8657225534053,26.6770420416498,0
                87.8654035862684,26.6773846939993,0
                87.8652539749985,26.6776157964798,0
                87.8651682900381,26.6779976362143,0
                87.8648060735152,26.6785887658652,0
                87.8646991423088,26.6788962994952,0
                87.8648043679428,26.6793537000043,0
                87.8649523436073,26.6795829325739,0
                87.8649942704512,26.6798128509704,0
                87.8649299572292,26.6801968170066,0
                87.8649298268756,26.6804247346899,0
                87.8647792030687,26.6811906025459,0
                87.8646498859784,26.6821075209333,0
                87.86462769451,26.6824144942403,0
                87.8646909291829,26.6827187195903,0
                87.8646899809949,26.6831790545463,0
                87.8648806351769,26.6835614626422,0
                87.8649226257727,26.6837146995873,0
                87.8650918496813,26.6839234971948,0
                87.8651342763698,26.6841353547337,0
                87.8650489086373,26.6843073387423,0
                87.8649210468222,26.6844209513603,0
                87.864495786447,26.6845747421975,0
                87.8643262457464,26.6845734895632,0
                87.8641556401004,26.6846873513885,0
                87.863815744811,26.6847458399724,0
                87.8633060643255,26.68461127918,0
                87.863242821786,26.6846297140494,0
                87.8632212609982,26.6846885212185,0
                87.8632632531283,26.6847650151069,0
                87.8632631247605,26.6849161901837,0
                87.8629645258929,26.6854527629119,0
                87.8627091129065,26.6858153517696,0
                87.8625173203767,26.6860263292851,0
                87.8622192856752,26.6864839721726,0
                87.8618771230187,26.6873254550236,0
                87.8618554914306,26.6877069223287,0
                87.8619820272234,26.6881664469323,0
                87.8622140468815,26.6887020927361,0
                87.8624680656747,26.6891608700937,0
                87.8625732932797,26.6895437762595,0
                87.8626996987526,26.6902312194285,0
                87.862699069993,26.6904050171212,0
                87.862847608509,26.6906139386709,0
                87.8631655609873,26.6908827964602,0
                87.8635471938455,26.691112846245,0
                87.8638020963772,26.6911880324372,0
                87.8649494504924,26.6910953124388,0
                87.8655226248558,26.6911527549731,0
                87.8660313622992,26.6915737905654,0
                87.8669863504054,26.6921276359582,0
                87.8677507493609,26.6922244546516,0
                87.8681333886975,26.6921679662849,0
                87.8688982957439,26.6919196272941,0
                87.8691745109096,26.6918998840964,0
                87.8692596259132,26.6918633271528,0
                87.8693663020059,26.6917678369319,0
                87.869473041566,26.6915956665475,0
                87.869537037786,26.6914238072021,0
                87.8695585398045,26.6911935774083,0
                87.869729842961,26.6906780004551,0
                87.8699428850553,26.6903720933329,0
                87.8706661178787,26.689760660097,0
                87.8713261122557,26.6890164870475,0
                87.8723043730985,26.6885005500009,0
                87.8723269955257,26.6884981753874,0
                87.872412922557,26.6884841160413,0
                87.8735668483296,26.6879422467003,0
                87.8737378279562,26.687887004884,0
                87.8743368826058,26.6875493575468,0
                87.875256086488,26.6871217875199,0
                87.8757070359933,26.6868008235838,0
                87.8769111544007,26.6857621856459,0
                87.8776398833938,26.6853109258766,0
                87.8785380907214,26.6848450455941,0
                87.8788753638456,26.6846895660857,0
              </coordinates>
            </LinearRing>
          </outerBoundaryIs>
        </Polygon>
      </Placemark>
      <Placemark id="KO_JHAPA_Shivasataxi.10">
        <ExtendedData>
          <SchemaData schemaUrl="#KO_JHAPA_Shivasataxi.schema">
            <SimpleData name="ogc_fid">6411</SimpleData>
            <SimpleData name="objectid_1">6412</SimpleData>
            <SimpleData name="dcode">4</SimpleData>
            <SimpleData name="district">JHAPA</SimpleData>
            <SimpleData name="das">0</SimpleData>
            <SimpleData name="gapa_napa">Shivasataxi</SimpleData>
            <SimpleData name="type_gn">Nagarpalika</SimpleData>
            <SimpleData name="gn_code">15.000000000000000</SimpleData>
            <SimpleData name="new_ward_n">5</SimpleData>
            <SimpleData name="ddgnww">41505.000000000000000</SimpleData>
            <SimpleData name="center">Bangdanda</SimpleData>
            <SimpleData name="state_code">1</SimpleData>
            <SimpleData name="ddgn">4015</SimpleData>
            <SimpleData name="area_sqkm">9.545856542339999</SimpleData>
            <SimpleData name="shape_leng">20615.641391599998315</SimpleData>
            <SimpleData name="shape_area">9545856.542339999228716</SimpleData>
            <SimpleData name="Province">KO</SimpleData>
            <SimpleData name="Address">Shivasataxi-5, JHAPA, KO</SimpleData>
          </SchemaData>
        </ExtendedData>
        <Polygon>
          <outerBoundaryIs>
            <LinearRing>
              <coordinates>
                87.8444012648719,26.5631264853492,0
                87.8444811386316,26.562728833701,0
                87.8444901430655,26.5624986039175,0
                87.8444175962512,26.5621921910095,0
                87.8442635630907,26.5618049714289,0
                87.8440699859559,26.560806491926,0
                87.8440160730757,26.5600396191081,0
                87.8439435268788,26.5597331443564,0
                87.8439678630914,26.5585867436756,0
                87.8440226129894,26.5582840212271,0
                87.8442228551758,26.5575269029504,0
                87.8444716437726,26.5571531897304,0
                87.8447161186145,26.5568741556988,0
                87.8450463951941,26.5565788126389,0
                87.8453611774122,26.5561324197253,0
                87.8457697023983,26.5554756092099,0
                87.8462788486692,26.5544233344542,0
                87.8463507193872,26.5542152913542,0
                87.8463571596603,26.5540641163372,0
                87.8464721502831,26.5538377634851,0
                87.8465690189407,26.5535371039951,0
                87.8466000205317,26.5533089992865,0
                87.8467207643291,26.5529291588166,0
                87.8466647875401,26.5522209692995,0
                87.8460449525185,26.5512656021452,0
                87.8458087432669,26.5507999510033,0
                87.8456873875833,26.5506630231175,0
                87.8452715828761,26.5499050804391,0
                87.8450599983634,26.5493624980928,0
                87.8446384418818,26.5487580422228,0
                87.8445393337093,26.5485826179572,0
                87.8439448475616,26.5485996685696,0
                87.8427365041287,26.548561711627,0
                87.842161577627,26.5485989477005,0
                87.8413986765433,26.5485741225421,0
                87.8408883046955,26.5485974237341,0
                87.8381541594086,26.5485074425816,0
                87.8373880697904,26.5485593617182,0
                87.8356591619348,26.5487883720292,0
                87.8348930719597,26.5488402905302,0
                87.8333481365474,26.5492667250618,0
                87.8325771699929,26.5494314462103,0
                87.8324530628289,26.5493509507066,0
                87.8323938855423,26.5492362099887,0
                87.832192992747,26.5484273388499,0
                87.8320752629396,26.5481933564791,0
                87.8317304547607,26.5472656796063,0
                87.8316036703959,26.5467270993312,0
                87.8312301737221,26.5459891556685,0
                87.8307181129308,26.546048579006,0
                87.8306686815381,26.5460578898178,0
                87.8302039272092,26.5461463109541,0
                87.8296917421783,26.5461877350891,0
                87.8289196507965,26.5463523310537,0
                87.8284032138739,26.5465065587858,0
                87.8278926546475,26.5465095488531,0
                87.8269632159732,26.546343420792,0
                87.8258691766683,26.5460586749227,0
                87.8255329096132,26.5459523026392,0
                87.8251992693543,26.5457894974737,0
                87.824779826483,26.5456407528458,0
                87.8244643694112,26.5455545670037,0
                87.8245027250966,26.5461862001847,0
                87.8244264778721,26.5464889856005,0
                87.8238744003358,26.5475211365865,0
                87.8237832829689,26.5476706217432,0
                87.8233820121108,26.5481332613346,0
                87.8231171656691,26.5483739854957,0
                87.8227040890033,26.548588459259,0
                87.8226161611901,26.5486612016663,0
                87.8225676640074,26.5488126252877,0
                87.8226006536199,26.5490426056546,0
                87.8227914920426,26.5495853124561,0
                87.822900779936,26.550047274507,0
                87.8230217479474,26.5507370927624,0
                87.8230301769915,26.5510438789229,0
                87.8231815223629,26.5515078413548,0
                87.8232119489453,26.5518145656113,0
                87.8233814140459,26.552352897123,0
                87.8233893432067,26.5526778064459,0
                87.8232582958191,26.5527687965185,0
                87.8229683882609,26.5531044497434,0
                87.8222818982627,26.5537673170624,0
                87.8220367359291,26.5540462887676,0
                87.821787822372,26.5544200010986,0
                87.8214808442357,26.5551731807596,0
                87.8213322259891,26.5557043197368,0
                87.8213652169822,26.5559343002712,0
                87.8213134684252,26.5561602176174,0
                87.821289019778,26.5567719143105,0
                87.8211332736497,26.5574542275268,0
                87.8203135483066,26.5582668290146,0
                87.820174623983,26.5584932442652,0
                87.8196127026126,26.5582436928645,0
                87.819050969664,26.5579378336452,0
                87.8186118426845,26.5577508420265,0
                87.8179813030832,26.5575581598338,0
                87.8176061061386,26.5573729812337,0
                87.8171008618268,26.5572426697601,0
                87.8159683296851,26.5568408085445,0
                87.8154033460371,26.5566116306224,0
                87.8151550688957,26.556450577094,0
                87.8148326207205,26.556001110058,0
                87.814305016592,26.5553723421358,0
                87.8140114430105,26.5547512021692,0
                87.8137114300961,26.5542836126932,0
                87.8135750173208,26.5539729487166,0
                87.8133358070717,26.5535839778676,0
                87.8130309173597,26.5532291904114,0
                87.8128518850652,26.5529187768139,0
                87.8126088609619,26.5526246104518,0
                87.8121570031436,26.5516929942908,0
                87.8119354141569,26.5513986407162,0
                87.8117909355313,26.551279835725,0
                87.8112079429182,26.551508804946,0
                87.8105433382655,26.551639031399,0
                87.8104329753685,26.5517298341725,0
                87.8104477818477,26.5518831964144,0
                87.8105267062497,26.552038496265,0
                87.8112983355498,26.5529434328322,0
                87.8117608854372,26.5536087589713,0
                87.8119180451979,26.5539192353596,0
                87.8120512063825,26.5543042674381,0
                87.8120257077402,26.554419569192,0
                87.811914781263,26.5545284947366,0
                87.8107097417953,26.5548715680075,0
                87.8102364243543,26.555007422443,0
                87.8098256234569,26.5541161789063,0
                87.8097169606227,26.5536542168884,0
                87.8094095193177,26.5528413442999,0
                87.8092097397101,26.5525288673393,0
                87.8090653231962,26.5524100623079,0
                87.8089822102223,26.5523699396744,0
                87.808133195394,26.5523206154654,0
                87.8079615296945,26.5523531720177,0
                87.8077068123575,26.5523455429114,0
                87.807449969507,26.552394408944,0
                87.8071893751514,26.5525200177833,0
                87.8070182089416,26.5525525742964,0
                87.8065935141107,26.5525368800347,0
                87.8065065869362,26.5525735008384,0
                87.8063376725234,26.5525473742349,0
                87.8055809623336,26.552330504209,0
                87.8048929345893,26.5519847090522,0
                87.8045417359331,26.5517249122368,0
                87.8041543581478,26.5513096277229,0
                87.8036135712732,26.5504890639194,0
                87.8033776126607,26.5500232869263,0
                87.8032875714922,26.5496198827999,0
                87.8032918228257,26.5495047675532,0
                87.8033158840111,26.5494482102799,0
                87.803625600863,26.5491531168602,0
                87.8040380522465,26.5489387061621,0
                87.8042577158706,26.5487727245548,0
                87.8044133240954,26.5486071162895,0
                87.8044437631729,26.5483790741753,0
                87.804273297121,26.547858740898,0
                87.804349118845,26.5470392505851,0
                87.8043096879167,26.5469626942181,0
                87.8039772348949,26.5467796405722,0
                87.8038355079855,26.5466020908649,0
                87.8038183874918,26.5464871005829,0
                87.8039090658381,26.546355739101,0
                87.8039570629997,26.5462245636545,0
                87.8039378169036,26.5461660059948,0
                87.8034028955691,26.5457290333598,0
                87.8031588715999,26.5454528031035,0
                87.8030758324219,26.5448779130541,0
                87.8030712176012,26.5444762605959,0
                87.8030296672442,26.5441899097773,0
                87.8028025698003,26.5442769600104,0
                87.8021577111282,26.544445308204,0
                87.8019019314476,26.5444558030401,0
                87.8015149791903,26.5445572245154,0
                87.8011312778734,26.544582027589,0
                87.8006852115179,26.5445686453189,0
                87.7999269385558,26.5443901465035,0
                87.7996812873792,26.5441523501558,0
                87.799564183483,26.5439002450212,0
                87.7991828955818,26.5422845024279,0
                87.7990937257404,26.5419984000554,0
                87.7990135543651,26.541741607984,0
                87.7987957166513,26.5413523882436,0
                87.7985741895348,26.5410580967432,0
                87.7983461601921,26.5409172300086,0
                87.7981137533314,26.5408711666141,0
                87.7979896463684,26.5407906092884,0
                87.797766994241,26.5405143789708,0
                87.7975618993871,26.5403349531069,0
                87.7972097629638,26.5401135282081,0
                87.7970216632888,26.5400311566817,0
                87.7967029549444,26.5400193393486,0
                87.7964439234977,26.5401065141778,0
                87.7960511560256,26.5403613594648,0
                87.7956081412974,26.5407858769374,0
                87.7949736391822,26.5417213469047,0
                87.7948582723909,26.5419995082048,0
                87.7948089006656,26.5421171221832,0
                87.7947715221911,26.5425167750736,0
                87.794823008332,26.5428053135294,0
                87.7949413005042,26.5430392951216,0
                87.7952444398853,26.5434302676639,0
                87.7956296916307,26.5439019837237,0
                87.7961198038744,26.5443957000358,0
                87.7966546631507,26.5448326721707,0
                87.7975110428305,26.545225029359,0
                87.7976560224322,26.545325773177,0
                87.7981674450018,26.5458193650921,0
                87.798247931759,26.5459362317122,0
                87.7983043574894,26.5461119048775,0
                87.7983372854109,26.5463418857546,0
                87.7983260934743,26.5466262983158,0
                87.7981372946383,26.5470786308242,0
                87.7978004528898,26.5475250859521,0
                87.7970940922117,26.5481518319648,0
                87.7967380044218,26.5485396667621,0
                87.7964965312156,26.5487237706431,0
                87.7959406508538,26.5493361454219,0
                87.7952611017292,26.5498499006124,0
                87.7949307001164,26.5501451189932,0
                87.7945806143242,26.5504020899592,0
                87.7942757750224,26.5505842562917,0
                87.7940173058312,26.5506714317065,0
                87.7938217037959,26.5507786062995,0
                87.7934934282457,26.5510173294545,0
                87.7930729727273,26.5514439718613,0
                87.7929163004559,26.5516501388181,0
                87.7926641353205,26.5521005952234,0
                87.7926060081737,26.5525003097648,0
                87.7926630595528,26.5526737332351,0
                87.7930316921892,26.5530123987947,0
                87.7933652695446,26.5531752653376,0
                87.7937872762822,26.55324514206,0
                87.7942066562177,26.5533940748854,0
                87.7944544321857,26.553573126745,0
                87.7946355910749,26.5538271076385,0
                87.7947325101074,26.5540612147406,0
                87.79472832072,26.5541740796082,0
                87.7946510104591,26.5545174863458,0
                87.7945075824402,26.5549131989692,0
                87.7943834001112,26.5553697198453,0
                87.7943742710925,26.5555976376048,0
                87.7944285709919,26.5558298063903,0
                87.7944173784621,26.5561164062281,0
                87.7943443204041,26.5563424481114,0
                87.7942547668057,26.5564558115757,0
                87.7939925460826,26.5566377904368,0
                87.7937175827405,26.5566099756288,0
                87.7935252319649,26.5566426568276,0
                87.7930824163848,26.5565525934204,0
                87.792705154973,26.5564259724558,0
                87.79257867226,26.5563681005124,0
                87.7923432639428,26.5564325898632,0
                87.7917612714571,26.5566434364032,0
                87.7916302239448,26.5567344256813,0
                87.7914281820679,26.5569972745226,0
                87.7912880050328,26.5573184938263,0
                87.7913898014625,26.5574352362747,0
                87.7915554653376,26.5575358552753,0
                87.7917440647677,26.5576002904712,0
                87.7927624947153,26.5576510550849,0
                87.7930997614231,26.5577190554123,0
                87.7934344031564,26.5578458637609,0
                87.7937014254342,26.5580835358885,0
                87.7939033928275,26.5583577030789,0
                87.7939806284351,26.5585513749217,0
                87.7940306769084,26.5588963462807,0
                87.7942949488246,26.55919270114,0
                87.7946892668506,26.5594341870278,0
                87.7951059586568,26.5596394899695,0
                87.7957753033803,26.5599087913269,0
                87.7960246429048,26.5600495341819,0
                87.7965005111009,26.5603718274353,0
                87.7967888440138,26.5606116870164,0
                87.7971212962087,26.560792552827,0
                87.7978418147808,26.5613910143883,0
                87.7979819789817,26.5616046239306,0
                87.7980186589209,26.5617398002027,0
                87.7980144064554,26.5618549156716,0
                87.7979206635644,26.56208108122,0
                87.7978097382617,26.5621922572224,0
                87.7976141361556,26.5623016819696,0
                87.7972730540786,26.5623284229109,0
                87.7971633161234,26.5624215377158,0
                87.7971173826896,26.5624962807852,0
                87.7971489348993,26.5627826317959,0
                87.7973737130133,26.5630003045083,0
                87.7975799327542,26.5631616067131,0
                87.7976806663273,26.5632986592238,0
                87.7978388890481,26.5635888870181,0
                87.7979891084418,26.5640912219016,0
                87.7983563649043,26.5644863196214,0
                87.7985358973197,26.5647786727192,0
                87.7987196811985,26.5649559110234,0
                87.7988999011097,26.5652504510106,0
                87.7990853122134,26.5653893173406,0
                87.7992121703209,26.5654134427167,0
                87.7993827730528,26.5653989470604,0
                87.7995340051338,26.5653281437545,0
                87.7996454312681,26.5651966567588,0
                87.7996704927335,26.565101728004,0
                87.7998692843193,26.5649178732177,0
                87.8000259562316,26.5647116433475,0
                87.8006361983427,26.5643291253191,0
                87.8008921037675,26.5643186312711,0
                87.8010593928624,26.5643808789396,0
                87.8013482252573,26.5646003657916,0
                87.8014259615139,26.5647759771224,0
                87.8014398306021,26.5649677101285,0
                87.801279969688,26.5652483079266,0
                87.8012750923737,26.5653634858801,0
                87.8016583434021,26.5658916349248,0
                87.8017340155726,26.5661236156173,0
                87.801724824251,26.5663538455397,0
                87.8014712204155,26.5668607347959,0
                87.8015062738769,26.567034282775,0
                87.8017306766543,26.567272204663,0
                87.8020605662712,26.5675298132324,0
                87.8024656263609,26.5680397763106,0
                87.8026937187893,26.5681828932282,0
                87.8028338213707,26.5683965026137,0
                87.8029287390709,26.5686870415626,0
                87.8030305982932,26.568803783813,0
                87.8032586288184,26.5689469003862,0
                87.8035250260387,26.5691846352843,0
                87.8036050130459,26.5693195626663,0
                87.8036801850439,26.5695718548571,0
                87.8037414254466,26.5696301635792,0
                87.8038192237917,26.569805774002,0
                87.8039210208464,26.5699225162096,0
                87.8040451898691,26.5700030744432,0
                87.8044284529938,26.5699963947836,0
                87.8047749119482,26.5698364770209,0
                87.8051014991976,26.5696360633736,0
                87.805443144065,26.5695889484579,0
                87.806284717567,26.5698076324344,0
                87.806819262908,26.570264915727,0
                87.8069866147951,26.5703271636381,0
                87.8070724173651,26.5703108541694,0
                87.8071842810772,26.5701613065268,0
                87.8072125315422,26.5699896343242,0
                87.8073277088856,26.5697633434153,0
                87.8072701581318,26.5696079807628,0
                87.8073005342906,26.5693798760993,0
                87.8072035515136,26.5691480191793,0
                87.807230677504,26.5689944087136,0
                87.8072754849825,26.5689400385032,0
                87.8073617870627,26.5689034186055,0
                87.8076597488638,26.5688949877958,0
                87.8080796921002,26.5690234837192,0
                87.8082230447319,26.5691602877114,0
                87.8083409620278,26.5694123300564,0
                87.8083360841399,26.5695274454764,0
                87.808246530686,26.5696408092799,0
                87.8079016977242,26.5697623548854,0
                87.8077668977793,26.5699503984615,0
                87.8077562055193,26.5702167501235,0
                87.8078819887704,26.5707959522931,0
                87.8079645397637,26.5708541364662,0
                87.8081137703142,26.5708397655929,0
                87.8083787412619,26.5706012909725,0
                87.8084239875373,26.5705242985892,0
                87.808500797252,26.5702034529689,0
                87.8087645814359,26.5699808515753,0
                87.8090432963193,26.5699137999918,0
                87.8095522929628,26.5699493066137,0
                87.8096365317078,26.5699713687665,0
                87.8098634987601,26.5701302965278,0
                87.8099435471958,26.5702674743346,0
                87.8099317294349,26.5705541366014,0
                87.8096850041796,26.5708894776167,0
                87.8096131330096,26.5710997706727,0
                87.8100421426734,26.5709980378344,0
                87.8104972146348,26.5707629417965,0
                87.8110765805028,26.5706288392549,0
                87.8114838418878,26.5705452910923,0
                87.811930909659,26.5705224266057,0
                87.8127021263907,26.5703736414713,0
                87.8130917051979,26.570195413734,0
                87.813808434737,26.5697963990021,0
                87.8141975129462,26.5696362333072,0
                87.8149708551908,26.5694332650705,0
                87.8153529926364,26.5694445834808,0
                87.8155454064314,26.5694119030753,0
                87.8159915358726,26.5694251594621,0
                87.8163709226889,26.5694951605851,0
                87.8164354153373,26.5694790387313,0
                87.8164978437196,26.5695192861349,0
                87.8167521225577,26.569547163422,0
                87.8172551785414,26.5697157830229,0
                87.8177632360337,26.5697895368646,0
                87.8184572044611,26.5699842202432,0
                87.8186064358514,26.569971973982,0
                87.8186720534277,26.5699355412339,0
                87.8187402344238,26.5698223019211,0
                87.8186831836939,26.5696488786106,0
                87.8186736290907,26.5693623404073,0
                87.8185932042402,26.5692454743329,0
                87.8184332304813,26.5689913675926,0
                87.818528724645,26.5687472030078,0
                87.8185660410567,26.568347551392,0
                87.818634722576,26.5682163132285,0
                87.8188314507166,26.5680888282946,0
                87.8190218002821,26.5681147671415,0
                87.8193362563232,26.568239324467,0
                87.8194636777163,26.56824313899,0
                87.8204241806269,26.5681608522016,0
                87.8207466408502,26.5680755528483,0
                87.8209379909705,26.5680811807561,0
                87.821518982945,26.567910831736,0
                87.8219736778705,26.5677164188318,0
                87.822295013272,26.5676491183129,0
                87.8224912410412,26.5675419442987,0
                87.8229431859085,26.567403964753,0
                87.8236574750277,26.5671042539703,0
                87.8245586763675,26.5669049123717,0
                87.8264824332471,26.5666817182101,0
                87.8278895658475,26.5665968144913,0
                87.828530797347,26.566520895448,0
                87.8294859851384,26.5665717207708,0
                87.8298692481637,26.5665672286031,0
                87.8301900824544,26.5665202389429,0
                87.830668770549,26.5665265596994,0
                87.8311455847511,26.5665326931244,0
                87.8314013024803,26.5665018881959,0
                87.8315642890588,26.5661444220105,0
                87.8315691658565,26.5660293067772,0
                87.8316394734538,26.5658618850144,0
                87.83162991946,26.5655731596936,0
                87.8316831686497,26.5653088085586,0
                87.8319260799387,26.5650682089194,0
                87.8323752738271,26.5649865991225,0
                87.8329502631475,26.5649494258131,0
                87.8341666721279,26.5647776509582,0
                87.8346126154306,26.5647749717269,0
                87.8349328873482,26.5647279194165,0
                87.8356352349748,26.5646922481838,0
                87.8358925780343,26.5646253219697,0
                87.8362123503192,26.5645963296129,0
                87.8368559588067,26.5644278568976,0
                87.8375598076062,26.5643356902201,0
                87.8383905145219,26.5642676494751,0
                87.8390268065579,26.5642887219996,0
                87.8394103201296,26.5642436075313,0
                87.8397950227109,26.5641803701325,0
                87.8403113349216,26.5640058324362,0
                87.8414691295196,26.5637191912293,0
                87.8422369070329,26.5636289011845,0
                87.842687226696,26.5635292305341,0
                87.8433335236316,26.5632839511901,0
                87.8439765699058,26.5631312267873,0
                87.8444012648719,26.5631264853492,0
              </coordinates>
            </LinearRing>
          </outerBoundaryIs>
        </Polygon>
      </Placemark>
      <Placemark id="KO_JHAPA_Shivasataxi.11">
        <ExtendedData>
          <SchemaData schemaUrl="#KO_JHAPA_Shivasataxi.schema">
            <SimpleData name="ogc_fid">6412</SimpleData>
            <SimpleData name="objectid_1">6413</SimpleData>
            <SimpleData name="dcode">4</SimpleData>
            <SimpleData name="district">JHAPA</SimpleData>
            <SimpleData name="das">0</SimpleData>
            <SimpleData name="gapa_napa">Shivasataxi</SimpleData>
            <SimpleData name="type_gn">Nagarpalika</SimpleData>
            <SimpleData name="gn_code">15.000000000000000</SimpleData>
            <SimpleData name="new_ward_n">8</SimpleData>
            <SimpleData name="ddgnww">41508.000000000000000</SimpleData>
            <SimpleData name="center">Bangdanda</SimpleData>
            <SimpleData name="state_code">1</SimpleData>
            <SimpleData name="ddgn">4015</SimpleData>
            <SimpleData name="area_sqkm">8.097205398880000</SimpleData>
            <SimpleData name="shape_leng">12521.618685499999629</SimpleData>
            <SimpleData name="shape_area">8097205.398880000226200</SimpleData>
            <SimpleData name="Province">KO</SimpleData>
            <SimpleData name="Address">Shivasataxi-8, JHAPA, KO</SimpleData>
          </SchemaData>
        </ExtendedData>
        <Polygon>
          <outerBoundaryIs>
            <LinearRing>
              <coordinates>
                87.830096889072,26.6185731780471,0
                87.829565333114,26.6185762919721,0
                87.8282852449508,26.6186942584285,0
                87.8276055206769,26.618693745291,0
                87.8273485525621,26.6187426113873,0
                87.8268383060503,26.6187478516016,0
                87.825814686145,26.61883507475,0
                87.8245414768477,26.618779242798,0
                87.8235199208122,26.6188077214614,0
                87.8229286869755,26.6187164059882,0
                87.8225932323254,26.6185919730052,0
                87.8220749325992,26.6182542422774,0
                87.8215276442182,26.617553355019,0
                87.8212797433039,26.6173764904229,0
                87.8208617388903,26.6171939366404,0
                87.8202825729637,26.6167775869121,0
                87.8195220618913,26.6160891944773,0
                87.819217047366,26.6157389691662,0
                87.8191006939149,26.6154508043234,0
                87.8191091987276,26.6152228234445,0
                87.8191581956662,26.6150510899031,0
                87.8191756415178,26.6145951290393,0
                87.8190666168802,26.6135645914148,0
                87.8190756837574,26.613336611628,0
                87.8189682730951,26.6128002804594,0
                87.8188280453199,26.612586608698,0
                87.8186835042312,26.6124701166295,0
                87.8184307889782,26.6124061168707,0
                87.8176668251796,26.6123834175921,0
                87.8173159392351,26.6121079342382,0
                87.817102654545,26.6121204295717,0
                87.8169466074684,26.6123266590405,0
                87.8168602423805,26.6123610288331,0
                87.8166042749734,26.6123737731237,0
                87.8162407586219,26.6124390108818,0
                87.8160680293329,26.6125100013703,0
                87.8158649227486,26.6128089716802,0
                87.8158170503721,26.6129604576764,0
                87.8156966701923,26.6138705021575,0
                87.8155576812919,26.6141714110153,0
                87.8153796375454,26.6143755147689,0
                87.8152080956143,26.6144283816211,0
                87.8150378677061,26.6144226916115,0
                87.814498431966,26.6146355380164,0
                87.8143668217357,26.6147468384833,0
                87.8140970977627,26.615120739041,0
                87.8139579840445,26.6154216474008,0
                87.8138200582231,26.6157022459144,0
                87.8132244471909,26.6157056096687,0
                87.8112641346826,26.6158409363329,0
                87.8108391901287,26.615829803893,0
                87.8104116187978,26.6158931654102,0
                87.8101797741411,26.6158493524827,0
                87.8101172831177,26.6158091050611,0
                87.8100394853953,26.6156358060822,0
                87.810014311869,26.6151779070566,0
                87.8099449548948,26.6147766278886,0
                87.8100216399765,26.6144354716764,0
                87.810032833156,26.6141510587608,0
                87.8099549094728,26.6139574490025,0
                87.8098936063278,26.6138991406991,0
                87.8097266930003,26.6138188322284,0
                87.809389738147,26.6137328333424,0
                87.8085425372482,26.6136518238864,0
                87.8078670645512,26.6135383216689,0
                87.8076143480616,26.6134743843366,0
                87.8071968440635,26.6132713317345,0
                87.8069451912621,26.6131893339495,0
                87.8065053765357,26.6130248403189,0
                87.8062212214743,26.6132250048332,0
                87.805907314629,26.6136555248965,0
                87.805131645798,26.6144700019418,0
                87.8041684907523,26.6157571231859,0
                87.8038748301643,26.6162055791263,0
                87.8036769773859,26.6163713733384,0
                87.8036093587835,26.6164846122627,0
                87.8027525902636,26.6166496444733,0
                87.8016324754336,26.6170372772597,0
                87.8013723193122,26.6171628870206,0
                87.8007730811836,26.6172790525895,0
                87.8004281858744,26.6174028478121,0
                87.7998698792386,26.6175391384447,0
                87.7995202310777,26.6177961097278,0
                87.799297378609,26.6180568333494,0
                87.7990126609088,26.6182773090647,0
                87.7987243152653,26.6185925883699,0
                87.7982204969459,26.6189789833632,0
                87.7979149691532,26.619179273053,0
                87.7975690094955,26.6193414398812,0
                87.7970684427814,26.6196511536507,0
                87.79663761957,26.6197911961633,0
                87.7962702884171,26.6199511755349,0
                87.7966184231167,26.6202854656092,0
                87.7966803517498,26.6203437740112,0
                87.7967987054513,26.6205755059748,0
                87.7969635437527,26.6212650746204,0
                87.7970328375744,26.6216663532477,0
                87.797011076917,26.622237366572,0
                87.7968682120429,26.6226330795632,0
                87.7964101887066,26.6234773107699,0
                87.7962529534865,26.6237015379906,0
                87.7961122143849,26.6240385688362,0
                87.7959314808156,26.624319353342,0
                87.7956654467333,26.6245983867514,0
                87.7954143997304,26.6253241321869,0
                87.7952383475641,26.6258350844336,0
                87.7952050381728,26.6259075153436,0
                87.7951363562618,26.6260545642042,0
                87.794875761432,26.6262162320444,0
                87.7947688958966,26.6263702793733,0
                87.7947463902366,26.6267517461268,0
                87.7948726776969,26.6271346533435,0
                87.7948501071697,26.6275928000628,0
                87.7947431160309,26.6278235912755,0
                87.7947206084031,26.6282817381237,0
                87.7946563627144,26.6284355365075,0
                87.7945066289565,26.628569521624,0
                87.7943996372426,26.6287980626818,0
                87.7944629999837,26.6289894848519,0
                87.7946961523862,26.6292002832944,0
                87.7948240713034,26.6292762795615,0
                87.795058040325,26.6293359039644,0
                87.7952700065528,26.6295851986381,0
                87.7955675910644,26.6296805710348,0
                87.7957157579208,26.6297767532004,0
                87.7958007437284,26.6299094306048,0
                87.7958851004693,26.63021584306,0
                87.7959054659804,26.6305225667518,0
                87.7959475206035,26.6306193716479,0
                87.796223793074,26.6308096108206,0
                87.7963082139233,26.6310392798877,0
                87.7962648403157,26.6312110764081,0
                87.7959448753383,26.6314994208871,0
                87.7958598853917,26.6315562888396,0
                87.7954125027517,26.6316693958587,0
                87.7952632697128,26.6317830084864,0
                87.7952197712164,26.6319367440113,0
                87.7952835722602,26.6320897944203,0
                87.7954741049137,26.6323189034216,0
                87.795685818477,26.6327035616749,0
                87.795812795267,26.6330097254305,0
                87.7959177721378,26.6333927567952,0
                87.7960407840784,26.6349219390748,0
                87.7959745247164,26.635687246574,0
                87.7959955791597,26.6359172896904,0
                87.7960577479745,26.6363773137773,0
                87.7962683917068,26.6370665704287,0
                87.7964994014628,26.6380604258903,0
                87.7966683063708,26.6385197643261,0
                87.7968374030875,26.6388256789463,0
                87.7970487340459,26.6395149981238,0
                87.7972598856879,26.6399177170333,0
                87.7976427694779,26.6400915846368,0
                87.7981528898954,26.6401496514436,0
                87.7984082303786,26.6402249623429,0
                87.7993647840189,26.6406483189655,0
                87.799937951274,26.6410128602771,0
                87.800490687158,26.6412444129192,0
                87.801489862698,26.6415705909742,0
                87.8019362387168,26.6417620206093,0
                87.8023819868991,26.6420325681764,0
                87.8055080630225,26.6429174872492,0
                87.8070597892555,26.6433599784039,0
                87.8117381529886,26.6447278222591,0
                87.8137813134235,26.645323122232,0
                87.8150791367347,26.6457083001259,0
                87.8152723720547,26.6452514063609,0
                87.8154867995213,26.644505537438,0
                87.8159362015669,26.643530442079,0
                87.8163847853297,26.6427855151438,0
                87.8173675028203,26.6414101525276,0
                87.8175811721539,26.6410072540804,0
                87.8177526627209,26.6404918015243,0
                87.8176478793285,26.6398019221699,0
                87.8177549375166,26.6394019587434,0
                87.8177981262126,26.6391151092874,0
                87.8181608337898,26.6389235069491,0
                87.8185021712699,26.6386372257074,0
                87.8187152115459,26.6384080621397,0
                87.8190351125865,26.6381986492385,0
                87.8194831839722,26.6380087989027,0
                87.8199731238197,26.6378750691206,0
                87.8202075336667,26.6377405859123,0
                87.8204205739591,26.6375115463628,0
                87.8206987375133,26.636995409151,0
                87.8209335909412,26.6366533183657,0
                87.8211692609559,26.6360788095779,0
                87.82129800669,26.635563606836,0
                87.821449008527,26.6346443138062,0
                87.8217720576485,26.6333833664373,0
                87.8220094929881,26.6321770376272,0
                87.8221809199248,26.6316615855114,0
                87.8224370198102,26.6313171204201,0
                87.8224801422385,26.6312040054134,0
                87.8226509987226,26.6310315237138,0
                87.8229499701944,26.6306304387878,0
                87.8238479533364,26.6290254067488,0
                87.8241480560069,26.6283376594924,0
                87.8243617251423,26.6279347614607,0
                87.8245120279268,26.6275345485154,0
                87.8249394921982,26.6266745685114,0
                87.8251541045326,26.6260438138753,0
                87.8252826642476,26.6254157462559,0
                87.8253165370045,26.6253251920705,0
                87.8258307531341,26.6239548825044,0
                87.8258551393904,26.623327437297,0
                87.8260083849955,26.6226451243908,0
                87.8261938081224,26.6222514112629,0
                87.8263052340345,26.6221221121643,0
                87.8267604932581,26.621887078533,0
                87.8271319517135,26.6216118593617,0
                87.8276217138305,26.6210358562358,0
                87.8284053743402,26.6205619742611,0
                87.8288153245674,26.6204016206006,0
                87.8292097180174,26.6200902802669,0
                87.8293647650075,26.6199222975672,0
                87.8295012523945,26.6196981314079,0
                87.8296694927968,26.6191894285836,0
                87.8297351105775,26.6191326228675,0
                87.8298735984941,26.61885202448,0
                87.830096889072,26.6185731780471,0
              </coordinates>
            </LinearRing>
          </outerBoundaryIs>
        </Polygon>
      </Placemark>
    </Document>
  </Document>
</kml>
