<?xml version="1.0" encoding="UTF-8"?>
<kml xmlns="http://www.opengis.net/kml/2.2">
  <Document id="root_doc">
    <Schema id="BA_DHADING_Tripura_Sundari.schema">
      <SimpleField name="ogc_fid" type="int"/>
      <SimpleField name="objectid_1" type="float"/>
      <SimpleField name="dcode" type="int"/>
      <SimpleField name="district" type="string"/>
      <SimpleField name="dan" type="string"/>
      <SimpleField name="das" type="int"/>
      <SimpleField name="gapa_napa" type="string"/>
      <SimpleField name="type_gn" type="string"/>
      <SimpleField name="gn_code" type="float"/>
      <SimpleField name="new_ward_n" type="float"/>
      <SimpleField name="ddgnww" type="float"/>
      <SimpleField name="center" type="string"/>
      <SimpleField name="state_code" type="int"/>
      <SimpleField name="ddgn" type="float"/>
      <SimpleField name="area_sqkm" type="float"/>
      <SimpleField name="shape_leng" type="float"/>
      <SimpleField name="shape_area" type="float"/>
      <SimpleField name="Province" type="string"/>
      <SimpleField name="Address" type="string"/>
    </Schema>
    <Document id="BA_DHADING_Tripura_Sundari">
      <name>BA_DHADING_Tripura_Sundari</name>
      <Placemark id="BA_DHADING_Tripura_Sundari.1">
        <ExtendedData>
          <SchemaData schemaUrl="#BA_DHADING_Tripura_Sundari.schema">
            <SimpleData name="ogc_fid">3098</SimpleData>
            <SimpleData name="objectid_1">3099</SimpleData>
            <SimpleData name="dcode">30</SimpleData>
            <SimpleData name="district">DHADING</SimpleData>
            <SimpleData name="das">0</SimpleData>
            <SimpleData name="gapa_napa">Tripura Sundari</SimpleData>
            <SimpleData name="type_gn">Gaunpalika</SimpleData>
            <SimpleData name="gn_code">13.000000000000000</SimpleData>
            <SimpleData name="new_ward_n">3</SimpleData>
            <SimpleData name="ddgnww">301303.000000000058208</SimpleData>
            <SimpleData name="center">Halko Salyantar VDC Building</SimpleData>
            <SimpleData name="state_code">3</SimpleData>
            <SimpleData name="ddgn">30013</SimpleData>
            <SimpleData name="area_sqkm">19.279175975699999</SimpleData>
            <SimpleData name="shape_leng">23579.245042800001102</SimpleData>
            <SimpleData name="shape_area">19279175.975699994713068</SimpleData>
            <SimpleData name="Province">BA</SimpleData>
            <SimpleData name="Address">Tripura Sundari-3, DHADING, BA</SimpleData>
          </SchemaData>
        </ExtendedData>
        <Polygon>
          <outerBoundaryIs>
            <LinearRing>
              <coordinates>
                84.887754119358,28.0648665447075,0
                84.8881913198253,28.0644509647829,0
                84.8885813347115,28.0642634255119,0
                84.8894900949127,28.0639687793979,0
                84.8906602006077,28.0634490964959,0
                84.8915672086631,28.0632672529554,0
                84.8927296182422,28.0632055283139,0
                84.8941584390933,28.0626886606697,0
                84.8950687016443,28.0622789011901,0
                84.8955868863911,28.0621311107544,0
                84.8962323000504,28.0621404953593,0
                84.8977441055158,28.0618146752153,0
                84.8979195873661,28.0615856983297,0
                84.8978785949849,28.061470958071,0
                84.8977151281117,28.0609328166043,0
                84.8974216785624,28.060431669072,0
                84.8956798138774,28.0590713871962,0
                84.8950474156604,28.0582610743854,0
                84.8942844698894,28.0575621873713,0
                84.8934852876279,28.0564055903008,0
                84.8931937771056,28.0558276994805,0
                84.8926588173738,28.0543287009107,0
                84.8919887434203,28.0531734185103,0
                84.8915364564943,28.0519062752484,0
                84.8914150444974,28.0514446267443,0
                84.8914313149607,28.0504112201846,0
                84.8913506442582,28.0501049343603,0
                84.8911846746278,28.0497201529789,0
                84.8903775460103,28.0490599491561,0
                84.8901270899168,28.0485968617279,0
                84.8900482969826,28.0481371516847,0
                84.8901516805131,28.0471054964542,0
                84.8899066679697,28.0462994395631,0
                84.8899098599151,28.0460692732516,0
                84.8900449113876,28.0457277430848,0
                84.8905721059606,28.0450452516872,0
                84.8909291382666,28.0442465794104,0
                84.8919800852378,28.0431117614084,0
                84.8923339256294,28.0425409435987,0
                84.892426422247,28.0421229828772,0
                84.8925065425412,28.0418156994491,0
                84.8926555974897,28.0412439408771,0
                84.8927097300244,28.0405576910185,0
                84.8930257702713,28.0396420284324,0
                84.8932479370603,28.0392255079656,0
                84.8937288842519,28.0387328098504,0
                84.8959870477372,28.0374592752071,0
                84.8975162512086,28.0359873705066,0
                84.8980432577283,28.0353048784455,0
                84.8981783722217,28.0349610993393,0
                84.8981891354525,28.0342729741508,0
                84.8981141605726,28.0335830974836,0
                84.8979480026738,28.0332367504925,0
                84.8979094506684,28.0329685237292,0
                84.8975251937731,28.0327725350228,0
                84.8968887902791,28.0322285113296,0
                84.8965558491164,28.0315358178947,0
                84.8963447568642,28.0313048348937,0
                84.8960036822115,28.031108534738,0
                84.895831454672,28.0311074063537,0
                84.8953543248624,28.0313699372396,0
                84.8944370539439,28.0321993471361,0
                84.8932644454739,28.0329131384649,0
                84.8927444472309,28.033135296945,0
                84.891707954469,28.0333901943968,0
                84.8907255315814,28.0329566543452,0
                84.8900905042275,28.0323381363502,0
                84.8892336241967,28.0320977687849,0
                84.8888922977078,28.0319397773508,0
                84.8882547053108,28.0314724334623,0
                84.8877414027192,28.0312749428801,0
                84.8872236564153,28.0313842994466,0
                84.8865294286293,28.0317588161916,0
                84.8861845984417,28.0317926203515,0
                84.8858419581543,28.0317113716011,0
                84.8853248386341,28.0317439850633,0
                84.8845912462014,28.0318863344979,0
                84.8838985822678,28.0321457377575,0
                84.8835047507486,28.0325633804211,0
                84.8830711791081,28.0327872280282,0
                84.8826404854052,28.0328193427022,0
                84.8816491154996,28.0329226919688,0
                84.8813016571368,28.0331099196901,0
                84.8809116428942,28.0332951462804,0
                84.880216790132,28.033669600388,0
                84.8796992318446,28.0337405855697,0
                84.8781504394678,28.0336828151601,0
                84.8767770653899,28.0333983175596,0
                84.8757382584217,28.0337682039289,0
                84.8745362365346,28.0335231435529,0
                84.8740171139316,28.0337069310142,0
                84.8738422588103,28.033859226208,0
                84.8734064346782,28.0341981258851,0
                84.8728453818037,28.0343054822772,0
                84.8726899656504,28.0342681076513,0
                84.8726734053413,28.03426367016,0
                84.8721656722637,28.0337232102847,0
                84.871822407633,28.0336418997914,0
                84.8714752630483,28.0337907552096,0
                84.8713868337025,28.0339424900415,0
                84.8708203373484,28.0343950024875,0
                84.8700421236921,28.0346142824898,0
                84.8695562970685,28.0353730809995,0
                84.869250769011,28.0356367390101,0
                84.86890456269,28.0357472859927,0
                84.8682160924538,28.0357402749405,0
                84.8675250560576,28.0358845002281,0
                84.8668804558733,28.0358006222089,0
                84.8667069155424,28.0358738624223,0
                84.8666194243603,28.0359872263498,0
                84.8661764658329,28.036786333734,0
                84.8658712523917,28.0370116835495,0
                84.8653946868865,28.0371974094415,0
                84.8650514209783,28.0371160984116,0
                84.8646197273328,28.0371865216161,0
                84.8644894308351,28.0372617627437,0
                84.8638315014497,28.0380577431502,0
                84.8636582729012,28.0380926742631,0
                84.8633156328707,28.038011363116,0
                84.8630591699821,28.0378934325621,0
                84.8624577515313,28.0378092418797,0
                84.8621960948269,28.0379980958856,0
                84.8617572674054,28.0385287909089,0
                84.8614962356504,28.038715394512,0
                84.8591210417711,28.0391453780073,0
                84.8589045685437,28.0392573022066,0
                84.8584692458948,28.0395194588009,0
                84.8580359245766,28.0397071217443,0
                84.8573896978495,28.0397359837885,0
                84.8571302928936,28.0398097849861,0
                84.8564758688651,28.0403372894319,0
                84.8559545570591,28.0406360659124,0
                84.8549168130335,28.0409290217277,0
                84.8542692720616,28.0410368141801,0
                84.8537491495341,28.0412589104709,0
                84.8523245146396,28.0418159614787,0
                84.8522326511718,28.0418526438468,0
                84.8516705974208,28.0419982458523,0
                84.8510226182681,28.0421444095657,0
                84.8492044714142,28.0427715102818,0
                84.848173363027,28.0426041958034,0
                84.8475267600378,28.042673615902,0
                84.8471359954225,28.0428587803999,0
                84.846960450694,28.0430876937119,0
                84.8469997530315,28.0433175489169,0
                84.8472938922935,28.0437805122282,0
                84.847458984977,28.0442419736185,0
                84.8474550431198,28.0444698908789,0
                84.846929288376,28.0450370809125,0
                84.8466623117071,28.0456072121531,0
                84.8464861427279,28.045836189164,0
                84.8459646437377,28.0461349033205,0
                84.8455761317532,28.0462072645744,0
                84.8450058807137,28.0468491975875,0
                84.8447447867802,28.0470380515576,0
                84.8442680965628,28.047223714026,0
                84.8436205549821,28.0473292559651,0
                84.8428422169108,28.0475505981296,0
                84.8425818738699,28.0476604587701,0
                84.8421904201131,28.0479245532611,0
                84.8418428373057,28.0481117185575,0
                84.8413200237838,28.0484871755399,0
                84.840669103605,28.0488227597273,0
                84.8396316737045,28.049077281772,0
                84.8391104878818,28.0493376243423,0
                84.8385916157229,28.0494852279644,0
                84.8379440123926,28.049590707675,0
                84.8369121514064,28.0495021977771,0
                84.8356268315329,28.049103962581,0
                84.8348517471396,28.0490928880726,0
                84.8342087742353,28.048893769563,0
                84.8335634851397,28.0488863842261,0
                84.8331779143915,28.0487668885045,0
                84.832922140093,28.0485721525452,0
                84.8322801680099,28.0483346630034,0
                84.8320230150276,28.0482933497139,0
                84.8315047709262,28.0483619597079,0
                84.8310290180753,28.0484979395759,0
                84.8309858986204,28.0485094381387,0
                84.8307679868302,28.0486980425336,0
                84.8301929798344,28.0496467599989,0
                84.8298011504796,28.0499491633214,0
                84.8284622594072,28.0502753618097,0
                84.8282477268606,28.0502360485218,0
                84.8279433252603,28.0504229023743,0
                84.8275953672745,28.0506483134236,0
                84.8265911676537,28.0515928989402,0
                84.8262432722472,28.0518183098588,0
                84.8257239622178,28.0520019099481,0
                84.8250337395366,28.0521098260837,0
                84.8240065074767,28.0517911504352,0
                84.8234902016579,28.0517852045199,0
                84.8229722682367,28.0518921239592,0
                84.821801036966,28.0524518660229,0
                84.8212827283125,28.0525993445317,0
                84.8197296175947,28.0528477331248,0
                84.8188709841533,28.0527220423314,0
                84.818226633039,28.0526762237878,0
                84.8182629322088,28.0530978732737,0
                84.8183733305577,28.054247772055,0
                84.8185825451305,28.05459399456,0
                84.8199427162253,28.055643922772,0
                84.8205346242575,28.0563014358772,0
                84.8207843920909,28.056800769858,0
                84.8209920424263,28.057264231876,0
                84.8211496890602,28.058183776574,0
                84.8211367367355,28.058986953784,0
                84.8209964276431,28.0596736394484,0
                84.8208625642596,28.0599789852014,0
                84.8208137508987,28.0603222034653,0
                84.8205898311869,28.0608920857995,0
                84.8205375761289,28.0614654079079,0
                84.8207298962503,28.0628449119661,0
                84.8208124427392,28.0630768300079,0
                84.8210659018795,28.0633843689296,0
                84.8214461550192,28.0638107127839,0
                84.821786854755,28.0640456342893,0
                84.8222952148113,28.0645095383686,0
                84.822685478574,28.0643244372615,0
                84.8234642562013,28.0640648481023,0
                84.824968365712,28.0641979239251,0
                84.8251393410088,28.0642759198853,0
                84.8251799576178,28.0644312817271,0
                84.8250382725978,28.0651947103509,0
                84.825120818664,28.0654243163077,0
                84.8254591416016,28.0657719781852,0
                84.8257166676468,28.0658516006292,0
                84.8262336631679,28.0657830522203,0
                84.8267559765085,28.0654054707199,0
                84.8280521226445,28.0651156432976,0
                84.8287008535202,28.0648929239857,0
                84.8294770021269,28.0647889469917,0
                84.8305143087233,28.0644938651047,0
                84.8310285578765,28.0642290851643,0
                84.8311653539569,28.0641583442615,0
                84.8316836615989,28.0640897341505,0
                84.8318127685796,28.0640912981955,0
                84.832325758541,28.0643272237709,0
                84.8328301750946,28.0650979749087,0
                84.8330853869319,28.0652927115887,0
                84.8342437896431,28.0655360845932,0
                84.8352780904085,28.0655117292154,0
                84.8369667527569,28.0649216851969,0
                84.8372681501697,28.0649243773957,0
                84.8374824323335,28.0650042495246,0
                84.8379914799554,28.0654704029607,0
                84.8387504813424,28.0665125717397,0
                84.8393866955733,28.0671313391789,0
                84.8394698690884,28.0672865146779,0
                84.8399796661414,28.0677526060732,0
                84.8411305595569,28.0684923084204,0
                84.8426759733107,28.068780621508,0
                84.8433220744159,28.0687879436102,0
                84.8435815413447,28.068716392507,0
                84.844104417073,28.0683386846459,0
                84.8444939929388,28.0682302636619,0
                84.8447521460651,28.0682332053098,0
                84.8450090470369,28.068312889813,0
                84.8459047919363,28.0688600435137,0
                84.8463277882827,28.0692860745378,0
                84.8465777443059,28.0697853463678,0
                84.8470911098847,28.069982962389,0
                84.84743913051,28.0697596757003,0
                84.8481389265671,28.0690786239642,0
                84.8484829439633,28.0690832542258,0
                84.8490019400391,28.068935651308,0
                84.8492627211205,28.0687874189046,0
                84.8515974245952,28.0681277045535,0
                84.8520311838571,28.0679039827632,0
                84.852642864511,28.0673384184231,0
                84.8531631129868,28.0671140728624,0
                84.8535503738944,28.0671184533355,0
                84.8539782501276,28.0672781961491,0
                84.8548239940454,28.0681685680731,0
                84.8552112546455,28.0681729492144,0
                84.8553842332533,28.0680996461061,0
                84.8555604649083,28.0678707949019,0
                84.8557006487175,28.0671840462392,0
                84.8558807596238,28.0667272153503,0
                84.8561842224249,28.0665786713782,0
                84.8565674789281,28.0668131566914,0
                84.8568146187653,28.0675042237858,0
                84.8569414115333,28.0676207153352,0
                84.8574535248183,28.0678950123705,0
                84.8580989391415,28.0679022719681,0
                84.8584878897347,28.0677937883342,0
                84.8586631201893,28.0676031831732,0
                84.858926842634,28.067263156284,0
                84.8590614571444,28.0669193770888,0
                84.859121908271,28.0658880332262,0
                84.8592604019349,28.0653163999332,0
                84.8593488311816,28.0651646647853,0
                84.8600891810312,28.0646389118632,0
                84.8604410195969,28.0641832714377,0
                84.8606205049742,28.0637263779901,0
                84.8606360227965,28.0628081482149,0
                84.8609013718424,28.0623530063638,0
                84.8614228712278,28.0620519173058,0
                84.8619421189767,28.0618681929373,0
                84.862463993557,28.0615310440776,0
                84.8627666424974,28.0614569307351,0
                84.8631080942475,28.0616149847745,0
                84.8633555472574,28.0622676807888,0
                84.8639060246462,28.0628101403879,0
                84.8645026875789,28.0631628067156,0
                84.8657883219113,28.0634841120222,0
                84.8670713909739,28.0639587785153,0
                84.8675864460515,28.0640435290985,0
                84.8683609677758,28.0640521663787,0
                84.8687497932194,28.0639414330753,0
                84.8695255670494,28.0638755773623,0
                84.8701748596339,28.0636549203808,0
                84.8705621205748,28.0636592386012,0
                84.8714608078382,28.0639377912037,0
                84.8721065977496,28.0639088671536,0
                84.8726893975734,28.0637991373601,0
                84.8732721970525,28.0636916565931,0
                84.8735294121568,28.0637350940504,0
                84.8739586030203,28.0638158441621,0
                84.8754207826648,28.0638719888818,0
                84.8760674477528,28.0638046932752,0
                84.8771085072784,28.0632813830712,0
                84.8778845943174,28.0631749055956,0
                84.8787929786911,28.0629186941322,0
                84.8790530722121,28.0627703994513,0
                84.8795706921624,28.0626994143344,0
                84.8800869981604,28.0627051096332,0
                84.8803439004332,28.0627846700886,0
                84.880943504563,28.0629454778503,0
                84.8815027420418,28.0629915452716,0
                84.8827900032899,28.0631976733124,0
                84.8845945720999,28.0633733137528,0
                84.885108374797,28.0635323702129,0
                84.8856211776904,28.063729860596,0
                84.8863889417168,28.0641602726928,0
                84.887159583775,28.0643989514696,0
                84.887754119358,28.0648665447075,0
              </coordinates>
            </LinearRing>
          </outerBoundaryIs>
        </Polygon>
      </Placemark>
      <Placemark id="BA_DHADING_Tripura_Sundari.2">
        <ExtendedData>
          <SchemaData schemaUrl="#BA_DHADING_Tripura_Sundari.schema">
            <SimpleData name="ogc_fid">3102</SimpleData>
            <SimpleData name="objectid_1">3103</SimpleData>
            <SimpleData name="dcode">30</SimpleData>
            <SimpleData name="district">DHADING</SimpleData>
            <SimpleData name="das">0</SimpleData>
            <SimpleData name="gapa_napa">Tripura Sundari</SimpleData>
            <SimpleData name="type_gn">Gaunpalika</SimpleData>
            <SimpleData name="gn_code">13.000000000000000</SimpleData>
            <SimpleData name="new_ward_n">1</SimpleData>
            <SimpleData name="ddgnww">301300.999999999941792</SimpleData>
            <SimpleData name="center">Halko Salyantar VDC Building</SimpleData>
            <SimpleData name="state_code">3</SimpleData>
            <SimpleData name="ddgn">30013</SimpleData>
            <SimpleData name="area_sqkm">10.281204766800000</SimpleData>
            <SimpleData name="shape_leng">22139.429374600000301</SimpleData>
            <SimpleData name="shape_area">10281204.766799999400973</SimpleData>
            <SimpleData name="Province">BA</SimpleData>
            <SimpleData name="Address">Tripura Sundari-1, DHADING, BA</SimpleData>
          </SchemaData>
        </ExtendedData>
        <Polygon>
          <outerBoundaryIs>
            <LinearRing>
              <coordinates>
                84.8282477268606,28.0502360485218,0
                84.8283025473399,28.0495093025283,0
                84.8281833891401,28.0488963558478,0
                84.8279751763795,28.0484352061959,0
                84.8276807247931,28.0480105521269,0
                84.8271737415474,28.0474676548764,0
                84.8260221576303,28.0468428793356,0
                84.8256469117025,28.0460713181525,0
                84.8253930758209,28.0458021500523,0
                84.8250943694077,28.0456437217654,0
                84.8247517287303,28.0455645983949,0
                84.8244936387471,28.0455616567049,0
                84.8239747047404,28.0457068845791,0
                84.8235871931126,28.0457407506565,0
                84.8232009947525,28.0456979979907,0
                84.8228167999098,28.0455017590791,0
                84.8226485147519,28.0452704020172,0
                84.8226095886713,28.0450021755653,0
                84.8227033362534,28.0445435931308,0
                84.8233632677193,28.0436350609308,0
                84.8237291849817,28.0422611285955,0
                84.8239469783521,28.0418154222071,0
                84.8239519776392,28.0418041112321,0
                84.82443398838,28.0412372951201,0
                84.8252272199627,28.0400615391032,0
                84.8254120874443,28.0392979234961,0
                84.825373536488,28.0389913259788,0
                84.8252517502244,28.0385296147481,0
                84.8250016050386,28.0380685903919,0
                84.8247987110032,28.0373005310681,0
                84.8248033426705,28.0369936830091,0
                84.824679615409,28.036687583906,0
                84.8256903841639,28.0353594703987,0
                84.8260468527754,28.0345993576185,0
                84.8262815974095,28.0333774083222,0
                84.8261601872274,28.0328795763653,0
                84.8260437184137,28.0321132058456,0
                84.8261034830313,28.0310412409138,0
                84.8254116897906,28.0285863250952,0
                84.8253358385791,28.0279731918542,0
                84.8253923488547,28.0271313313439,0
                84.825441538364,28.0267497412195,0
                84.8256809764849,28.0252210077895,0
                84.8258605246089,28.0247641772387,0
                84.8269971472436,28.0236316109406,0
                84.8273509883623,28.0230226084591,0
                84.8283183251488,28.0216969938861,0
                84.8285411182712,28.0212399768026,0
                84.8287705440761,28.0203248755911,0
                84.8289673006978,28.018796391551,0
                84.8290161136244,28.0184531726495,0
                84.829109235893,28.0179946536195,0
                84.8292149361011,28.0167712027521,0
                84.8291915277392,28.015546374754,0
                84.8292998549782,28.0141717503854,0
                84.8293941658298,28.0136365505524,0
                84.8293144349526,28.0132534588111,0
                84.8291547228174,28.0124851496314,0
                84.8286991189695,28.0114094894056,0
                84.8281923236297,28.010789911604,0
                84.8275571721679,28.010171081146,0
                84.8276941005513,28.0097144997912,0
                84.8283442084766,28.0093767289093,0
                84.8285639352982,28.0091114433201,0
                84.828485769043,28.0086132993405,0
                84.8281944456244,28.0079969126819,0
                84.8279942420533,28.0070776797631,0
                84.8281810495427,28.0061605778349,0
                84.8282461325062,28.0047840155401,0
                84.8288036127822,28.0022291292513,0
                84.8289438584566,28.0015401933823,0
                84.828946486759,28.0013867703298,0
                84.8293952637249,28.0002447551102,0
                84.8294771293683,28.0001517649787,0
                84.8297227872684,28.0000329674316,0
                84.8300364540039,27.9990090644276,0
                84.8302092611936,27.9981733302071,0
                84.8296463882196,27.9986888372301,0
                84.8290968326709,27.9988613750809,0
                84.8287520643643,27.9989108022482,0
                84.8283216854514,27.9988750477146,0
                84.8278726855399,27.9987401151962,0
                84.8272718977891,27.9983715134829,0
                84.8256149310356,27.9983972335827,0
                84.8252341676668,27.9984672201651,0
                84.8247445464075,27.9984160294553,0
                84.8239231547334,27.9984412636575,0
                84.8229870209902,27.9988483984915,0
                84.8226180066799,27.9988732031711,0
                84.8220032056143,27.9992333474517,0
                84.8217609182856,27.9995506274692,0
                84.82152457132,27.9997234206127,0
                84.8210052626114,27.9998732105916,0
                84.817127590119,27.9999301403831,0
                84.8167768240676,27.9999255106275,0
                84.8166432308559,27.9992359446536,0
                84.8157066722737,27.9961213971036,0
                84.8152603128521,27.9952396562725,0
                84.8131869691324,27.9949857698349,0
                84.8119934464999,27.9946995256044,0
                84.8101589447391,27.9945163234574,0
                84.8096082700709,27.9943797015136,0
                84.8072264705414,27.9940011337504,0
                84.8050521451289,27.9934904552395,0
                84.8043511751685,27.9935577506509,0
                84.8036432064027,27.9935438651087,0
                84.802575716441,27.9938839409682,0
                84.8022225755285,27.9939018083118,0
                84.8013833743939,27.9939156688487,0
                84.8006742832815,27.9938454133073,0
                84.7984483916936,27.99383806405,0
                84.797624757259,27.9935540752753,0
                84.7969794128159,27.9932374682398,0
                84.7954253905079,27.9922289705633,0
                84.7944406549922,27.9918082421362,0
                84.7943117977393,27.9918270510634,0
                84.7941198173499,27.9920763370874,0
                84.7942465995681,27.9927298435298,0
                84.7945901662488,27.9933121717424,0
                84.7945782884438,27.9935107783461,0
                84.7944907981221,27.9936240796149,0
                84.7941427156302,27.9938088693288,0
                84.7915307498148,27.9938374479803,0
                84.7893690963992,27.994014583773,0
                84.7885594525674,27.9940823766226,0
                84.7879314116167,27.9940431200026,0
                84.7879558209444,27.9952183894514,0
                84.7880654247062,27.9955200512405,0
                84.7887819289383,27.996713893407,0
                84.7893688376005,27.9973805932769,0
                84.7894534486809,27.9974770857238,0
                84.7900399860959,27.9979181814255,0
                84.7906530869298,27.9981650444859,0
                84.7918711764208,27.9980790723758,0
                84.792437663107,27.9981232027266,0
                84.7939995855402,27.9978615020213,0
                84.7947589841844,27.9978661397611,0
                84.7961450456847,27.9980679572088,0
                84.7967938342108,27.9980709680595,0
                84.7974506117761,27.9985589977643,0
                84.797549157737,27.9987343584141,0
                84.7976715039018,27.9992976845471,0
                84.7974572642331,28.0001516043023,0
                84.7971205540275,28.0004175747027,0
                84.7965980522551,28.0008312164529,0
                84.7963778872571,28.0011348100793,0
                84.796331639838,28.0013245418678,0
                84.7964116838991,28.0016715749117,0
                84.7966643309382,28.0019814263991,0
                84.7969196693812,28.0021378539119,0
                84.7973033647432,28.0022958459041,0
                84.7978211105175,28.0021890520317,0
                84.7988589808399,28.0017814804795,0
                84.8002075086406,28.0008418380346,0
                84.8005516512464,28.000808284407,0
                84.8014175443723,28.0004377699894,0
                84.8023639196578,28.0003735410959,0
                84.8037394871574,28.0003542535861,0
                84.804596994569,28.0004823189696,0
                84.8054521888126,28.000723311627,0
                84.8071569441663,28.0015502652248,0
                84.8083549667919,28.0018341973434,0
                84.8090439385316,28.0017670904058,0
                84.8097292195869,28.0018915904977,0
                84.8105827862584,28.0022497595801,0
                84.8109226106323,28.0024823695668,0
                84.8112165007186,28.0028709647569,0
                84.8115027570478,28.0037558900765,0
                84.8117527757548,28.0042191649295,0
                84.8122039390639,28.005488933175,0
                84.8121976830174,28.0058340898049,0
                84.8126545393991,28.0067586388066,0
                84.8130591409854,28.0082587604924,0
                84.8131362446954,28.0087952136071,0
                84.8131708555401,28.0092574852378,0
                84.812946435584,28.0098273675492,0
                84.8125070441879,28.0103961839938,0
                84.8113264262299,28.0116056182363,0
                84.8110617658985,28.0119862040984,0
                84.810309776562,28.0132405162448,0
                84.8100426748667,28.0138105850011,0
                84.8095897059455,28.015184954403,0
                84.8094037757928,28.0159869409537,0
                84.8094332551785,28.0167898696307,0
                84.809966276976,28.0182914934859,0
                84.8102596035996,28.0187567686646,0
                84.8109353113341,28.0194544052454,0
                84.8114870408814,28.0198843130657,0
                84.812295109529,28.0204300269985,0
                84.8124616419879,28.0207764364549,0
                84.8127123491093,28.0212374612218,0
                84.8127475842543,28.0216974832158,0
                84.812994911526,28.0223886131715,0
                84.8129892802669,28.0227338311615,0
                84.8128528517128,28.0231903510348,0
                84.8126766200147,28.0234170149534,0
                84.8122734650504,28.0244075435091,0
                84.8122640782763,28.0250189883441,0
                84.8123874293831,28.0253656473937,0
                84.8128081115353,28.0259452268148,0
                84.8133015787676,28.0273274855159,0
                84.8134567855132,28.028362082923,0
                84.8133100314859,28.0294706677164,0
                84.8131300456027,28.029965807699,0
                84.8128589395852,28.0307659811977,0
                84.8125036599002,28.0314494767849,0
                84.8116248777309,28.0325871714408,0
                84.8113637829698,28.0327759626999,0
                84.8105838177316,28.0331099823276,0
                84.8099727613377,28.0336752965011,0
                84.8093553873758,28.0345858908542,0
                84.80908653273,28.035273324652,0
                84.8090302729778,28.0360745018866,0
                84.8092344191239,28.0367659427948,0
                84.8093879992049,28.0379156547408,0
                84.809636329104,28.0384916690118,0
                84.8102252960823,28.0393026059193,0
                84.8105601764746,28.039880435064,0
                84.8107284619189,28.0401117913911,0
                84.8111384428481,28.0413795596518,0
                84.8113067905216,28.0416131663084,0
                84.8113940862162,28.0418157123851,0
                84.8115551817734,28.0421892438428,0
                84.8120174809645,28.0428836263832,0
                84.8122725679065,28.0430783629686,0
                84.8129055303074,28.0438123701486,0
                84.8138800684383,28.0447428026268,0
                84.8149011673594,28.0454428819029,0
                84.8162682846733,28.0460732230458,0
                84.8167801479277,28.0463454565034,0
                84.817077916502,28.0465421941146,0
                84.8175901566887,28.0467783061,0
                84.8179713469383,28.0471640279472,0
                84.8182647356952,28.0476270540001,0
                84.8183888365275,28.047973712223,0
                84.818226633039,28.0526762237878,0
                84.8188709841533,28.0527220423314,0
                84.8197296175947,28.0528477331248,0
                84.8212827283125,28.0525993445317,0
                84.821801036966,28.0524518660229,0
                84.8229722682367,28.0518921239592,0
                84.8234902016579,28.0517852045199,0
                84.8240065074767,28.0517911504352,0
                84.8250337395366,28.0521098260837,0
                84.8257239622178,28.0520019099481,0
                84.8262432722472,28.0518183098588,0
                84.8265911676537,28.0515928989402,0
                84.8275953672745,28.0506483134236,0
                84.8279433252603,28.0504229023743,0
                84.8282477268606,28.0502360485218,0
              </coordinates>
            </LinearRing>
          </outerBoundaryIs>
        </Polygon>
      </Placemark>
      <Placemark id="BA_DHADING_Tripura_Sundari.3">
        <ExtendedData>
          <SchemaData schemaUrl="#BA_DHADING_Tripura_Sundari.schema">
            <SimpleData name="ogc_fid">3108</SimpleData>
            <SimpleData name="objectid_1">3109</SimpleData>
            <SimpleData name="dcode">30</SimpleData>
            <SimpleData name="district">DHADING</SimpleData>
            <SimpleData name="das">0</SimpleData>
            <SimpleData name="gapa_napa">Tripura Sundari</SimpleData>
            <SimpleData name="type_gn">Gaunpalika</SimpleData>
            <SimpleData name="gn_code">13.000000000000000</SimpleData>
            <SimpleData name="new_ward_n">7</SimpleData>
            <SimpleData name="ddgnww">301307.000000000058208</SimpleData>
            <SimpleData name="center">Halko Salyantar VDC Building</SimpleData>
            <SimpleData name="state_code">3</SimpleData>
            <SimpleData name="ddgn">30013</SimpleData>
            <SimpleData name="area_sqkm">12.981067701200001</SimpleData>
            <SimpleData name="shape_leng">22415.094337300000916</SimpleData>
            <SimpleData name="shape_area">12981067.701199999079108</SimpleData>
            <SimpleData name="Province">BA</SimpleData>
            <SimpleData name="Address">Tripura Sundari-7, DHADING, BA</SimpleData>
          </SchemaData>
        </ExtendedData>
        <Polygon>
          <outerBoundaryIs>
            <LinearRing>
              <coordinates>
                84.8843074167752,28.0197937306981,0
                84.8846567523346,28.01945307997,0
                84.8849195981572,28.0191897327687,0
                84.8863113706813,28.0182512777699,0
                84.8871476595197,28.0170750232189,0
                84.8879803825217,28.016090501024,0
                84.8883776547461,28.0154833120373,0
                84.8891831523508,28.0135041285692,0
                84.8894904960467,28.0130870459728,0
                84.8911446758767,28.0119212416537,0
                84.8923704154317,28.0105958191111,0
                84.8932405628247,28.0099946373125,0
                84.8942806849388,28.0095117609934,0
                84.8945425297843,28.0092844731018,0
                84.8950690987086,28.00864035294,0
                84.8953776932723,28.00814652717,0
                84.8958171469634,28.0075773980788,0
                84.8964718227584,28.0069752756717,0
                84.8970796865428,28.0066374415329,0
                84.8975154484619,28.0062984165369,0
                84.8979062135026,28.0060725691067,0
                84.898427338443,28.0057736043851,0
                84.8998127905752,28.0052546121942,0
                84.9006383793245,28.0047304226618,0
                84.9018512279248,28.004246424265,0
                84.9039236493918,28.0038131852345,0
                84.9046157490776,28.0035920918651,0
                84.9063379590237,28.0035378757056,0
                84.9078438205808,28.0035933341259,0
                84.9084463021712,28.0036006559263,0
                84.9099934688526,28.0037347949604,0
                84.910190880349,28.0037086757116,0
                84.9110280840422,28.0035948251677,0
                84.9115438275228,28.0036388294114,0
                84.9118864048678,28.0037200159653,0
                84.9122270422239,28.003952375505,0
                84.9132518338108,28.0043854787864,0
                84.9135521677212,28.0044286051012,0
                84.9138943705652,28.0045459130117,0
                84.9142381992537,28.0045504183501,0
                84.9143515586376,28.0045812294603,0
                84.915436845796,28.0048717841188,0
                84.9166364945464,28.0050803480893,0
                84.9174903729684,28.0054356430578,0
                84.9184259850959,28.0060587905935,0
                84.9189388511776,28.0062200969422,0
                84.919968149051,28.0063485406847,0
                84.9204463430263,28.0060092035388,0
                84.9207964290425,28.0056323682757,0
                84.9211853177317,28.0054831385225,0
                84.9219638453983,28.0051891159417,0
                84.9235197761581,28.0046350044738,0
                84.9246728203601,28.0041406934153,0
                84.9249044793406,28.0040413936342,0
                84.9257282552561,28.0035530760838,0
                84.9259477942386,28.0032898535018,0
                84.9263495108958,28.0023373834492,0
                84.9272704141159,28.0011648793222,0
                84.9275321340701,28.0009374665914,0
                84.9278352846983,28.0007887976681,0
                84.9289155231086,28.0004205370195,0
                84.9294324569587,28.0003132424384,0
                84.9304638822061,28.000326570848,0
                84.9316146540896,28.0009144126277,0
                84.9329836512296,28.0013157119106,0
                84.9334987686844,28.0013595920397,0
                84.9345332606821,28.0011450037702,0
                84.9348761517869,28.001187755428,0
                84.9357300310243,28.0015429259331,0
                84.9375632045815,28.002484747162,0
                84.9387621635723,28.0027675539245,0
                84.9399645660214,28.0027841973899,0
                84.9404843140667,28.0025595395962,0
                84.9410050024211,28.0022220784693,0
                84.9416593657402,28.0016197689829,0
                84.9425611204611,28.0016316574138,0
                84.9430839980476,28.0011790820108,0
                84.943215483893,28.0010270359629,0
                84.9433062288624,28.0007218774085,0
                84.9428418646052,28.0001542955622,0
                84.9426709146475,27.9989079045365,0
                84.9427009847168,27.99834820562,0
                84.9428239129126,27.9980201746748,0
                84.943420592938,27.9975829741639,0
                84.9441091397516,27.9969714155905,0
                84.9444167964109,27.9964774653583,0
                84.9442262922876,27.9949605354825,0
                84.943770353241,27.9949207819313,0
                84.9429322172106,27.9948385248623,0
                84.9410614748703,27.9943867209423,0
                84.9404166280861,27.9941767294309,0
                84.9384173511376,27.9932609026333,0
                84.9377780645302,27.9930983447128,0
                84.9368020147244,27.9927192370678,0
                84.9344772099298,27.9922161808791,0
                84.9334000424919,27.9921196711696,0
                84.9327481338304,27.9918984922944,0
                84.9322560125885,27.991849988446,0
                84.9305918546643,27.9920665035905,0
                84.9298265771283,27.9922567234608,0
                84.9291852779319,27.9926784248956,0
                84.9280980480676,27.9926744691082,0
                84.9275173738334,27.9927505779915,0
                84.9269848818911,27.9927518810383,0
                84.9257730385623,27.9929563419839,0
                84.9242494926308,27.9928853854662,0
                84.9235568246669,27.993329959068,0
                84.9231956698817,27.9940542000059,0
                84.922894329584,27.9943202964667,0
                84.9227327859084,27.9944174094288,0
                84.9227008531036,27.9944365948524,0
                84.9221302381228,27.9945803225275,0
                84.9215215099244,27.9944264509609,0
                84.9206225778953,27.9939271681917,0
                84.9201713908985,27.9937677372383,0
                84.9195476612222,27.993794475069,0
                84.9188381888727,27.993977446145,0
                84.9180569773526,27.9940932351244,0
                84.9175766681085,27.9940242336658,0
                84.916975002777,27.9938003685609,0
                84.9167026020129,27.9937503057947,0
                84.9165733065421,27.9937895503804,0
                84.9162378459925,27.9940150867952,0
                84.9155896763928,27.994303674716,0
                84.9143519605371,27.9945420072833,0
                84.913948951682,27.9945243770806,0
                84.9133246578878,27.9946300451733,0
                84.9119575900764,27.9945940246552,0
                84.9115673298901,27.9945762704293,0
                84.9096372241098,27.9939980396899,0
                84.9080941243472,27.9936540444363,0
                84.9069926525045,27.9933138694619,0
                84.9064487317816,27.993003825298,0
                84.9044526772408,27.9933531348761,0
                84.9036424086508,27.9934058668949,0
                84.902426199112,27.993249173455,0
                84.9017165498691,27.9929492507415,0
                84.9012903578348,27.9928978726481,0
                84.9003019913451,27.9927781172049,0
                84.8997307553017,27.9927772329249,0
                84.8973722445211,27.993316082275,0
                84.8969842295194,27.993508120324,0
                84.8963606216008,27.9936926565517,0
                84.8951467205839,27.9936622010735,0
                84.8937531530854,27.9937863537602,0
                84.8930186880503,27.9938046525459,0
                84.8923289059856,27.993754958226,0
                84.8911390058446,27.9935460814031,0
                84.8894927902421,27.9934101289951,0
                84.8883578825709,27.9932369999662,0
                84.887621928294,27.9932464819524,0
                84.8862497877361,27.9932641495401,0
                84.8851955542857,27.9931626414498,0
                84.8836386907769,27.9935357688003,0
                84.8825358387788,27.9934775054144,0
                84.8816598298906,27.9935056759114,0
                84.8789340471593,27.994454857448,0
                84.8767295422614,27.9937898802444,0
                84.8759405187397,27.9939618510147,0
                84.8750320108985,27.9941345704601,0
                84.8741887498103,27.9940474391054,0
                84.8730548488776,27.9935267794627,0
                84.8727305856004,27.9932671101571,0
                84.8726909036322,27.9932381113912,0
                84.8721292367968,27.9928377638563,0
                84.8704967207916,27.99202243437,0
                84.869566039051,27.9917305074799,0
                84.8680044307156,27.9919073402359,0
                84.8671882847997,27.992104246416,0
                84.8664790580108,27.9924854505284,0
                84.8658518245836,27.9927127318321,0
                84.8650189889606,27.993130868049,0
                84.8644169980602,27.9935001367685,0
                84.8642882651886,27.9935280073449,0
                84.8632662617514,27.994211240998,0
                84.8625949002932,27.9948042390534,0
                84.862315492573,27.9951398914029,0
                84.8618369237274,27.9955309108164,0
                84.861483402904,27.9957385114194,0
                84.860265429568,27.9962311341211,0
                84.8590118418003,27.9964803401855,0
                84.8580269084444,27.9965586923965,0
                84.8573622432235,27.9967162288298,0
                84.8564421759244,27.9967963942079,0
                84.8547617738625,27.9968385494718,0
                84.8539809426188,27.9967553568404,0
                84.853633053007,27.9966491729667,0
                84.8533517189491,27.9965020561105,0
                84.8533549633793,27.9967524715335,0
                84.8533655214672,27.9968832092417,0
                84.8534145115243,27.9970566323867,0
                84.8534496902448,27.9972459279705,0
                84.853446434884,27.9974783445575,0
                84.8534291826257,27.9977040122697,0
                84.8533975581996,27.9978892447181,0
                84.8533230637705,27.9981062860072,0
                84.8532586910601,27.9984066957158,0
                84.8532505629164,27.9985894919929,0
                84.8533037400378,27.9987245431008,0
                84.8534536527995,27.9989604614608,0
                84.8537279215781,27.9993219961375,0
                84.8537482304484,27.9993263089791,0
                84.8538054698635,27.9994952318004,0
                84.85382183734,27.9997184617629,0
                84.8538419574091,27.9998492004467,0
                84.8536899139939,27.9999110679637,0
                84.8535993620163,27.9999522502803,0
                84.8535526800885,27.9999931204898,0
                84.8533372679447,28.0001523528945,0
                84.8537054611638,28.000513326187,0
                84.8543053156565,28.0006742590023,0
                84.854772932359,28.0010639199086,0
                84.8551979323391,28.0013748366324,0
                84.8559628168574,28.0019972933883,0
                84.856304642796,28.0021530969425,0
                84.8569909863181,28.0023157188491,0
                84.8578511204769,28.0023645414147,0
                84.8605905483548,28.0033175020291,0
                84.861448055072,28.0035196860078,0
                84.8619607941357,28.0037556108703,0
                84.8624762234007,28.0038381745641,0
                84.8628181127231,28.0039961035511,0
                84.863161566198,28.0040368552012,0
                84.8638465949367,28.0042761579735,0
                84.8645332508628,28.0043982208666,0
                84.8653963264366,28.0042573728361,0
                84.8657401557349,28.0042620031603,0
                84.8677997478455,28.0046686264514,0
                84.8688282931063,28.0049509304575,0
                84.869853582497,28.0054610270196,0
                84.8710601740662,28.0053609311108,0
                84.8719174304775,28.0056013614251,0
                84.8726903909554,28.0055513788999,0
                84.8729082379599,28.0055364470972,0
                84.8728198712293,28.0056881817554,0
                84.8726906338686,28.0058942858216,0
                84.8725105891578,28.0061819440305,0
                84.8719377100287,28.0070157977095,0
                84.8718015932928,28.0074746287768,0
                84.8714049460766,28.0080817549745,0
                84.8710352108332,28.0096836044088,0
                84.8710264493864,28.0102566778383,0
                84.8711106858105,28.0103734809877,0
                84.8712270907073,28.0111780363735,0
                84.871476357489,28.0117540509591,0
                84.8720914214236,28.013712885226,0
                84.8726902586952,28.0146769954604,0
                84.8727629970246,28.0147937991556,0
                84.8730587623012,28.0151415850069,0
                84.8737393477363,28.0156854846773,0
                84.8738232083812,28.0158383474879,0
                84.8742048374089,28.0161878850001,0
                84.8746644447571,28.0170738135777,0
                84.8750038314807,28.0173829787066,0
                84.8754686316632,28.0179643092859,0
                84.8764347208485,28.0194674401919,0
                84.8774137623169,28.0202056397729,0
                84.8779705605617,28.0203668226248,0
                84.8786594679007,28.0203758961041,0
                84.8793508173235,28.020191048639,0
                84.8805562825351,28.0201697586125,0
                84.8809020508334,28.0200953333434,0
                84.8833136061374,28.0200505656155,0
                84.8843074167752,28.0197937306981,0
              </coordinates>
            </LinearRing>
          </outerBoundaryIs>
        </Polygon>
      </Placemark>
      <Placemark id="BA_DHADING_Tripura_Sundari.4">
        <ExtendedData>
          <SchemaData schemaUrl="#BA_DHADING_Tripura_Sundari.schema">
            <SimpleData name="ogc_fid">3157</SimpleData>
            <SimpleData name="objectid_1">3158</SimpleData>
            <SimpleData name="dcode">30</SimpleData>
            <SimpleData name="district">DHADING</SimpleData>
            <SimpleData name="das">0</SimpleData>
            <SimpleData name="gapa_napa">Tripura Sundari</SimpleData>
            <SimpleData name="type_gn">Gaunpalika</SimpleData>
            <SimpleData name="gn_code">13.000000000000000</SimpleData>
            <SimpleData name="new_ward_n">2</SimpleData>
            <SimpleData name="ddgnww">301302.000000000000000</SimpleData>
            <SimpleData name="center">Halko Salyantar VDC Building</SimpleData>
            <SimpleData name="state_code">3</SimpleData>
            <SimpleData name="ddgn">30013</SimpleData>
            <SimpleData name="area_sqkm">7.698182666490000</SimpleData>
            <SimpleData name="shape_leng">18822.625377300002583</SimpleData>
            <SimpleData name="shape_area">7698182.666489999741316</SimpleData>
            <SimpleData name="Province">BA</SimpleData>
            <SimpleData name="Address">Tripura Sundari-2, DHADING, BA</SimpleData>
          </SchemaData>
        </ExtendedData>
        <Polygon>
          <outerBoundaryIs>
            <LinearRing>
              <coordinates>
                84.8302092611936,27.9981733302071,0
                84.8302595153857,27.9976788752274,0
                84.8308021624192,27.9961867067798,0
                84.8310297030318,27.9957882462693,0
                84.8311839387696,27.995516586009,0
                84.8310651437457,27.9954338408827,0
                84.8310300234519,27.995411467579,0
                84.8300520415225,27.9948240667741,0
                84.8294406283287,27.9945480183444,0
                84.8288034678504,27.9943217161911,0
                84.8279767670472,27.9942365219945,0
                84.8274362815857,27.9940186581167,0
                84.8265792257198,27.9931958427387,0
                84.8243701206481,27.9913817182971,0
                84.8238434529034,27.9908050739455,0
                84.8235643736489,27.9903736078921,0
                84.8235338816252,27.9902045609118,0
                84.8238202924026,27.9896794249628,0
                84.8238562952852,27.9893227704168,0
                84.8236115241065,27.9888798059798,0
                84.8231730912351,27.9884650231204,0
                84.8225108767178,27.9880245518316,0
                84.8217403696715,27.9872914172248,0
                84.8211047206061,27.9864989153485,0
                84.820853951855,27.9860220794612,0
                84.8205203319071,27.9849276719098,0
                84.8200707123043,27.984531013379,0
                84.8192931939787,27.9843822004451,0
                84.8185821637165,27.9843774396323,0
                84.8160163720302,27.9847626744549,0
                84.8157156624183,27.9847419212992,0
                84.8153883292794,27.984809284625,0
                84.8143020990462,27.9848360143205,0
                84.8138224762337,27.9847621378475,0
                84.813393286195,27.9846315794374,0
                84.8132756165644,27.9845262125767,0
                84.813138392418,27.9841908651254,0
                84.8132477577633,27.9839510757119,0
                84.8135023514652,27.9838413398476,0
                84.8140497161728,27.9838042273939,0
                84.8149520998219,27.9836567559798,0
                84.8152061301457,27.9835582689378,0
                84.8152958738274,27.9833253542389,0
                84.8152972516302,27.983180929839,0
                84.8152282631444,27.9830415031724,0
                84.8137918139492,27.9808481142525,0
                84.8133109510729,27.9803455891336,0
                84.8131016757475,27.9798911261103,0
                84.8131383659464,27.9795276596906,0
                84.8133552167502,27.9793007465657,0
                84.8140177634838,27.9788659842609,0
                84.8140676322634,27.9788228009243,0
                84.814228617141,27.9785217686241,0
                84.8142611186888,27.9782801654996,0
                84.8140860263374,27.9778029555345,0
                84.8136270329718,27.977424419132,0
                84.8127403431962,27.9772040493041,0
                84.811718918662,27.9771333512718,0
                84.8111879258281,27.9771522784311,0
                84.8102869154815,27.977389991513,0
                84.8098128520985,27.9774559152193,0
                84.8090783789243,27.9778776778402,0
                84.8089059627093,27.9779282326809,0
                84.8080952457961,27.9785196037015,0
                84.807794778289,27.9788575052043,0
                84.8074975582882,27.9793037104079,0
                84.8073298075676,27.9804078580326,0
                84.8071389513828,27.9807068279184,0
                84.8065637698341,27.9811140323583,0
                84.8060841417726,27.9812882579732,0
                84.8057181265499,27.9813671195752,0
                84.8050550264101,27.9813890441545,0
                84.804091032094,27.9812774137112,0
                84.80275046982,27.9808453045357,0
                84.801989330329,27.9804165804499,0
                84.8008754333337,27.9796244461328,0
                84.7999429548333,27.9785266535925,0
                84.7985866605834,27.9773343007913,0
                84.7978435206151,27.976837770677,0
                84.7969562702424,27.9765315332063,0
                84.7965440704029,27.9767121978405,0
                84.7962422287448,27.9770523494861,0
                84.7960573156558,27.9770510968296,0
                84.795654424878,27.9773783732481,0
                84.7951676099631,27.9776135310612,0
                84.7940224429433,27.9779157348093,0
                84.7928737723385,27.9784322322418,0
                84.7925675597131,27.9786122110163,0
                84.7923432713903,27.9788639342255,0
                84.7919523201435,27.9790060397016,0
                84.7913977048963,27.9791017096727,0
                84.7905508216907,27.9789238367603,0
                84.7895089087867,27.9784041154817,0
                84.7893695548935,27.9782831869805,0
                84.7874995249036,27.9766694885231,0
                84.7873124970754,27.9761945281352,0
                84.7872376963998,27.9761363440415,0
                84.787222777875,27.9753061689137,0
                84.7870763682983,27.9749122015419,0
                84.7868822137089,27.9745884780099,0
                84.7866010678721,27.9743667431552,0
                84.7861175722264,27.9742838048217,0
                84.7860372081011,27.9742345578047,0
                84.7859630948387,27.9741898728591,0
                84.7825995357014,27.9744887899018,0
                84.7820039903311,27.9744560958285,0
                84.7815353642803,27.9744880847703,0
                84.7808626455907,27.9743136522618,0
                84.7803899616838,27.9741335977562,0
                84.7799832737214,27.973765936772,0
                84.7798556070571,27.973592949894,0
                84.7798364266885,27.9733922798764,0
                84.7799389915033,27.9726381624743,0
                84.7799198122156,27.9723607496415,0
                84.7797963382771,27.971885415156,0
                84.7796478653782,27.9715568791656,0
                84.7795304445153,27.9714808847216,0
                84.779249858093,27.9714215102217,0
                84.7786670616079,27.971393253057,0
                84.7775876463479,27.9712030649125,0
                84.7773288087822,27.971073697165,0
                84.7749655416723,27.9690204670999,0
                84.7739439430677,27.9682997646334,0
                84.7726740004855,27.967659426426,0
                84.7722805553106,27.9675420552317,0
                84.7706220299214,27.9673776673012,0
                84.7700132342255,27.9674419638262,0
                84.7696171603988,27.9674870782197,0
                84.7711915498455,27.9687641776943,0
                84.7721288975233,27.9700652007128,0
                84.7730627013137,27.9705021142692,0
                84.7746084159321,27.9713191295272,0
                84.7748959317682,27.9717235976123,0
                84.7750855188,27.972300111188,0
                84.7750470707878,27.9730493558085,0
                84.7744257617667,27.9738537104096,0
                84.7734742527737,27.9743193406776,0
                84.7713491274876,27.9759149736431,0
                84.7712435126648,27.9760780197323,0
                84.7711437026188,27.976604220914,0
                84.7715176383661,27.9772812289756,0
                84.7719605129508,27.9774659698323,0
                84.7730533050753,27.9774711125321,0
                84.7737159063312,27.9773771940221,0
                84.774261900572,27.9771529738385,0
                84.7745986680759,27.9771556045421,0
                84.7752513345609,27.9770143150975,0
                84.7761616459255,27.9772641204783,0
                84.7767811196501,27.9775313565034,0
                84.7771717497772,27.9777908395772,0
                84.7772493625555,27.9778964562697,0
                84.7773452803548,27.9782478637709,0
                84.7772727614485,27.9795635569644,0
                84.7773743020312,27.9799870828862,0
                84.7780808737908,27.9809757557483,0
                84.7784639413835,27.9813232933206,0
                84.7787142166534,27.9814978449918,0
                84.7794133670935,27.9817894547661,0
                84.7799428562567,27.981926326743,0
                84.7806363885816,27.9819719588111,0
                84.7822324782131,27.9824276942127,0
                84.7833105755512,27.9828614865398,0
                84.7839536081387,27.9832255264183,0
                84.7841124562792,27.9834840682805,0
                84.7842071238542,27.9838377253733,0
                84.7844430556772,27.9855397012318,0
                84.7847587398464,27.9866681681388,0
                84.7849032143319,27.9869651436645,0
                84.7853175856308,27.9875064763771,0
                84.7876711783131,27.9890113806799,0
                84.7878675213349,27.9892787343819,0
                84.7880715226717,27.9908545334906,0
                84.7880616871521,27.9920344901165,0
                84.7879314116167,27.9940431200026,0
                84.7885594525674,27.9940823766226,0
                84.7893690963992,27.994014583773,0
                84.7915307498148,27.9938374479803,0
                84.7941427156302,27.9938088693288,0
                84.7944907981221,27.9936240796149,0
                84.7945782884438,27.9935107783461,0
                84.7945901662488,27.9933121717424,0
                84.7942465995681,27.9927298435298,0
                84.7941198173499,27.9920763370874,0
                84.7943117977393,27.9918270510634,0
                84.7944406549922,27.9918082421362,0
                84.7954253905079,27.9922289705633,0
                84.7969794128159,27.9932374682398,0
                84.797624757259,27.9935540752753,0
                84.7984483916936,27.99383806405,0
                84.8006742832815,27.9938454133073,0
                84.8013833743939,27.9939156688487,0
                84.8022225755285,27.9939018083118,0
                84.802575716441,27.9938839409682,0
                84.8036432064027,27.9935438651087,0
                84.8043511751685,27.9935577506509,0
                84.8050521451289,27.9934904552395,0
                84.8072264705414,27.9940011337504,0
                84.8096082700709,27.9943797015136,0
                84.8101589447391,27.9945163234574,0
                84.8119934464999,27.9946995256044,0
                84.8131869691324,27.9949857698349,0
                84.8152603128521,27.9952396562725,0
                84.8157066722737,27.9961213971036,0
                84.8166432308559,27.9992359446536,0
                84.8167768240676,27.9999255106275,0
                84.817127590119,27.9999301403831,0
                84.8210052626114,27.9998732105916,0
                84.82152457132,27.9997234206127,0
                84.8217609182856,27.9995506274692,0
                84.8220032056143,27.9992333474517,0
                84.8226180066799,27.9988732031711,0
                84.8229870209902,27.9988483984915,0
                84.8239231547334,27.9984412636575,0
                84.8247445464075,27.9984160294553,0
                84.8252341676668,27.9984672201651,0
                84.8256149310356,27.9983972335827,0
                84.8272718977891,27.9983715134829,0
                84.8278726855399,27.9987401151962,0
                84.8283216854514,27.9988750477146,0
                84.8287520643643,27.9989108022482,0
                84.8290968326709,27.9988613750809,0
                84.8296463882196,27.9986888372301,0
                84.8302092611936,27.9981733302071,0
              </coordinates>
            </LinearRing>
          </outerBoundaryIs>
        </Polygon>
      </Placemark>
      <Placemark id="BA_DHADING_Tripura_Sundari.5">
        <ExtendedData>
          <SchemaData schemaUrl="#BA_DHADING_Tripura_Sundari.schema">
            <SimpleData name="ogc_fid">3171</SimpleData>
            <SimpleData name="objectid_1">3172</SimpleData>
            <SimpleData name="dcode">30</SimpleData>
            <SimpleData name="district">DHADING</SimpleData>
            <SimpleData name="das">0</SimpleData>
            <SimpleData name="gapa_napa">Tripura Sundari</SimpleData>
            <SimpleData name="type_gn">Gaunpalika</SimpleData>
            <SimpleData name="gn_code">13.000000000000000</SimpleData>
            <SimpleData name="new_ward_n">6</SimpleData>
            <SimpleData name="ddgnww">301306.000000000000000</SimpleData>
            <SimpleData name="center">Halko Salyantar VDC Building</SimpleData>
            <SimpleData name="state_code">3</SimpleData>
            <SimpleData name="ddgn">30013</SimpleData>
            <SimpleData name="area_sqkm">14.731930330599999</SimpleData>
            <SimpleData name="shape_leng">17986.887591599999723</SimpleData>
            <SimpleData name="shape_area">14731930.330600000917912</SimpleData>
            <SimpleData name="Province">BA</SimpleData>
            <SimpleData name="Address">Tripura Sundari-6, DHADING, BA</SimpleData>
          </SchemaData>
        </ExtendedData>
        <Polygon>
          <outerBoundaryIs>
            <LinearRing>
              <coordinates>
                84.8522326511718,28.0418526438468,0
                84.8522240898625,28.0418165846012,0
                84.8521524187393,28.0415079237296,0
                84.851533287145,28.0398152533498,0
                84.8514998676366,28.0392041200974,0
                84.8517271039737,28.0384401920902,0
                84.8522527959902,28.0378728770577,0
                84.8524296537033,28.0375695322632,0
                84.8527505747048,28.0363492730418,0
                84.8531501001371,28.0355887859438,0
                84.8532863420273,28.0351322042281,0
                84.8532987311258,28.0343673355401,0
                84.8529305561626,28.0331378774375,0
                84.852168424761,28.0323258751689,0
                84.8518336702198,28.0317098628279,0
                84.85171182121,28.0312480267985,0
                84.8514609273746,28.0307871889393,0
                84.8513335089695,28.0306706352592,0
                84.8511257968989,28.0302071738516,0
                84.8508723372558,28.0298996972086,0
                84.8505375821798,28.0292836217056,0
                84.8504560982641,28.0290133947043,0
                84.8508051208336,28.0287111779476,0
                84.8520189086583,28.0281915571093,0
                84.8528444967504,28.0277059271683,0
                84.8534543619918,28.0272531660777,0
                84.8543221312245,28.0268055959428,0
                84.8547986341076,28.0266199333761,0
                84.8555367942746,28.0262476039923,0
                84.8559294368507,28.0259067037432,0
                84.8575048864541,28.0242816265754,0
                84.8580265747157,28.023944477656,0
                84.858550514079,28.023492214636,0
                84.8590283311062,28.0232298088191,0
                84.8587734952634,28.02299676292,0
                84.8581767705914,28.0226057257642,0
                84.8571621179402,28.0214456884637,0
                84.8567838050492,28.0208682343459,0
                84.8561474648697,28.0202856503539,0
                84.8559784925157,28.0200543561256,0
                84.8558157767363,28.0194777804458,0
                84.8558660921894,28.0190195098692,0
                84.8557009992564,28.0185580487645,0
                84.8551953306163,28.0178641023966,0
                84.8545180605376,28.0171667162454,0
                84.8543530302671,28.0167052555808,0
                84.8543281205146,28.0155571077388,0
                84.8536164297035,28.0142868357352,0
                84.8535351975114,28.0139782994045,0
                84.853410093211,28.0137466930427,0
                84.8530744005995,28.013168989771,0
                84.8521456735556,28.0120106406163,0
                84.851642383075,28.0112015800647,0
                84.8513931783432,28.0106233155632,0
                84.8513162008921,28.0100485528634,0
                84.851364951821,28.0097053352671,0
                84.8512015485789,28.0091287587004,0
                84.8510459661289,28.0080942248096,0
                84.8512719505509,28.0074092897359,0
                84.8518046518,28.0063817040634,0
                84.851903843368,28.0055802152202,0
                84.8517443189455,28.0047735351616,0
                84.8519325654862,28.0037436309373,0
                84.8520671177016,28.0034021642315,0
                84.8522432864335,28.0031731871745,0
                84.8525913706029,28.0029116543382,0
                84.8532932955758,28.0020770535458,0
                84.8534262195472,28.0018506391214,0
                84.8536088976278,28.0011636415412,0
                84.8536154046162,28.000780112892,0
                84.8537054611638,28.000513326187,0
                84.8533372679447,28.0001523528945,0
                84.8535526800885,27.9999931204898,0
                84.8535993620163,27.9999522502803,0
                84.8536899139939,27.9999110679637,0
                84.8538419574091,27.9998492004467,0
                84.85382183734,27.9997184617629,0
                84.8538054698635,27.9994952318004,0
                84.8537482304484,27.9993263089791,0
                84.8537279215781,27.9993219961375,0
                84.8534536527995,27.9989604614608,0
                84.8533037400378,27.9987245431008,0
                84.8532505629164,27.9985894919929,0
                84.8532586910601,27.9984066957158,0
                84.8533230637705,27.9981062860072,0
                84.8533975581996,27.9978892447181,0
                84.8534291826257,27.9977040122697,0
                84.853446434884,27.9974783445575,0
                84.8534496902448,27.9972459279705,0
                84.8534145115243,27.9970566323867,0
                84.8533655214672,27.9968832092417,0
                84.8533549633793,27.9967524715335,0
                84.8533517189491,27.9965020561105,0
                84.8513668172337,27.9954675532112,0
                84.8501765559748,27.9946401700378,0
                84.8489882246902,27.994142132937,0
                84.8484399207724,27.9942313028649,0
                84.848225822105,27.9943138541082,0
                84.8480938373899,27.9944206553098,0
                84.8476051444043,27.9948162365702,0
                84.8471985073897,27.9949812150669,0
                84.8467380036327,27.9950810109449,0
                84.846132149598,27.9949651981127,0
                84.8451052864858,27.9949579939623,0
                84.8439616218271,27.9951364588556,0
                84.8423637071895,27.9952252368276,0
                84.8415087590895,27.9951853510744,0
                84.8382974920288,27.9955320789605,0
                84.8370268515379,27.9953886954705,0
                84.8365380406116,27.9954434946668,0
                84.8350167364144,27.9957595656993,0
                84.8338428924535,27.9957261112089,0
                84.8328404060272,27.9955065522845,0
                84.831786237196,27.9953414866374,0
                84.8311839387696,27.995516586009,0
                84.8310297030318,27.9957882462693,0
                84.8308021624192,27.9961867067798,0
                84.8302595153857,27.9976788752274,0
                84.8302092611936,27.9981733302071,0
                84.8300364540039,27.9990090644276,0
                84.8297227872684,28.0000329674316,0
                84.8294771293683,28.0001517649787,0
                84.8293952637249,28.0002447551102,0
                84.828946486759,28.0013867703298,0
                84.8289438584566,28.0015401933823,0
                84.8288036127822,28.0022291292513,0
                84.8282461325062,28.0047840155401,0
                84.8281810495427,28.0061605778349,0
                84.8279942420533,28.0070776797631,0
                84.8281944456244,28.0079969126819,0
                84.828485769043,28.0086132993405,0
                84.8285639352982,28.0091114433201,0
                84.8283442084766,28.0093767289093,0
                84.8276941005513,28.0097144997912,0
                84.8275571721679,28.010171081146,0
                84.8281923236297,28.010789911604,0
                84.8286991189695,28.0114094894056,0
                84.8291547228174,28.0124851496314,0
                84.8293144349526,28.0132534588111,0
                84.8293941658298,28.0136365505524,0
                84.8292998549782,28.0141717503854,0
                84.8291915277392,28.015546374754,0
                84.8292149361011,28.0167712027521,0
                84.829109235893,28.0179946536195,0
                84.8290161136244,28.0184531726495,0
                84.8289673006978,28.018796391551,0
                84.8287705440761,28.0203248755911,0
                84.8285411182712,28.0212399768026,0
                84.8283183251488,28.0216969938861,0
                84.8273509883623,28.0230226084591,0
                84.8269971472436,28.0236316109406,0
                84.8258605246089,28.0247641772387,0
                84.8256809764849,28.0252210077895,0
                84.825441538364,28.0267497412195,0
                84.8253923488547,28.0271313313439,0
                84.8253358385791,28.0279731918542,0
                84.8254116897906,28.0285863250952,0
                84.8261034830313,28.0310412409138,0
                84.8260437184137,28.0321132058456,0
                84.8261601872274,28.0328795763653,0
                84.8262815974095,28.0333774083222,0
                84.8260468527754,28.0345993576185,0
                84.8256903841639,28.0353594703987,0
                84.824679615409,28.036687583906,0
                84.8248033426705,28.0369936830091,0
                84.8247987110032,28.0373005310681,0
                84.8250016050386,28.0380685903919,0
                84.8252517502244,28.0385296147481,0
                84.825373536488,28.0389913259788,0
                84.8254120874443,28.0392979234961,0
                84.8252272199627,28.0400615391032,0
                84.82443398838,28.0412372951201,0
                84.8239519776392,28.0418041112321,0
                84.8239469783521,28.0418154222071,0
                84.8237291849817,28.0422611285955,0
                84.8233632677193,28.0436350609308,0
                84.8227033362534,28.0445435931308,0
                84.8226095886713,28.0450021755653,0
                84.8226485147519,28.0452704020172,0
                84.8228167999098,28.0455017590791,0
                84.8232009947525,28.0456979979907,0
                84.8235871931126,28.0457407506565,0
                84.8239747047404,28.0457068845791,0
                84.8244936387471,28.0455616567049,0
                84.8247517287303,28.0455645983949,0
                84.8250943694077,28.0456437217654,0
                84.8253930758209,28.0458021500523,0
                84.8256469117025,28.0460713181525,0
                84.8260221576303,28.0468428793356,0
                84.8271737415474,28.0474676548764,0
                84.8276807247931,28.0480105521269,0
                84.8279751763795,28.0484352061959,0
                84.8281833891401,28.0488963558478,0
                84.8283025473399,28.0495093025283,0
                84.8282477268606,28.0502360485218,0
                84.8284622594072,28.0502753618097,0
                84.8298011504796,28.0499491633214,0
                84.8301929798344,28.0496467599989,0
                84.8307679868302,28.0486980425336,0
                84.8309858986204,28.0485094381387,0
                84.8310290180753,28.0484979395759,0
                84.8315047709262,28.0483619597079,0
                84.8320230150276,28.0482933497139,0
                84.8322801680099,28.0483346630034,0
                84.832922140093,28.0485721525452,0
                84.8331779143915,28.0487668885045,0
                84.8335634851397,28.0488863842261,0
                84.8342087742353,28.048893769563,0
                84.8348517471396,28.0490928880726,0
                84.8356268315329,28.049103962581,0
                84.8369121514064,28.0495021977771,0
                84.8379440123926,28.049590707675,0
                84.8385916157229,28.0494852279644,0
                84.8391104878818,28.0493376243423,0
                84.8396316737045,28.049077281772,0
                84.840669103605,28.0488227597273,0
                84.8413200237838,28.0484871755399,0
                84.8418428373057,28.0481117185575,0
                84.8421904201131,28.0479245532611,0
                84.8425818738699,28.0476604587701,0
                84.8428422169108,28.0475505981296,0
                84.8436205549821,28.0473292559651,0
                84.8442680965628,28.047223714026,0
                84.8447447867802,28.0470380515576,0
                84.8450058807137,28.0468491975875,0
                84.8455761317532,28.0462072645744,0
                84.8459646437377,28.0461349033205,0
                84.8464861427279,28.045836189164,0
                84.8466623117071,28.0456072121531,0
                84.846929288376,28.0450370809125,0
                84.8474550431198,28.0444698908789,0
                84.847458984977,28.0442419736185,0
                84.8472938922935,28.0437805122282,0
                84.8469997530315,28.0433175489169,0
                84.846960450694,28.0430876937119,0
                84.8471359954225,28.0428587803999,0
                84.8475267600378,28.042673615902,0
                84.848173363027,28.0426041958034,0
                84.8492044714142,28.0427715102818,0
                84.8510226182681,28.0421444095657,0
                84.8516705974208,28.0419982458523,0
                84.8522326511718,28.0418526438468,0
              </coordinates>
            </LinearRing>
          </outerBoundaryIs>
        </Polygon>
      </Placemark>
      <Placemark id="BA_DHADING_Tripura_Sundari.6">
        <ExtendedData>
          <SchemaData schemaUrl="#BA_DHADING_Tripura_Sundari.schema">
            <SimpleData name="ogc_fid">3172</SimpleData>
            <SimpleData name="objectid_1">3173</SimpleData>
            <SimpleData name="dcode">30</SimpleData>
            <SimpleData name="district">DHADING</SimpleData>
            <SimpleData name="das">0</SimpleData>
            <SimpleData name="gapa_napa">Tripura Sundari</SimpleData>
            <SimpleData name="type_gn">Gaunpalika</SimpleData>
            <SimpleData name="gn_code">13.000000000000000</SimpleData>
            <SimpleData name="new_ward_n">4</SimpleData>
            <SimpleData name="ddgnww">301304.000000000000000</SimpleData>
            <SimpleData name="center">Halko Salyantar VDC Building</SimpleData>
            <SimpleData name="state_code">3</SimpleData>
            <SimpleData name="ddgn">30013</SimpleData>
            <SimpleData name="area_sqkm">11.132191082000000</SimpleData>
            <SimpleData name="shape_leng">15595.756889599999340</SimpleData>
            <SimpleData name="shape_area">11132191.081999998539686</SimpleData>
            <SimpleData name="Province">BA</SimpleData>
            <SimpleData name="Address">Tripura Sundari-4, DHADING, BA</SimpleData>
          </SchemaData>
        </ExtendedData>
        <Polygon>
          <outerBoundaryIs>
            <LinearRing>
              <coordinates>
                84.8979094506684,28.0329685237292,0
                84.8981678547423,28.0329330316812,0
                84.8998880632542,28.0329556209612,0
                84.9007462580034,28.0331191829355,0
                84.9017830635363,28.0328259142489,0
                84.9033277907533,28.0330729185263,0
                84.9052230419289,28.0329047783791,0
                84.9060787338898,28.033221701079,0
                84.9074549883915,28.0332397226314,0
                84.9083138094236,28.0333265418774,0
                84.9084873498966,28.0332509890893,0
                84.9093477362562,28.0332226935549,0
                84.9102113130367,28.0330432869047,0
                84.9109004102843,28.0329755546202,0
                84.9110730129717,28.0329383106335,0
                84.9118920938794,28.0328335839021,0
                84.9124515189659,28.0328411557984,0
                84.9133165979709,28.0325443839444,0
                84.9142328683284,28.0317532837572,0
                84.9143510412782,28.0316712302663,0
                84.9144502175318,28.0316028634219,0
                84.9146246985744,28.031412196129,0
                84.9151553350778,28.0305017862904,0
                84.9156800269015,28.0299342838943,0
                84.916503739664,28.0294865878963,0
                84.9177247252745,28.0284316415319,0
                84.9184178268861,28.0280954331245,0
                84.9185487507608,28.0279456364559,0
                84.9190693123994,28.0276466722186,0
                84.9199359560895,28.0272369737473,0
                84.9210703903881,28.0261803371025,0
                84.9227638756526,28.025092901456,0
                84.9237626321376,28.0244544759778,0
                84.9248090133139,28.0235135151605,0
                84.9252859549668,28.0232508594584,0
                84.9257244079748,28.0227222268156,0
                84.9259442607461,28.0224184458166,0
                84.9261684935217,28.0218078169015,0
                84.9262286339676,28.0207381017662,0
                84.9264559942576,28.0199762990753,0
                84.9265586916411,28.0189062723188,0
                84.9263529183535,28.0183301325135,0
                84.9256845967648,28.0170960448669,0
                84.9256883505463,28.0168681907312,0
                84.9242781115255,28.0163520254526,0
                84.9239377235465,28.0161557878746,0
                84.9235556558065,28.0158448091455,0
                84.9233878081698,28.0156135147753,0
                84.9231836630281,28.0149223228869,0
                84.9232331645691,28.0145407331592,0
                84.9235532104843,28.0133203490477,0
                84.9239014158673,28.0103401230054,0
                84.9238657423553,28.0098801004687,0
                84.9236600324517,28.009303961243,0
                84.9235028231029,28.00838454142,0
                84.9232128765437,28.0076916618325,0
                84.9226658398657,28.0069576560564,0
                84.9219844385193,28.0065651800159,0
                84.9214711973916,28.0064444946718,0
                84.9206119363661,28.0064322308742,0
                84.919968149051,28.0063485406847,0
                84.9189388511776,28.0062200969422,0
                84.9184259850959,28.0060587905935,0
                84.9174903729684,28.0054356430578,0
                84.9166364945464,28.0050803480893,0
                84.915436845796,28.0048717841188,0
                84.9143515586376,28.0045812294603,0
                84.9142381992537,28.0045504183501,0
                84.9138943705652,28.0045459130117,0
                84.9135521677212,28.0044286051012,0
                84.9132518338108,28.0043854787864,0
                84.9122270422239,28.003952375505,0
                84.9118864048678,28.0037200159653,0
                84.9115438275228,28.0036388294114,0
                84.9110280840422,28.0035948251677,0
                84.910190880349,28.0037086757116,0
                84.9099934688526,28.0037347949604,0
                84.9084463021712,28.0036006559263,0
                84.9078438205808,28.0035933341259,0
                84.9063379590237,28.0035378757056,0
                84.9046157490776,28.0035920918651,0
                84.9039236493918,28.0038131852345,0
                84.9018512279248,28.004246424265,0
                84.9006383793245,28.0047304226618,0
                84.8998127905752,28.0052546121942,0
                84.898427338443,28.0057736043851,0
                84.8979062135026,28.0060725691067,0
                84.8975154484619,28.0062984165369,0
                84.8970796865428,28.0066374415329,0
                84.8964718227584,28.0069752756717,0
                84.8958171469634,28.0075773980788,0
                84.8953776932723,28.00814652717,0
                84.8950690987086,28.00864035294,0
                84.8945425297843,28.0092844731018,0
                84.8942806849388,28.0095117609934,0
                84.8932405628247,28.0099946373125,0
                84.8923704154317,28.0105958191111,0
                84.8911446758767,28.0119212416537,0
                84.8894904960467,28.0130870459728,0
                84.8891831523508,28.0135041285692,0
                84.8883776547461,28.0154833120373,0
                84.8879803825217,28.016090501024,0
                84.8871476595197,28.0170750232189,0
                84.8863113706813,28.0182512777699,0
                84.8849195981572,28.0191897327687,0
                84.8846567523346,28.01945307997,0
                84.8843074167752,28.0197937306981,0
                84.8845623156782,28.0200267137278,0
                84.8847319773632,28.020181328228,0
                84.8851081620276,28.0208759594647,0
                84.8859530906044,28.0219195669976,0
                84.8864573807367,28.0227285027814,0
                84.8867439478852,28.0236493622854,0
                84.8868688001675,28.0239192776534,0
                84.8870692531077,28.0248790070093,0
                84.8870348939368,28.0254804720956,0
                84.8866932655298,28.0254734075986,0
                84.8864677325513,28.0255321652166,0
                84.8860206552306,28.0261367261297,0
                84.8850179085766,28.0259139777383,0
                84.8843396660405,28.0258896933285,0
                84.8837585158964,28.025893432355,0
                84.8827260607994,28.0259860226364,0
                84.8823077422044,28.0261606176693,0
                84.8816634187178,28.0263366608993,0
                84.8814704006286,28.026423852977,0
                84.8812137440797,28.0266260587779,0
                84.8810118293072,28.0268694136471,0
                84.8805831384761,28.0267503546798,0
                84.88032373385,28.0268219683258,0
                84.879627316021,28.0273114754097,0
                84.8792379913439,28.0274222093935,0
                84.8788508553634,28.0274157659131,0
                84.8785933906384,28.0273361431111,0
                84.8776895117835,28.0273261287266,0
                84.8770400922374,28.0275851570472,0
                84.876388483026,28.0279593003357,0
                84.8753568104367,28.0278711661982,0
                84.8745777830796,28.0281287544592,0
                84.8735447961074,28.0281150506108,0
                84.8726904113278,28.0280212328032,0
                84.8719976304667,28.0279444150427,0
                84.8721627861256,28.0284058135971,0
                84.8724531072881,28.0290965693844,0
                84.8726901218528,28.0298756282599,0
                84.8729447580043,28.0307109945827,0
                84.8729769887961,28.0313988710532,0
                84.8728386200385,28.0319705670207,0
                84.8728747301471,28.032430526282,0
                84.8733263905262,28.0338128473981,0
                84.8734064346782,28.0341981258851,0
                84.8738422588103,28.033859226208,0
                84.8740171139316,28.0337069310142,0
                84.8745362365346,28.0335231435529,0
                84.8757382584217,28.0337682039289,0
                84.8767770653899,28.0333983175596,0
                84.8781504394678,28.0336828151601,0
                84.8796992318446,28.0337405855697,0
                84.880216790132,28.033669600388,0
                84.8809116428942,28.0332951462804,0
                84.8813016571368,28.0331099196901,0
                84.8816491154996,28.0329226919688,0
                84.8826404854052,28.0328193427022,0
                84.8830711791081,28.0327872280282,0
                84.8835047507486,28.0325633804211,0
                84.8838985822678,28.0321457377575,0
                84.8845912462014,28.0318863344979,0
                84.8853248386341,28.0317439850633,0
                84.8858419581543,28.0317113716011,0
                84.8861845984417,28.0317926203515,0
                84.8865294286293,28.0317588161916,0
                84.8872236564153,28.0313842994466,0
                84.8877414027192,28.0312749428801,0
                84.8882547053108,28.0314724334623,0
                84.8888922977078,28.0319397773508,0
                84.8892336241967,28.0320977687849,0
                84.8900905042275,28.0323381363502,0
                84.8907255315814,28.0329566543452,0
                84.891707954469,28.0333901943968,0
                84.8927444472309,28.033135296945,0
                84.8932644454739,28.0329131384649,0
                84.8944370539439,28.0321993471361,0
                84.8953543248624,28.0313699372396,0
                84.895831454672,28.0311074063537,0
                84.8960036822115,28.031108534738,0
                84.8963447568642,28.0313048348937,0
                84.8965558491164,28.0315358178947,0
                84.8968887902791,28.0322285113296,0
                84.8975251937731,28.0327725350228,0
                84.8979094506684,28.0329685237292,0
              </coordinates>
            </LinearRing>
          </outerBoundaryIs>
        </Polygon>
      </Placemark>
      <Placemark id="BA_DHADING_Tripura_Sundari.7">
        <ExtendedData>
          <SchemaData schemaUrl="#BA_DHADING_Tripura_Sundari.schema">
            <SimpleData name="ogc_fid">3178</SimpleData>
            <SimpleData name="objectid_1">3179</SimpleData>
            <SimpleData name="dcode">30</SimpleData>
            <SimpleData name="district">DHADING</SimpleData>
            <SimpleData name="das">0</SimpleData>
            <SimpleData name="gapa_napa">Tripura Sundari</SimpleData>
            <SimpleData name="type_gn">Gaunpalika</SimpleData>
            <SimpleData name="gn_code">13.000000000000000</SimpleData>
            <SimpleData name="new_ward_n">5</SimpleData>
            <SimpleData name="ddgnww">301304.999999999941792</SimpleData>
            <SimpleData name="center">Halko Salyantar VDC Building</SimpleData>
            <SimpleData name="state_code">3</SimpleData>
            <SimpleData name="ddgn">30013</SimpleData>
            <SimpleData name="area_sqkm">8.256840655080000</SimpleData>
            <SimpleData name="shape_leng">15518.168613399999231</SimpleData>
            <SimpleData name="shape_area">8256840.655079999938607</SimpleData>
            <SimpleData name="Province">BA</SimpleData>
            <SimpleData name="Address">Tripura Sundari-5, DHADING, BA</SimpleData>
          </SchemaData>
        </ExtendedData>
        <Polygon>
          <outerBoundaryIs>
            <LinearRing>
              <coordinates>
                84.8734064346782,28.0341981258851,0
                84.8733263905262,28.0338128473981,0
                84.8728747301471,28.032430526282,0
                84.8728386200385,28.0319705670207,0
                84.8729769887961,28.0313988710532,0
                84.8729447580043,28.0307109945827,0
                84.8726901218528,28.0298756282599,0
                84.8724531072881,28.0290965693844,0
                84.8721627861256,28.0284058135971,0
                84.8719976304667,28.0279444150427,0
                84.8726904113278,28.0280212328032,0
                84.8735447961074,28.0281150506108,0
                84.8745777830796,28.0281287544592,0
                84.8753568104367,28.0278711661982,0
                84.876388483026,28.0279593003357,0
                84.8770400922374,28.0275851570472,0
                84.8776895117835,28.0273261287266,0
                84.8785933906384,28.0273361431111,0
                84.8788508553634,28.0274157659131,0
                84.8792379913439,28.0274222093935,0
                84.879627316021,28.0273114754097,0
                84.88032373385,28.0268219683258,0
                84.8805831384761,28.0267503546798,0
                84.8810118293072,28.0268694136471,0
                84.8812137440797,28.0266260587779,0
                84.8814704006286,28.026423852977,0
                84.8816634187178,28.0263366608993,0
                84.8823077422044,28.0261606176693,0
                84.8827260607994,28.0259860226364,0
                84.8837585158964,28.025893432355,0
                84.8843396660405,28.0258896933285,0
                84.8850179085766,28.0259139777383,0
                84.8860206552306,28.0261367261297,0
                84.8864677325513,28.0255321652166,0
                84.8866932655298,28.0254734075986,0
                84.8870348939368,28.0254804720956,0
                84.8870692531077,28.0248790070093,0
                84.8868688001675,28.0239192776534,0
                84.8867439478852,28.0236493622854,0
                84.8864573807367,28.0227285027814,0
                84.8859530906044,28.0219195669976,0
                84.8851081620276,28.0208759594647,0
                84.8847319773632,28.020181328228,0
                84.8845623156782,28.0200267137278,0
                84.8843074167752,28.0197937306981,0
                84.8833136061374,28.0200505656155,0
                84.8809020508334,28.0200953333434,0
                84.8805562825351,28.0201697586125,0
                84.8793508173235,28.020191048639,0
                84.8786594679007,28.0203758961041,0
                84.8779705605617,28.0203668226248,0
                84.8774137623169,28.0202056397729,0
                84.8764347208485,28.0194674401919,0
                84.8754686316632,28.0179643092859,0
                84.8750038314807,28.0173829787066,0
                84.8746644447571,28.0170738135777,0
                84.8742048374089,28.0161878850001,0
                84.8738232083812,28.0158383474879,0
                84.8737393477363,28.0156854846773,0
                84.8730587623012,28.0151415850069,0
                84.8727629970246,28.0147937991556,0
                84.8726902586952,28.0146769954604,0
                84.8720914214236,28.013712885226,0
                84.871476357489,28.0117540509591,0
                84.8712270907073,28.0111780363735,0
                84.8711106858105,28.0103734809877,0
                84.8710264493864,28.0102566778383,0
                84.8710352108332,28.0096836044088,0
                84.8714049460766,28.0080817549745,0
                84.8718015932928,28.0074746287768,0
                84.8719377100287,28.0070157977095,0
                84.8725105891578,28.0061819440305,0
                84.8726906338686,28.0058942858216,0
                84.8728198712293,28.0056881817554,0
                84.8729082379599,28.0055364470972,0
                84.8726903909554,28.0055513788999,0
                84.8719174304775,28.0056013614251,0
                84.8710601740662,28.0053609311108,0
                84.869853582497,28.0054610270196,0
                84.8688282931063,28.0049509304575,0
                84.8677997478455,28.0046686264514,0
                84.8657401557349,28.0042620031603,0
                84.8653963264366,28.0042573728361,0
                84.8645332508628,28.0043982208666,0
                84.8638465949367,28.0042761579735,0
                84.863161566198,28.0040368552012,0
                84.8628181127231,28.0039961035511,0
                84.8624762234007,28.0038381745641,0
                84.8619607941357,28.0037556108703,0
                84.861448055072,28.0035196860078,0
                84.8605905483548,28.0033175020291,0
                84.8578511204769,28.0023645414147,0
                84.8569909863181,28.0023157188491,0
                84.856304642796,28.0021530969425,0
                84.8559628168574,28.0019972933883,0
                84.8551979323391,28.0013748366324,0
                84.854772932359,28.0010639199086,0
                84.8543053156565,28.0006742590023,0
                84.8537054611638,28.000513326187,0
                84.8536154046162,28.000780112892,0
                84.8536088976278,28.0011636415412,0
                84.8534262195472,28.0018506391214,0
                84.8532932955758,28.0020770535458,0
                84.8525913706029,28.0029116543382,0
                84.8522432864335,28.0031731871745,0
                84.8520671177016,28.0034021642315,0
                84.8519325654862,28.0037436309373,0
                84.8517443189455,28.0047735351616,0
                84.851903843368,28.0055802152202,0
                84.8518046518,28.0063817040634,0
                84.8512719505509,28.0074092897359,0
                84.8510459661289,28.0080942248096,0
                84.8512015485789,28.0091287587004,0
                84.851364951821,28.0097053352671,0
                84.8513162008921,28.0100485528634,0
                84.8513931783432,28.0106233155632,0
                84.851642383075,28.0112015800647,0
                84.8521456735556,28.0120106406163,0
                84.8530744005995,28.013168989771,0
                84.853410093211,28.0137466930427,0
                84.8535351975114,28.0139782994045,0
                84.8536164297035,28.0142868357352,0
                84.8543281205146,28.0155571077388,0
                84.8543530302671,28.0167052555808,0
                84.8545180605376,28.0171667162454,0
                84.8551953306163,28.0178641023966,0
                84.8557009992564,28.0185580487645,0
                84.8558660921894,28.0190195098692,0
                84.8558157767363,28.0194777804458,0
                84.8559784925157,28.0200543561256,0
                84.8561474648697,28.0202856503539,0
                84.8567838050492,28.0208682343459,0
                84.8571621179402,28.0214456884637,0
                84.8581767705914,28.0226057257642,0
                84.8587734952634,28.02299676292,0
                84.8590283311062,28.0232298088191,0
                84.858550514079,28.023492214636,0
                84.8580265747157,28.023944477656,0
                84.8575048864541,28.0242816265754,0
                84.8559294368507,28.0259067037432,0
                84.8555367942746,28.0262476039923,0
                84.8547986341076,28.0266199333761,0
                84.8543221312245,28.0268055959428,0
                84.8534543619918,28.0272531660777,0
                84.8528444967504,28.0277059271683,0
                84.8520189086583,28.0281915571093,0
                84.8508051208336,28.0287111779476,0
                84.8504560982641,28.0290133947043,0
                84.8505375821798,28.0292836217056,0
                84.8508723372558,28.0298996972086,0
                84.8511257968989,28.0302071738516,0
                84.8513335089695,28.0306706352592,0
                84.8514609273746,28.0307871889393,0
                84.85171182121,28.0312480267985,0
                84.8518336702198,28.0317098628279,0
                84.852168424761,28.0323258751689,0
                84.8529305561626,28.0331378774375,0
                84.8532987311258,28.0343673355401,0
                84.8532863420273,28.0351322042281,0
                84.8531501001371,28.0355887859438,0
                84.8527505747048,28.0363492730418,0
                84.8524296537033,28.0375695322632,0
                84.8522527959902,28.0378728770577,0
                84.8517271039737,28.0384401920902,0
                84.8514998676366,28.0392041200974,0
                84.851533287145,28.0398152533498,0
                84.8521524187393,28.0415079237296,0
                84.8522240898625,28.0418165846012,0
                84.8522326511718,28.0418526438468,0
                84.8523245146396,28.0418159614787,0
                84.8537491495341,28.0412589104709,0
                84.8542692720616,28.0410368141801,0
                84.8549168130335,28.0409290217277,0
                84.8559545570591,28.0406360659124,0
                84.8564758688651,28.0403372894319,0
                84.8571302928936,28.0398097849861,0
                84.8573896978495,28.0397359837885,0
                84.8580359245766,28.0397071217443,0
                84.8584692458948,28.0395194588009,0
                84.8589045685437,28.0392573022066,0
                84.8591210417711,28.0391453780073,0
                84.8614962356504,28.038715394512,0
                84.8617572674054,28.0385287909089,0
                84.8621960948269,28.0379980958856,0
                84.8624577515313,28.0378092418797,0
                84.8630591699821,28.0378934325621,0
                84.8633156328707,28.038011363116,0
                84.8636582729012,28.0380926742631,0
                84.8638315014497,28.0380577431502,0
                84.8644894308351,28.0372617627437,0
                84.8646197273328,28.0371865216161,0
                84.8650514209783,28.0371160984116,0
                84.8653946868865,28.0371974094415,0
                84.8658712523917,28.0370116835495,0
                84.8661764658329,28.036786333734,0
                84.8666194243603,28.0359872263498,0
                84.8667069155424,28.0358738624223,0
                84.8668804558733,28.0358006222089,0
                84.8675250560576,28.0358845002281,0
                84.8682160924538,28.0357402749405,0
                84.86890456269,28.0357472859927,0
                84.869250769011,28.0356367390101,0
                84.8695562970685,28.0353730809995,0
                84.8700421236921,28.0346142824898,0
                84.8708203373484,28.0343950024875,0
                84.8713868337025,28.0339424900415,0
                84.8714752630483,28.0337907552096,0
                84.871822407633,28.0336418997914,0
                84.8721656722637,28.0337232102847,0
                84.8726734053413,28.03426367016,0
                84.8726899656504,28.0342681076513,0
                84.8728453818037,28.0343054822772,0
                84.8734064346782,28.0341981258851,0
              </coordinates>
            </LinearRing>
          </outerBoundaryIs>
        </Polygon>
      </Placemark>
    </Document>
  </Document>
</kml>
