<?xml version="1.0" encoding="UTF-8"?>
<kml xmlns="http://www.opengis.net/kml/2.2">
  <Document id="root_doc">
    <Schema id="KA_SURKHET_Birendranagar.schema">
      <SimpleField name="ogc_fid" type="int"/>
      <SimpleField name="objectid_1" type="float"/>
      <SimpleField name="dcode" type="int"/>
      <SimpleField name="district" type="string"/>
      <SimpleField name="dan" type="string"/>
      <SimpleField name="das" type="int"/>
      <SimpleField name="gapa_napa" type="string"/>
      <SimpleField name="type_gn" type="string"/>
      <SimpleField name="gn_code" type="float"/>
      <SimpleField name="new_ward_n" type="float"/>
      <SimpleField name="ddgnww" type="float"/>
      <SimpleField name="center" type="string"/>
      <SimpleField name="state_code" type="int"/>
      <SimpleField name="ddgn" type="float"/>
      <SimpleField name="area_sqkm" type="float"/>
      <SimpleField name="shape_leng" type="float"/>
      <SimpleField name="shape_area" type="float"/>
      <SimpleField name="Province" type="string"/>
      <SimpleField name="Address" type="string"/>
    </Schema>
    <Document id="KA_SURKHET_Birendranagar">
      <name>KA_SURKHET_Birendranagar</name>
      <Placemark id="KA_SURKHET_Birendranagar.1">
        <ExtendedData>
          <SchemaData schemaUrl="#KA_SURKHET_Birendranagar.schema">
            <SimpleData name="ogc_fid">2644</SimpleData>
            <SimpleData name="objectid_1">2645</SimpleData>
            <SimpleData name="dcode">59</SimpleData>
            <SimpleData name="district">SURKHET</SimpleData>
            <SimpleData name="das">0</SimpleData>
            <SimpleData name="gapa_napa">Birendranagar</SimpleData>
            <SimpleData name="type_gn">Nagarpalika</SimpleData>
            <SimpleData name="gn_code">3.000000000000000</SimpleData>
            <SimpleData name="new_ward_n">14</SimpleData>
            <SimpleData name="ddgnww">590313.999999999883585</SimpleData>
            <SimpleData name="center">Birendranagar</SimpleData>
            <SimpleData name="state_code">6</SimpleData>
            <SimpleData name="ddgn">59003</SimpleData>
            <SimpleData name="area_sqkm">28.960782710699998</SimpleData>
            <SimpleData name="shape_leng">24729.377077799999824</SimpleData>
            <SimpleData name="shape_area">28960782.710700001567602</SimpleData>
            <SimpleData name="Province">KA</SimpleData>
            <SimpleData name="Address">Birendranagar-14, SURKHET, KA</SimpleData>
          </SchemaData>
        </ExtendedData>
        <Polygon>
          <outerBoundaryIs>
            <LinearRing>
              <coordinates>
                81.6391425507854,28.676374688688,0
                81.6393400937253,28.6759429191483,0
                81.6394010962403,28.6753560990329,0
                81.6396445162743,28.6744796839453,0
                81.6396411618165,28.6733990961112,0
                81.6395596864861,28.6726167295807,0
                81.6389512021745,28.6693847076493,0
                81.6390145317371,28.66792484331,0
                81.6393843697263,28.6672237881591,0
                81.6397923856798,28.666709840815,0
                81.6402403971695,28.6661437119462,0
                81.6404455665432,28.6656035772028,0
                81.640757125774,28.6634206583934,0
                81.640677536582,28.6620111629514,0
                81.6404634574497,28.6610804958429,0
                81.6404314355377,28.6590752431634,0
                81.6402214532509,28.6561931939311,0
                81.64022671384,28.6555795629939,0
                81.6404345167421,28.6545318503307,0
                81.6404340307122,28.6537197379382,0
                81.640243997294,28.6535875597271,0
                81.639974096793,28.6535729947668,0
                81.6381290244679,28.6541141066403,0
                81.6375784108504,28.6541911544265,0
                81.636934562246,28.6540926546942,0
                81.6360619365014,28.6537922329948,0
                81.632976365883,28.6532449903998,0
                81.6324931208216,28.6531569913356,0
                81.6321393579402,28.6530187495411,0
                81.6313003654228,28.6520368907848,0
                81.6308405604683,28.6515901136639,0
                81.6301867172558,28.651295381503,0
                81.6293612708223,28.6510758901865,0
                81.6287131763747,28.6507833461847,0
                81.6280303434282,28.6501413331433,0
                81.6269230714939,28.6492824591575,0
                81.6266454279278,28.648931863232,0
                81.6260845124556,28.6484674603719,0
                81.6254606033252,28.6481590427188,0
                81.6253327474592,28.648053613778,0
                81.6244535621298,28.6475997059688,0
                81.62324592571,28.6469533731694,0
                81.6231148806365,28.6469516843464,0
                81.6230522020718,28.6469519956114,0
                81.6222455704112,28.6464413447932,0
                81.6217447717582,28.6459721929404,0
                81.6212187881983,28.6455662858666,0
                81.6208454052376,28.645346926463,0
                81.6206811798079,28.6452507452303,0
                81.6189849890103,28.6443538042613,0
                81.6180308825155,28.6435415537585,0
                81.6141830054451,28.6414701292817,0
                81.6115217592419,28.6404828078827,0
                81.6113292238013,28.6404656192285,0
                81.6111964930538,28.6403984987648,0
                81.6103751074639,28.6401946935411,0
                81.6074080842888,28.6396169562385,0
                81.6064608394903,28.6395264512776,0
                81.6061481941689,28.639523384664,0
                81.6054580353562,28.6396731112191,0
                81.6051780109796,28.6396721073642,0
                81.6040709072024,28.6399093830574,0
                81.6032635153192,28.6400257353242,0
                81.6027505829731,28.6401002219345,0
                81.602258900452,28.6400708426685,0
                81.6005125728665,28.6402207420755,0
                81.5984255531068,28.6397043229447,0
                81.5961061994494,28.6386633245884,0
                81.5953293760521,28.6381907322618,0
                81.5932136308646,28.6365306689311,0
                81.5925718565832,28.6357303591282,0
                81.5920347589282,28.6348078115917,0
                81.5915382696206,28.6344941462185,0
                81.591040403531,28.6342955330921,0
                81.5903523739477,28.6341384131821,0
                81.5891462273206,28.6340443419842,0
                81.5886839805206,28.6339110357038,0
                81.5880852502425,28.633841471374,0
                81.5875751941842,28.6338459010952,0
                81.5875653212587,28.6338008426394,0
                81.5868871655781,28.6337000300893,0
                81.5864633482173,28.6336973370626,0
                81.5849756702552,28.6340037882001,0
                81.5838504427373,28.6343221809993,0
                81.5827395948277,28.6342412354829,0
                81.5825822440799,28.6340998082392,0
                81.5824113362781,28.6337147791744,0
                81.5823426671552,28.6331985761966,0
                81.5823783625657,28.6324877675651,0
                81.5825141682364,28.6318510157385,0
                81.5823922066057,28.6305972549151,0
                81.582112572486,28.6297367049293,0
                81.5814542429772,28.6286995420035,0
                81.5813865666762,28.6285938010618,0
                81.5803340459638,28.6272447860707,0
                81.5799324203588,28.6268652530606,0
                81.5794645560473,28.6262807377029,0
                81.5791558526732,28.6260496921142,0
                81.5789014572942,28.6255951057704,0
                81.5787837264176,28.6254534917086,0
                81.5779681992944,28.6261698517043,0
                81.5759200176666,28.6274125210945,0
                81.5743592832779,28.6279132033297,0
                81.5729154065258,28.6285193150722,0
                81.5723514151047,28.6288353407939,0
                81.5704970192117,28.6301425065809,0
                81.5696259989806,28.6308793638403,0
                81.5692678485558,28.6315531720238,0
                81.5691900420005,28.6318241458496,0
                81.5692110181876,28.6329903503032,0
                81.5693421746527,28.633713910569,0
                81.5696454284513,28.6347097607052,0
                81.5706222507728,28.6372096681135,0
                81.5713635631491,28.6385781770561,0
                81.5714744160907,28.638979203517,0
                81.5717614919538,28.6395803399671,0
                81.5730137901838,28.6413323822953,0
                81.5739801411549,28.6423502396278,0
                81.5745823565499,28.6431687973499,0
                81.5749064276878,28.6437494357085,0
                81.5750376531563,28.6441279027689,0
                81.575274364063,28.6445171202643,0
                81.5757520442425,28.644770040364,0
                81.5762048573219,28.6448042307428,0
                81.5757751972509,28.6465565633455,0
                81.5757025042538,28.6473937976886,0
                81.5757527335015,28.6481741639344,0
                81.5761199164389,28.6491448913369,0
                81.5764061876826,28.649240636643,0
                81.5766474027472,28.6493862512927,0
                81.5769604167804,28.649696227528,0
                81.5777423002438,28.6502704349705,0
                81.5785148661293,28.6512484180542,0
                81.5791022074163,28.6521369688206,0
                81.5799761991446,28.6529565924493,0
                81.5812335808337,28.6534904357291,0
                81.5814534866385,28.6536044906107,0
                81.5823517942091,28.6540721478253,0
                81.5830923719471,28.6545697365651,0
                81.5836919062826,28.6551063204538,0
                81.5843493034375,28.6558388873392,0
                81.5850914349616,28.6568350555538,0
                81.5858894262936,28.6582212510134,0
                81.5862438695209,28.6587137103844,0
                81.5868706465125,28.6594351522959,0
                81.5870058111255,28.6597120661642,0
                81.5870658572935,28.6601607127526,0
                81.5863569841668,28.661927851862,0
                81.5861928020332,28.6628670128944,0
                81.585829525046,28.6636558729707,0
                81.5855982909249,28.6645073532124,0
                81.5847658026075,28.6667058888677,0
                81.5846360016088,28.6670494179078,0
                81.584026419148,28.669323698505,0
                81.5839641000817,28.6701879306493,0
                81.584048694159,28.6712658944771,0
                81.5842285923745,28.6721088193211,0
                81.5841401502244,28.6729889866699,0
                81.584243439543,28.6735186268343,0
                81.5844140383543,28.6737209225343,0
                81.5850107666734,28.6738559808054,0
                81.5850556355724,28.6738670429359,0
                81.5855195136892,28.6736891287262,0
                81.5861963657943,28.6732823628149,0
                81.5864502112803,28.6730376393598,0
                81.5867370496262,28.6728784701761,0
                81.5876264951493,28.6726355056235,0
                81.5878745865398,28.6726366964614,0
                81.5887200922101,28.672878873022,0
                81.5891136611213,28.6730554242966,0
                81.5897721264179,28.673476644566,0
                81.5902692314637,28.6743091997914,0
                81.5906615338795,28.6753947301668,0
                81.5911535808648,28.676006179808,0
                81.5914406461145,28.6771419544163,0
                81.5913917709067,28.677552665724,0
                81.5910941769118,28.6780728634888,0
                81.5911434743549,28.6785350085413,0
                81.5912355188175,28.6788685418888,0
                81.5915225942611,28.6794289940573,0
                81.5916608151301,28.680017191603,0
                81.5915893201622,28.6802634180631,0
                81.5913193516886,28.6805961953403,0
                81.5905434489113,28.6810213961186,0
                81.5902542953704,28.6813587981427,0
                81.590057375856,28.6818153157053,0
                81.5900006248102,28.6822938333787,0
                81.5899978664303,28.6828284709721,0
                81.5900745953829,28.6833966074038,0
                81.5903476087327,28.6840744859321,0
                81.5912374648302,28.6853631913803,0
                81.5923036844135,28.6859540888964,0
                81.593676613521,28.6864826842131,0
                81.594287091471,28.6865341878454,0
                81.5951067934509,28.6865102646899,0
                81.5965111632329,28.6866078375614,0
                81.5968994807219,28.686847507746,0
                81.5974849526935,28.6874607717882,0
                81.597775784484,28.6876558208802,0
                81.5985146792235,28.6879209312485,0
                81.5990454188035,28.6880110553342,0
                81.6003572372634,28.6881338749116,0
                81.6013673457702,28.6884023016673,0
                81.603011307011,28.6885596846605,0
                81.6050390316618,28.6885055304136,0
                81.6060967030826,28.688360933672,0
                81.6072332362675,28.688367136274,0
                81.6093194412817,28.6890164179855,0
                81.6105409504326,28.6896673744886,0
                81.6114779468833,28.6897759400859,0
                81.6125193719988,28.6894892931621,0
                81.6140173596552,28.6892839587771,0
                81.6149003017615,28.689345402583,0
                81.6152448780416,28.6894227748967,0
                81.6157871733142,28.6897451282472,0
                81.6161676199005,28.6898291257632,0
                81.6165441960865,28.6896988302124,0
                81.6168712143134,28.6897357063432,0
                81.6179975511874,28.6902854835868,0
                81.6187217607341,28.6905393455224,0
                81.6195277113913,28.6906619707233,0
                81.6197014981631,28.6907401532735,0
                81.6207037239783,28.6914957841884,0
                81.6211669710054,28.6916447776941,0
                81.6218894961098,28.6917114063389,0
                81.6231141372262,28.6920125830385,0
                81.6231282603261,28.692017019872,0
                81.6231836277749,28.6919694001301,0
                81.6246759251829,28.6919918562264,0
                81.6253350213652,28.6920519852412,0
                81.6257810867518,28.6919889968377,0
                81.6276747145021,28.6914162644982,0
                81.6285125366754,28.6915228908633,0
                81.6288591111293,28.6917198153931,0
                81.6295205751664,28.6921724074251,0
                81.6297363597863,28.6921082915175,0
                81.6299728305767,28.691971807741,0
                81.6304718319976,28.6915656645366,0
                81.6314056050713,28.690182992241,0
                81.6318490627756,28.6891454700533,0
                81.6333357829094,28.6865556045487,0
                81.634302110157,28.6853644784398,0
                81.6347938690727,28.6846268033728,0
                81.6359542482204,28.6825549487006,0
                81.6365593706777,28.6816227309023,0
                81.6378914925492,28.6786613357361,0
                81.6388314552085,28.6770686827066,0
                81.6391425507854,28.676374688688,0
              </coordinates>
            </LinearRing>
          </outerBoundaryIs>
        </Polygon>
      </Placemark>
      <Placemark id="KA_SURKHET_Birendranagar.2">
        <ExtendedData>
          <SchemaData schemaUrl="#KA_SURKHET_Birendranagar.schema">
            <SimpleData name="ogc_fid">2645</SimpleData>
            <SimpleData name="objectid_1">2646</SimpleData>
            <SimpleData name="dcode">59</SimpleData>
            <SimpleData name="district">SURKHET</SimpleData>
            <SimpleData name="das">0</SimpleData>
            <SimpleData name="gapa_napa">Birendranagar</SimpleData>
            <SimpleData name="type_gn">Nagarpalika</SimpleData>
            <SimpleData name="gn_code">3.000000000000000</SimpleData>
            <SimpleData name="new_ward_n">16</SimpleData>
            <SimpleData name="ddgnww">590316.000000000000000</SimpleData>
            <SimpleData name="center">Birendranagar</SimpleData>
            <SimpleData name="state_code">6</SimpleData>
            <SimpleData name="ddgn">59003</SimpleData>
            <SimpleData name="area_sqkm">22.231593201999999</SimpleData>
            <SimpleData name="shape_leng">24009.392364899998938</SimpleData>
            <SimpleData name="shape_area">22231593.201999999582767</SimpleData>
            <SimpleData name="Province">KA</SimpleData>
            <SimpleData name="Address">Birendranagar-16, SURKHET, KA</SimpleData>
          </SchemaData>
        </ExtendedData>
        <Polygon>
          <outerBoundaryIs>
            <LinearRing>
              <coordinates>
                81.7309331049651,28.6505297969794,0
                81.7312921966506,28.6496728192162,0
                81.7320253607651,28.6489177114102,0
                81.7326567811664,28.6486143109347,0
                81.733842997444,28.6484635919049,0
                81.7345800900898,28.6481820651077,0
                81.7351628260531,28.6480435236138,0
                81.7357068810364,28.6477743686944,0
                81.738964792347,28.6454872507799,0
                81.7410729591296,28.6446366084364,0
                81.7420882621993,28.6444663261957,0
                81.7432096671166,28.6447556904341,0
                81.7437177181109,28.6449987996692,0
                81.7440197978652,28.6452272206516,0
                81.7443789885653,28.6458456063153,0
                81.7449898340098,28.646345256013,0
                81.7454347686952,28.6466113003776,0
                81.7456602996273,28.6466800469863,0
                81.7476260327092,28.6466692002449,0
                81.7480799101435,28.6465719656327,0
                81.7480958451759,28.6465674040353,0
                81.7489691063542,28.6462963162029,0
                81.7494224198813,28.6462983228033,0
                81.750137639654,28.6460936016588,0
                81.7504627226978,28.6459609305481,0
                81.7509174743624,28.645906567387,0
                81.7511776904682,28.6458148295972,0
                81.7515902016005,28.6455689830859,0
                81.7519829039832,28.6452260820863,0
                81.7522432469177,28.6450757872126,0
                81.7523731673023,28.6450186073359,0
                81.7525680785638,28.6449996116033,0
                81.7530231444334,28.6448887530938,0
                81.7531522513905,28.6448903171396,0
                81.7534775219849,28.6447779573622,0
                81.7536723709136,28.644758837207,0
                81.7539970778895,28.6446667870919,0
                81.7551034988068,28.6441959090536,0
                81.7554295823813,28.6440249295173,0
                81.7559512681562,28.6436655321851,0
                81.7564068355023,28.6434577454814,0
                81.7571236195053,28.6431199114242,0
                81.7571451793595,28.6430949763295,0
                81.7572542288727,28.6429657402276,0
                81.7575158226031,28.6427206412675,0
                81.757798788734,28.6425115400834,0
                81.7581699324818,28.6421124567262,0
                81.7585407006735,28.6417697439523,0
                81.7586401260469,28.6417150629895,0
                81.7587146164731,28.6416762549622,0
                81.758823228266,28.6415809526046,0
                81.7594752087041,28.6412208699262,0
                81.7598650951273,28.6411103856384,0
                81.7603841516223,28.6410172144088,0
                81.7608394680628,28.6408680470856,0
                81.7616211181739,28.6404892178339,0
                81.7617514768534,28.6403959780795,0
                81.7625321271486,28.6400554583702,0
                81.763010192783,28.6397730533045,0
                81.7638580906338,28.6390148223183,0
                81.7648987092073,28.6384697621624,0
                81.765354403354,28.6381874823452,0
                81.7659387654251,28.6379428254226,0
                81.7662629723458,28.6378687746089,0
                81.7664578851775,28.6377752236017,0
                81.766587555341,28.6377586642543,0
                81.7670421224453,28.6375891865091,0
                81.7677146010899,28.637154486272,0
                81.7681038624701,28.6370620630156,0
                81.768689914777,28.6366865428962,0
                81.7692740887884,28.6364982559173,0
                81.7700506704807,28.6364870180416,0
                81.7704400568733,28.6364126553583,0
                81.7706344054167,28.6364160330421,0
                81.7710230412889,28.6363236089101,0
                81.7715431626629,28.636117573298,0
                81.7719979169722,28.6358917256278,0
                81.7727119494174,28.6356305095388,0
                81.7734935414906,28.6350823839388,0
                81.7739784824399,28.6347028629514,0
                81.7741234646612,28.6345892507212,0
                81.7742972564647,28.6344190812437,0
                81.7744503020423,28.6341904171516,0
                81.7751676525995,28.6336042313131,0
                81.7756227832438,28.6333399493836,0
                81.775669159098,28.6329584848773,0
                81.77574028803,28.6321956191996,0
                81.7758969653429,28.6315856146659,0
                81.775942653262,28.6312040881054,0
                81.7760775211628,28.6305920221079,0
                81.7761267768922,28.6299059610676,0
                81.7762623972788,28.6291427209344,0
                81.776224663703,28.6285293391173,0
                81.7761406181374,28.6282230534644,0
                81.7759919563285,28.6279170175911,0
                81.7756716312887,28.6275512966867,0
                81.7753499290629,28.6273568101138,0
                81.7743579399047,28.6272722413635,0
                81.7731300470072,28.6270897415045,0
                81.772226487767,28.6267768824093,0
                81.7708521890598,28.6259815609822,0
                81.7704455634597,28.6256162143168,0
                81.770402820563,28.6255397204184,0
                81.7699104581874,28.6250755694422,0
                81.7698878991555,28.6250486339142,0
                81.7696016317312,28.6247118483266,0
                81.7695587002806,28.6246917871145,0
                81.769386975197,28.6246319149326,0
                81.768958035998,28.6244561130065,0
                81.7686373964861,28.6242233177023,0
                81.7682943214985,28.6240673271183,0
                81.7672640917187,28.623730281133,0
                81.766835028881,28.6235364801333,0
                81.7664052141672,28.6233967994785,0
                81.7659985861743,28.6232028119624,0
                81.7655260905797,28.6230046989977,0
                81.7653977967197,28.6229468271923,0
                81.7649689836375,28.6227710873446,0
                81.7642807046987,28.6226102180461,0
                81.7637635874491,28.6226040857867,0
                81.7629856920267,28.6226919422933,0
                81.7627268515298,28.6226911256451,0
                81.7621222448869,28.6227802970444,0
                81.7619496428878,28.622778982061,0
                81.7614337151554,28.6226781091907,0
                81.7611757517673,28.6226164231111,0
                81.7606604498197,28.6224208090956,0
                81.7601677088407,28.6221663882168,0
                81.7593335822179,28.621622864712,0
                81.7589905688953,28.6214849348844,0
                81.7584728259478,28.6214810525434,0
                81.7582999115809,28.6215158594762,0
                81.7579529549898,28.6217050870493,0
                81.7576068764986,28.6217588902359,0
                81.75700339605,28.6217329461893,0
                81.7562286286446,28.6216289455836,0
                81.7559705396318,28.6215695099356,0
                81.7557564455161,28.6214715157198,0
                81.7556924554489,28.6213747737491,0
                81.7556733362738,28.6212034765429,0
                81.7553618949508,28.6202825573727,0
                81.7551086253312,28.6198192839477,0
                81.7550258286966,28.6195896164038,0
                81.7546646354049,28.6191269037455,0
                81.7543666193405,28.6188375518406,0
                81.7540257954795,28.6185461989896,0
                81.7537685203046,28.6184100204529,0
                81.7534049488145,28.6181571636388,0
                81.7530233222305,28.6176945754348,0
                81.7529181524439,28.6174650327729,0
                81.752878162373,28.6172351782993,0
                81.7529481605828,28.6168332791941,0
                81.7529527285921,28.6164903107853,0
                81.7528066924442,28.616087345611,0
                81.7527012728401,28.6159142984516,0
                81.7525947895079,28.6157794966214,0
                81.7522523389625,28.6156031328253,0
                81.7515253841939,28.6151176677316,0
                81.7512371160763,28.6148396264076,0
                81.7512061832111,28.6148103788134,0
                81.7509510358605,28.6145207771716,0
                81.7506575872744,28.6138862686217,0
                81.7505976640044,28.6135414875988,0
                81.7506016690919,28.613198581338,0
                81.7505399317051,28.6129665396662,0
                81.7503448607859,28.6114178674231,0
                81.7503485537231,28.6111313312122,0
                81.7503068109945,28.6110142787695,0
                81.7503261891422,28.6106803103385,0
                81.7503347535551,28.6105381982632,0
                81.7503138827385,28.6104795786933,0
                81.7502179122279,28.609561974529,0
                81.7502490457058,28.6088151064593,0
                81.7504992804876,28.6077850799552,0
                81.7505710300665,28.6072703158296,0
                81.7505794793566,28.6065822541178,0
                81.7504341932007,28.6061792893064,0
                81.75033284135,28.605681271488,0
                81.7502686635349,28.6056410240166,0
                81.7500336978589,28.6054866601632,0
                81.7496042595256,28.6053108583199,0
                81.7495831371565,28.605310982965,0
                81.7493472960686,28.6052130509132,0
                81.7491775732277,28.6049815697191,0
                81.749010477733,28.6045787925405,0
                81.7488630028891,28.6043291253487,0
                81.7487795803937,28.6040972712269,0
                81.7487604616583,28.6039259119101,0
                81.7485708057758,28.6035796282486,0
                81.7482939110264,28.6032900888563,0
                81.7480990645655,28.6032009069888,0
                81.7479836435639,28.6031496595957,0
                81.7479095924608,28.6030733535736,0
                81.7477176826566,28.6029526741697,0
                81.7474771533853,28.6029133618538,0
                81.7470299096722,28.6024758961759,0
                81.7459449550489,28.6012298705427,0
                81.7457090559082,28.6008477155317,0
                81.7456155771747,28.6003766947662,0
                81.7456830735649,28.6000672870162,0
                81.7461329698305,28.5989865180367,0
                81.7461702779274,28.5989298989498,0
                81.7462217727542,28.5988010360496,0
                81.7462821420376,28.5986631121029,0
                81.7463774501971,28.5982227170645,0
                81.745917403241,28.597322918764,0
                81.745614762707,28.5969974445013,0
                81.7449620478908,28.5965047302718,0
                81.7434314557058,28.5958408953353,0
                81.7418311273285,28.5948886481932,0
                81.7409944970793,28.5945052346903,0
                81.74061842781,28.5942660009497,0
                81.7398759704809,28.5940037649207,0
                81.7389025428971,28.5938737012433,0
                81.7377841934094,28.5939474904626,0
                81.7365434307316,28.5936000681689,0
                81.7357974064309,28.5936469912098,0
                81.7354198307576,28.5937482889341,0
                81.735160987251,28.5939301434209,0
                81.7349400124745,28.5942111141891,0
                81.7347087215643,28.5947785581999,0
                81.7344877462619,28.595057217146,0
                81.734141912805,28.5953185008175,0
                81.7340131121046,28.5956350320584,0
                81.7343169273813,28.5966868766193,0
                81.7344975838764,28.5970287857075,0
                81.735794889521,28.5980572090947,0
                81.7365207235234,28.5983216944991,0
                81.7371298854889,28.5986229253166,0
                81.7373043600794,28.598714481974,0
                81.737416594079,28.5987770402119,0
                81.7375002683477,28.5988555336018,0
                81.7382952162673,28.5992301982822,0
                81.7399464839081,28.5996926788102,0
                81.7414975116502,28.600345139789,0
                81.7416169295731,28.6005136887791,0
                81.7417121618149,28.600788414489,0
                81.7417252730528,28.6014763514191,0
                81.7416655913852,28.6016233369404,0
                81.7415025475777,28.6017888817504,0
                81.7397167200272,28.6021933820546,0
                81.738354905229,28.6021850512751,0
                81.7375016427616,28.6023475864622,0
                81.7351555117272,28.6030506137436,0
                81.7341285158861,28.6035907994591,0
                81.7339467887226,28.6037452207455,0
                81.733432041833,28.603973567337,0
                81.7325522103278,28.6047272979413,0
                81.7312409960861,28.6056660051482,0
                81.7308189784654,28.606372121513,0
                81.7307024220555,28.6068961342777,0
                81.7307530385097,28.6070108744193,0
                81.7306122941451,28.6077222446925,0
                81.7302479587219,28.6082678767517,0
                81.729916872996,28.6086215890604,0
                81.7294164273643,28.6093642015766,0
                81.7289766062761,28.6097139751578,0
                81.728555342622,28.6101584278838,0
                81.7282290697277,28.6103879651741,0
                81.7280332172184,28.610634876908,0
                81.7278245478497,28.6112270698215,0
                81.7272424257393,28.6119768670309,0
                81.7271153677494,28.6126520533749,0
                81.7270329777694,28.6141391017524,0
                81.7267144422874,28.6150273903133,0
                81.7264322249267,28.6153446698005,0
                81.7255601480823,28.615771180976,0
                81.7244006738449,28.6161338189898,0
                81.723721827192,28.6162051152867,0
                81.7225585504878,28.6160940466446,0
                81.7218247787764,28.615890430331,0
                81.7209048427101,28.615757679558,0
                81.7196265795031,28.6157644736691,0
                81.7191694578342,28.6155616733617,0
                81.7187760744887,28.6155095474543,0
                81.7186459034859,28.6155373553251,0
                81.7176087167354,28.616402324044,0
                81.717307311209,28.6169069601577,0
                81.7162076435786,28.6171383612415,0
                81.7134795097572,28.6173693016232,0
                81.7123370417603,28.6173144159705,0
                81.7118088654979,28.6171863580175,0
                81.7112003280576,28.6168850022765,0
                81.7109139345107,28.616593212232,0
                81.7103049113041,28.6155609868903,0
                81.709684188822,28.6152529444279,0
                81.7094306602539,28.6152723136596,0
                81.7090448347086,28.6154051710465,0
                81.7085057144396,28.6157350705956,0
                81.7075209582718,28.616613225897,0
                81.7071875531202,28.617321093325,0
                81.7071839882949,28.6174497062701,0
                81.7068447787768,28.6177627351088,0
                81.7064381993794,28.6183220525954,0
                81.7064230130787,28.6183424258172,0
                81.7062933411847,28.6184514134654,0
                81.7053254656342,28.6188917975759,0
                81.7046543648608,28.6190870820065,0
                81.7041861174039,28.6190285813933,0
                81.7042317967183,28.6191614443174,0
                81.7038797082536,28.6197498230703,0
                81.7036822148166,28.6208990268276,0
                81.7037701337179,28.6212482457685,0
                81.7041489509289,28.6216004677831,0
                81.7041376957769,28.6220178666695,0
                81.7042260544531,28.6222317234159,0
                81.7044647664187,28.6225665713358,0
                81.7052920269591,28.6226863843109,0
                81.7062158306355,28.6231056706169,0
                81.706438104877,28.6235579447032,0
                81.7065845802402,28.6238571685929,0
                81.7065182619532,28.624649344522,0
                81.7066526118302,28.6250456849056,0
                81.7067106008284,28.6252145454942,0
                81.7067861969041,28.6262856976259,0
                81.7070314602955,28.6271190612877,0
                81.7071913690439,28.6275197764297,0
                81.707266981337,28.6276434541541,0
                81.7078945707067,28.6283846444604,0
                81.7102047188325,28.6304772338535,0
                81.7105679778949,28.6307077175583,0
                81.7120170075786,28.6320243031349,0
                81.7127143989602,28.6327876179444,0
                81.7136584991541,28.6340120176897,0
                81.7141897189318,28.6351394842193,0
                81.7143538085305,28.6358830421227,0
                81.7143927947202,28.636345187658,0
                81.714317975801,28.6372818506497,0
                81.714252607971,28.6373497803149,0
                81.7138179543081,28.6387755802834,0
                81.713868946018,28.6388452619126,0
                81.7137971996845,28.6392042907801,0
                81.7139689032701,28.6404711761458,0
                81.7141208764697,28.6408267699539,0
                81.7146920930447,28.6418321856246,0
                81.7152206975125,28.6424835702169,0
                81.7151775144388,28.6425198791154,0
                81.7152846866073,28.6425869994166,0
                81.7159587664611,28.6434813006009,0
                81.7170730975668,28.6444206047653,0
                81.7180715654852,28.6456199453422,0
                81.7192040717829,28.6471681934609,0
                81.7207032182177,28.648563335613,0
                81.7217616848973,28.6493743380363,0
                81.7242755512654,28.6517070330552,0
                81.7272319842219,28.6539469923393,0
                81.7279446919977,28.654385337344,0
                81.7283711923104,28.6545838248383,0
                81.728549353748,28.6547272515898,0
                81.7285907230308,28.6547044415513,0
                81.728657402906,28.6546409487369,0
                81.7289499937742,28.6543302933279,0
                81.7305713886182,28.6513845259024,0
                81.7309331049651,28.6505297969794,0
              </coordinates>
            </LinearRing>
          </outerBoundaryIs>
        </Polygon>
      </Placemark>
      <Placemark id="KA_SURKHET_Birendranagar.3">
        <ExtendedData>
          <SchemaData schemaUrl="#KA_SURKHET_Birendranagar.schema">
            <SimpleData name="ogc_fid">2686</SimpleData>
            <SimpleData name="objectid_1">2687</SimpleData>
            <SimpleData name="dcode">59</SimpleData>
            <SimpleData name="district">SURKHET</SimpleData>
            <SimpleData name="das">0</SimpleData>
            <SimpleData name="gapa_napa">Birendranagar</SimpleData>
            <SimpleData name="type_gn">Nagarpalika</SimpleData>
            <SimpleData name="gn_code">3.000000000000000</SimpleData>
            <SimpleData name="new_ward_n">15</SimpleData>
            <SimpleData name="ddgnww">590315.000000000000000</SimpleData>
            <SimpleData name="center">Birendranagar</SimpleData>
            <SimpleData name="state_code">6</SimpleData>
            <SimpleData name="ddgn">59003</SimpleData>
            <SimpleData name="area_sqkm">24.611371662000000</SimpleData>
            <SimpleData name="shape_leng">25382.391645299998345</SimpleData>
            <SimpleData name="shape_area">24611371.662000000476837</SimpleData>
            <SimpleData name="Province">KA</SimpleData>
            <SimpleData name="Address">Birendranagar-15, SURKHET, KA</SimpleData>
          </SchemaData>
        </ExtendedData>
        <Polygon>
          <outerBoundaryIs>
            <LinearRing>
              <coordinates>
                81.6935201831912,28.6716089515666,0
                81.6939952544952,28.6710154502653,0
                81.6953518496972,28.6694181173527,0
                81.6961632491948,28.6688296829965,0
                81.6970711436234,28.6678482239459,0
                81.6978300581623,28.6668652621822,0
                81.6980585927664,28.6667084677315,0
                81.699022910864,28.6660492923038,0
                81.6994664210616,28.6656206504827,0
                81.6997186444249,28.6651839442029,0
                81.6999339476522,28.6641000471168,0
                81.7000229505862,28.6632400651986,0
                81.7004233508106,28.6622995951685,0
                81.7006733879618,28.6618358295356,0
                81.7009379818163,28.6615299238198,0
                81.701515663448,28.6609990436129,0
                81.7022401943807,28.6607223913826,0
                81.7033472375515,28.6603781888771,0
                81.7048120489647,28.6598066372288,0
                81.7057910460866,28.6595263645881,0
                81.7064368366326,28.659342515292,0
                81.7071043742545,28.6591517927427,0
                81.7081423039476,28.6587019732766,0
                81.7119645749864,28.6564531721907,0
                81.7138345851958,28.6556785827075,0
                81.7145971736629,28.6554579887942,0
                81.7154739320703,28.6553045145476,0
                81.7161730232875,28.6553436462123,0
                81.7177019992779,28.655570208764,0
                81.7179360902339,28.6556772026169,0
                81.7181183752884,28.6558747493578,0
                81.7185736845474,28.6560798619966,0
                81.7193772596677,28.6562447949194,0
                81.7198821286626,28.6562105556083,0
                81.7206309077484,28.6559425910287,0
                81.7208909348057,28.6559186589469,0
                81.7220787215593,28.6553303550804,0
                81.7222698217721,28.6552413662295,0
                81.7226553348042,28.6551310060763,0
                81.723461100922,28.6550703357641,0
                81.7246463778371,28.6550549793229,0
                81.7259448233575,28.6552284809017,0
                81.7267075293758,28.6554071004853,0
                81.7273260723147,28.6552616852678,0
                81.7280027345928,28.655014404596,0
                81.728549353748,28.6547272515898,0
                81.7283711923104,28.6545838248383,0
                81.7279446919977,28.654385337344,0
                81.7272319842219,28.6539469923393,0
                81.7242755512654,28.6517070330552,0
                81.7217616848973,28.6493743380363,0
                81.7207032182177,28.648563335613,0
                81.7192040717829,28.6471681934609,0
                81.7180715654852,28.6456199453422,0
                81.7170730975668,28.6444206047653,0
                81.7159587664611,28.6434813006009,0
                81.7152846866073,28.6425869994166,0
                81.7151775144388,28.6425198791154,0
                81.7152206975125,28.6424835702169,0
                81.7146920930447,28.6418321856246,0
                81.7141208764697,28.6408267699539,0
                81.7139689032701,28.6404711761458,0
                81.7137971996845,28.6392042907801,0
                81.713868946018,28.6388452619126,0
                81.7138179543081,28.6387755802834,0
                81.714252607971,28.6373497803149,0
                81.714317975801,28.6372818506497,0
                81.7143927947202,28.636345187658,0
                81.7143538085305,28.6358830421227,0
                81.7141897189318,28.6351394842193,0
                81.7136584991541,28.6340120176897,0
                81.7127143989602,28.6327876179444,0
                81.7120170075786,28.6320243031349,0
                81.7105679778949,28.6307077175583,0
                81.7102047188325,28.6304772338535,0
                81.7078945707067,28.6283846444604,0
                81.707266981337,28.6276434541541,0
                81.7071913690439,28.6275197764297,0
                81.7070314602955,28.6271190612877,0
                81.7067861969041,28.6262856976259,0
                81.7067106008284,28.6252145454942,0
                81.7066526118302,28.6250456849056,0
                81.7065182619532,28.624649344522,0
                81.7065845802402,28.6238571685929,0
                81.706438104877,28.6235579447032,0
                81.7062158306355,28.6231056706169,0
                81.7052920269591,28.6226863843109,0
                81.7044647664187,28.6225665713358,0
                81.7042260544531,28.6222317234159,0
                81.7041376957769,28.6220178666695,0
                81.7041489509289,28.6216004677831,0
                81.7037701337179,28.6212482457685,0
                81.7036822148166,28.6208990268276,0
                81.7038797082536,28.6197498230703,0
                81.7042317967183,28.6191614443174,0
                81.7041861174039,28.6190285813933,0
                81.703975211689,28.6188311586339,0
                81.7029717906958,28.618547608334,0
                81.7026545220005,28.6185154194772,0
                81.7025447883576,28.6184460495914,0
                81.7018119535293,28.6182942409716,0
                81.7011997876392,28.6182161765527,0
                81.6997719813149,28.6182167817698,0
                81.6981117049235,28.6183426222547,0
                81.6976629511167,28.6184306703636,0
                81.6972130747457,28.6184397876601,0
                81.695701161516,28.618093361669,0
                81.6954013896524,28.6180881080602,0
                81.6950102535889,28.6181916546958,0
                81.694753225936,28.6181749030938,0
                81.6945365714123,28.6179820426491,0
                81.6942104289261,28.6179543536372,0
                81.6940039552794,28.6180524041432,0
                81.6934587113701,28.6183326829403,0
                81.6921781299337,28.6186640723117,0
                81.6912140670652,28.6190141509967,0
                81.6903777920918,28.6197538207398,0
                81.6902246190777,28.6200907250051,0
                81.6901032592731,28.6201928395613,0
                81.6894792766784,28.6204554312434,0
                81.688928102313,28.6204199272453,0
                81.6878513058023,28.6207388822472,0
                81.6868820058839,28.6203942131183,0
                81.6865611117325,28.6203867723799,0
                81.6858198978024,28.6205146247053,0
                81.685588680688,28.6204413786445,0
                81.6852713510763,28.6202895749985,0
                81.6843321187047,28.6194528894478,0
                81.6841722706157,28.6191513526827,0
                81.683706400551,28.6189664880846,0
                81.6830849224129,28.6189222335237,0
                81.6827467173685,28.6190119081187,0
                81.6817479666648,28.6196373368821,0
                81.6799662009146,28.620065897299,0
                81.6793386555458,28.620373547701,0
                81.6788120379016,28.6204844671775,0
                81.6779895881165,28.6204028384647,0
                81.6774306040152,28.6202500320022,0
                81.6773542391391,28.6202955265602,0
                81.6771940747688,28.6202399049646,0
                81.6778471005235,28.6208051115043,0
                81.6786329164686,28.6216448572691,0
                81.6789677989885,28.6221372539239,0
                81.6790823383321,28.6225607794557,0
                81.6790855206184,28.6228516896925,0
                81.6789644663556,28.623305771758,0
                81.679130924868,28.6243449276512,0
                81.6790050634553,28.6245553443128,0
                81.6785303733805,28.6247878162923,0
                81.6783555183505,28.6250323533747,0
                81.6783665165674,28.625045790115,0
                81.678429693432,28.6251311581625,0
                81.6783870614526,28.6258600279245,0
                81.6782666270491,28.6266141436591,0
                81.677752068272,28.6268129933678,0
                81.6769464909713,28.6267786729522,0
                81.6749064504997,28.627018934533,0
                81.673984444816,28.6273686395246,0
                81.6735964313792,28.6275646154241,0
                81.6732595345041,28.6278572715587,0
                81.6731618476546,28.6285751415448,0
                81.6729168727707,28.6290523441042,0
                81.6725979726231,28.6293629356545,0
                81.6711602129882,28.6303401381024,0
                81.6706537772366,28.6306042938333,0
                81.6700006080555,28.6310293704515,0
                81.669370054712,28.6317949782294,0
                81.6689654078612,28.63260002374,0
                81.6684938375707,28.6331257189773,0
                81.6683034236546,28.6332372056104,0
                81.6675517098838,28.6334507375583,0
                81.6673487954668,28.6337157110251,0
                81.6673430980189,28.6343157797835,0
                81.6674588263424,28.6346310030163,0
                81.6676539194048,28.6349481006958,0
                81.6688852369792,28.6357767288475,0
                81.6690780821766,28.6359494656605,0
                81.6690982642949,28.6361027643266,0
                81.6690423941933,28.6362722478839,0
                81.6689331565433,28.6363854858046,0
                81.6684860278244,28.6365389034402,0
                81.6683080485636,28.636693198643,0
                81.6683961513393,28.637279270963,0
                81.6683930214949,28.6375951170728,0
                81.668115611776,28.6381085661063,0
                81.6676502303589,28.6385123968165,0
                81.6672036019395,28.6386454409682,0
                81.6668522130904,28.6385750049507,0
                81.6663315399055,28.6382233429192,0
                81.6656509588319,28.6374484674672,0
                81.6650507368775,28.6369483171106,0
                81.6647763393872,28.6368143262464,0
                81.6647057871423,28.6367808281471,0
                81.6639979436698,28.6368497497782,0
                81.6638415258497,28.6369858598418,0
                81.6636407263845,28.6377854080533,0
                81.6636360929352,28.6382704256933,0
                81.6638877928074,28.6391602847799,0
                81.6636623069421,28.6400953203958,0
                81.6636032423375,28.6406685785598,0
                81.6637215969792,28.6408823104426,0
                81.6640233028035,28.641079359021,0
                81.6647763863585,28.6411726733481,0
                81.6650239146084,28.6412030491022,0
                81.6660454571118,28.6415115973475,0
                81.6663969688511,28.6416970854091,0
                81.6667329813325,28.6419638781373,0
                81.6678408806391,28.6426712652998,0
                81.6681974534813,28.6428500036566,0
                81.6690060312587,28.6428257052047,0
                81.6695377700672,28.6429087676307,0
                81.669724115309,28.6431604969507,0
                81.6698158482484,28.6434082249224,0
                81.6697464769799,28.6437581919458,0
                81.6692006661922,28.6442842600699,0
                81.6687827815151,28.6445254825082,0
                81.6685167485669,28.6449102559641,0
                81.6685443638142,28.6452372257232,0
                81.668765578378,28.6455361391192,0
                81.6696618155628,28.6464295691181,0
                81.6723732800966,28.6487645155767,0
                81.6727171678201,28.6489455044815,0
                81.6730611194328,28.6490498114437,0
                81.6740184894475,28.6490022049,0
                81.6743595052122,28.649041143516,0
                81.675235445375,28.6492488234945,0
                81.6757444934655,28.6496636048045,0
                81.6764524342275,28.6510970453014,0
                81.6763761893172,28.6513726439531,0
                81.6759903552745,28.6520265150602,0
                81.6738629964945,28.6532801196047,0
                81.6731622084934,28.6537708145754,0
                81.6726260837439,28.6543081326656,0
                81.6722527499814,28.6548265794139,0
                81.6719559049686,28.6554032719256,0
                81.6717804818726,28.6559635930113,0
                81.6716064872892,28.6569570610095,0
                81.6712724471929,28.6582175652546,0
                81.6706781270113,28.6596709221361,0
                81.6703234155528,28.6601960567291,0
                81.6692822275665,28.6611554535926,0
                81.6685978137693,28.6615197846781,0
                81.6678865262067,28.6620782239865,0
                81.6672717242728,28.6626384131622,0
                81.6668465855442,28.6631481103219,0
                81.6662196536471,28.6641144495325,0
                81.6654379754034,28.6659838909942,0
                81.6648964736536,28.666708379108,0
                81.6647753620157,28.666871424701,0
                81.6642364228401,28.6675959124428,0
                81.6641441834363,28.6676753416609,0
                81.6640951901751,28.667709400462,0
                81.6635351320051,28.6682332816691,0
                81.6619235824458,28.6692224798907,0
                81.6611011175283,28.670022770313,0
                81.6604387007826,28.6704320981248,0
                81.6600297444709,28.6710905313503,0
                81.6598956938402,28.6714385599068,0
                81.6598414413234,28.6719689478244,0
                81.6597999823217,28.6735099299395,0
                81.6599311370093,28.674339417634,0
                81.6603033747059,28.6756707996581,0
                81.6612918147065,28.6784903024112,0
                81.661290687552,28.6786053549109,0
                81.6612611899854,28.6787047820449,0
                81.6613707368137,28.6787290938451,0
                81.66212512774,28.6791111944845,0
                81.6622981020867,28.6792614327604,0
                81.6626785446103,28.6795528490087,0
                81.6639527422618,28.6798060309122,0
                81.6644304287752,28.6797021718203,0
                81.6647754493524,28.6794478254165,0
                81.6648493146322,28.6793933315665,0
                81.6661710784364,28.6790822540232,0
                81.666668952692,28.6788294087172,0
                81.6671654582913,28.6782629685095,0
                81.6678106349689,28.6774454280487,0
                81.6680379196279,28.6772796334723,0
                81.668723581579,28.6770009817755,0
                81.6699622298409,28.6767963928188,0
                81.6706514469532,28.6768674579878,0
                81.6720744958162,28.6772980009327,0
                81.6724349437122,28.6774586784777,0
                81.6734650359166,28.6784393529265,0
                81.6741783049713,28.6789726882304,0
                81.6746479882113,28.6791147441309,0
                81.6751542329923,28.6790806294647,0
                81.6764400694559,28.6784402687444,0
                81.6768320837194,28.6781563629025,0
                81.6772649728528,28.6775518623832,0
                81.6775786208976,28.6773923817128,0
                81.6785255604307,28.677074111927,0
                81.6791653492185,28.6770235000452,0
                81.6817853793196,28.6764328415275,0
                81.6833451704603,28.6762467554,0
                81.6838819757247,28.6760906523017,0
                81.6856382518276,28.6752493800255,0
                81.6862704811414,28.6751131514352,0
                81.6866651806262,28.6749418603119,0
                81.6885007497121,28.674589668078,0
                81.6891322270486,28.6745391196439,0
                81.6896587837975,28.67438751624,0
                81.6913231359882,28.6734789352973,0
                81.6919523091892,28.6729817405214,0
                81.6925951712074,28.6723287472769,0
                81.6935201831912,28.6716089515666,0
              </coordinates>
            </LinearRing>
          </outerBoundaryIs>
        </Polygon>
      </Placemark>
      <Placemark id="KA_SURKHET_Birendranagar.4">
        <ExtendedData>
          <SchemaData schemaUrl="#KA_SURKHET_Birendranagar.schema">
            <SimpleData name="ogc_fid">2699</SimpleData>
            <SimpleData name="objectid_1">2700</SimpleData>
            <SimpleData name="dcode">59</SimpleData>
            <SimpleData name="district">SURKHET</SimpleData>
            <SimpleData name="das">0</SimpleData>
            <SimpleData name="gapa_napa">Birendranagar</SimpleData>
            <SimpleData name="type_gn">Nagarpalika</SimpleData>
            <SimpleData name="gn_code">3.000000000000000</SimpleData>
            <SimpleData name="new_ward_n">11</SimpleData>
            <SimpleData name="ddgnww">590311.000000000000000</SimpleData>
            <SimpleData name="center">Birendranagar</SimpleData>
            <SimpleData name="state_code">6</SimpleData>
            <SimpleData name="ddgn">59003</SimpleData>
            <SimpleData name="area_sqkm">26.696418187799999</SimpleData>
            <SimpleData name="shape_leng">25015.238281599999027</SimpleData>
            <SimpleData name="shape_area">26696418.187800001353025</SimpleData>
            <SimpleData name="Province">KA</SimpleData>
            <SimpleData name="Address">Birendranagar-11, SURKHET, KA</SimpleData>
          </SchemaData>
        </ExtendedData>
        <Polygon>
          <outerBoundaryIs>
            <LinearRing>
              <coordinates>
                81.6683060896709,28.5715502744929,0
                81.668011644138,28.5707576559236,0
                81.6678454851563,28.5704449325703,0
                81.667617411456,28.5693248448287,0
                81.6674302721114,28.5680128390479,0
                81.6674778973744,28.5676652462326,0
                81.6674454101185,28.5671781031247,0
                81.6672180141608,28.5665769053883,0
                81.6671651032142,28.5654808813433,0
                81.6671947364833,28.5648106931112,0
                81.6676321925854,28.5639625280664,0
                81.6681168871297,28.5633397793013,0
                81.6686890073252,28.5628023367996,0
                81.6690305928587,28.5623697566394,0
                81.6691675791833,28.5621141569451,0
                81.669275010925,28.5616196418868,0
                81.6696812221567,28.5607084813124,0
                81.6700200613261,28.5601406013306,0
                81.6705573735064,28.5595581625338,0
                81.671031822863,28.5588249238344,0
                81.6713512974047,28.5578285205861,0
                81.6718809244354,28.5571400913941,0
                81.6721375230225,28.5567101971187,0
                81.6728301282576,28.5560367690443,0
                81.6732778280539,28.55542320638,0
                81.6737608941578,28.555039560757,0
                81.6740330522517,28.5546479133933,0
                81.6741631186944,28.5534087791732,0
                81.674108068542,28.5531879866583,0
                81.6741767651561,28.5521432088937,0
                81.6743868718326,28.5515307686274,0
                81.6746830898359,28.5511074994661,0
                81.6754032673565,28.5496601426959,0
                81.675292107736,28.5489590804424,0
                81.6756206340919,28.5484995024608,0
                81.6760495835735,28.5480507371455,0
                81.6765545298654,28.5472067600584,0
                81.6768860082742,28.5459056971366,0
                81.6768829519517,28.5456259730252,0
                81.6767780924423,28.5455092324367,0
                81.6766154975432,28.5450565840023,0
                81.6762713017248,28.5446634907666,0
                81.6761759475356,28.5442285915274,0
                81.6758137630476,28.5433235455043,0
                81.6761202391534,28.5423091435274,0
                81.6762870336336,28.5420285463415,0
                81.6765782496847,28.5417203286547,0
                81.6768542176174,28.541430172234,0
                81.6771066898704,28.5410701465133,0
                81.6774054126543,28.5403378424682,0
                81.6777115042898,28.5398625785488,0
                81.6778209955076,28.5395122996271,0
                81.6777358260172,28.5391766415961,0
                81.6777483317062,28.5387366828358,0
                81.6778527653839,28.5381924845806,0
                81.6778330225677,28.5378948236585,0
                81.6781551840406,28.5369435410459,0
                81.6780151643282,28.5356177236757,0
                81.6779797057009,28.5335762865138,0
                81.6778696724278,28.5327444243495,0
                81.6779272967857,28.5323718975008,0
                81.6782161477319,28.5315019811591,0
                81.6782075960248,28.5309650929639,0
                81.6787742234598,28.5299967531064,0
                81.678827104917,28.5292768200047,0
                81.6787758102822,28.5286363785302,0
                81.6784348776688,28.5274672941727,0
                81.6775224098235,28.5255837051688,0
                81.6766306796276,28.524241378653,0
                81.6762105559604,28.5238486591635,0
                81.6761084487464,28.5236551758433,0
                81.6746505487872,28.5221418573378,0
                81.6740582599164,28.5217906936702,0
                81.6736794394892,28.5216482014307,0
                81.6729880429758,28.5210786200913,0
                81.6724878044717,28.5207404565123,0
                81.6708550542683,28.5191310822683,0
                81.6706023420787,28.5189473457831,0
                81.6703783737971,28.5188739739644,0
                81.6701482199167,28.5187307341569,0
                81.6695698734342,28.5180477887961,0
                81.6686105183291,28.5171975412664,0
                81.6684058631678,28.5169413125247,0
                81.667897500673,28.5166167725039,0
                81.6671949073674,28.5166833817475,0
                81.665398704544,28.5171862482712,0
                81.6647782885136,28.5172253605852,0
                81.6645236351135,28.517240168311,0
                81.6638074745619,28.5176948039806,0
                81.6631944911077,28.5179053390422,0
                81.6610142791527,28.5183648912308,0
                81.6596999573411,28.5183351875496,0
                81.6585139901465,28.5185056553012,0
                81.6580579901802,28.5184965876351,0
                81.6573457791844,28.5182428510147,0
                81.6565642631434,28.518052607701,0
                81.6553161288895,28.5175600738629,0
                81.653955258527,28.5171267195372,0
                81.6535112605514,28.5168829861942,0
                81.6519959873891,28.5157352581834,0
                81.6502467992525,28.5150623587088,0
                81.6490882751501,28.5147069377012,0
                81.6480721650513,28.5145605621329,0
                81.6474259407536,28.5145479295151,0
                81.6458304623188,28.5149976783772,0
                81.6438492889407,28.5152326915997,0
                81.6436871146254,28.5157590784415,0
                81.6436571726434,28.5161946004678,0
                81.643718025906,28.5169545312295,0
                81.6440290260429,28.5181238651241,0
                81.6449058781408,28.5197169177938,0
                81.6456826908912,28.5208298884577,0
                81.6457787886238,28.5216055053341,0
                81.6456499799226,28.5223663086714,0
                81.6456846571506,28.5227225888404,0
                81.6459358641929,28.5231748631402,0
                81.6463315332142,28.524713726362,0
                81.646785512169,28.5259591178047,0
                81.6469114156114,28.52691728146,0
                81.6468702799589,28.5278130734617,0
                81.6467675232009,28.5289753401298,0
                81.6465960954086,28.5297702013419,0
                81.6464566094949,28.530030300274,0
                81.6455758998577,28.5309617022363,0
                81.6445176975373,28.5328526383929,0
                81.6437536632704,28.5335442518888,0
                81.6428345261618,28.5342524859086,0
                81.6426614828708,28.5344789003383,0
                81.6418444544842,28.5352655662416,0
                81.6406725962787,28.5362321479682,0
                81.6401275402156,28.5365076781494,0
                81.6378360842025,28.5374659324233,0
                81.6369816303246,28.5379008181489,0
                81.6361779162754,28.5384798160672,0
                81.6357357195121,28.5388653997869,0
                81.6351775942663,28.5396237588384,0
                81.6343921120415,28.5411321095079,0
                81.6341791305753,28.5417196146201,0
                81.6338046631751,28.5427545764096,0
                81.6336440493154,28.5433373956636,0
                81.6334142879397,28.5457184229637,0
                81.6331303674987,28.5469424306903,0
                81.6329828174657,28.5473717641956,0
                81.6327629406392,28.5491594711331,0
                81.6323489848365,28.5497840326205,0
                81.631855728851,28.5504044062495,0
                81.6311879966766,28.5509940298501,0
                81.6301295678976,28.5515313404707,0
                81.6298211682447,28.5517628777993,0
                81.6296338136687,28.5520457863954,0
                81.6295938715729,28.5526347312096,0
                81.6299341997066,28.5526151134353,0
                81.6315437288331,28.5528016178709,0
                81.63238185855,28.5531541600106,0
                81.6330495720787,28.5536315625507,0
                81.6338639482815,28.5543699432816,0
                81.6347151952418,28.5550653285445,0
                81.6349475351389,28.5552559386978,0
                81.6363968123517,28.5567290728477,0
                81.6374691578174,28.5572361665511,0
                81.6377064970146,28.5574177151907,0
                81.6378752184726,28.5577395006597,0
                81.6377914684788,28.5583535055099,0
                81.6378372699807,28.5586419795657,0
                81.6380971652414,28.5590514454047,0
                81.638550222238,28.5593989189766,0
                81.6387636304226,28.5594024845823,0
                81.6396181420503,28.5592698213754,0
                81.6398542333594,28.5593386930267,0
                81.64005532838,28.5595272407326,0
                81.6403617751873,28.5601280026172,0
                81.6406150376882,28.5610202358245,0
                81.6407444921493,28.5625739063911,0
                81.6408459717114,28.5629794958392,0
                81.6413948819169,28.5638499234646,0
                81.6417068251802,28.5646222315849,0
                81.642149753123,28.5652946756778,0
                81.6427781458003,28.5665143842329,0
                81.6426505115318,28.5680129939123,0
                81.6423358530835,28.568797167273,0
                81.641476631127,28.570267582111,0
                81.6414248147737,28.5708882115749,0
                81.6412367736079,28.5710785668186,0
                81.6405925408308,28.5715576378623,0
                81.6398342552168,28.5723011215829,0
                81.6395728499361,28.5724851014437,0
                81.6388024487531,28.5728180597902,0
                81.6385503514975,28.5731802106127,0
                81.6383924849725,28.5739073287897,0
                81.6384205914332,28.5747418770606,0
                81.6385175043342,28.5753595712553,0
                81.6385343671064,28.5759212067335,0
                81.6385472327476,28.5763677912717,0
                81.6386312201457,28.5764147878385,0
                81.6391225960502,28.5761034483586,0
                81.6392943175834,28.5764003608294,0
                81.6397669207196,28.5775328880201,0
                81.6398477160463,28.5779024801768,0
                81.6402097755453,28.5788211498633,0
                81.6403679930214,28.5794069112244,0
                81.6409657090331,28.5803154599759,0
                81.6420788447327,28.5817043476924,0
                81.6423007496037,28.5818431499687,0
                81.6420526312549,28.5833828799317,0
                81.6420390686263,28.5834663721777,0
                81.6421111032562,28.5844902155213,0
                81.6422768214122,28.5850534164085,0
                81.642202886968,28.5853966337494,0
                81.6414170359837,28.5865643895384,0
                81.6412733599116,28.5869982224537,0
                81.641189174537,28.5875489833097,0
                81.6412395951395,28.5880677488299,0
                81.6414671743364,28.5889328596974,0
                81.6411563290737,28.5896178543316,0
                81.6407828730938,28.5899941266258,0
                81.6406436346763,28.5904165860172,0
                81.6406611937302,28.5904683940213,0
                81.6408283502249,28.5909526639058,0
                81.6410741825799,28.5914499966264,0
                81.6415491702345,28.5920185132968,0
                81.6416474662705,28.592214309009,0
                81.6416329032007,28.592338485017,0
                81.641268506259,28.5928387462073,0
                81.641229194564,28.5930960965807,0
                81.6415123383837,28.5934196334564,0
                81.6416706860703,28.5937166078009,0
                81.6421329271807,28.5941859460413,0
                81.6424860086085,28.5939248504518,0
                81.643212223081,28.5938694908848,0
                81.6436730339703,28.5939891110794,0
                81.6440941639887,28.59399611652,0
                81.6444396780586,28.5940712386042,0
                81.6448329971615,28.5942317924484,0
                81.6454507814274,28.5946281388133,0
                81.646148300808,28.5952180940974,0
                81.6467902695423,28.5956008182133,0
                81.6471282159094,28.5959962238188,0
                81.6481402740029,28.5955627773813,0
                81.6491156462958,28.5952964408685,0
                81.650411724939,28.5950104856731,0
                81.6514907668103,28.5949714412888,0
                81.6523314636762,28.5950464462436,0
                81.6539403084134,28.5950205964515,0
                81.6554888434561,28.595261282919,0
                81.6572372918031,28.5953881702147,0
                81.6579481923963,28.5955426036081,0
                81.6580354310594,28.595506107903,0
                81.6598246225741,28.5956981779046,0
                81.6602325049361,28.5956353146329,0
                81.6607899344958,28.5953618470544,0
                81.6619284108945,28.5950179571008,0
                81.6630455175869,28.5945432666761,0
                81.6637053047759,28.5944813444577,0
                81.6637877964065,28.5942892379736,0
                81.6638106211265,28.5934476910278,0
                81.6639386162984,28.5927702552932,0
                81.6645849995285,28.5908992495651,0
                81.6647771020821,28.5906637113773,0
                81.6652197389468,28.5901223299789,0
                81.6653990388447,28.5894808291164,0
                81.6654420419228,28.5890046235608,0
                81.6651459600389,28.5853018987311,0
                81.6654661367712,28.5835046320332,0
                81.6655185069253,28.5833826436045,0
                81.6657237371503,28.582898816063,0
                81.6663371719569,28.581900979434,0
                81.666594584315,28.581367282141,0
                81.6667522613835,28.5807461539978,0
                81.6667303325655,28.5804146222139,0
                81.6664358317301,28.5792024177775,0
                81.6664152776396,28.5788957582184,0
                81.666678004509,28.5781905762613,0
                81.6664609821676,28.5776186887936,0
                81.6668203184406,28.5770551829267,0
                81.6661091861252,28.5758269744401,0
                81.6661143764502,28.5756351170931,0
                81.6662213044948,28.5753730180816,0
                81.6667686148582,28.5748288882658,0
                81.666873042254,28.5745712257274,0
                81.6670282252984,28.5736545628655,0
                81.6675035545559,28.5726416001016,0
                81.6679945015203,28.5718811768663,0
                81.6683060896709,28.5715502744929,0
              </coordinates>
            </LinearRing>
          </outerBoundaryIs>
        </Polygon>
      </Placemark>
      <Placemark id="KA_SURKHET_Birendranagar.5">
        <ExtendedData>
          <SchemaData schemaUrl="#KA_SURKHET_Birendranagar.schema">
            <SimpleData name="ogc_fid">2700</SimpleData>
            <SimpleData name="objectid_1">2701</SimpleData>
            <SimpleData name="dcode">59</SimpleData>
            <SimpleData name="district">SURKHET</SimpleData>
            <SimpleData name="das">0</SimpleData>
            <SimpleData name="gapa_napa">Birendranagar</SimpleData>
            <SimpleData name="type_gn">Nagarpalika</SimpleData>
            <SimpleData name="gn_code">3.000000000000000</SimpleData>
            <SimpleData name="new_ward_n">10</SimpleData>
            <SimpleData name="ddgnww">590310.000000000116415</SimpleData>
            <SimpleData name="center">Birendranagar</SimpleData>
            <SimpleData name="state_code">6</SimpleData>
            <SimpleData name="ddgn">59003</SimpleData>
            <SimpleData name="area_sqkm">17.002865994699999</SimpleData>
            <SimpleData name="shape_leng">24166.645864599999186</SimpleData>
            <SimpleData name="shape_area">17002865.994699999690056</SimpleData>
            <SimpleData name="Province">KA</SimpleData>
            <SimpleData name="Address">Birendranagar-10, SURKHET, KA</SimpleData>
          </SchemaData>
        </ExtendedData>
        <Polygon>
          <outerBoundaryIs>
            <LinearRing>
              <coordinates>
                81.6282041378854,28.5833191303446,0
                81.6302234477892,28.5820915848775,0
                81.6310877784478,28.5815348353244,0
                81.632905931439,28.5801051797285,0
                81.6355242958677,28.5783198192171,0
                81.6356852754209,28.5781994576114,0
                81.6368453170574,28.5775465334838,0
                81.6386312201457,28.5764147878385,0
                81.6385472327476,28.5763677912717,0
                81.6385343671064,28.5759212067335,0
                81.6385175043342,28.5753595712553,0
                81.6384205914332,28.5747418770606,0
                81.6383924849725,28.5739073287897,0
                81.6385503514975,28.5731802106127,0
                81.6388024487531,28.5728180597902,0
                81.6395728499361,28.5724851014437,0
                81.6398342552168,28.5723011215829,0
                81.6405925408308,28.5715576378623,0
                81.6412367736079,28.5710785668186,0
                81.6414248147737,28.5708882115749,0
                81.641476631127,28.570267582111,0
                81.6423358530835,28.568797167273,0
                81.6426505115318,28.5680129939123,0
                81.6427781458003,28.5665143842329,0
                81.642149753123,28.5652946756778,0
                81.6417068251802,28.5646222315849,0
                81.6413948819169,28.5638499234646,0
                81.6408459717114,28.5629794958392,0
                81.6407444921493,28.5625739063911,0
                81.6406150376882,28.5610202358245,0
                81.6403617751873,28.5601280026172,0
                81.64005532838,28.5595272407326,0
                81.6398542333594,28.5593386930267,0
                81.6396181420503,28.5592698213754,0
                81.6387636304226,28.5594024845823,0
                81.638550222238,28.5593989189766,0
                81.6380971652414,28.5590514454047,0
                81.6378372699807,28.5586419795657,0
                81.6377914684788,28.5583535055099,0
                81.6378752184726,28.5577395006597,0
                81.6377064970146,28.5574177151907,0
                81.6374691578174,28.5572361665511,0
                81.6363968123517,28.5567290728477,0
                81.6349475351389,28.5552559386978,0
                81.6347151952418,28.5550653285445,0
                81.6338639482815,28.5543699432816,0
                81.6330495720787,28.5536315625507,0
                81.63238185855,28.5531541600106,0
                81.6315437288331,28.5528016178709,0
                81.6299341997066,28.5526151134353,0
                81.6295938715729,28.5526347312096,0
                81.6296338136687,28.5520457863954,0
                81.6298211682447,28.5517628777993,0
                81.6301295678976,28.5515313404707,0
                81.6311879966766,28.5509940298501,0
                81.631855728851,28.5504044062495,0
                81.6323489848365,28.5497840326205,0
                81.6327629406392,28.5491594711331,0
                81.6329828174657,28.5473717641956,0
                81.6331303674987,28.5469424306903,0
                81.6334142879397,28.5457184229637,0
                81.6336440493154,28.5433373956636,0
                81.6338046631751,28.5427545764096,0
                81.6341791305753,28.5417196146201,0
                81.6343921120415,28.5411321095079,0
                81.6351775942663,28.5396237588384,0
                81.6357357195121,28.5388653997869,0
                81.6361779162754,28.5384798160672,0
                81.6369816303246,28.5379008181489,0
                81.6378360842025,28.5374659324233,0
                81.6401275402156,28.5365076781494,0
                81.6406725962787,28.5362321479682,0
                81.6418444544842,28.5352655662416,0
                81.6426614828708,28.5344789003383,0
                81.6428345261618,28.5342524859086,0
                81.6437536632704,28.5335442518888,0
                81.6445176975373,28.5328526383929,0
                81.6455758998577,28.5309617022363,0
                81.6464566094949,28.530030300274,0
                81.6465960954086,28.5297702013419,0
                81.6467675232009,28.5289753401298,0
                81.6468702799589,28.5278130734617,0
                81.6469114156114,28.52691728146,0
                81.646785512169,28.5259591178047,0
                81.6463315332142,28.524713726362,0
                81.6459358641929,28.5231748631402,0
                81.6456846571506,28.5227225888404,0
                81.6456499799226,28.5223663086714,0
                81.6457787886238,28.5216055053341,0
                81.6456826908912,28.5208298884577,0
                81.6449058781408,28.5197169177938,0
                81.6440290260429,28.5181238651241,0
                81.643718025906,28.5169545312295,0
                81.6436571726434,28.5161946004678,0
                81.6436871146254,28.5157590784415,0
                81.6438492889407,28.5152326915997,0
                81.642720940652,28.5153214803439,0
                81.6407640130403,28.5156555468939,0
                81.6395878507201,28.5161912316145,0
                81.638414945387,28.5163005177347,0
                81.6367146769762,28.5162205637401,0
                81.6360838275942,28.5161129398161,0
                81.6343377510977,28.5161572239373,0
                81.6322649723125,28.5160450806097,0
                81.6311240681521,28.5158405838886,0
                81.6307073749234,28.5157793341307,0
                81.6302837481738,28.5156234046262,0
                81.6293305728008,28.5152104297196,0
                81.6288085208417,28.5150436874756,0
                81.6276596816594,28.5148030693096,0
                81.6275301992283,28.5148172530003,0
                81.6267145617616,28.5146675685228,0
                81.6259307944013,28.5146170625142,0
                81.6254488626964,28.5144275108458,0
                81.6252033989229,28.5142730214175,0
                81.6248184531482,28.5141800248241,0
                81.6243132703156,28.5142591351794,0
                81.6239360101747,28.5141682630161,0
                81.6231175025432,28.5138584685325,0
                81.6229223421576,28.5137849100064,0
                81.6225019626051,28.5137462204119,0
                81.6218091197557,28.513731336574,0
                81.621206077494,28.5136822076392,0
                81.6202605174746,28.5136955683571,0
                81.6181070012202,28.5135136182476,0
                81.6175028972397,28.5133878085988,0
                81.6168970458846,28.5131852567948,0
                81.6162058929886,28.513021450083,0
                81.6156855919294,28.5128185239626,0
                81.6149087626756,28.5126393415618,0
                81.6149597488775,28.5130587412835,0
                81.6148980663129,28.5132101014817,0
                81.6148580692985,28.5133637122805,0
                81.6146085326417,28.5138250409366,0
                81.6144613621378,28.5139993976328,0
                81.61380569114,28.5145595873013,0
                81.613489852057,28.5149264859443,0
                81.613156699899,28.5155032414735,0
                81.6130767679541,28.515810461841,0
                81.6127644258221,28.5163487197492,0
                81.6126238726751,28.5168839809048,0
                81.6123977061117,28.5174219911316,0
                81.6122988367919,28.5178803225946,0
                81.6121126679263,28.5182646592973,0
                81.6118819443112,28.5185521923427,0
                81.6115860410544,28.5188422864879,0
                81.6112472697449,28.5191144442399,0
                81.6110137363806,28.5192509280012,0
                81.6105487298704,28.5196771321272,0
                81.6099822304358,28.5204286180343,0
                81.6097525052264,28.5207928938235,0
                81.6095410305853,28.5209878099811,0
                81.6092258791432,28.5213727700262,0
                81.6091223271468,28.5215829996576,0
                81.6091485695386,28.5218129785392,0
                81.6092141222215,28.5218871604074,0
                81.6093493480518,28.5221910088437,0
                81.6096800452878,28.5226250363504,0
                81.6099435043023,28.5229080757422,0
                81.6100135526199,28.523212298814,0
                81.6099946772687,28.5233657850448,0
                81.610041916796,28.5235934518618,0
                81.610199951291,28.5239739811839,0
                81.6104224138599,28.5243519498354,0
                81.6108167905609,28.5247472314907,0
                81.6110620624796,28.5252018175934,0
                81.6113257707279,28.5255232295428,0
                81.6114819321286,28.5258067678384,0
                81.6115303577632,28.5261111149851,0
                81.611539347654,28.5265690107942,0
                81.6115194119065,28.5266458160194,0
                81.6112894992977,28.526991968205,0
                81.6112706247096,28.5271454537041,0
                81.6111052656253,28.5274913567468,0
                81.6111281360443,28.5275679752478,0
                81.6110263943083,28.5278730083314,0
                81.6110108915637,28.5281798547168,0
                81.6111283030164,28.5287117450827,0
                81.6117025235348,28.5295054918125,0
                81.6117743197052,28.5298863956974,0
                81.6117788154099,28.5301142489989,0
                81.6118044320973,28.5303442281782,0
                81.6118071171148,28.5304772160815,0
                81.6117961721727,28.5310119791457,0
                81.6117389847229,28.5313957559447,0
                81.6118961253393,28.532847873796,0
                81.6118172547514,28.5332317750578,0
                81.6116510845637,28.5335392438173,0
                81.6115956463169,28.5339997010097,0
                81.61160188913,28.5343064852095,0
                81.6116491913926,28.5345341526185,0
                81.6115048299641,28.5348619327722,0
                81.6114721376664,28.5353989456044,0
                81.6118771917451,28.5363108044683,0
                81.6119056180974,28.5366918949057,0
                81.6118690559396,28.5369988657741,0
                81.6119653454734,28.5375330680569,0
                81.6120772014512,28.5377604233906,0
                81.6123425954371,28.5381585156387,0
                81.6124771972868,28.5384624886306,0
                81.612481754406,28.5386925300947,0
                81.6125798551702,28.5393215360152,0
                81.6126689025066,28.5394723359671,0
                81.612821567653,28.5395866401681,0
                81.6129951050112,28.5396602610689,0
                81.6131920754881,28.5398285608863,0
                81.6136518808392,28.540261901715,0
                81.6138500366871,28.5405068822029,0
                81.6138745306165,28.5406601805504,0
                81.6141989847672,28.540769237782,0
                81.6148678912686,28.540912859063,0
                81.615126605524,28.5409274857045,0
                81.6155801672759,28.5410540433873,0
                81.6158381949693,28.5410506091966,0
                81.6162480747947,28.5411389820114,0
                81.616443422238,28.5412305385106,0
                81.616532344453,28.5413632153,0
                81.6165560894368,28.5414985158696,0
                81.6164730968851,28.5417199314209,0
                81.616331546971,28.5420950822414,0
                81.616294296772,28.5423817428417,0
                81.6163535857238,28.5432409773554,0
                81.6163380201214,28.5435298254082,0
                81.6161945950366,28.5439139752273,0
                81.6159037513649,28.5444161125986,0
                81.6156510927983,28.5446698983448,0
                81.6153095739985,28.5448271290016,0
                81.6150786011767,28.5450808517595,0
                81.6148450671152,28.5452375218404,0
                81.6146107218039,28.5453558825124,0
                81.6142690787232,28.5454747422255,0
                81.613798453704,28.5455987238755,0
                81.6134793687339,28.5457558299972,0
                81.6132259615851,28.5460096156731,0
                81.613143281975,28.546163412976,0
                81.6129096865261,28.5463200829077,0
                81.6126752158191,28.5464181328062,0
                81.6125107942691,28.5468227186006,0
                81.6124052438453,28.5469021465548,0
                81.6122117709162,28.5469052690499,0
                81.6116274785216,28.5467025917573,0
                81.6111749779548,28.5466527778223,0
                81.6110461199544,28.5466736493352,0
                81.6108970769108,28.5467532646998,0
                81.6107507807505,28.5469659930692,0
                81.6106226097415,28.5470071749331,0
                81.6099318938183,28.5468456176505,0
                81.6098028486403,28.5468461787746,0
                81.6095465698978,28.5469284803458,0
                81.6095047613606,28.5469850987795,0
                81.6096184900582,28.547327506449,0
                81.6101890894266,28.5479137725016,0
                81.6111740651182,28.5488162034481,0
                81.6114575856971,28.5490224384395,0
                81.6117382340247,28.5490753120278,0
                81.6120818748609,28.5490692552713,0
                81.6125998652019,28.5491753152684,0
                81.613115857111,28.5491683852573,0
                81.6133923228816,28.5490295272101,0
                81.6136884745317,28.5487754921072,0
                81.6141382892652,28.548692256227,0
                81.6142229046001,28.5486332626984,0
                81.6145008679203,28.5485349628634,0
                81.6146724700918,28.5485116546612,0
                81.6151905850654,28.5486379001224,0
                81.6155375980828,28.5487852043304,0
                81.6158429901666,28.5490093751658,0
                81.6161891282891,28.5491206199005,0
                81.616615324328,28.5489224564054,0
                81.6168726026345,28.5488987750089,0
                81.6171505656797,28.5488184737867,0
                81.6173187964632,28.5486417418679,0
                81.6174013513502,28.5484496359362,0
                81.6174859651545,28.5483905798237,0
                81.6175504563476,28.5483902689468,0
                81.617680251391,28.548407768324,0
                81.6178793438944,28.5487113680639,0
                81.6179683289593,28.5488441697038,0
                81.6180974364767,28.5488592952919,0
                81.6182046102434,28.548838486608,0
                81.6183109088211,28.5487793677218,0
                81.6185263796622,28.5488144926397,0
                81.6193315738959,28.5493183949732,0
                81.6199813558592,28.5495771303017,0
                81.6201284598186,28.5496080040898,0
                81.6207099897006,28.5505234900993,0
                81.6204011442301,28.5512356082978,0
                81.6203865778001,28.551580763468,0
                81.6203457060403,28.5516959394081,0
                81.6201149200657,28.5519857848061,0
                81.6198396410341,28.5522013859763,0
                81.6196544083483,28.5526443426727,0
                81.619594474766,28.5528747581899,0
                81.6196024670343,28.5532582229683,0
                81.6195653402795,28.5535833173995,0
                81.6194861579757,28.5539107235025,0
                81.6194881558448,28.5540257131534,0
                81.6193046093364,28.5545431631167,0
                81.6193091667163,28.5547732667935,0
                81.6194655155144,28.5550771158428,0
                81.6197507841295,28.5553600306234,0
                81.6197735918244,28.5554366495265,0
                81.619906196222,28.5556074475657,0
                81.6199933710989,28.5556635059989,0
                81.6201916516712,28.5559264848974,0
                81.6205034116373,28.5564778134287,0
                81.6210958833786,28.5570615798855,0
                81.6214040843686,28.5574594847633,0
                81.6217329092187,28.5577602741934,0
                81.6231166983918,28.5590732348072,0
                81.6231167001849,28.558996929398,0
                81.6239262725846,28.5592481049395,0
                81.624187961365,28.5607267852696,0
                81.6244253456626,28.5618739321884,0
                81.6245749384693,28.5625387483363,0
                81.6242464526887,28.5642525232131,0
                81.6239777294847,28.5648222165152,0
                81.6231167827802,28.5648622635991,0
                81.6229284332035,28.5648721345876,0
                81.6223942505214,28.5651746624618,0
                81.6220509207456,28.5652371512501,0
                81.6215599847859,28.5653973171709,0
                81.620407820442,28.5658763198455,0
                81.6201340401591,28.5661482908633,0
                81.6196278492652,28.5666536124415,0
                81.6193571902355,28.5671173155437,0
                81.6192145151347,28.5675217766314,0
                81.6188809889105,28.5680624716233,0
                81.618722809783,28.568753468035,0
                81.6187164223839,28.5695182723915,0
                81.6188618878786,28.5703590722642,0
                81.6188920009506,28.5708168431666,0
                81.6190557787237,28.5715042192477,0
                81.6190248343993,28.5721179121694,0
                81.6192411598515,28.5732629340736,0
                81.6192210363547,28.5733397392709,0
                81.619268462669,28.5735673442996,0
                81.6195874661057,28.574481764635,0
                81.6195532126362,28.5749421586241,0
                81.6196495020204,28.5754763605595,0
                81.6198784589833,28.5761611131845,0
                81.6200559296527,28.5764648376746,0
                81.6203076320527,28.5772262083612,0
                81.6206238873046,28.5779872050213,0
                81.6206695037157,28.5781381921885,0
                81.6206558732872,28.578539779455,0
                81.6207284814641,28.5789409937998,0
                81.620906764355,28.5792650284973,0
                81.621149350273,28.5795661916014,0
                81.6211950286885,28.5797194283043,0
                81.621208639787,28.5804073644249,0
                81.6213877347244,28.5807675220364,0
                81.6214150996815,28.5810741815745,0
                81.6212114301766,28.5816503753815,0
                81.6212159877431,28.5818804162235,0
                81.6214411991992,28.5823554378521,0
                81.6215557393688,28.5827361551347,0
                81.621583792151,28.5830405645484,0
                81.6216292795768,28.5833809713414,0
                81.621634590517,28.5834215301659,0
                81.6216508249838,28.5842245809094,0
                81.6216988139801,28.5844544355528,0
                81.6228602429074,28.5865967538233,0
                81.6230810828808,28.5868799806614,0
                81.6231161411592,28.5868685450371,0
                81.6237015646539,28.5866718214395,0
                81.6253384224582,28.5856829977334,0
                81.6274319805461,28.5840174931186,0
                81.6281348334683,28.583382624158,0
                81.6282041378854,28.5833191303446,0
              </coordinates>
            </LinearRing>
          </outerBoundaryIs>
        </Polygon>
      </Placemark>
      <Placemark id="KA_SURKHET_Birendranagar.6">
        <ExtendedData>
          <SchemaData schemaUrl="#KA_SURKHET_Birendranagar.schema">
            <SimpleData name="ogc_fid">2701</SimpleData>
            <SimpleData name="objectid_1">2702</SimpleData>
            <SimpleData name="dcode">59</SimpleData>
            <SimpleData name="district">SURKHET</SimpleData>
            <SimpleData name="das">0</SimpleData>
            <SimpleData name="gapa_napa">Birendranagar</SimpleData>
            <SimpleData name="type_gn">Nagarpalika</SimpleData>
            <SimpleData name="gn_code">3.000000000000000</SimpleData>
            <SimpleData name="new_ward_n">9</SimpleData>
            <SimpleData name="ddgnww">590309.000000000000000</SimpleData>
            <SimpleData name="center">Birendranagar</SimpleData>
            <SimpleData name="state_code">6</SimpleData>
            <SimpleData name="ddgn">59003</SimpleData>
            <SimpleData name="area_sqkm">28.819225880499999</SimpleData>
            <SimpleData name="shape_leng">38448.795159000001149</SimpleData>
            <SimpleData name="shape_area">28819225.880499999970198</SimpleData>
            <SimpleData name="Province">KA</SimpleData>
            <SimpleData name="Address">Birendranagar-9, SURKHET, KA</SimpleData>
          </SchemaData>
        </ExtendedData>
        <Polygon>
          <outerBoundaryIs>
            <LinearRing>
              <coordinates>
                81.6187596785673,28.5899046419128,0
                81.6190142719223,28.5897297240941,0
                81.6193536048676,28.5895319345038,0
                81.6200722670106,28.5889488729929,0
                81.6204968391227,28.5886762164851,0
                81.6208973538129,28.588324754975,0
                81.6209827182092,28.5882860091486,0
                81.6214256652399,28.5878779283746,0
                81.6214667860661,28.5878009989275,0
                81.6221024570903,28.587353673451,0
                81.6226337029836,28.5870782688008,0
                81.6228893576048,28.586977843992,0
                81.6230810828808,28.5868799806614,0
                81.6228602429074,28.5865967538233,0
                81.6216988139801,28.5844544355528,0
                81.6216508249838,28.5842245809094,0
                81.621634590517,28.5834215301659,0
                81.6216292795768,28.5833809713414,0
                81.621583792151,28.5830405645484,0
                81.6215557393688,28.5827361551347,0
                81.6214411991992,28.5823554378521,0
                81.6212159877431,28.5818804162235,0
                81.6212114301766,28.5816503753815,0
                81.6214150996815,28.5810741815745,0
                81.6213877347244,28.5807675220364,0
                81.621208639787,28.5804073644249,0
                81.6211950286885,28.5797194283043,0
                81.621149350273,28.5795661916014,0
                81.620906764355,28.5792650284973,0
                81.6207284814641,28.5789409937998,0
                81.6206558732872,28.578539779455,0
                81.6206695037157,28.5781381921885,0
                81.6206238873046,28.5779872050213,0
                81.6203076320527,28.5772262083612,0
                81.6200559296527,28.5764648376746,0
                81.6198784589833,28.5761611131845,0
                81.6196495020204,28.5754763605595,0
                81.6195532126362,28.5749421586241,0
                81.6195874661057,28.574481764635,0
                81.619268462669,28.5735673442996,0
                81.6192210363547,28.5733397392709,0
                81.6192411598515,28.5732629340736,0
                81.6190248343993,28.5721179121694,0
                81.6190557787237,28.5715042192477,0
                81.6188920009506,28.5708168431666,0
                81.6188618878786,28.5703590722642,0
                81.6187164223839,28.5695182723915,0
                81.618722809783,28.568753468035,0
                81.6188809889105,28.5680624716233,0
                81.6192145151347,28.5675217766314,0
                81.6193571902355,28.5671173155437,0
                81.6196278492652,28.5666536124415,0
                81.6201340401591,28.5661482908633,0
                81.620407820442,28.5658763198455,0
                81.6215599847859,28.5653973171709,0
                81.6220509207456,28.5652371512501,0
                81.6223942505214,28.5651746624618,0
                81.6229284332035,28.5648721345876,0
                81.6231167827802,28.5648622635991,0
                81.6239777294847,28.5648222165152,0
                81.6242464526887,28.5642525232131,0
                81.6245749384693,28.5625387483363,0
                81.6244253456626,28.5618739321884,0
                81.624187961365,28.5607267852696,0
                81.6239262725846,28.5592481049395,0
                81.6231167001849,28.558996929398,0
                81.6231166983918,28.5590732348072,0
                81.6217329092187,28.5577602741934,0
                81.6214040843686,28.5574594847633,0
                81.6210958833786,28.5570615798855,0
                81.6205034116373,28.5564778134287,0
                81.6201916516712,28.5559264848974,0
                81.6199933710989,28.5556635059989,0
                81.619906196222,28.5556074475657,0
                81.6197735918244,28.5554366495265,0
                81.6197507841295,28.5553600306234,0
                81.6194655155144,28.5550771158428,0
                81.6193091667163,28.5547732667935,0
                81.6193046093364,28.5545431631167,0
                81.6194881558448,28.5540257131534,0
                81.6194861579757,28.5539107235025,0
                81.6195653402795,28.5535833173995,0
                81.6196024670343,28.5532582229683,0
                81.619594474766,28.5528747581899,0
                81.6196544083483,28.5526443426727,0
                81.6198396410341,28.5522013859763,0
                81.6201149200657,28.5519857848061,0
                81.6203457060403,28.5516959394081,0
                81.6203865778001,28.551580763468,0
                81.6204011442301,28.5512356082978,0
                81.6207099897006,28.5505234900993,0
                81.6201284598186,28.5496080040898,0
                81.6199813558592,28.5495771303017,0
                81.6193315738959,28.5493183949732,0
                81.6185263796622,28.5488144926397,0
                81.6183109088211,28.5487793677218,0
                81.6182046102434,28.548838486608,0
                81.6180974364767,28.5488592952919,0
                81.6179683289593,28.5488441697038,0
                81.6178793438944,28.5487113680639,0
                81.617680251391,28.548407768324,0
                81.6175504563476,28.5483902689468,0
                81.6174859651545,28.5483905798237,0
                81.6174013513502,28.5484496359362,0
                81.6173187964632,28.5486417418679,0
                81.6171505656797,28.5488184737867,0
                81.6168726026345,28.5488987750089,0
                81.616615324328,28.5489224564054,0
                81.6161891282891,28.5491206199005,0
                81.6158429901666,28.5490093751658,0
                81.6155375980828,28.5487852043304,0
                81.6151905850654,28.5486379001224,0
                81.6146724700918,28.5485116546612,0
                81.6145008679203,28.5485349628634,0
                81.6142229046001,28.5486332626984,0
                81.6141382892652,28.548692256227,0
                81.6136884745317,28.5487754921072,0
                81.6133923228816,28.5490295272101,0
                81.613115857111,28.5491683852573,0
                81.6125998652019,28.5491753152684,0
                81.6120818748609,28.5490692552713,0
                81.6117382340247,28.5490753120278,0
                81.6114575856971,28.5490224384395,0
                81.6111740651182,28.5488162034481,0
                81.6101890894266,28.5479137725016,0
                81.6096184900582,28.547327506449,0
                81.6095047613606,28.5469850987795,0
                81.6095465698978,28.5469284803458,0
                81.6098028486403,28.5468461787746,0
                81.6099318938183,28.5468456176505,0
                81.6106226097415,28.5470071749331,0
                81.6107507807505,28.5469659930692,0
                81.6108970769108,28.5467532646998,0
                81.6110461199544,28.5466736493352,0
                81.6111749779548,28.5466527778223,0
                81.6116274785216,28.5467025917573,0
                81.6122117709162,28.5469052690499,0
                81.6124052438453,28.5469021465548,0
                81.6125107942691,28.5468227186006,0
                81.6126752158191,28.5464181328062,0
                81.6129096865261,28.5463200829077,0
                81.613143281975,28.546163412976,0
                81.6132259615851,28.5460096156731,0
                81.6134793687339,28.5457558299972,0
                81.613798453704,28.5455987238755,0
                81.6142690787232,28.5454747422255,0
                81.6146107218039,28.5453558825124,0
                81.6148450671152,28.5452375218404,0
                81.6150786011767,28.5450808517595,0
                81.6153095739985,28.5448271290016,0
                81.6156510927983,28.5446698983448,0
                81.6159037513649,28.5444161125986,0
                81.6161945950366,28.5439139752273,0
                81.6163380201214,28.5435298254082,0
                81.6163535857238,28.5432409773554,0
                81.616294296772,28.5423817428417,0
                81.616331546971,28.5420950822414,0
                81.6164730968851,28.5417199314209,0
                81.6165560894368,28.5414985158696,0
                81.616532344453,28.5413632153,0
                81.616443422238,28.5412305385106,0
                81.6162480747947,28.5411389820114,0
                81.6158381949693,28.5410506091966,0
                81.6155801672759,28.5410540433873,0
                81.615126605524,28.5409274857045,0
                81.6148678912686,28.540912859063,0
                81.6141989847672,28.540769237782,0
                81.6138745306165,28.5406601805504,0
                81.6138500366871,28.5405068822029,0
                81.6136518808392,28.540261901715,0
                81.6131920754881,28.5398285608863,0
                81.6129951050112,28.5396602610689,0
                81.612821567653,28.5395866401681,0
                81.6126689025066,28.5394723359671,0
                81.6125798551702,28.5393215360152,0
                81.612481754406,28.5386925300947,0
                81.6124771972868,28.5384624886306,0
                81.6123425954371,28.5381585156387,0
                81.6120772014512,28.5377604233906,0
                81.6119653454734,28.5375330680569,0
                81.6118690559396,28.5369988657741,0
                81.6119056180974,28.5366918949057,0
                81.6118771917451,28.5363108044683,0
                81.6114721376664,28.5353989456044,0
                81.6115048299641,28.5348619327722,0
                81.6116491913926,28.5345341526185,0
                81.61160188913,28.5343064852095,0
                81.6115956463169,28.5339997010097,0
                81.6116510845637,28.5335392438173,0
                81.6118172547514,28.5332317750578,0
                81.6118961253393,28.532847873796,0
                81.6117389847229,28.5313957559447,0
                81.6117961721727,28.5310119791457,0
                81.6118071171148,28.5304772160815,0
                81.6118044320973,28.5303442281782,0
                81.6117788154099,28.5301142489989,0
                81.6117743197052,28.5298863956974,0
                81.6117025235348,28.5295054918125,0
                81.6111283030164,28.5287117450827,0
                81.6110108915637,28.5281798547168,0
                81.6110263943083,28.5278730083314,0
                81.6111281360443,28.5275679752478,0
                81.6111052656253,28.5274913567468,0
                81.6112706247096,28.5271454537041,0
                81.6112894992977,28.526991968205,0
                81.6115194119065,28.5266458160194,0
                81.611539347654,28.5265690107942,0
                81.6115303577632,28.5261111149851,0
                81.6114819321286,28.5258067678384,0
                81.6113257707279,28.5255232295428,0
                81.6110620624796,28.5252018175934,0
                81.6108167905609,28.5247472314907,0
                81.6104224138599,28.5243519498354,0
                81.610199951291,28.5239739811839,0
                81.610041916796,28.5235934518618,0
                81.6099946772687,28.5233657850448,0
                81.6100135526199,28.523212298814,0
                81.6099435043023,28.5229080757422,0
                81.6096800452878,28.5226250363504,0
                81.6093493480518,28.5221910088437,0
                81.6092141222215,28.5218871604074,0
                81.6091485695386,28.5218129785392,0
                81.6091223271468,28.5215829996576,0
                81.6092258791432,28.5213727700262,0
                81.6095410305853,28.5209878099811,0
                81.6097525052264,28.5207928938235,0
                81.6099822304358,28.5204286180343,0
                81.6105487298704,28.5196771321272,0
                81.6110137363806,28.5192509280012,0
                81.6112472697449,28.5191144442399,0
                81.6115860410544,28.5188422864879,0
                81.6118819443112,28.5185521923427,0
                81.6121126679263,28.5182646592973,0
                81.6122988367919,28.5178803225946,0
                81.6123977061117,28.5174219911316,0
                81.6126238726751,28.5168839809048,0
                81.6127644258221,28.5163487197492,0
                81.6130767679541,28.515810461841,0
                81.613156699899,28.5155032414735,0
                81.613489852057,28.5149264859443,0
                81.61380569114,28.5145595873013,0
                81.6144613621378,28.5139993976328,0
                81.6146085326417,28.5138250409366,0
                81.6148580692985,28.5133637122805,0
                81.6148980663129,28.5132101014817,0
                81.6149597488775,28.5130587412835,0
                81.6149087626756,28.5126393415618,0
                81.6139568976964,28.512327795232,0
                81.6129159846327,28.5118632612863,0
                81.6125027952141,28.5116214650362,0
                81.6121567189886,28.5115102203988,0
                81.6117233434825,28.5113249811266,0
                81.6113094047446,28.5110628748877,0
                81.6108752169868,28.5108392643991,0
                81.6099394807005,28.5102230584794,0
                81.6094190549023,28.5099998218926,0
                81.608918628917,28.5096817816301,0
                81.608590739933,28.5094011777574,0
                81.607612507985,28.5088212802438,0
                81.6073936668981,28.5086350450784,0
                81.6071065876629,28.5082189535867,0
                81.6068656876838,28.5079741612286,0
                81.6062118470814,28.5075236309234,0
                81.6058648341367,28.5073559536832,0
                81.6056052461585,28.5072827075278,0
                81.6049159026807,28.5072158287433,0
                81.6044861490662,28.5072019488518,0
                81.6043363562814,28.5072431929343,0
                81.6036243925565,28.5071177571695,0
                81.6034081729408,28.5070443240704,0
                81.6029304923285,28.5068027765599,0
                81.602714397741,28.5067473415058,0
                81.6020867989932,28.5065267278374,0
                81.6018713911774,28.50649166545,0
                81.6014583265628,28.5062678679896,0
                81.6008750966128,28.5061035004945,0
                81.6003328619049,28.5058442042622,0
                81.5998143716194,28.5057360193266,0
                81.5994702315042,28.5057217037146,0
                81.5988878746019,28.5055957074562,0
                81.598501114766,28.5056199498704,0
                81.5979880566848,28.5057778655672,0
                81.5977753334567,28.5058757908975,0
                81.5975821714685,28.5059172841985,0
                81.5967855932663,28.5058508419002,0
                81.5963578365638,28.5059700131081,0
                81.5961861096041,28.5059730100279,0
                81.5957575411991,28.5060561216133,0
                81.5953097241911,28.5062317868144,0
                81.5950546303389,28.5064066417645,0
                81.5946068138172,28.5065845567301,0
                81.5943099746056,28.5068182184004,0
                81.5939057132286,28.5070320057761,0
                81.593671555326,28.5071684273238,0
                81.5934190212862,28.5074582720555,0
                81.5932291070174,28.5076328160725,0
                81.5928242205858,28.5078466033314,0
                81.5924027075204,28.5082725586523,0
                81.5921901716704,28.5084088555995,0
                81.5919368263934,28.5086603910134,0
                81.5910686820726,28.5093770000352,0
                81.5907314087834,28.5097055906152,0
                81.59035363944,28.5101899779597,0
                81.5900583613005,28.5104823223425,0
                81.5891443515783,28.5109938244884,0
                81.5883812573959,28.5115611370816,0
                81.5878735064871,28.5119897151053,0
                81.5877880801927,28.5120103995271,0
                81.5875546095867,28.5121670698944,0
                81.5872992045301,28.5122854300161,0
                81.5871276641901,28.512324548973,0
                81.5864462515769,28.5126433232316,0
                81.5861063564093,28.5128388003887,0
                81.5857250273994,28.5131517659793,0
                81.5853213281307,28.5133678033291,0
                81.5849825573546,28.5136399611335,0
                81.5845618553494,28.5141245355946,0
                81.5844156845119,28.5143575115541,0
                81.5841621522757,28.5145909865873,0
                81.5839077453091,28.5147657795435,0
                81.5836950229084,28.5148659551901,0
                81.5834606772207,28.5149842529547,0
                81.5832907615826,28.5150819922243,0
                81.583100784032,28.5152565357005,0
                81.5826549015769,28.5155698130793,0
                81.5824867954469,28.5157645428762,0
                81.5821487116243,28.516056948612,0
                81.5815117913053,28.5164680270294,0
                81.5814563606081,28.5164930864909,0
                81.581341062542,28.5165477046483,0
                81.5804731044875,28.517325183223,0
                81.5802397574157,28.5174999146035,0
                81.5801536436275,28.5175205356945,0
                81.579304747754,28.5181648401169,0
                81.5787135049048,28.5187674639067,0
                81.5784821559419,28.5190752442418,0
                81.5782569259497,28.5196920598318,0
                81.5776518026903,28.520675960864,0
                81.5773968959458,28.5208891249382,0
                81.5768858350716,28.5211845909359,0
                81.5766957952435,28.5213590718602,0
                81.5763763351254,28.5215566739178,0
                81.5761004314108,28.5217902740118,0
                81.5754882528992,28.5224109584208,0
                81.5754265095063,28.522564630116,0
                81.5754120044861,28.5229481575026,0
                81.5756448943472,28.5238630766677,0
                81.5757800572161,28.5241669876964,0
                81.5758055504418,28.524394842357,0
                81.5757326725374,28.5250854643306,0
                81.5757642841759,28.5256199785392,0
                81.5756023589395,28.526139490925,0
                81.5753291400653,28.526506140405,0
                81.5751176022292,28.5267190554746,0
                81.5749295604958,28.5270086508465,0
                81.5746127224761,28.5273393036632,0
                81.5738680654694,28.5278094373023,0
                81.5732096458596,28.5282791977903,0
                81.5728675647225,28.5284363031423,0
                81.5726105366337,28.5284982942212,0
                81.5720984143659,28.5287350777055,0
                81.5717552719862,28.5288155034108,0
                81.5714111934858,28.5288417457207,0
                81.5707195387211,28.5287160605275,0
                81.5702021095172,28.5286866807034,0
                81.5697692328157,28.5285779355596,0
                81.5690809513444,28.5286078600585,0
                81.5683049315574,28.5285795399946,0
                81.567875488686,28.5286445280168,0
                81.5671893289924,28.5288256268362,0
                81.5666727118709,28.5288322439904,0
                81.5658131391165,28.5289419091722,0
                81.5651930310767,28.5291993774208,0
                81.5647489582395,28.5296253313759,0
                81.5645426658505,28.5300864117433,0
                81.5644507256464,28.5309305199298,0
                81.564390605198,28.5311609352562,0
                81.5641191343589,28.5316222017703,0
                81.5637622361558,28.5321244622142,0
                81.5634008432428,28.5323786837619,0
                81.5631700562143,28.5326886523095,0
                81.5630448194119,28.5329193166271,0
                81.5628255824719,28.5338406034486,0
                81.5626002270698,28.5344551692115,0
                81.5625167365192,28.5346089040833,0
                81.5623896879938,28.5347448270161,0
                81.5620500425479,28.5349988612594,0
                81.5618819987343,28.5352296500884,0
                81.5616939561575,28.5355394940149,0
                81.5613840489506,28.5362311131497,0
                81.5612676771767,28.5369219227462,0
                81.5613019728687,28.5376097353903,0
                81.5611081662851,28.5387588760983,0
                81.5610195354848,28.5397540960313,0
                81.5608369247066,28.5403684740133,0
                81.5607340599691,28.5405990765449,0
                81.5603144182908,28.5411985151323,0
                81.5600533819515,28.5417184633211,0
                81.5597747227315,28.5422768460696,0
                81.5595654330027,28.5425664413007,0
                81.5588467064718,28.5432461807293,0
                81.5581933443443,28.5439820420553,0
                81.55779089304,28.5443311285995,0
                81.5577497721711,28.5444079963689,0
                81.5573247621044,28.5447187739084,0
                81.5569658666366,28.545087984797,0
                81.5566268454585,28.5453600803015,0
                81.5561223406274,28.5459780160131,0
                81.5555709071308,28.5464269675844,0
                81.5551491446777,28.5468708579328,0
                81.5549182951053,28.5471808263863,0
                81.5547736220084,28.5474882335007,0
                81.5544129589611,28.5488703512295,0
                81.554226540243,28.5492546254082,0
                81.5540391231322,28.5495621566394,0
                81.5533873844328,28.5503747602806,0
                81.5531999668399,28.5506845413561,0
                81.552883628586,28.5510309429471,0
                81.5528035091938,28.5513381009067,0
                81.5528539958651,28.5517213787665,0
                81.5531753715052,28.5527104171665,0
                81.5533165293015,28.5533189880304,0
                81.55354729683,28.55408054562,0
                81.5535560372198,28.5545384412574,0
                81.5535193495844,28.554845349889,0
                81.553292745863,28.5553651734139,0
                81.5531247027542,28.5555959621339,0
                81.5521935635823,28.5564908666337,0
                81.5519594039452,28.5566677847435,0
                81.551277427612,28.5570811121573,0
                81.5507313003644,28.5578164747431,0
                81.5504770187264,28.5580498868542,0
                81.5501616166317,28.5584572197741,0
                81.5500128844312,28.5585932053254,0
                81.5493960232268,28.559004033639,0
                81.5491417412356,28.5592373834236,0
                81.5483858254643,28.5603029627836,0
                81.5482220891272,28.5607638555117,0
                81.547972802712,28.5612273090702,0
                81.5476359031741,28.5616730759035,0
                81.5469791684754,28.5622758232431,0
                81.5466646409577,28.5627215282373,0
                81.5465426514531,28.5631054912128,0
                81.5464852140864,28.5634892668921,0
                81.5464896469977,28.5637192456377,0
                81.5464138360922,28.5642565703241,0
                81.5463868867774,28.5650981175389,0
                81.5462580087879,28.5662491344849,0
                81.5460168380552,28.5671705462238,0
                81.5459931985504,28.5681654541533,0
                81.5460403755843,28.5683953709062,0
                81.5460735478852,28.5690066267655,0
                81.5460552348548,28.5691601127046,0
                81.5462120212304,28.5694640240515,0
                81.5463001318684,28.5695787020727,0
                81.5464602898121,28.570033725205,0
                81.5464873436608,28.5703223862528,0
                81.5465552683109,28.5704935588999,0
                81.5465605755201,28.5707800325903,0
                81.5464726934498,28.5718136239699,0
                81.5463715760364,28.5721591531316,0
                81.5462044688352,28.5724508737575,0
                81.5460614815994,28.5728530217466,0
                81.546041482559,28.5729320140803,0
                81.5462784507599,28.5729265805664,0
                81.5465372900064,28.5729413325991,0
                81.5467976907542,28.5730147049202,0
                81.5483432369836,28.5726655710022,0
                81.5487708700825,28.5724675948717,0
                81.549384234504,28.5718650341077,0
                81.5497030709399,28.5716291222971,0
                81.5502161304189,28.5713924013476,0
                81.5504739087709,28.5713304735002,0
                81.5515088926938,28.5713352994955,0
                81.5519383990347,28.5712500637885,0
                81.5523435975335,28.5710341515826,0
                81.5534035956437,28.5700800039796,0
                81.5540856348932,28.5696666772025,0
                81.5543191695258,28.569492071612,0
                81.5560682618468,28.5685080610574,0
                81.5563444149892,28.5682926473406,0
                81.5564297172587,28.5682539647918,0
                81.5566205061154,28.5680771714591,0
                81.556726805869,28.5680000546272,0
                81.5569567809782,28.5676313417391,0
                81.5571934572631,28.5664798890846,0
                81.5573955047502,28.5657887683254,0
                81.5577028527173,28.564941475048,0
                81.5578498986752,28.5647288722688,0
                81.5582298543498,28.5643392880597,0
                81.5584422658366,28.5641647451789,0
                81.5587619138362,28.5639671426664,0
                81.5591904829907,28.5638277858882,0
                81.5598724602782,28.5634143960506,0
                81.5606998598196,28.5627139098217,0
                81.5607409183156,28.5626370422222,0
                81.5610999381482,28.5622678317493,0
                81.5613342838096,28.5621314723912,0
                81.5616313725491,28.5618979357614,0
                81.5619736418443,28.5617588908092,0
                81.5622307330625,28.5616968997829,0
                81.5636048628069,28.5614678773911,0
                81.5640325581234,28.5612901498764,0
                81.5642669028242,28.561151541114,0
                81.5646477952065,28.5608228262334,0
                81.5649431352276,28.5605125472235,0
                81.5651940455355,28.5601257734267,0
                81.5654467668429,28.5598359284537,0
                81.5659765146396,28.5593893518554,0
                81.5664886997626,28.5591322579907,0
                81.5665523790284,28.5590936370578,0
                81.5667440433432,28.5589778385181,0
                81.5672092379073,28.5585314481225,0
                81.5673137889501,28.5583754020668,0
                81.5673538488985,28.5582217910886,0
                81.5675813253903,28.5577606494988,0
                81.5678339841528,28.5574708046557,0
                81.5680247730893,28.5573143845727,0
                81.5684725915047,28.5570800997041,0
                81.5687288712349,28.5569797997781,0
                81.5690712015124,28.5568610657896,0
                81.5695005824495,28.5567577064303,0
                81.5700130796461,28.5565592944413,0
                81.570695055908,28.5561684649146,0
                81.5710104578162,28.5557813173482,0
                81.5714984608356,28.5554116707041,0
                81.5716690636212,28.5553138693366,0
                81.5719888986399,28.5551568882264,0
                81.5726265688571,28.5547254992365,0
                81.5728801643644,28.554494336992,0
                81.5732172504767,28.5541071900237,0
                81.5734464134007,28.553720478725,0
                81.5735047856021,28.553413320394,0
                81.5734358615054,28.5531858401846,0
                81.5733034450513,28.5530352898835,0
                81.5730646042589,28.5529234840536,0
                81.5729531850546,28.5527524983463,0
                81.5729070687993,28.5526015115859,0
                81.5730723650696,28.5522353601144,0
                81.5731351708545,28.5521584306123,0
                81.5733058368087,28.5520606920228,0
                81.5734741293895,28.5518862730474,0
                81.573859080343,28.5517267308236,0
                81.5745448650575,28.5515636927941,0
                81.5747155933151,28.5514862644404,0
                81.5750126823178,28.5512526027009,0
                81.5751589159472,28.5510218762416,0
                81.5751727339363,28.5506383498363,0
                81.5752546018843,28.5504078718886,0
                81.5752712283238,28.5501777054558,0
                81.5754375237808,28.5498702365743,0
                81.5757321143579,28.5495418334604,0
                81.5760864526082,28.5489244576233,0
                81.5771362711239,28.5475912830261,0
                81.5777512587627,28.5471036489348,0
                81.5780246655106,28.5467550596197,0
                81.5791936452158,28.545974085711,0
                81.5794053071858,28.5457814189048,0
                81.5794906716198,28.5457404235155,0
                81.5799130593072,28.5453145308674,0
                81.5800612916804,28.5451988561448,0
                81.5802320192529,28.5451191788011,0
                81.5809297482481,28.5444777474919,0
                81.5811178527524,28.5441881515572,0
                81.5813720724644,28.5439569895829,0
                81.5814561874132,28.5439205561104,0
                81.5818193275465,28.5437588265129,0
                81.5828501260763,28.5437430914961,0
                81.5830211032856,28.5437040352547,0
                81.5831911440214,28.5436243570688,0
                81.583362308452,28.5436032994948,0
                81.5838729316764,28.5433281440794,0
                81.5845579664984,28.5431627938747,0
                81.5848978618517,28.5429470063724,0
                81.5851898304815,28.5425035507259,0
                81.5855623554049,28.5417326901477,0
                81.5855751036809,28.5417191287593,0
                81.5856677811903,28.5416149520181,0
                81.5858160123455,28.5415172752538,0
                81.5862223342628,28.5414162902975,0
                81.5867373283545,28.5413508658484,0
                81.5874251718141,28.5413388772999,0
                81.5877712483092,28.5414479337611,0
                81.5882709252938,28.5417187282925,0
                81.5886173137215,28.541875156227,0
                81.5891353036382,28.5419835287039,0
                81.5893958288952,28.5420928346705,0
                81.5895694285861,28.5421868279708,0
                81.5898537610588,28.5424314975756,0
                81.5904617341769,28.5427649750784,0
                81.5911167613701,28.5432923101962,0
                81.5914028411528,28.5436316582234,0
                81.5914927010727,28.5438207039223,0
                81.5915188803312,28.5440508084606,0
                81.5915862440251,28.5442219181267,0
                81.5920903534913,28.5447115053025,0
                81.5924129976981,28.5447258829913,0
                81.5936969536671,28.5444179922549,0
                81.5938670566058,28.5443405644912,0
                81.5943339994956,28.544006914014,0
                81.5945021672821,28.5438121839815,0
                81.5947767596401,28.543578584032,0
                81.595202830563,28.5433624228163,0
                81.5953746199956,28.5433594876633,0
                81.5955479699671,28.543415047566,0
                81.5963976560244,28.5440136288788,0
                81.5976604078074,28.5448156975343,0
                81.5979883591733,28.5450984886596,0
                81.5981212112166,28.5453257822408,0
                81.5980801533434,28.5454026492647,0
                81.5981675776134,28.5454969540113,0
                81.5982328186816,28.5455147660426,0
                81.5983701665314,28.5459721005885,0
                81.5983781582966,28.5463736262942,0
                81.5984471443706,28.5466034188266,0
                81.5985225615497,28.5471761172543,0
                81.5985088068876,28.5475777045485,0
                81.5983635091067,28.5478490525656,0
                81.5983871286291,28.547964042772,0
                81.5982333203466,28.5488850802942,0
                81.5982397509027,28.549227986103,0
                81.598220564751,28.549343099892,0
                81.5980768281246,28.5496708808056,0
                81.5980640718886,28.5501310875496,0
                81.5981558041786,28.5504172502441,0
                81.5983304021789,28.5505856118448,0
                81.5985683691924,28.5506387358021,0
                81.5988500783703,28.5507502919955,0
                81.5989155687501,28.5508064126115,0
                81.5989616847218,28.5509595865519,0
                81.5986900895227,28.551384918049,0
                81.5986492176263,28.551500156801,0
                81.5986310296717,28.5516716408307,0
                81.5986773330962,28.5518428762738,0
                81.5987653191548,28.5519372430642,0
                81.5991098339934,28.55196955753,0
                81.5993669258689,28.5519098165183,0
                81.5994532258873,28.5519274414882,0
                81.5996486977042,28.5520393709036,0
                81.599674190162,28.5522491024133,0
                81.5994885837774,28.5526356263964,0
                81.5995141390932,28.5528634180375,0
                81.5996468045756,28.5530522774143,0
                81.5997765363918,28.5530697153729,0
                81.6002647884186,28.5527766246915,0
                81.6004572630643,28.5526968220564,0
                81.6009753782114,28.5528208174935,0
                81.6011489783244,28.5529148114472,0
                81.6012805832794,28.5530270526283,0
                81.6014796131552,28.5533307150772,0
                81.6015251052871,28.553463578684,0
                81.60153066167,28.5537500516169,0
                81.6015759655334,28.5538649168967,0
                81.6018386135489,28.5541096482982,0
                81.6019275982656,28.5542626347518,0
                81.6019965846932,28.5544901772213,0
                81.602022827409,28.5547201571613,0
                81.6017984096246,28.5553550951408,0
                81.601824589613,28.5555828244915,0
                81.6022180923726,28.5559217363333,0
                81.6023700072517,28.5560157921758,0
                81.6024571194963,28.5560514770389,0
                81.6028225700781,28.5560656687603,0
                81.6031695832874,28.5562130346018,0
                81.6034111702943,28.5564578277677,0
                81.6035903894041,28.5568563565316,0
                81.6035921993689,28.556953347339,0
                81.6035740116586,28.5571248313205,0
                81.6034938307327,28.557395930341,0
                81.6030521308478,28.5578986904587,0
                81.6026258730982,28.5580968533595,0
                81.6024969527085,28.5581177248672,0
                81.6018797808332,28.5584339998435,0
                81.6018390338349,28.5585695492981,0
                81.6023605209807,28.5588290320572,0
                81.6023833909907,28.5589235863031,0
                81.6020033745514,28.5592749239547,0
                81.601747032593,28.5593550378824,0
                81.601474375756,28.5597036266277,0
                81.6012208441927,28.5599371644811,0
                81.6010291801935,28.5600349651763,0
                81.6007726519174,28.5600970184508,0
                81.6006447306645,28.5601765717979,0
                81.6005182452975,28.5602922467703,0
                81.6001837201178,28.5607763849185,0
                81.5998672574232,28.5610666041679,0
                81.5997660156866,28.5613557628183,0
                81.5997696372351,28.5615452461046,0
                81.5998140671936,28.5616036781148,0
                81.5998157537706,28.5616804212511,0
                81.5999039272857,28.5617927876543,0
                81.6000409634682,28.5621915024736,0
                81.5999784075962,28.5623068033064,0
                81.5998937932669,28.5623658592127,0
                81.5997864324131,28.5623686074727,0
                81.5993955528432,28.5621446854244,0
                81.5992665074371,28.5621453087695,0
                81.5991827046608,28.5622426729837,0
                81.599164516419,28.5624141568146,0
                81.5991228331909,28.5624910866395,0
                81.5989316699199,28.5625912001254,0
                81.5987652504345,28.5628603604663,0
                81.5987058796389,28.5630907138203,0
                81.5987294986258,28.5632057030023,0
                81.598904847623,28.5633740651986,0
                81.5993612799771,28.5636540456013,0
                81.5994502036001,28.563786784575,0
                81.5994738228745,28.5639017114283,0
                81.5994128281872,28.5640734452295,0
                81.5993492111192,28.5641143154256,0
                81.5991781091856,28.5641353731479,0
                81.5986626168447,28.5641421781833,0
                81.5984682058146,28.5641069290112,0
                81.5980818834474,28.5641311714407,0
                81.598018141484,28.5641517934572,0
                81.5978934039839,28.5643621469712,0
                81.5979195850344,28.5645740652867,0
                81.5980295675566,28.5647044297832,0
                81.5981604232521,28.5647986110935,0
                81.5984414452705,28.5649101672769,0
                81.5989594980743,28.5650161640014,0
                81.5994759896502,28.5650680416931,0
                81.5996495263079,28.5651597226781,0
                81.5998250000176,28.5653303968624,0
                81.5997865642256,28.5655403769766,0
                81.5995982725661,28.5657916017398,0
                81.599579085115,28.565906778539,0
                81.5994753461179,28.5660808856518,0
                81.5992958589338,28.5667697571858,0
                81.5994757020086,28.5671682848869,0
                81.5995693699355,28.5675693741406,0
                81.5995789858057,28.5680273324954,0
                81.599592794014,28.5680972007088,0
                81.5996506567547,28.56839017458,0
                81.5997178335825,28.568502665743,0
                81.5998268794718,28.5685969711158,0
                81.6000642205745,28.5686522810658,0
                81.6003397492045,28.5684570531539,0
                81.6007663192592,28.5683175720738,0
                81.6010236593815,28.5682938907101,0
                81.601282810744,28.5683671994972,0
                81.6015226501774,28.5685353129015,0
                81.6016116980665,28.5686860496189,0
                81.6019642669451,28.5691221392423,0
                81.6022495356243,28.5694051171037,0
                81.6027785146312,28.570084061824,0
                81.6031930145947,28.5704025382915,0
                81.6036474508726,28.5705493432947,0
                81.6038866027724,28.5706995828179,0
                81.6040183944193,28.5708500711783,0
                81.6040437008074,28.5710213680264,0
                81.6039443947712,28.5714256418419,0
                81.6037543544657,28.5716001856915,0
                81.6036714266328,28.5717336723606,0
                81.6037395387525,28.5719047820877,0
                81.6040867390077,28.5720724593314,0
                81.6042377178811,28.5721078953908,0
                81.6045850421047,28.5722958207594,0
                81.6046522801509,28.5724286211206,0
                81.6046557771439,28.5726000432013,0
                81.6045973419483,28.5728868286691,0
                81.6045146625899,28.5730608740614,0
                81.6044099253985,28.5731764238353,0
                81.6039842912318,28.5733925860119,0
                81.6039007385889,28.5735080117286,0
                81.6038258638664,28.5740452730609,0
                81.6036837514623,28.5744474217895,0
                81.6035565167601,28.5745450987433,0
                81.602958095541,28.5746875149256,0
                81.6023833563142,28.5749630438926,0
                81.6022586196968,28.5751576492204,0
                81.6022448019899,28.5755389263968,0
                81.6023354738093,28.5757663443244,0
                81.6024901363379,28.5759935125974,0
                81.6028419560659,28.576391293093,0
                81.6029073217971,28.5764270412631,0
                81.6031499700066,28.5767485772509,0
                81.6036744539841,28.5771816694854,0
                81.6039825301839,28.5775389530297,0
                81.6039850906115,28.5776540050434,0
                81.603672999186,28.5781742648234,0
                81.6036993040883,28.5784041821395,0
                81.6037891006021,28.5785753548714,0
                81.6039644489988,28.5787437170147,0
                81.6041819166627,28.57889389372,0
                81.6044628149685,28.5789670775286,0
                81.6052428905622,28.5792996209698,0
                81.6054174275847,28.5794117380935,0
                81.6057473760152,28.5798072684624,0
                81.605881665639,28.5800548096018,0
                81.6060616335849,28.5804533375233,0
                81.6061124324912,28.5808546765122,0
                81.6061603592771,28.5810823433258,0
                81.6061885366382,28.5814273119398,0
                81.6062828293251,28.5818261517889,0
                81.6063710034276,28.5819408300376,0
                81.6065890953574,28.5820886944212,0
                81.6068256882308,28.5821238191772,0
                81.6072539435537,28.5820428956814,0
                81.6076796396987,28.5818447315181,0
                81.6080234678244,28.5818589851417,0
                81.6083504820712,28.5820650332242,0
                81.6091395488598,28.5828375353235,0
                81.6095305539743,28.5830613952866,0
                81.6100487935215,28.5831876409899,0
                81.6102223936682,28.5832613241083,0
                81.610352811584,28.5833825648374,0
                81.6104851663939,28.5835060547964,0
                81.6115354265179,28.5854774498309,0
                81.6117980736564,28.5857040574925,0
                81.6119089935232,28.5858750437571,0
                81.6120844041339,28.5860434677297,0
                81.6126516316029,28.5864560001199,0
                81.6131762400294,28.5869070288029,0
                81.613483505116,28.5872282533832,0
                81.6137932680102,28.5876442189485,0
                81.614017791595,28.5881372391192,0
                81.6140431602719,28.588308535688,0
                81.6141802593178,28.5887095009132,0
                81.6147217261677,28.5899613301135,0
                81.6147917732624,28.590247492515,0
                81.6151315870449,28.591103168256,0
                81.6157722974258,28.5919530359717,0
                81.6160359445365,28.59223607598,0
                81.6161476130677,28.5924273096515,0
                81.6162959077681,28.5923296959488,0
                81.6167617245664,28.5919981705082,0
                81.6169702642592,28.5917084503407,0
                81.6175167634621,28.5910878277629,0
                81.6178953442408,28.5907003685371,0
                81.6181071934488,28.5905437608653,0
                81.6184430913016,28.5901767370701,0
                81.6186549406743,28.5900201293576,0
                81.6187596785673,28.5899046419128,0
              </coordinates>
            </LinearRing>
          </outerBoundaryIs>
        </Polygon>
      </Placemark>
      <Placemark id="KA_SURKHET_Birendranagar.7">
        <ExtendedData>
          <SchemaData schemaUrl="#KA_SURKHET_Birendranagar.schema">
            <SimpleData name="ogc_fid">2702</SimpleData>
            <SimpleData name="objectid_1">2703</SimpleData>
            <SimpleData name="dcode">59</SimpleData>
            <SimpleData name="district">SURKHET</SimpleData>
            <SimpleData name="das">0</SimpleData>
            <SimpleData name="gapa_napa">Birendranagar</SimpleData>
            <SimpleData name="type_gn">Nagarpalika</SimpleData>
            <SimpleData name="gn_code">3.000000000000000</SimpleData>
            <SimpleData name="new_ward_n">1</SimpleData>
            <SimpleData name="ddgnww">590301.000000000000000</SimpleData>
            <SimpleData name="center">Birendranagar</SimpleData>
            <SimpleData name="state_code">6</SimpleData>
            <SimpleData name="ddgn">59003</SimpleData>
            <SimpleData name="area_sqkm">6.102481894220000</SimpleData>
            <SimpleData name="shape_leng">10135.684704600000259</SimpleData>
            <SimpleData name="shape_area">6102481.894220000132918</SimpleData>
            <SimpleData name="Province">KA</SimpleData>
            <SimpleData name="Address">Birendranagar-1, SURKHET, KA</SimpleData>
          </SchemaData>
        </ExtendedData>
        <Polygon>
          <outerBoundaryIs>
            <LinearRing>
              <coordinates>
                81.5934482765866,28.6019829876206,0
                81.5933392909512,28.6020330444955,0
                81.5930847594099,28.6022282101932,0
                81.5929139683471,28.6023078877445,0
                81.5919724038951,28.6026097843969,0
                81.591545957691,28.602807885043,0
                81.5912889291127,28.6028879996187,0
                81.5906072647615,28.603263205708,0
                81.5894974070252,28.6037597691309,0
                81.589156636639,28.6039553088014,0
                81.5885578394784,28.6041767173854,0
                81.5877897498318,28.6045522349862,0
                81.5875333450372,28.6046323487,0
                81.5871926379405,28.6048481366013,0
                81.5866800791567,28.6050669218957,0
                81.5864874157927,28.6051286639436,0
                81.5864019894019,28.6051673460263,0
                81.5858055651316,28.6054834967435,0
                81.5855484736291,28.6055658599849,0
                81.5849504878751,28.6058233279616,0
                81.5847805083837,28.6059414402357,0
                81.5844388650882,28.6060984827939,0
                81.5837372020819,28.6065707420772,0
                81.5831399033907,28.6068485211655,0
                81.5827991951065,28.6070642458244,0
                81.5822010230766,28.6072834677376,0
                81.5818593161278,28.6074427607439,0
                81.5816257203785,28.6076174915221,0
                81.581454991562,28.6077129804681,0
                81.5811994608909,28.607853963221,0
                81.5803437584872,28.6082140436781,0
                81.579829637851,28.608394457299,0
                81.5794874939235,28.6085718733957,0
                81.5788017080263,28.6087936563462,0
                81.5774555037766,28.6094445772527,0
                81.5770701168428,28.6095658110131,0
                81.5766014875871,28.6098813372649,0
                81.5763698260474,28.6101710573652,0
                81.5760917992866,28.6102896056739,0
                81.5761817835575,28.6104989626255,0
                81.5761844052125,28.6106343245202,0
                81.5762517062307,28.6107851869205,0
                81.5766296437025,28.6114106969102,0
                81.5767657447197,28.6117530418963,0
                81.5767075582803,28.6121006963833,0
                81.5764195844919,28.6128508732904,0
                81.5762597191249,28.613541869892,0
                81.5762660870966,28.6138869627028,0
                81.5763341366438,28.6140581358182,0
                81.5763370086811,28.6142318067736,0
                81.5766746989251,28.6149726184828,0
                81.5767238745858,28.6153152749879,0
                81.5766439414204,28.6156607417938,0
                81.5763096638013,28.6162419339598,0
                81.5760843085623,28.6168768092231,0
                81.5760270590162,28.6172808340407,0
                81.576056109982,28.6176822971497,0
                81.5761950201376,28.6181960639183,0
                81.5762838808382,28.6183107418926,0
                81.5763075001942,28.618423419329,0
                81.5765311496412,28.6188803802661,0
                81.5771731089208,28.6197506839323,0
                81.5773756982636,28.6202078325678,0
                81.5774229383415,28.6204354366091,0
                81.5774502828703,28.6219287367971,0
                81.5774138442164,28.6222740172616,0
                81.5774237088989,28.6227905938092,0
                81.5774945051383,28.6231354386814,0
                81.5777898256792,28.6239350558821,0
                81.5783911012117,28.6249588453234,0
                81.578479149529,28.6250464628227,0
                81.5787837264176,28.6254534917086,0
                81.5789014572942,28.6255951057704,0
                81.5791558526732,28.6260496921142,0
                81.5794645560473,28.6262807377029,0
                81.5799324203588,28.6268652530606,0
                81.5803340459638,28.6272447860707,0
                81.5813865666762,28.6285938010618,0
                81.5814542429772,28.6286995420035,0
                81.582112572486,28.6297367049293,0
                81.5823922066057,28.6305972549151,0
                81.5825141682364,28.6318510157385,0
                81.5823783625657,28.6324877675651,0
                81.5823426671552,28.6331985761966,0
                81.5824113362781,28.6337147791744,0
                81.5825822440799,28.6340998082392,0
                81.5827395948277,28.6342412354829,0
                81.5838504427373,28.6343221809993,0
                81.5849756702552,28.6340037882001,0
                81.5864633482173,28.6336973370626,0
                81.5868871655781,28.6337000300893,0
                81.5875653212587,28.6338008426394,0
                81.5875751941842,28.6338459010952,0
                81.5880852502425,28.633841471374,0
                81.5886839805206,28.6339110357038,0
                81.5891462273206,28.6340443419842,0
                81.5903523739477,28.6341384131821,0
                81.591040403531,28.6342955330921,0
                81.5915382696206,28.6344941462185,0
                81.5920347589282,28.6348078115917,0
                81.5922589206118,28.6345361528805,0
                81.5922969202631,28.6342517419459,0
                81.5911552294891,28.6326527486306,0
                81.5910016320675,28.632269906736,0
                81.5909660173396,28.631967809342,0
                81.5911601225756,28.6315857226331,0
                81.5916941204438,28.6311660188875,0
                81.5923038541601,28.6309309862135,0
                81.5927689831241,28.6306605174287,0
                81.5933339790595,28.6300850789085,0
                81.5934227939686,28.6292815918424,0
                81.593512846547,28.6291548545034,0
                81.5937388811344,28.6289892479433,0
                81.5942778876624,28.6280054712393,0
                81.5946224744176,28.627555142535,0
                81.5948998160553,28.6273124813126,0
                81.5956189741393,28.6269844594427,0
                81.5960741051401,28.6266553705367,0
                81.597445010291,28.6250454764732,0
                81.597471007104,28.6250159792749,0
                81.5975794934096,28.6249794215781,0
                81.5978077825091,28.6245339660867,0
                81.5979340805102,28.6243800447017,0
                81.5980358221808,28.6240705117776,0
                81.598263987487,28.623607057397,0
                81.5987464341426,28.6229101284946,0
                81.5990373413413,28.6223696828731,0
                81.5991218321769,28.6222723183382,0
                81.5992253214227,28.6220417160249,0
                81.5993643765574,28.6214275245093,0
                81.59941887843,28.6208903872559,0
                81.5995206198036,28.6205808545569,0
                81.5996658563563,28.6202734479962,0
                81.6001904228292,28.6195560215077,0
                81.6003549072178,28.6191514359693,0
                81.6004711542012,28.6184606264939,0
                81.6004672833515,28.6182305846359,0
                81.6005273421935,28.6180001696196,0
                81.6006508309847,28.6176905752838,0
                81.6011724005669,28.6168017263004,0
                81.6013570710049,28.6163407095452,0
                81.6014205011749,28.6162614676037,0
                81.6018003521981,28.6147234897431,0
                81.6018754780216,28.6141118596675,0
                81.6018681738967,28.6137283951373,0
                81.6019499786033,28.6134979175215,0
                81.6020082269124,28.613170573546,0
                81.6020025456553,28.612863726999,0
                81.6020408566518,28.6126334987596,0
                81.601970747011,28.6123292758658,0
                81.6017470977807,28.6118723147023,0
                81.6015243846682,28.6114942221093,0
                81.6012605519193,28.6111728728369,0
                81.6009059845929,28.610642041928,0
                81.6001143577137,28.6097725488326,0
                81.5996286851638,28.6091114781783,0
                81.5990577733763,28.6085071511129,0
                81.5980934199366,28.6076045330866,0
                81.5978325832906,28.6074749164369,0
                81.5977007912582,28.6073423645893,0
                81.5973887816842,28.6067549148597,0
                81.5972506213421,28.6062772694162,0
                81.5971159575486,28.6059733575635,0
                81.5967415778771,28.6055395801222,0
                81.5964135029967,28.6052770999497,0
                81.5961506676173,28.6050120583733,0
                81.5960133821151,28.6045750341723,0
                81.5957679237658,28.6041181358106,0
                81.5951744531455,28.6034778109908,0
                81.5949571098269,28.6033456959708,0
                81.5945454800428,28.6032189517954,0
                81.5941982801183,28.6030714606525,0
                81.5939608761996,28.6030184616233,0
                81.5938292080046,28.6029039710375,0
                81.5937399735237,28.6027148621848,0
                81.5936909856096,28.6024105139323,0
                81.5936236851917,28.6022574025581,0
                81.5935346376532,28.6021066650012,0
                81.5934482765866,28.6019829876206,0
              </coordinates>
            </LinearRing>
          </outerBoundaryIs>
        </Polygon>
      </Placemark>
      <Placemark id="KA_SURKHET_Birendranagar.8">
        <ExtendedData>
          <SchemaData schemaUrl="#KA_SURKHET_Birendranagar.schema">
            <SimpleData name="ogc_fid">2703</SimpleData>
            <SimpleData name="objectid_1">2704</SimpleData>
            <SimpleData name="dcode">59</SimpleData>
            <SimpleData name="district">SURKHET</SimpleData>
            <SimpleData name="das">0</SimpleData>
            <SimpleData name="gapa_napa">Birendranagar</SimpleData>
            <SimpleData name="type_gn">Nagarpalika</SimpleData>
            <SimpleData name="gn_code">3.000000000000000</SimpleData>
            <SimpleData name="new_ward_n">8</SimpleData>
            <SimpleData name="ddgnww">590308.000000000000000</SimpleData>
            <SimpleData name="center">Birendranagar</SimpleData>
            <SimpleData name="state_code">6</SimpleData>
            <SimpleData name="ddgn">59003</SimpleData>
            <SimpleData name="area_sqkm">1.410472037140000</SimpleData>
            <SimpleData name="shape_leng">4877.806544879999819</SimpleData>
            <SimpleData name="shape_area">1410472.037139999913052</SimpleData>
            <SimpleData name="Province">KA</SimpleData>
            <SimpleData name="Address">Birendranagar-8, SURKHET, KA</SimpleData>
          </SchemaData>
        </ExtendedData>
        <Polygon>
          <outerBoundaryIs>
            <LinearRing>
              <coordinates>
                81.6328875953825,28.5920885112673,0
                81.6326035249807,28.5911784668057,0
                81.632474945033,28.5896608543468,0
                81.6320028945993,28.5890449674191,0
                81.6317218179822,28.5885138878511,0
                81.6314804217063,28.5880006816305,0
                81.6313595092,28.5875545332466,0
                81.6313705772608,28.5871551953367,0
                81.631585435885,28.5864368273933,0
                81.6316042583433,28.5857351423099,0
                81.6314953477483,28.5850521416464,0
                81.631139409332,28.584293581798,0
                81.6308406443171,28.58392048685,0
                81.6301911168389,28.5834181493584,0
                81.6300656970877,28.5833826504175,0
                81.6293431106122,28.5831784721941,0
                81.6287951199667,28.5833298876229,0
                81.6282041378854,28.5833191303446,0
                81.6281348334683,28.583382624158,0
                81.6274319805461,28.5840174931186,0
                81.6253384224582,28.5856829977334,0
                81.6237015646539,28.5866718214395,0
                81.6231161411592,28.5868685450371,0
                81.6230810828808,28.5868799806614,0
                81.6228893576048,28.586977843992,0
                81.6226337029836,28.5870782688008,0
                81.6221024570903,28.587353673451,0
                81.6214667860661,28.5878009989275,0
                81.6214256652399,28.5878779283746,0
                81.6209827182092,28.5882860091486,0
                81.6208973538129,28.588324754975,0
                81.6204968391227,28.5886762164851,0
                81.6200722670106,28.5889488729929,0
                81.6193536048676,28.5895319345038,0
                81.6190142719223,28.5897297240941,0
                81.6187596785673,28.5899046419128,0
                81.6188059198958,28.5900555657057,0
                81.6188550327597,28.590362101179,0
                81.6189703221182,28.5907428171748,0
                81.6189755054534,28.5909706714622,0
                81.6191399077245,28.591657922755,0
                81.6191427170062,28.5918090965936,0
                81.6190234128698,28.5922698020798,0
                81.6185100241823,28.5934429989245,0
                81.6183890964151,28.5938270246193,0
                81.6180595663817,28.5945210805187,0
                81.6180230030535,28.5948258021879,0
                81.6182947670775,28.5955103677322,0
                81.618383814739,28.5956633551853,0
                81.6185819711849,28.5958880242756,0
                81.6187835619909,28.5962683668903,0
                81.6193353488856,28.5969674354229,0
                81.6196452991467,28.5974217105435,0
                81.6200853551823,28.5979317944966,0
                81.6201744655424,28.5980824693925,0
                81.6202443888353,28.5983483828449,0
                81.6205653466949,28.5982679576552,0
                81.6209046797167,28.5980543567336,0
                81.6210520990509,28.5979183090407,0
                81.6213069415408,28.5977795751793,0
                81.6222454454786,28.5974233082449,0
                81.6229450472592,28.5969531739694,0
                81.6231159000469,28.5968959946365,0
                81.6235042868622,28.5967678238866,0
                81.623520221895,28.5967632624243,0
                81.6242425059424,28.5963741829455,0
                81.6246463901591,28.5962640742995,0
                81.6268712995312,28.5949544131918,0
                81.6281261405874,28.594283118094,0
                81.6286594457578,28.5941204525432,0
                81.6291836278107,28.5939488509556,0
                81.6298226094546,28.5936277640643,0
                81.6303551690194,28.5932418070138,0
                81.6310572653665,28.5930016519019,0
                81.631966651558,28.5924853369243,0
                81.6325908204217,28.5922546168965,0
                81.6328875953825,28.5920885112673,0
              </coordinates>
            </LinearRing>
          </outerBoundaryIs>
        </Polygon>
      </Placemark>
      <Placemark id="KA_SURKHET_Birendranagar.9">
        <ExtendedData>
          <SchemaData schemaUrl="#KA_SURKHET_Birendranagar.schema">
            <SimpleData name="ogc_fid">2704</SimpleData>
            <SimpleData name="objectid_1">2705</SimpleData>
            <SimpleData name="dcode">59</SimpleData>
            <SimpleData name="district">SURKHET</SimpleData>
            <SimpleData name="das">0</SimpleData>
            <SimpleData name="gapa_napa">Birendranagar</SimpleData>
            <SimpleData name="type_gn">Nagarpalika</SimpleData>
            <SimpleData name="gn_code">3.000000000000000</SimpleData>
            <SimpleData name="new_ward_n">12</SimpleData>
            <SimpleData name="ddgnww">590312.000000000000000</SimpleData>
            <SimpleData name="center">Birendranagar</SimpleData>
            <SimpleData name="state_code">6</SimpleData>
            <SimpleData name="ddgn">59003</SimpleData>
            <SimpleData name="area_sqkm">8.819143907470000</SimpleData>
            <SimpleData name="shape_leng">20135.399897800001781</SimpleData>
            <SimpleData name="shape_area">8819143.907470000907779</SimpleData>
            <SimpleData name="Province">KA</SimpleData>
            <SimpleData name="Address">Birendranagar-12, SURKHET, KA</SimpleData>
          </SchemaData>
        </ExtendedData>
        <Polygon>
          <outerBoundaryIs>
            <LinearRing>
              <coordinates>
                81.6404340307122,28.6537197379382,0
                81.6409943312431,28.6536426279375,0
                81.6412498636316,28.6534180892166,0
                81.6414260357634,28.6529345119538,0
                81.6415512155852,28.6523925008755,0
                81.6417293931531,28.6516178874195,0
                81.6417918319368,28.6510649390223,0
                81.6421966083192,28.6500185421025,0
                81.6425906915541,28.649333172835,0
                81.6428791080037,28.6482985849905,0
                81.6429531087201,28.6477500742023,0
                81.6434408869082,28.6459588718084,0
                81.6439387832114,28.6444788903897,0
                81.6440315938834,28.6438625731163,0
                81.6439617546362,28.6423763350563,0
                81.6440402708777,28.6408892855462,0
                81.6442396984341,28.6399476879785,0
                81.6449711302372,28.6381868611057,0
                81.645091694355,28.6372004531877,0
                81.6453139275593,28.6364414645533,0
                81.6456037740493,28.6358557719554,0
                81.6460743454663,28.6352399606016,0
                81.6469056178753,28.6346539639583,0
                81.6489726709678,28.6334755395036,0
                81.649678711818,28.632799923844,0
                81.6498273876967,28.6323412807369,0
                81.6498987609388,28.6318920106448,0
                81.6499398246997,28.6314992974303,0
                81.6499040230391,28.6311948881223,0
                81.6498092308003,28.6307464275503,0
                81.6495868972256,28.6301384182152,0
                81.6491069710738,28.6296399577243,0
                81.648897255833,28.6293161094417,0
                81.648631358268,28.6291165617065,0
                81.6481424976761,28.6285076116558,0
                81.6471875169544,28.6276752372718,0
                81.6466171012651,28.6273192618822,0
                81.6458436627787,28.6262717232182,0
                81.6455367157975,28.6256234667311,0
                81.6455037932491,28.625046144451,0
                81.6455016688741,28.6250100225397,0
                81.6453361433766,28.624187471435,0
                81.6452141782176,28.6231570649817,0
                81.6450255284925,28.6225150587962,0
                81.6445110545303,28.6214730226826,0
                81.644380583592,28.6208352671151,0
                81.6443294166096,28.6200933349319,0
                81.6446124473575,28.6162073228992,0
                81.6442996283627,28.6154215159288,0
                81.6441317193655,28.6151381028019,0
                81.6441099159177,28.6148088203608,0
                81.6431633620946,28.6144930238109,0
                81.6424637928878,28.6131766349476,0
                81.6411915448165,28.6122622642032,0
                81.6408615360443,28.6117991148293,0
                81.6404545453495,28.610871569995,0
                81.6401204871719,28.6096437414971,0
                81.6402522342808,28.6088129449027,0
                81.6400329042317,28.6079454589992,0
                81.6405064801724,28.607101793574,0
                81.6404330582187,28.6068088822399,0
                81.6398708424358,28.6056700418265,0
                81.6397303688157,28.6052646399269,0
                81.6397466266687,28.6046915687543,0
                81.6400744663714,28.6041531226298,0
                81.6410700301382,28.6035077585435,0
                81.6420213017173,28.6021000888166,0
                81.6421699148437,28.6016233853757,0
                81.6420727196544,28.5993093479614,0
                81.6423039564349,28.5982411992362,0
                81.6422504091818,28.5978399236229,0
                81.6423317209134,28.5972394793895,0
                81.6422604280762,28.5966600322533,0
                81.6422499923828,28.5966352847183,0
                81.6422498681743,28.5966013495868,0
                81.6421776304904,28.5964866723369,0
                81.6419364870808,28.5958201052027,0
                81.6419206183052,28.5956284349761,0
                81.6419294980565,28.5953012784619,0
                81.6422454011694,28.5948102654721,0
                81.6422537800447,28.594505668317,0
                81.6421329271807,28.5941859460413,0
                81.6416706860703,28.5937166078009,0
                81.6415123383837,28.5934196334564,0
                81.641229194564,28.5930960965807,0
                81.641268506259,28.5928387462073,0
                81.6416329032007,28.592338485017,0
                81.6416474662705,28.592214309009,0
                81.6415491702345,28.5920185132968,0
                81.6410741825799,28.5914499966264,0
                81.6408283502249,28.5909526639058,0
                81.6406611937302,28.5904683940213,0
                81.6406436346763,28.5904165860172,0
                81.6407828730938,28.5899941266258,0
                81.6411563290737,28.5896178543316,0
                81.6414671743364,28.5889328596974,0
                81.6412395951395,28.5880677488299,0
                81.641189174537,28.5875489833097,0
                81.6412733599116,28.5869982224537,0
                81.6414170359837,28.5865643895384,0
                81.642202886968,28.5853966337494,0
                81.6422768214122,28.5850534164085,0
                81.6421111032562,28.5844902155213,0
                81.6420390686263,28.5834663721777,0
                81.6420526312549,28.5833828799317,0
                81.6423007496037,28.5818431499687,0
                81.6420788447327,28.5817043476924,0
                81.6409657090331,28.5803154599759,0
                81.6403679930214,28.5794069112244,0
                81.6402097755453,28.5788211498633,0
                81.6398477160463,28.5779024801768,0
                81.6397669207196,28.5775328880201,0
                81.6392943175834,28.5764003608294,0
                81.6391225960502,28.5761034483586,0
                81.6386312201457,28.5764147878385,0
                81.6368453170574,28.5775465334838,0
                81.6356852754209,28.5781994576114,0
                81.6355242958677,28.5783198192171,0
                81.632905931439,28.5801051797285,0
                81.6310877784478,28.5815348353244,0
                81.6302234477892,28.5820915848775,0
                81.6282041378854,28.5833191303446,0
                81.6287951199667,28.5833298876229,0
                81.6293431106122,28.5831784721941,0
                81.6300656970877,28.5833826504175,0
                81.6301911168389,28.5834181493584,0
                81.6308406443171,28.58392048685,0
                81.631139409332,28.584293581798,0
                81.6314953477483,28.5850521416464,0
                81.6316042583433,28.5857351423099,0
                81.631585435885,28.5864368273933,0
                81.6313705772608,28.5871551953367,0
                81.6313595092,28.5875545332466,0
                81.6314804217063,28.5880006816305,0
                81.6317218179822,28.5885138878511,0
                81.6320028945993,28.5890449674191,0
                81.632474945033,28.5896608543468,0
                81.6326035249807,28.5911784668057,0
                81.6328875953825,28.5920885112673,0
                81.6331786671151,28.5928970655807,0
                81.633256956276,28.5935915031179,0
                81.6332826852923,28.594588473182,0
                81.6332219039598,28.5968040181621,0
                81.6330070444236,28.597524699101,0
                81.6326046442266,28.5985123519491,0
                81.6316275591932,28.6002201178938,0
                81.6313397694352,28.6011486538828,0
                81.6311362164111,28.6021556204229,0
                81.6310847114411,28.6028394942129,0
                81.6308167897451,28.6039866968538,0
                81.6305953107898,28.60446596205,0
                81.6303356427538,28.6053943728703,0
                81.6301692734657,28.6063245343415,0
                81.630135130361,28.6075586702337,0
                81.6299770085076,28.6085903847607,0
                81.6299633765017,28.6090867140621,0
                81.6300518527498,28.6097788386405,0
                81.630021899343,28.6108663627202,0
                81.630301969035,28.6118508384548,0
                81.6301484105665,28.6127810008809,0
                81.6301849579894,28.613335762695,0
                81.6306041889903,28.6147234524528,0
                81.630702473011,28.6155576267367,0
                81.6306853463157,28.6157946047751,0
                81.6302099450506,28.6174188230813,0
                81.6301207553853,28.6182155610066,0
                81.6300981189405,28.6190299850336,0
                81.6304479187614,28.6205533496454,0
                81.6304819708026,28.6209051304411,0
                81.6308123457848,28.6218600465157,0
                81.631577782761,28.6230905063198,0
                81.6327149793807,28.6243935892689,0
                81.6329745574248,28.6250465945739,0
                81.6330018031824,28.6251141513857,0
                81.6332500618854,28.6262206149106,0
                81.6334969593916,28.6265533382678,0
                81.6345856027202,28.6277528671519,0
                81.6348911771291,28.6282905718781,0
                81.6354597613258,28.6297271346834,0
                81.635505124525,28.6300427936528,0
                81.635521656347,28.6316150859896,0
                81.6354291023244,28.6318546253043,0
                81.6354259100755,28.6321704088999,0
                81.6356127457476,28.63294333947,0
                81.6356575427837,28.6334800405198,0
                81.6359558620494,28.6342952200366,0
                81.6363432978105,28.6349408528972,0
                81.6368101615549,28.6355093693115,0
                81.6371214858099,28.6360358253243,0
                81.6372863927321,28.6364568513044,0
                81.6372089620211,28.6366557686505,0
                81.6365796037613,28.6370219140388,0
                81.6355032423502,28.6374758571557,0
                81.6350211773259,28.6377781972938,0
                81.6346050379183,28.6382132760353,0
                81.6344192765856,28.6402805207613,0
                81.6345435546416,28.6412702435971,0
                81.6345112270395,28.6423689539698,0
                81.6345818261719,28.6432755585702,0
                81.6342712164495,28.6447771655461,0
                81.6332621905304,28.646866271408,0
                81.6328762877536,28.6478652361471,0
                81.6327731667838,28.6484658035527,0
                81.632766091265,28.6492101727578,0
                81.6331703085315,28.6514754687918,0
                81.6331970379076,28.6524160070236,0
                81.632976365883,28.6532449903998,0
                81.6360619365014,28.6537922329948,0
                81.636934562246,28.6540926546942,0
                81.6375784108504,28.6541911544265,0
                81.6381290244679,28.6541141066403,0
                81.639974096793,28.6535729947668,0
                81.640243997294,28.6535875597271,0
                81.6404340307122,28.6537197379382,0
              </coordinates>
            </LinearRing>
          </outerBoundaryIs>
        </Polygon>
      </Placemark>
      <Placemark id="KA_SURKHET_Birendranagar.10">
        <ExtendedData>
          <SchemaData schemaUrl="#KA_SURKHET_Birendranagar.schema">
            <SimpleData name="ogc_fid">2705</SimpleData>
            <SimpleData name="objectid_1">2706</SimpleData>
            <SimpleData name="dcode">59</SimpleData>
            <SimpleData name="district">SURKHET</SimpleData>
            <SimpleData name="das">0</SimpleData>
            <SimpleData name="gapa_napa">Birendranagar</SimpleData>
            <SimpleData name="type_gn">Nagarpalika</SimpleData>
            <SimpleData name="gn_code">3.000000000000000</SimpleData>
            <SimpleData name="new_ward_n">4</SimpleData>
            <SimpleData name="ddgnww">590304.000000000000000</SimpleData>
            <SimpleData name="center">Birendranagar</SimpleData>
            <SimpleData name="state_code">6</SimpleData>
            <SimpleData name="ddgn">59003</SimpleData>
            <SimpleData name="area_sqkm">7.052977986790000</SimpleData>
            <SimpleData name="shape_leng">15290.833203000000140</SimpleData>
            <SimpleData name="shape_area">7052977.986790000461042</SimpleData>
            <SimpleData name="Province">KA</SimpleData>
            <SimpleData name="Address">Birendranagar-4, SURKHET, KA</SimpleData>
          </SchemaData>
        </ExtendedData>
        <Polygon>
          <outerBoundaryIs>
            <LinearRing>
              <coordinates>
                81.611794959212,28.5991785636188,0
                81.6118333322474,28.5989663343856,0
                81.6119327007546,28.5985824331863,0
                81.6118756590546,28.5978968710372,0
                81.6119129089415,28.5975899001119,0
                81.6118404257642,28.5972089962083,0
                81.6118307477021,28.5967488514641,0
                81.611737142484,28.5963680723548,0
                81.6117308988043,28.5960634757394,0
                81.6115237509621,28.5953785986883,0
                81.6115437501483,28.5953018561993,0
                81.61142496255,28.594767716128,0
                81.6113951613836,28.5943663148313,0
                81.6113678580967,28.5940619054078,0
                81.6112607476054,28.594100712586,0
                81.6110904571048,28.5941601425915,0
                81.6104948447375,28.5944764172358,0
                81.6102619976767,28.5946511483119,0
                81.6094949723408,28.5949478598988,0
                81.6088991108501,28.5952235138895,0
                81.6087274460914,28.5952648828098,0
                81.6075575319219,28.5958363764099,0
                81.6068753697061,28.5961123414558,0
                81.6055946614497,28.5965331592888,0
                81.6055099843343,28.5965922154274,0
                81.6049131242074,28.5968091872854,0
                81.6043166369869,28.5970870909747,0
                81.6036342259876,28.5973246843144,0
                81.6027828339029,28.5977187612353,0
                81.60244081618,28.5978195594854,0
                81.6016747265474,28.598174890848,0
                81.6014410057185,28.5983112499784,0
                81.6008434587398,28.5985304719598,0
                81.6004604446943,28.5987081371534,0
                81.5996089907624,28.5991021522812,0
                81.5993759576853,28.5992587596406,0
                81.5981796763299,28.5996002738328,0
                81.5964728316882,28.6003928020701,0
                81.5958355974934,28.6008242534081,0
                81.5954094636031,28.6010607252185,0
                81.5953232880869,28.6010814718498,0
                81.5948341615283,28.6013768129229,0
                81.5943224770248,28.6016339698812,0
                81.5938937197382,28.601755452623,0
                81.5936382523775,28.6018941866982,0
                81.5934482765866,28.6019829876206,0
                81.5935346376532,28.6021066650012,0
                81.5936236851917,28.6022574025581,0
                81.5936909856096,28.6024105139323,0
                81.5937399735237,28.6027148621848,0
                81.5938292080046,28.6029039710375,0
                81.5939608761996,28.6030184616233,0
                81.5941982801183,28.6030714606525,0
                81.5945454800428,28.6032189517954,0
                81.5949571098269,28.6033456959708,0
                81.5951744531455,28.6034778109908,0
                81.5957679237658,28.6041181358106,0
                81.5960133821151,28.6045750341723,0
                81.5961506676173,28.6050120583733,0
                81.5964135029967,28.6052770999497,0
                81.5967415778771,28.6055395801222,0
                81.5971159575486,28.6059733575635,0
                81.5972506213421,28.6062772694162,0
                81.5973887816842,28.6067549148597,0
                81.5977007912582,28.6073423645893,0
                81.5978325832906,28.6074749164369,0
                81.5980934199366,28.6076045330866,0
                81.5990577733763,28.6085071511129,0
                81.5996286851638,28.6091114781783,0
                81.6001143577137,28.6097725488326,0
                81.6009059845929,28.610642041928,0
                81.6012605519193,28.6111728728369,0
                81.6015243846682,28.6114942221093,0
                81.6017470977807,28.6118723147023,0
                81.601970747011,28.6123292758658,0
                81.6020408566518,28.6126334987596,0
                81.6020025456553,28.612863726999,0
                81.6020082269124,28.613170573546,0
                81.6019499786033,28.6134979175215,0
                81.6018681738967,28.6137283951373,0
                81.6018754780216,28.6141118596675,0
                81.6018003521981,28.6147234897431,0
                81.6014205011749,28.6162614676037,0
                81.6013570710049,28.6163407095452,0
                81.6011724005669,28.6168017263004,0
                81.6006508309847,28.6176905752838,0
                81.6005273421935,28.6180001696196,0
                81.6004672833515,28.6182305846359,0
                81.6004711542012,28.6184606264939,0
                81.6003549072178,28.6191514359693,0
                81.6001904228292,28.6195560215077,0
                81.5996658563563,28.6202734479962,0
                81.5995206198036,28.6205808545569,0
                81.59941887843,28.6208903872559,0
                81.5993643765574,28.6214275245093,0
                81.5992253214227,28.6220417160249,0
                81.5991218321769,28.6222723183382,0
                81.5990373413413,28.6223696828731,0
                81.5987464341426,28.6229101284946,0
                81.598263987487,28.623607057397,0
                81.5980358221808,28.6240705117776,0
                81.5979340805102,28.6243800447017,0
                81.5978077825091,28.6245339660867,0
                81.5975794934096,28.6249794215781,0
                81.597471007104,28.6250159792749,0
                81.597445010291,28.6250454764732,0
                81.5960741051401,28.6266553705367,0
                81.5956189741393,28.6269844594427,0
                81.5948998160553,28.6273124813126,0
                81.5946224744176,28.627555142535,0
                81.5942778876624,28.6280054712393,0
                81.5937388811344,28.6289892479433,0
                81.593512846547,28.6291548545034,0
                81.5934227939686,28.6292815918424,0
                81.5933339790595,28.6300850789085,0
                81.5927689831241,28.6306605174287,0
                81.5923038541601,28.6309309862135,0
                81.5916941204438,28.6311660188875,0
                81.5911601225756,28.6315857226331,0
                81.5909660173396,28.631967809342,0
                81.5910016320675,28.632269906736,0
                81.5911552294891,28.6326527486306,0
                81.5922969202631,28.6342517419459,0
                81.5922589206118,28.6345361528805,0
                81.5920347589282,28.6348078115917,0
                81.5925718565832,28.6357303591282,0
                81.5932136308646,28.6365306689311,0
                81.5953293760521,28.6381907322618,0
                81.5961061994494,28.6386633245884,0
                81.5984255531068,28.6397043229447,0
                81.6005125728665,28.6402207420755,0
                81.602258900452,28.6400708426685,0
                81.6027505829731,28.6401002219345,0
                81.6032635153192,28.6400257353242,0
                81.6040709072024,28.6399093830574,0
                81.6051780109796,28.6396721073642,0
                81.6054580353562,28.6396731112191,0
                81.6061481941689,28.639523384664,0
                81.6064608394903,28.6395264512776,0
                81.6074080842888,28.6396169562385,0
                81.6103751074639,28.6401946935411,0
                81.6111964930538,28.6403984987648,0
                81.6113292238013,28.6404656192285,0
                81.6115217592419,28.6404828078827,0
                81.6141830054451,28.6414701292817,0
                81.6180308825155,28.6435415537585,0
                81.6189849890103,28.6443538042613,0
                81.6192558368653,28.6437772986316,0
                81.6193160223724,28.6434680786575,0
                81.6191247491397,28.6426838359937,0
                81.6188902301099,28.6420464539578,0
                81.6183576950159,28.6410653492547,0
                81.6180190118088,28.6398893279363,0
                81.6176995020496,28.6393629347933,0
                81.616613487347,28.6379556745432,0
                81.6159585322414,28.6369141995014,0
                81.6142669275073,28.6346908186436,0
                81.613284829149,28.6336620880953,0
                81.6125918760562,28.6327809099066,0
                81.6113908848993,28.6309275012868,0
                81.6106735055722,28.629676419834,0
                81.6104176787236,28.6288834891253,0
                81.6102176009622,28.6277767758476,0
                81.6102249316198,28.6267187488484,0
                81.6103826698925,28.6261495536281,0
                81.6106902021757,28.6254962430386,0
                81.6107841356627,28.6250468485598,0
                81.6108052591788,28.624945233501,0
                81.6108199446117,28.624938422081,0
                81.6108097680083,28.624401595846,0
                81.6109315705535,28.6240175080148,0
                81.6111178647329,28.6236309214922,0
                81.611495698532,28.6230877897607,0
                81.6117031148719,28.6227033280309,0
                81.6118827287176,28.6219333392241,0
                81.611909802673,28.6210917293128,0
                81.6120069866748,28.6205521554238,0
                81.6121747381092,28.6191707852251,0
                81.6121807527979,28.6183293006768,0
                81.6120815281242,28.6176417380976,0
                81.6120930994285,28.6171047876306,0
                81.6119949985555,28.6164938424685,0
                81.6117701004816,28.6159625139649,0
                81.6117456066699,28.6158092151393,0
                81.6116793045952,28.6157327836645,0
                81.6113636741109,28.6149717244603,0
                81.6112946243473,28.6147441821113,0
                81.6112444512178,28.6143609043847,0
                81.6113388872713,28.6136702196763,0
                81.6112887143733,28.613289191413,0
                81.6112779750586,28.612754615682,0
                81.6113773433958,28.6123706521225,0
                81.6114128452556,28.6119870012955,0
                81.6113958622527,28.611147890734,0
                81.6113016318145,28.6107670499925,0
                81.6109870624552,28.6100826706623,0
                81.6107871575601,28.6097790086337,0
                81.6107409162705,28.6096280843853,0
                81.6106073134708,28.6094008539317,0
                81.6105382638411,28.6091710617863,0
                81.6104908995555,28.6089434567995,0
                81.610479535887,28.6084088184891,0
                81.6104339198108,28.6082556448756,0
                81.6104242415563,28.6077977494386,0
                81.6102135974136,28.6069595108009,0
                81.6101873559796,28.6067295317368,0
                81.6100720029023,28.6063488156841,0
                81.6100903157614,28.6061975792897,0
                81.609949407833,28.6055868213057,0
                81.610005969336,28.6052031082018,0
                81.6099997266127,28.6048985733719,0
                81.6101019037321,28.6046680339035,0
                81.6101819606978,28.6043608754221,0
                81.6101557181383,28.6041309585241,0
                81.6102105939705,28.603672689503,0
                81.6101414826134,28.6034428970012,0
                81.6102635969151,28.6031174910767,0
                81.6103219075266,28.6028104585581,0
                81.6102956643295,28.6025827288813,0
                81.6104139711194,28.6020453426142,0
                81.6104042305317,28.6015873844245,0
                81.6104826012607,28.601203608808,0
                81.6110659129242,28.6002962632459,0
                81.6113582555331,28.5999091776201,0
                81.6116110389382,28.5996395813169,0
                81.6117532131955,28.5992554938567,0
                81.611794959212,28.5991785636188,0
              </coordinates>
            </LinearRing>
          </outerBoundaryIs>
        </Polygon>
      </Placemark>
      <Placemark id="KA_SURKHET_Birendranagar.11">
        <ExtendedData>
          <SchemaData schemaUrl="#KA_SURKHET_Birendranagar.schema">
            <SimpleData name="ogc_fid">2706</SimpleData>
            <SimpleData name="objectid_1">2707</SimpleData>
            <SimpleData name="dcode">59</SimpleData>
            <SimpleData name="district">SURKHET</SimpleData>
            <SimpleData name="das">0</SimpleData>
            <SimpleData name="gapa_napa">Birendranagar</SimpleData>
            <SimpleData name="type_gn">Nagarpalika</SimpleData>
            <SimpleData name="gn_code">3.000000000000000</SimpleData>
            <SimpleData name="new_ward_n">5</SimpleData>
            <SimpleData name="ddgnww">590305.000000000000000</SimpleData>
            <SimpleData name="center">Birendranagar</SimpleData>
            <SimpleData name="state_code">6</SimpleData>
            <SimpleData name="ddgn">59003</SimpleData>
            <SimpleData name="area_sqkm">5.772009195080000</SimpleData>
            <SimpleData name="shape_leng">12897.286605699999200</SimpleData>
            <SimpleData name="shape_area">5772009.195079999975860</SimpleData>
            <SimpleData name="Province">KA</SimpleData>
            <SimpleData name="Address">Birendranagar-5, SURKHET, KA</SimpleData>
          </SchemaData>
        </ExtendedData>
        <Polygon>
          <outerBoundaryIs>
            <LinearRing>
              <coordinates>
                81.614937634269,28.6004885486644,0
                81.6145083790689,28.6005153528875,0
                81.6143374642914,28.6005747828061,0
                81.6140153828611,28.600578402736,0
                81.6138198487339,28.6004665983557,0
                81.613752734777,28.6003541079393,0
                81.6137481767862,28.6001240039646,0
                81.6138091717827,28.5999522706697,0
                81.6139957769576,28.5996243032928,0
                81.6140114056677,28.5993377673226,0
                81.6138786139251,28.5991465957031,0
                81.6135958427511,28.5989786697444,0
                81.613338377732,28.5989843530904,0
                81.6131666507017,28.5990234723519,0
                81.6126516576891,28.5990303395375,0
                81.6120516129984,28.5991345718119,0
                81.611794959212,28.5991785636188,0
                81.6117532131955,28.5992554938567,0
                81.6116110389382,28.5996395813169,0
                81.6113582555331,28.5999091776201,0
                81.6110659129242,28.6002962632459,0
                81.6104826012607,28.601203608808,0
                81.6104042305317,28.6015873844245,0
                81.6104139711194,28.6020453426142,0
                81.6102956643295,28.6025827288813,0
                81.6103219075266,28.6028104585581,0
                81.6102635969151,28.6031174910767,0
                81.6101414826134,28.6034428970012,0
                81.6102105939705,28.603672689503,0
                81.6101557181383,28.6041309585241,0
                81.6101819606978,28.6043608754221,0
                81.6101019037321,28.6046680339035,0
                81.6099997266127,28.6048985733719,0
                81.610005969336,28.6052031082018,0
                81.609949407833,28.6055868213057,0
                81.6100903157614,28.6061975792897,0
                81.6100720029023,28.6063488156841,0
                81.6101873559796,28.6067295317368,0
                81.6102135974136,28.6069595108009,0
                81.6104242415563,28.6077977494386,0
                81.6104339198108,28.6082556448756,0
                81.610479535887,28.6084088184891,0
                81.6104908995555,28.6089434567995,0
                81.6105382638411,28.6091710617863,0
                81.6106073134708,28.6094008539317,0
                81.6107409162705,28.6096280843853,0
                81.6107871575601,28.6097790086337,0
                81.6109870624552,28.6100826706623,0
                81.6113016318145,28.6107670499925,0
                81.6113958622527,28.611147890734,0
                81.6114128452556,28.6119870012955,0
                81.6113773433958,28.6123706521225,0
                81.6112779750586,28.612754615682,0
                81.6112887143733,28.613289191413,0
                81.6113388872713,28.6136702196763,0
                81.6112444512178,28.6143609043847,0
                81.6112946243473,28.6147441821113,0
                81.6113636741109,28.6149717244603,0
                81.6116793045952,28.6157327836645,0
                81.6117456066699,28.6158092151393,0
                81.6117701004816,28.6159625139649,0
                81.6119949985555,28.6164938424685,0
                81.6120930994285,28.6171047876306,0
                81.6120815281242,28.6176417380976,0
                81.6121807527979,28.6183293006768,0
                81.6121747381092,28.6191707852251,0
                81.6120069866748,28.6205521554238,0
                81.611909802673,28.6210917293128,0
                81.6118827287176,28.6219333392241,0
                81.6117031148719,28.6227033280309,0
                81.611495698532,28.6230877897607,0
                81.6111178647329,28.6236309214922,0
                81.6109315705535,28.6240175080148,0
                81.6108097680083,28.624401595846,0
                81.6108199446117,28.624938422081,0
                81.6108052591788,28.624945233501,0
                81.6107841356627,28.6250468485598,0
                81.6106902021757,28.6254962430386,0
                81.6103826698925,28.6261495536281,0
                81.6102249316198,28.6267187488484,0
                81.6102176009622,28.6277767758476,0
                81.6104176787236,28.6288834891253,0
                81.6106735055722,28.629676419834,0
                81.6113908848993,28.6309275012868,0
                81.6125918760562,28.6327809099066,0
                81.613284829149,28.6336620880953,0
                81.6142669275073,28.6346908186436,0
                81.6159585322414,28.6369141995014,0
                81.616613487347,28.6379556745432,0
                81.6176995020496,28.6393629347933,0
                81.6180190118088,28.6398893279363,0
                81.6183576950159,28.6410653492547,0
                81.6188902301099,28.6420464539578,0
                81.6191247491397,28.6426838359937,0
                81.6193160223724,28.6434680786575,0
                81.6192558368653,28.6437772986316,0
                81.6189849890103,28.6443538042613,0
                81.6206811798079,28.6452507452303,0
                81.6208454052376,28.645346926463,0
                81.6212187881983,28.6455662858666,0
                81.6217447717582,28.6459721929404,0
                81.6222455704112,28.6464413447932,0
                81.6230522020718,28.6469519956114,0
                81.6231148806365,28.6469516843464,0
                81.62324592571,28.6469533731694,0
                81.6244535621298,28.6475997059688,0
                81.6253327474592,28.648053613778,0
                81.6254606033252,28.6481590427188,0
                81.6260845124556,28.6484674603719,0
                81.6262671776695,28.6483177270051,0
                81.6262404988675,28.648031378436,0
                81.6257729552694,28.6470342133618,0
                81.6260991135915,28.6461912332336,0
                81.6260661258338,28.6457966445932,0
                81.6257060572709,28.6453426194457,0
                81.625581892432,28.6450047732754,0
                81.6256236442304,28.6446008114296,0
                81.6258852394943,28.6442950309372,0
                81.6270510925834,28.643619671678,0
                81.6275101011368,28.6431889054286,0
                81.6288683246298,28.6413215972805,0
                81.6292092341113,28.6402800105845,0
                81.629308232923,28.639625321915,0
                81.6292846907661,28.6386666607103,0
                81.6293860092108,28.6375427660018,0
                81.6292929738561,28.6367401511373,0
                81.6290966981449,28.6362041350369,0
                81.6287561921247,28.6355876254469,0
                81.6282140902456,28.6349449267973,0
                81.6278800150199,28.6346690104356,0
                81.6273112936371,28.633945256724,0
                81.6270120933696,28.6334030523505,0
                81.6259595126279,28.6319324237344,0
                81.6253218126741,28.630469112542,0
                81.6250678049475,28.6293423378943,0
                81.6244879773103,28.6276012407257,0
                81.6240086180668,28.6268589897439,0
                81.6237292306874,28.6261925481022,0
                81.6231159576427,28.6251734457421,0
                81.6230327213064,28.6250452690589,0
                81.6226703458695,28.6242867089975,0
                81.6225359944203,28.6240414176343,0
                81.622375899028,28.6235638970684,0
                81.6223287213202,28.623374663387,0
                81.6223679696179,28.6232029923936,0
                81.6222979213838,28.6229168305709,0
                81.6220934590935,28.6223831273134,0
                81.6220689017154,28.6222320781596,0
                81.6221220295807,28.621694940753,0
                81.6222265181075,28.6215410812155,0
                81.6222875125061,28.6213693480835,0
                81.6223712529001,28.6212719837671,0
                81.6227128521488,28.6201199068033,0
                81.6226974927718,28.6193552276151,0
                81.6226930598654,28.6191454343411,0
                81.6226876868478,28.6191071249429,0
                81.622667754193,28.6189741375435,0
                81.6225968936321,28.6186699142503,0
                81.6225712762119,28.6184399349916,0
                81.6224113687485,28.6179849748903,0
                81.6222879623825,28.6172207942211,0
                81.6222799695757,28.6168395787579,0
                81.6223199667863,28.6166859688971,0
                81.6223011737571,28.615767928554,0
                81.6224379168368,28.6151176149648,0
                81.6228555583553,28.6145178640282,0
                81.6230667204563,28.614343194965,0
                81.6230946604721,28.6139866658083,0
                81.6231155949904,28.613959481756,0
                81.6233490690276,28.6136651364063,0
                81.6236834733333,28.6129417085577,0
                81.6239826977758,28.6120921657712,0
                81.6240430716331,28.6116992650599,0
                81.6243486722611,28.6107527322559,0
                81.6242817549592,28.6101394126256,0
                81.624053549795,28.6093780422874,0
                81.6236616184472,28.608484181737,0
                81.6231158354372,28.6075098891326,0
                81.6230377230751,28.607370400937,0
                81.6228106333176,28.6071232959952,0
                81.6227225846874,28.6070289280153,0
                81.6227417095169,28.6069138143144,0
                81.6226080443506,28.6066865836902,0
                81.6226062955639,28.6066099025798,0
                81.6224953760164,28.6064389798117,0
                81.6222317293474,28.6061559398642,0
                81.62216449131,28.6060231388423,0
                81.6222218644391,28.6056799833959,0
                81.6220890111493,28.6054708130109,0
                81.6220619569111,28.6052227735492,0
                81.6219282294373,28.6049752318133,0
                81.6216235868194,28.6047893703115,0
                81.6215353507933,28.604677004254,0
                81.6215736614204,28.6044467133168,0
                81.6215509158559,28.6043881557274,0
                81.6211964729013,28.603877698517,0
                81.621001751175,28.6038041397304,0
                81.6208918926763,28.6037098965785,0
                81.6208648382624,28.6034438583346,0
                81.6207764773372,28.6033291806328,0
                81.6206691178424,28.6033116803035,0
                81.6204717725587,28.6031230702871,0
                81.6198434871837,28.6028845214564,0
                81.6193922366785,28.6028730785407,0
                81.6191778270517,28.602912384555,0
                81.6190905272172,28.6028563879547,0
                81.6190221653328,28.6026468442115,0
                81.6188695634736,28.6025551002061,0
                81.6184166879952,28.6024849756168,0
                81.6180527371479,28.6025272794263,0
                81.6177072229683,28.602456656269,0
                81.6173390251146,28.6023274129042,0
                81.6169688919349,28.6020855546934,0
                81.6165305843653,28.6016702125602,0
                81.6160515295538,28.6013723577895,0
                81.6155050492968,28.6009213920045,0
                81.6153731944515,28.6007708416574,0
                81.614937634269,28.6004885486644,0
              </coordinates>
            </LinearRing>
          </outerBoundaryIs>
        </Polygon>
      </Placemark>
      <Placemark id="KA_SURKHET_Birendranagar.12">
        <ExtendedData>
          <SchemaData schemaUrl="#KA_SURKHET_Birendranagar.schema">
            <SimpleData name="ogc_fid">2707</SimpleData>
            <SimpleData name="objectid_1">2708</SimpleData>
            <SimpleData name="dcode">59</SimpleData>
            <SimpleData name="district">SURKHET</SimpleData>
            <SimpleData name="das">0</SimpleData>
            <SimpleData name="gapa_napa">Birendranagar</SimpleData>
            <SimpleData name="type_gn">Nagarpalika</SimpleData>
            <SimpleData name="gn_code">3.000000000000000</SimpleData>
            <SimpleData name="new_ward_n">6</SimpleData>
            <SimpleData name="ddgnww">590305.999999999883585</SimpleData>
            <SimpleData name="center">Birendranagar</SimpleData>
            <SimpleData name="state_code">6</SimpleData>
            <SimpleData name="ddgn">59003</SimpleData>
            <SimpleData name="area_sqkm">0.590939962790000</SimpleData>
            <SimpleData name="shape_leng">3560.463658220000070</SimpleData>
            <SimpleData name="shape_area">590939.962785999989137</SimpleData>
            <SimpleData name="Province">KA</SimpleData>
            <SimpleData name="Address">Birendranagar-6, SURKHET, KA</SimpleData>
          </SchemaData>
        </ExtendedData>
        <Polygon>
          <outerBoundaryIs>
            <LinearRing>
              <coordinates>
                81.614937634269,28.6004885486644,0
                81.6155186791035,28.6005198045769,0
                81.6162063356729,28.6005279379575,0
                81.6164647373056,28.6005628755896,0
                81.6166365276147,28.6005417555209,0
                81.6169120559873,28.6003465274893,0
                81.6171040302719,28.6002869729091,0
                81.6174861078128,28.6000506248623,0
                81.6179966051694,28.5998160283318,0
                81.618166522257,28.5996978540103,0
                81.6184221767812,28.599599679719,0
                81.6187616338973,28.5994018899938,0
                81.6189516734715,28.599227346545,0
                81.6200332894729,28.5985253013779,0
                81.6202443888353,28.5983483828449,0
                81.6201744655424,28.5980824693925,0
                81.6200853551823,28.5979317944966,0
                81.6196452991467,28.5974217105435,0
                81.6193353488856,28.5969674354229,0
                81.6187835619909,28.5962683668903,0
                81.6185819711849,28.5958880242756,0
                81.618383814739,28.5956633551853,0
                81.6182947670775,28.5955103677322,0
                81.6180230030535,28.5948258021879,0
                81.6180595663817,28.5945210805187,0
                81.6183890964151,28.5938270246193,0
                81.6185100241823,28.5934429989245,0
                81.6190234128698,28.5922698020798,0
                81.6191427170062,28.5918090965936,0
                81.6191399077245,28.591657922755,0
                81.6189755054534,28.5909706714622,0
                81.6189703221182,28.5907428171748,0
                81.6188550327597,28.590362101179,0
                81.6188059198958,28.5900555657057,0
                81.6187596785673,28.5899046419128,0
                81.6186549406743,28.5900201293576,0
                81.6184430913016,28.5901767370701,0
                81.6181071934488,28.5905437608653,0
                81.6178953442408,28.5907003685371,0
                81.6175167634621,28.5910878277629,0
                81.6169702642592,28.5917084503407,0
                81.6167617245664,28.5919981705082,0
                81.6162959077681,28.5923296959488,0
                81.6161476130677,28.5924273096515,0
                81.615613682829,28.592587663178,0
                81.6142477976752,28.5930652869696,0
                81.613222681131,28.5933654949678,0
                81.6126258213738,28.5935847166877,0
                81.6124557797979,28.5936825176757,0
                81.6121137625955,28.5937652553077,0
                81.6116018287349,28.5939639180622,0
                81.6113678580967,28.5940619054078,0
                81.6113951613836,28.5943663148313,0
                81.61142496255,28.594767716128,0
                81.6115437501483,28.5953018561993,0
                81.6115237509621,28.5953785986883,0
                81.6117308988043,28.5960634757394,0
                81.611737142484,28.5963680723548,0
                81.6118307477021,28.5967488514641,0
                81.6118404257642,28.5972089962083,0
                81.6119129089415,28.5975899001119,0
                81.6118756590546,28.5978968710372,0
                81.6119327007546,28.5985824331863,0
                81.6118333322474,28.5989663343856,0
                81.611794959212,28.5991785636188,0
                81.6120516129984,28.5991345718119,0
                81.6126516576891,28.5990303395375,0
                81.6131666507017,28.5990234723519,0
                81.613338377732,28.5989843530904,0
                81.6135958427511,28.5989786697444,0
                81.6138786139251,28.5991465957031,0
                81.6140114056677,28.5993377673226,0
                81.6139957769576,28.5996243032928,0
                81.6138091717827,28.5999522706697,0
                81.6137481767862,28.6001240039646,0
                81.613752734777,28.6003541079393,0
                81.6138198487339,28.6004665983557,0
                81.6140153828611,28.600578402736,0
                81.6143374642914,28.6005747828061,0
                81.6145083790689,28.6005153528875,0
                81.614937634269,28.6004885486644,0
              </coordinates>
            </LinearRing>
          </outerBoundaryIs>
        </Polygon>
      </Placemark>
      <Placemark id="KA_SURKHET_Birendranagar.13">
        <ExtendedData>
          <SchemaData schemaUrl="#KA_SURKHET_Birendranagar.schema">
            <SimpleData name="ogc_fid">2708</SimpleData>
            <SimpleData name="objectid_1">2709</SimpleData>
            <SimpleData name="dcode">59</SimpleData>
            <SimpleData name="district">SURKHET</SimpleData>
            <SimpleData name="das">0</SimpleData>
            <SimpleData name="gapa_napa">Birendranagar</SimpleData>
            <SimpleData name="type_gn">Nagarpalika</SimpleData>
            <SimpleData name="gn_code">3.000000000000000</SimpleData>
            <SimpleData name="new_ward_n">7</SimpleData>
            <SimpleData name="ddgnww">590307.000000000000000</SimpleData>
            <SimpleData name="center">Birendranagar</SimpleData>
            <SimpleData name="state_code">6</SimpleData>
            <SimpleData name="ddgn">59003</SimpleData>
            <SimpleData name="area_sqkm">5.244130678750000</SimpleData>
            <SimpleData name="shape_leng">16321.768889599999966</SimpleData>
            <SimpleData name="shape_area">5244130.678749999962747</SimpleData>
            <SimpleData name="Province">KA</SimpleData>
            <SimpleData name="Address">Birendranagar-7, SURKHET, KA</SimpleData>
          </SchemaData>
        </ExtendedData>
        <Polygon>
          <outerBoundaryIs>
            <LinearRing>
              <coordinates>
                81.6328875953825,28.5920885112673,0
                81.6325908204217,28.5922546168965,0
                81.631966651558,28.5924853369243,0
                81.6310572653665,28.5930016519019,0
                81.6303551690194,28.5932418070138,0
                81.6298226094546,28.5936277640643,0
                81.6291836278107,28.5939488509556,0
                81.6286594457578,28.5941204525432,0
                81.6281261405874,28.594283118094,0
                81.6268712995312,28.5949544131918,0
                81.6246463901591,28.5962640742995,0
                81.6242425059424,28.5963741829455,0
                81.623520221895,28.5967632624243,0
                81.6235042868622,28.5967678238866,0
                81.6231159000469,28.5968959946365,0
                81.6229450472592,28.5969531739694,0
                81.6222454454786,28.5974233082449,0
                81.6213069415408,28.5977795751793,0
                81.6210520990509,28.5979183090407,0
                81.6209046797167,28.5980543567336,0
                81.6205653466949,28.5982679576552,0
                81.6202443888353,28.5983483828449,0
                81.6200332894729,28.5985253013779,0
                81.6189516734715,28.599227346545,0
                81.6187616338973,28.5994018899938,0
                81.6184221767812,28.599599679719,0
                81.618166522257,28.5996978540103,0
                81.6179966051694,28.5998160283318,0
                81.6174861078128,28.6000506248623,0
                81.6171040302719,28.6002869729091,0
                81.6169120559873,28.6003465274893,0
                81.6166365276147,28.6005417555209,0
                81.6164647373056,28.6005628755896,0
                81.6162063356729,28.6005279379575,0
                81.6155186791035,28.6005198045769,0
                81.614937634269,28.6004885486644,0
                81.6153731944515,28.6007708416574,0
                81.6155050492968,28.6009213920045,0
                81.6160515295538,28.6013723577895,0
                81.6165305843653,28.6016702125602,0
                81.6169688919349,28.6020855546934,0
                81.6173390251146,28.6023274129042,0
                81.6177072229683,28.602456656269,0
                81.6180527371479,28.6025272794263,0
                81.6184166879952,28.6024849756168,0
                81.6188695634736,28.6025551002061,0
                81.6190221653328,28.6026468442115,0
                81.6190905272172,28.6028563879547,0
                81.6191778270517,28.602912384555,0
                81.6193922366785,28.6028730785407,0
                81.6198434871837,28.6028845214564,0
                81.6204717725587,28.6031230702871,0
                81.6206691178424,28.6033116803035,0
                81.6207764773372,28.6033291806328,0
                81.6208648382624,28.6034438583346,0
                81.6208918926763,28.6037098965785,0
                81.621001751175,28.6038041397304,0
                81.6211964729013,28.603877698517,0
                81.6215509158559,28.6043881557274,0
                81.6215736614204,28.6044467133168,0
                81.6215353507933,28.604677004254,0
                81.6216235868194,28.6047893703115,0
                81.6219282294373,28.6049752318133,0
                81.6220619569111,28.6052227735492,0
                81.6220890111493,28.6054708130109,0
                81.6222218644391,28.6056799833959,0
                81.62216449131,28.6060231388423,0
                81.6222317293474,28.6061559398642,0
                81.6224953760164,28.6064389798117,0
                81.6226062955639,28.6066099025798,0
                81.6226080443506,28.6066865836902,0
                81.6227417095169,28.6069138143144,0
                81.6227225846874,28.6070289280153,0
                81.6228106333176,28.6071232959952,0
                81.6230377230751,28.607370400937,0
                81.6231158354372,28.6075098891326,0
                81.6236616184472,28.608484181737,0
                81.624053549795,28.6093780422874,0
                81.6242817549592,28.6101394126256,0
                81.6243486722611,28.6107527322559,0
                81.6240430716331,28.6116992650599,0
                81.6239826977758,28.6120921657712,0
                81.6236834733333,28.6129417085577,0
                81.6233490690276,28.6136651364063,0
                81.6231155949904,28.613959481756,0
                81.6230946604721,28.6139866658083,0
                81.6230667204563,28.614343194965,0
                81.6228555583553,28.6145178640282,0
                81.6224379168368,28.6151176149648,0
                81.6223011737571,28.615767928554,0
                81.6223199667863,28.6166859688971,0
                81.6222799695757,28.6168395787579,0
                81.6222879623825,28.6172207942211,0
                81.6224113687485,28.6179849748903,0
                81.6225712762119,28.6184399349916,0
                81.6225968936321,28.6186699142503,0
                81.622667754193,28.6189741375435,0
                81.6226876868478,28.6191071249429,0
                81.6226930598654,28.6191454343411,0
                81.6226974927718,28.6193552276151,0
                81.6227128521488,28.6201199068033,0
                81.6223712529001,28.6212719837671,0
                81.6222875125061,28.6213693480835,0
                81.6222265181075,28.6215410812155,0
                81.6221220295807,28.621694940753,0
                81.6220689017154,28.6222320781596,0
                81.6220934590935,28.6223831273134,0
                81.6222979213838,28.6229168305709,0
                81.6223679696179,28.6232029923936,0
                81.6223287213202,28.623374663387,0
                81.622375899028,28.6235638970684,0
                81.6225359944203,28.6240414176343,0
                81.6226703458695,28.6242867089975,0
                81.6230327213064,28.6250452690589,0
                81.6231159576427,28.6251734457421,0
                81.6237292306874,28.6261925481022,0
                81.6240086180668,28.6268589897439,0
                81.6244879773103,28.6276012407257,0
                81.6250678049475,28.6293423378943,0
                81.6253218126741,28.630469112542,0
                81.6259595126279,28.6319324237344,0
                81.6270120933696,28.6334030523505,0
                81.6273112936371,28.633945256724,0
                81.6278800150199,28.6346690104356,0
                81.6282140902456,28.6349449267973,0
                81.6287561921247,28.6355876254469,0
                81.6290966981449,28.6362041350369,0
                81.6292929738561,28.6367401511373,0
                81.6293860092108,28.6375427660018,0
                81.6292846907661,28.6386666607103,0
                81.629308232923,28.639625321915,0
                81.6292092341113,28.6402800105845,0
                81.6288683246298,28.6413215972805,0
                81.6275101011368,28.6431889054286,0
                81.6270510925834,28.643619671678,0
                81.6258852394943,28.6442950309372,0
                81.6256236442304,28.6446008114296,0
                81.625581892432,28.6450047732754,0
                81.6257060572709,28.6453426194457,0
                81.6260661258338,28.6457966445932,0
                81.6260991135915,28.6461912332336,0
                81.6257729552694,28.6470342133618,0
                81.6262404988675,28.648031378436,0
                81.6262671776695,28.6483177270051,0
                81.6260845124556,28.6484674603719,0
                81.6266454279278,28.648931863232,0
                81.6269230714939,28.6492824591575,0
                81.6280303434282,28.6501413331433,0
                81.6287131763747,28.6507833461847,0
                81.6293612708223,28.6510758901865,0
                81.6301867172558,28.651295381503,0
                81.6308405604683,28.6515901136639,0
                81.6313003654228,28.6520368907848,0
                81.6321393579402,28.6530187495411,0
                81.6324931208216,28.6531569913356,0
                81.632976365883,28.6532449903998,0
                81.6331970379076,28.6524160070236,0
                81.6331703085315,28.6514754687918,0
                81.632766091265,28.6492101727578,0
                81.6327731667838,28.6484658035527,0
                81.6328762877536,28.6478652361471,0
                81.6332621905304,28.646866271408,0
                81.6342712164495,28.6447771655461,0
                81.6345818261719,28.6432755585702,0
                81.6345112270395,28.6423689539698,0
                81.6345435546416,28.6412702435971,0
                81.6344192765856,28.6402805207613,0
                81.6346050379183,28.6382132760353,0
                81.6350211773259,28.6377781972938,0
                81.6355032423502,28.6374758571557,0
                81.6365796037613,28.6370219140388,0
                81.6372089620211,28.6366557686505,0
                81.6372863927321,28.6364568513044,0
                81.6371214858099,28.6360358253243,0
                81.6368101615549,28.6355093693115,0
                81.6363432978105,28.6349408528972,0
                81.6359558620494,28.6342952200366,0
                81.6356575427837,28.6334800405198,0
                81.6356127457476,28.63294333947,0
                81.6354259100755,28.6321704088999,0
                81.6354291023244,28.6318546253043,0
                81.635521656347,28.6316150859896,0
                81.635505124525,28.6300427936528,0
                81.6354597613258,28.6297271346834,0
                81.6348911771291,28.6282905718781,0
                81.6345856027202,28.6277528671519,0
                81.6334969593916,28.6265533382678,0
                81.6332500618854,28.6262206149106,0
                81.6330018031824,28.6251141513857,0
                81.6329745574248,28.6250465945739,0
                81.6327149793807,28.6243935892689,0
                81.631577782761,28.6230905063198,0
                81.6308123457848,28.6218600465157,0
                81.6304819708026,28.6209051304411,0
                81.6304479187614,28.6205533496454,0
                81.6300981189405,28.6190299850336,0
                81.6301207553853,28.6182155610066,0
                81.6302099450506,28.6174188230813,0
                81.6306853463157,28.6157946047751,0
                81.630702473011,28.6155576267367,0
                81.6306041889903,28.6147234524528,0
                81.6301849579894,28.613335762695,0
                81.6301484105665,28.6127810008809,0
                81.630301969035,28.6118508384548,0
                81.630021899343,28.6108663627202,0
                81.6300518527498,28.6097788386405,0
                81.6299633765017,28.6090867140621,0
                81.6299770085076,28.6085903847607,0
                81.630135130361,28.6075586702337,0
                81.6301692734657,28.6063245343415,0
                81.6303356427538,28.6053943728703,0
                81.6305953107898,28.60446596205,0
                81.6308167897451,28.6039866968538,0
                81.6310847114411,28.6028394942129,0
                81.6311362164111,28.6021556204229,0
                81.6313397694352,28.6011486538828,0
                81.6316275591932,28.6002201178938,0
                81.6326046442266,28.5985123519491,0
                81.6330070444236,28.597524699101,0
                81.6332219039598,28.5968040181621,0
                81.6332826852923,28.594588473182,0
                81.633256956276,28.5935915031179,0
                81.6331786671151,28.5928970655807,0
                81.6328875953825,28.5920885112673,0
              </coordinates>
            </LinearRing>
          </outerBoundaryIs>
        </Polygon>
      </Placemark>
      <Placemark id="KA_SURKHET_Birendranagar.14">
        <ExtendedData>
          <SchemaData schemaUrl="#KA_SURKHET_Birendranagar.schema">
            <SimpleData name="ogc_fid">2709</SimpleData>
            <SimpleData name="objectid_1">2710</SimpleData>
            <SimpleData name="dcode">59</SimpleData>
            <SimpleData name="district">SURKHET</SimpleData>
            <SimpleData name="das">0</SimpleData>
            <SimpleData name="gapa_napa">Birendranagar</SimpleData>
            <SimpleData name="type_gn">Nagarpalika</SimpleData>
            <SimpleData name="gn_code">3.000000000000000</SimpleData>
            <SimpleData name="new_ward_n">13</SimpleData>
            <SimpleData name="ddgnww">590313.000000000000000</SimpleData>
            <SimpleData name="center">Birendranagar</SimpleData>
            <SimpleData name="state_code">6</SimpleData>
            <SimpleData name="ddgn">59003</SimpleData>
            <SimpleData name="area_sqkm">25.896216625699999</SimpleData>
            <SimpleData name="shape_leng">32473.196870399999170</SimpleData>
            <SimpleData name="shape_area">25896216.625700004398823</SimpleData>
            <SimpleData name="Province">KA</SimpleData>
            <SimpleData name="Address">Birendranagar-13, SURKHET, KA</SimpleData>
          </SchemaData>
        </ExtendedData>
        <Polygon>
          <outerBoundaryIs>
            <LinearRing>
              <coordinates>
                81.6612611899854,28.6787047820449,0
                81.661290687552,28.6786053549109,0
                81.6612918147065,28.6784903024112,0
                81.6603033747059,28.6756707996581,0
                81.6599311370093,28.674339417634,0
                81.6597999823217,28.6735099299395,0
                81.6598414413234,28.6719689478244,0
                81.6598956938402,28.6714385599068,0
                81.6600297444709,28.6710905313503,0
                81.6604387007826,28.6704320981248,0
                81.6611011175283,28.670022770313,0
                81.6619235824458,28.6692224798907,0
                81.6635351320051,28.6682332816691,0
                81.6640951901751,28.667709400462,0
                81.6641441834363,28.6676753416609,0
                81.6642364228401,28.6675959124428,0
                81.6647753620157,28.666871424701,0
                81.6648964736536,28.666708379108,0
                81.6654379754034,28.6659838909942,0
                81.6662196536471,28.6641144495325,0
                81.6668465855442,28.6631481103219,0
                81.6672717242728,28.6626384131622,0
                81.6678865262067,28.6620782239865,0
                81.6685978137693,28.6615197846781,0
                81.6692822275665,28.6611554535926,0
                81.6703234155528,28.6601960567291,0
                81.6706781270113,28.6596709221361,0
                81.6712724471929,28.6582175652546,0
                81.6716064872892,28.6569570610095,0
                81.6717804818726,28.6559635930113,0
                81.6719559049686,28.6554032719256,0
                81.6722527499814,28.6548265794139,0
                81.6726260837439,28.6543081326656,0
                81.6731622084934,28.6537708145754,0
                81.6738629964945,28.6532801196047,0
                81.6759903552745,28.6520265150602,0
                81.6763761893172,28.6513726439531,0
                81.6764524342275,28.6510970453014,0
                81.6757444934655,28.6496636048045,0
                81.675235445375,28.6492488234945,0
                81.6743595052122,28.649041143516,0
                81.6740184894475,28.6490022049,0
                81.6730611194328,28.6490498114437,0
                81.6727171678201,28.6489455044815,0
                81.6723732800966,28.6487645155767,0
                81.6696618155628,28.6464295691181,0
                81.668765578378,28.6455361391192,0
                81.6685443638142,28.6452372257232,0
                81.6685167485669,28.6449102559641,0
                81.6687827815151,28.6445254825082,0
                81.6692006661922,28.6442842600699,0
                81.6697464769799,28.6437581919458,0
                81.6698158482484,28.6434082249224,0
                81.669724115309,28.6431604969507,0
                81.6695377700672,28.6429087676307,0
                81.6690060312587,28.6428257052047,0
                81.6681974534813,28.6428500036566,0
                81.6678408806391,28.6426712652998,0
                81.6667329813325,28.6419638781373,0
                81.6663969688511,28.6416970854091,0
                81.6660454571118,28.6415115973475,0
                81.6650239146084,28.6412030491022,0
                81.6647763863585,28.6411726733481,0
                81.6640233028035,28.641079359021,0
                81.6637215969792,28.6408823104426,0
                81.6636032423375,28.6406685785598,0
                81.6636623069421,28.6400953203958,0
                81.6638877928074,28.6391602847799,0
                81.6636360929352,28.6382704256933,0
                81.6636407263845,28.6377854080533,0
                81.6638415258497,28.6369858598418,0
                81.6639979436698,28.6368497497782,0
                81.6647057871423,28.6367808281471,0
                81.6647763393872,28.6368143262464,0
                81.6650507368775,28.6369483171106,0
                81.6656509588319,28.6374484674672,0
                81.6663315399055,28.6382233429192,0
                81.6668522130904,28.6385750049507,0
                81.6672036019395,28.6386454409682,0
                81.6676502303589,28.6385123968165,0
                81.668115611776,28.6381085661063,0
                81.6683930214949,28.6375951170728,0
                81.6683961513393,28.637279270963,0
                81.6683080485636,28.636693198643,0
                81.6684860278244,28.6365389034402,0
                81.6689331565433,28.6363854858046,0
                81.6690423941933,28.6362722478839,0
                81.6690982642949,28.6361027643266,0
                81.6690780821766,28.6359494656605,0
                81.6688852369792,28.6357767288475,0
                81.6676539194048,28.6349481006958,0
                81.6674588263424,28.6346310030163,0
                81.6673430980189,28.6343157797835,0
                81.6673487954668,28.6337157110251,0
                81.6675517098838,28.6334507375583,0
                81.6683034236546,28.6332372056104,0
                81.6684938375707,28.6331257189773,0
                81.6689654078612,28.63260002374,0
                81.669370054712,28.6317949782294,0
                81.6700006080555,28.6310293704515,0
                81.6706537772366,28.6306042938333,0
                81.6711602129882,28.6303401381024,0
                81.6725979726231,28.6293629356545,0
                81.6729168727707,28.6290523441042,0
                81.6731618476546,28.6285751415448,0
                81.6732595345041,28.6278572715587,0
                81.6735964313792,28.6275646154241,0
                81.673984444816,28.6273686395246,0
                81.6749064504997,28.627018934533,0
                81.6769464909713,28.6267786729522,0
                81.677752068272,28.6268129933678,0
                81.6782666270491,28.6266141436591,0
                81.6783870614526,28.6258600279245,0
                81.678429693432,28.6251311581625,0
                81.6783665165674,28.625045790115,0
                81.6783555183505,28.6250323533747,0
                81.6785303733805,28.6247878162923,0
                81.6790050634553,28.6245553443128,0
                81.679130924868,28.6243449276512,0
                81.6789644663556,28.623305771758,0
                81.6790855206184,28.6228516896925,0
                81.6790823383321,28.6225607794557,0
                81.6789677989885,28.6221372539239,0
                81.6786329164686,28.6216448572691,0
                81.6778471005235,28.6208051115043,0
                81.6771940747688,28.6202399049646,0
                81.6757505571011,28.618192011375,0
                81.6745008130228,28.6168559922744,0
                81.6741619884896,28.6166433819891,0
                81.6734263562841,28.6156386520878,0
                81.6731054127346,28.6149093400197,0
                81.672999501408,28.6142466493946,0
                81.6732298199132,28.6121813435626,0
                81.6735232917412,28.6115031599964,0
                81.6738017707073,28.6105678753647,0
                81.6738323495998,28.6094510410599,0
                81.673712144193,28.607847687889,0
                81.6737872061466,28.6072878652797,0
                81.6736501739409,28.6066433601774,0
                81.6726293385468,28.605204729319,0
                81.6723591391958,28.6044209853176,0
                81.6720969341224,28.6038899051093,0
                81.6719315900797,28.6034125098637,0
                81.6705420817334,28.6004596380778,0
                81.6704054201599,28.6000632348643,0
                81.6704161449615,28.5979269324654,0
                81.6703432186345,28.597821253479,0
                81.6703272889634,28.5975212810734,0
                81.6702928597505,28.5973319855063,0
                81.6702734253684,28.5972892395588,0
                81.6702578051753,28.5971426900069,0
                81.6700470607198,28.5949532640719,0
                81.6698960922896,28.5943222578971,0
                81.6699929762895,28.5930698747379,0
                81.6698919489756,28.5918498604942,0
                81.6699504802167,28.5896998101095,0
                81.6702363942464,28.5888321440394,0
                81.67054217307,28.5883930016968,0
                81.6709708717143,28.5879826082617,0
                81.6713320907366,28.5870061406027,0
                81.6711812502123,28.586197087605,0
                81.6712308164418,28.5856486392724,0
                81.6718265251866,28.5833830441306,0
                81.6719825777921,28.582791163828,0
                81.6720390847975,28.5819292439806,0
                81.6723436997788,28.5801974702895,0
                81.6722116727964,28.579230307746,0
                81.6722685540788,28.5784291953618,0
                81.6714519313441,28.577506081677,0
                81.6711059861698,28.5770633677124,0
                81.6708150308825,28.5768166986222,0
                81.6703165595538,28.5754791271227,0
                81.6697779600133,28.5746741942818,0
                81.6685948506182,28.5722617130482,0
                81.6684451913714,28.5718270636535,0
                81.6683060896709,28.5715502744929,0
                81.6679945015203,28.5718811768663,0
                81.6675035545559,28.5726416001016,0
                81.6670282252984,28.5736545628655,0
                81.666873042254,28.5745712257274,0
                81.6667686148582,28.5748288882658,0
                81.6662213044948,28.5753730180816,0
                81.6661143764502,28.5756351170931,0
                81.6661091861252,28.5758269744401,0
                81.6668203184406,28.5770551829267,0
                81.6664609821676,28.5776186887936,0
                81.666678004509,28.5781905762613,0
                81.6664152776396,28.5788957582184,0
                81.6664358317301,28.5792024177775,0
                81.6667303325655,28.5804146222139,0
                81.6667522613835,28.5807461539978,0
                81.666594584315,28.581367282141,0
                81.6663371719569,28.581900979434,0
                81.6657237371503,28.582898816063,0
                81.6655185069253,28.5833826436045,0
                81.6654661367712,28.5835046320332,0
                81.6651459600389,28.5853018987311,0
                81.6654420419228,28.5890046235608,0
                81.6653990388447,28.5894808291164,0
                81.6652197389468,28.5901223299789,0
                81.6647771020821,28.5906637113773,0
                81.6645849995285,28.5908992495651,0
                81.6639386162984,28.5927702552932,0
                81.6638106211265,28.5934476910278,0
                81.6637877964065,28.5942892379736,0
                81.6637053047759,28.5944813444577,0
                81.6630455175869,28.5945432666761,0
                81.6619284108945,28.5950179571008,0
                81.6607899344958,28.5953618470544,0
                81.6602325049361,28.5956353146329,0
                81.6598246225741,28.5956981779046,0
                81.6580354310594,28.595506107903,0
                81.6579481923963,28.5955426036081,0
                81.6572372918031,28.5953881702147,0
                81.6554888434561,28.595261282919,0
                81.6539403084134,28.5950205964515,0
                81.6523314636762,28.5950464462436,0
                81.6514907668103,28.5949714412888,0
                81.650411724939,28.5950104856731,0
                81.6491156462958,28.5952964408685,0
                81.6481402740029,28.5955627773813,0
                81.6471282159094,28.5959962238188,0
                81.6467902695423,28.5956008182133,0
                81.646148300808,28.5952180940974,0
                81.6454507814274,28.5946281388133,0
                81.6448329971615,28.5942317924484,0
                81.6444396780586,28.5940712386042,0
                81.6440941639887,28.59399611652,0
                81.6436730339703,28.5939891110794,0
                81.643212223081,28.5938694908848,0
                81.6424860086085,28.5939248504518,0
                81.6421329271807,28.5941859460413,0
                81.6422537800447,28.594505668317,0
                81.6422454011694,28.5948102654721,0
                81.6419294980565,28.5953012784619,0
                81.6419206183052,28.5956284349761,0
                81.6419364870808,28.5958201052027,0
                81.6421776304904,28.5964866723369,0
                81.6422498681743,28.5966013495868,0
                81.6422499923828,28.5966352847183,0
                81.6422604280762,28.5966600322533,0
                81.6423317209134,28.5972394793895,0
                81.6422504091818,28.5978399236229,0
                81.6423039564349,28.5982411992362,0
                81.6420727196544,28.5993093479614,0
                81.6421699148437,28.6016233853757,0
                81.6420213017173,28.6021000888166,0
                81.6410700301382,28.6035077585435,0
                81.6400744663714,28.6041531226298,0
                81.6397466266687,28.6046915687543,0
                81.6397303688157,28.6052646399269,0
                81.6398708424358,28.6056700418265,0
                81.6404330582187,28.6068088822399,0
                81.6405064801724,28.607101793574,0
                81.6400329042317,28.6079454589992,0
                81.6402522342808,28.6088129449027,0
                81.6401204871719,28.6096437414971,0
                81.6404545453495,28.610871569995,0
                81.6408615360443,28.6117991148293,0
                81.6411915448165,28.6122622642032,0
                81.6424637928878,28.6131766349476,0
                81.6431633620946,28.6144930238109,0
                81.6441099159177,28.6148088203608,0
                81.6441317193655,28.6151381028019,0
                81.6442996283627,28.6154215159288,0
                81.6446124473575,28.6162073228992,0
                81.6443294166096,28.6200933349319,0
                81.644380583592,28.6208352671151,0
                81.6445110545303,28.6214730226826,0
                81.6450255284925,28.6225150587962,0
                81.6452141782176,28.6231570649817,0
                81.6453361433766,28.624187471435,0
                81.6455016688741,28.6250100225397,0
                81.6455037932491,28.625046144451,0
                81.6455367157975,28.6256234667311,0
                81.6458436627787,28.6262717232182,0
                81.6466171012651,28.6273192618822,0
                81.6471875169544,28.6276752372718,0
                81.6481424976761,28.6285076116558,0
                81.648631358268,28.6291165617065,0
                81.648897255833,28.6293161094417,0
                81.6491069710738,28.6296399577243,0
                81.6495868972256,28.6301384182152,0
                81.6498092308003,28.6307464275503,0
                81.6499040230391,28.6311948881223,0
                81.6499398246997,28.6314992974303,0
                81.6498987609388,28.6318920106448,0
                81.6498273876967,28.6323412807369,0
                81.649678711818,28.632799923844,0
                81.6489726709678,28.6334755395036,0
                81.6469056178753,28.6346539639583,0
                81.6460743454663,28.6352399606016,0
                81.6456037740493,28.6358557719554,0
                81.6453139275593,28.6364414645533,0
                81.645091694355,28.6372004531877,0
                81.6449711302372,28.6381868611057,0
                81.6442396984341,28.6399476879785,0
                81.6440402708777,28.6408892855462,0
                81.6439617546362,28.6423763350563,0
                81.6440315938834,28.6438625731163,0
                81.6439387832114,28.6444788903897,0
                81.6434408869082,28.6459588718084,0
                81.6429531087201,28.6477500742023,0
                81.6428791080037,28.6482985849905,0
                81.6425906915541,28.649333172835,0
                81.6421966083192,28.6500185421025,0
                81.6417918319368,28.6510649390223,0
                81.6417293931531,28.6516178874195,0
                81.6415512155852,28.6523925008755,0
                81.6414260357634,28.6529345119538,0
                81.6412498636316,28.6534180892166,0
                81.6409943312431,28.6536426279375,0
                81.6404340307122,28.6537197379382,0
                81.6404345167421,28.6545318503307,0
                81.64022671384,28.6555795629939,0
                81.6402214532509,28.6561931939311,0
                81.6404314355377,28.6590752431634,0
                81.6404634574497,28.6610804958429,0
                81.640677536582,28.6620111629514,0
                81.640757125774,28.6634206583934,0
                81.6404455665432,28.6656035772028,0
                81.6402403971695,28.6661437119462,0
                81.6397923856798,28.666709840815,0
                81.6393843697263,28.6672237881591,0
                81.6390145317371,28.66792484331,0
                81.6389512021745,28.6693847076493,0
                81.6395596864861,28.6726167295807,0
                81.6396411618165,28.6733990961112,0
                81.6396445162743,28.6744796839453,0
                81.6394010962403,28.6753560990329,0
                81.6393400937253,28.6759429191483,0
                81.6391425507854,28.676374688688,0
                81.6397342854821,28.6762049633775,0
                81.6418882520176,28.6757142883075,0
                81.6422172071256,28.6757397905822,0
                81.6429264192486,28.6759552181123,0
                81.6436586297854,28.6760667803905,0
                81.6445390033601,28.6764415711194,0
                81.6452270936617,28.6766503109417,0
                81.6454900571451,28.6766784370843,0
                81.6462234540287,28.676871179324,0
                81.6469042320601,28.6771341647119,0
                81.6472918671127,28.6771458560624,0
                81.6481979952985,28.6770376911932,0
                81.649344152103,28.6770660802164,0
                81.6523151781763,28.6774713961629,0
                81.6530305819145,28.6774453460791,0
                81.6536905520457,28.677548221003,0
                81.6541861725611,28.6775503525414,0
                81.6546744162308,28.6776968463705,0
                81.6555917199286,28.6781661279006,0
                81.6561317068127,28.6782966861035,0
                81.6573061025378,28.6787397861538,0
                81.658164734335,28.6788168536706,0
                81.6584744414255,28.6788311691872,0
                81.6592676511477,28.6785768915395,0
                81.6603754396466,28.6785015392902,0
                81.6612611899854,28.6787047820449,0
              </coordinates>
            </LinearRing>
          </outerBoundaryIs>
        </Polygon>
      </Placemark>
      <Placemark id="KA_SURKHET_Birendranagar.15">
        <ExtendedData>
          <SchemaData schemaUrl="#KA_SURKHET_Birendranagar.schema">
            <SimpleData name="ogc_fid">2710</SimpleData>
            <SimpleData name="objectid_1">2711</SimpleData>
            <SimpleData name="dcode">59</SimpleData>
            <SimpleData name="district">SURKHET</SimpleData>
            <SimpleData name="das">0</SimpleData>
            <SimpleData name="gapa_napa">Birendranagar</SimpleData>
            <SimpleData name="type_gn">Nagarpalika</SimpleData>
            <SimpleData name="gn_code">3.000000000000000</SimpleData>
            <SimpleData name="new_ward_n">2</SimpleData>
            <SimpleData name="ddgnww">590302.000000000116415</SimpleData>
            <SimpleData name="center">Birendranagar</SimpleData>
            <SimpleData name="state_code">6</SimpleData>
            <SimpleData name="ddgn">59003</SimpleData>
            <SimpleData name="area_sqkm">29.149806975000001</SimpleData>
            <SimpleData name="shape_leng">26914.739616399998340</SimpleData>
            <SimpleData name="shape_area">29149806.975000001490116</SimpleData>
            <SimpleData name="Province">KA</SimpleData>
            <SimpleData name="Address">Birendranagar-2, SURKHET, KA</SimpleData>
          </SchemaData>
        </ExtendedData>
        <Polygon>
          <outerBoundaryIs>
            <LinearRing>
              <coordinates>
                81.5760917992866,28.6102896056739,0
                81.5763698260474,28.6101710573652,0
                81.5766014875871,28.6098813372649,0
                81.5770701168428,28.6095658110131,0
                81.5774555037766,28.6094445772527,0
                81.5788017080263,28.6087936563462,0
                81.5794874939235,28.6085718733957,0
                81.579829637851,28.608394457299,0
                81.5803437584872,28.6082140436781,0
                81.5811994608909,28.607853963221,0
                81.581454991562,28.6077129804681,0
                81.5816257203785,28.6076174915221,0
                81.5818593161278,28.6074427607439,0
                81.5822010230766,28.6072834677376,0
                81.5827991951065,28.6070642458244,0
                81.5831399033907,28.6068485211655,0
                81.5837372020819,28.6065707420772,0
                81.5844388650882,28.6060984827939,0
                81.5847805083837,28.6059414402357,0
                81.5849504878751,28.6058233279616,0
                81.5855484736291,28.6055658599849,0
                81.5858055651316,28.6054834967435,0
                81.5864019894019,28.6051673460263,0
                81.5864874157927,28.6051286639436,0
                81.5866800791567,28.6050669218957,0
                81.5871926379405,28.6048481366013,0
                81.5875333450372,28.6046323487,0
                81.5877897498318,28.6045522349862,0
                81.5885578394784,28.6041767173854,0
                81.589156636639,28.6039553088014,0
                81.5894974070252,28.6037597691309,0
                81.5906072647615,28.603263205708,0
                81.5912889291127,28.6028879996187,0
                81.591545957691,28.602807885043,0
                81.5919724038951,28.6026097843969,0
                81.5929139683471,28.6023078877445,0
                81.5930847594099,28.6022282101932,0
                81.5933392909512,28.6020330444955,0
                81.5934482765866,28.6019829876206,0
                81.5933355450365,28.601821063732,0
                81.5932220030312,28.6015169652923,0
                81.593219256087,28.6013636047144,0
                81.5930845923501,28.601059630794,0
                81.5927956399231,28.600584920203,0
                81.592401075389,28.6001895763536,0
                81.5921129975404,28.5997532381755,0
                81.5919812677055,28.5996229355168,0
                81.5917638626755,28.5994908201223,0
                81.5916111353933,28.5993786403609,0
                81.5912866810322,28.5992898314652,0
                81.590750564324,28.599411750716,0
                81.5905560283746,28.5993584401588,0
                81.5904033012016,28.5992463231344,0
                81.5900934139154,28.5987919863862,0
                81.5898082079662,28.5985270067101,0
                81.5895271227233,28.5984357611873,0
                81.5893335235091,28.5984388834858,0
                81.5891382388177,28.5983652620007,0
                81.5888301617775,28.598007916236,0
                81.5886281973793,28.5975508304294,0
                81.5885184019057,28.5974565878718,0
                81.5884320392092,28.5974389002002,0
                81.5881112059464,28.59753957407,0
                81.5878530534987,28.5975429454983,0
                81.5877440071766,28.5974689509056,0
                81.5876993892175,28.5973743965341,0
                81.5876049100168,28.5969349359809,0
                81.5876004772258,28.5967048320548,0
                81.587724091054,28.596415548063,0
                81.58754593369,28.5960936998214,0
                81.5875412510133,28.5958252874425,0
                81.5875813104997,28.5956716768305,0
                81.5876657391667,28.5955743121637,0
                81.587809413506,28.5952082854338,0
                81.5879774567201,28.5949751839962,0
                81.5884427766827,28.5945467928632,0
                81.5884628376598,28.5944699879318,0
                81.5884610270193,28.5943752464731,0
                81.5882845556543,28.594127891443,0
                81.5882818082301,28.5939767181584,0
                81.5884073565693,28.5938025483437,0
                81.5884472297306,28.5936286275354,0
                81.5882708826385,28.5934015208001,0
                81.5882055169381,28.5933634609166,0
                81.588160900006,28.5932689067244,0
                81.5881300374287,28.5927727650113,0
                81.5881681630004,28.5925041652485,0
                81.5879590809365,28.5916839253224,0
                81.5880608850721,28.5913743924734,0
                81.5881863710685,28.5911820996018,0
                81.5883126064671,28.591025928596,0
                81.5885880105719,28.5907922662499,0
                81.5889227237075,28.5903103779187,0
                81.5889192268957,28.5901570166122,0
                81.5887430674002,28.5899479709842,0
                81.588629463291,28.5896258743333,0
                81.5886180369778,28.5890709877757,0
                81.5885256178046,28.5887668270317,0
                81.5882829069915,28.588445291044,0
                81.5881937965467,28.5882742429013,0
                81.5880785067154,28.5878934647493,0
                81.5878769164376,28.5874769997002,0
                81.5877120757198,28.5867919362121,0
                81.5875339183574,28.5864678388034,0
                81.5875688579207,28.5860864366695,0
                81.5873934482621,28.5858977013178,0
                81.5873916373985,28.5858007103246,0
                81.5874308851676,28.585629101886,0
                81.5875346861201,28.5854549323119,0
                81.587533000861,28.5853782518636,0
                81.5875101923631,28.5853038833815,0
                81.5873339075169,28.5850768392115,0
                81.5872439856212,28.5848854804296,0
                81.5872633601331,28.5847906143981,0
                81.5870850153131,28.5844485183713,0
                81.5872090026257,28.5842178537753,0
                81.5871609512814,28.5839699391111,0
                81.5869167408393,28.5835919700653,0
                81.5867420796554,28.5834415441742,0
                81.5856464158678,28.5834553400149,0
                81.5849370750345,28.5834290827104,0
                81.584742601913,28.5833938331352,0
                81.5842270470076,28.5834006384658,0
                81.5841259985813,28.5833829511539,0
                81.5840332613093,28.5833653261708,0
                81.5836468143007,28.5833827573727,0
                81.5836090066133,28.5833829440625,0
                81.5834530283801,28.5833542566752,0
                81.5822718135936,28.5833819255989,0
                81.5819716652908,28.5834125430412,0
                81.5819044245163,28.583381233249,0
                81.5817328248064,28.5833007378836,0
                81.5814554916483,28.5830808795825,0
                81.5811866568526,28.5828699573355,0
                81.5810759863166,28.5827373430386,0
                81.5809226972037,28.5826251641134,0
                81.5808338362343,28.5824924877592,0
                81.5805434475892,28.5819816553634,0
                81.5804293432776,28.5816753073665,0
                81.580448281,28.5815240719596,0
                81.5805528940681,28.5813679623348,0
                81.5805948269683,28.5813294045195,0
                81.5809154734742,28.5811927337655,0
                81.5814553420764,28.5809558253281,0
                81.5816841249164,28.580855525875,0
                81.5819415898173,28.5808522171702,0
                81.582259113215,28.5806184926866,0
                81.5826141364394,28.5801161688676,0
                81.5828251114598,28.5799031913414,0
                81.5833581050655,28.57970465469,0
                81.5835282086027,28.5796069788874,0
                81.583717624377,28.5794323724285,0
                81.5840097789934,28.5790069780185,0
                81.5841537032636,28.5786814479096,0
                81.5842103275441,28.5782977966037,0
                81.584293193655,28.5781439993841,0
                81.584524167355,28.5778542790961,0
                81.5848626258661,28.5776001821425,0
                81.5852350875499,28.5769060020959,0
                81.5857870811554,28.5765562294677,0
                81.5860427363382,28.5764558673454,0
                81.5863846904709,28.5763753791485,0
                81.586585602928,28.5763000764666,0
                81.5868112609497,28.5762156495222,0
                81.5873268163871,28.576208907716,0
                81.5876678346652,28.5760697997533,0
                81.5878378756421,28.5759720619408,0
                81.5879636106565,28.5758362004926,0
                81.5880244814557,28.5756441572098,0
                81.5881291571387,28.5755083584727,0
                81.5883638135628,28.5754306189715,0
                81.5887067058848,28.5753863150543,0
                81.5887702605391,28.5753476319922,0
                81.5888288195792,28.57506090893,0
                81.5889334956618,28.5749251104018,0
                81.5890406069055,28.574884053742,0
                81.5895117934596,28.5748391268171,0
                81.5896382779652,28.574723514075,0
                81.5897211449752,28.5745697797712,0
                81.5897147764364,28.5742449348121,0
                81.5897565846847,28.5741680675252,0
                81.5898195149066,28.5741091357094,0
                81.5900113655231,28.5740293336103,0
                81.5902643352024,28.5737981087252,0
                81.5903889467322,28.5735675062037,0
                81.5904283198609,28.5734138960374,0
                81.5905973618558,28.5732575377051,0
                81.5906828504555,28.5732368530468,0
                81.5910064302514,28.573289602683,0
                81.5913493846351,28.5732655470814,0
                81.5915220481587,28.5733008591963,0
                81.5916931497679,28.573279801039,0
                81.5920960379143,28.5730073319537,0
                81.5927352677579,28.5727316156034,0
                81.5932439546759,28.5724180894941,0
                81.5934358049116,28.5723382867875,0
                81.5938639361204,28.572237114471,0
                81.5944641058224,28.5721713164772,0
                81.5947198230156,28.5720912646589,0
                81.5948680548964,28.5719732777181,0
                81.5950136634352,28.571742551151,0
                81.5954792318928,28.5713728417267,0
                81.5956667739639,28.5710832457523,0
                81.595815130717,28.5710058803192,0
                81.5961569613277,28.5709051440916,0
                81.5963051929801,28.5707871572214,0
                81.5964098059609,28.57065360873,0
                81.5965999705267,28.5704971259439,0
                81.5969129360225,28.5700332981752,0
                81.5974788058912,28.5695547874732,0
                81.597642845918,28.5695269796455,0
                81.5981253441686,28.5694616798379,0
                81.5984871740347,28.5692660783459,0
                81.5986964626214,28.5689967309196,0
                81.5989433127554,28.5684767818978,0
                81.5991333525777,28.5683022385133,0
                81.5993670111706,28.5681635664794,0
                81.599592794014,28.5680972007088,0
                81.5995789858057,28.5680273324954,0
                81.5995693699355,28.5675693741406,0
                81.5994757020086,28.5671682848869,0
                81.5992958589338,28.5667697571858,0
                81.5994753461179,28.5660808856518,0
                81.599579085115,28.565906778539,0
                81.5995982725661,28.5657916017398,0
                81.5997865642256,28.5655403769766,0
                81.5998250000176,28.5653303968624,0
                81.5996495263079,28.5651597226781,0
                81.5994759896502,28.5650680416931,0
                81.5989594980743,28.5650161640014,0
                81.5984414452705,28.5649101672769,0
                81.5981604232521,28.5647986110935,0
                81.5980295675566,28.5647044297832,0
                81.5979195850344,28.5645740652867,0
                81.5978934039839,28.5643621469712,0
                81.598018141484,28.5641517934572,0
                81.5980818834474,28.5641311714407,0
                81.5984682058146,28.5641069290112,0
                81.5986626168447,28.5641421781833,0
                81.5991781091856,28.5641353731479,0
                81.5993492111192,28.5641143154256,0
                81.5994128281872,28.5640734452295,0
                81.5994738228745,28.5639017114283,0
                81.5994502036001,28.563786784575,0
                81.5993612799771,28.5636540456013,0
                81.598904847623,28.5633740651986,0
                81.5987294986258,28.5632057030023,0
                81.5987058796389,28.5630907138203,0
                81.5987652504345,28.5628603604663,0
                81.5989316699199,28.5625912001254,0
                81.5991228331909,28.5624910866395,0
                81.599164516419,28.5624141568146,0
                81.5991827046608,28.5622426729837,0
                81.5992665074371,28.5621453087695,0
                81.5993955528432,28.5621446854244,0
                81.5997864324131,28.5623686074727,0
                81.5998937932669,28.5623658592127,0
                81.5999784075962,28.5623068033064,0
                81.6000409634682,28.5621915024736,0
                81.5999039272857,28.5617927876543,0
                81.5998157537706,28.5616804212511,0
                81.5998140671936,28.5616036781148,0
                81.5997696372351,28.5615452461046,0
                81.5997660156866,28.5613557628183,0
                81.5998672574232,28.5610666041679,0
                81.6001837201178,28.5607763849185,0
                81.6005182452975,28.5602922467703,0
                81.6006447306645,28.5601765717979,0
                81.6007726519174,28.5600970184508,0
                81.6010291801935,28.5600349651763,0
                81.6012208441927,28.5599371644811,0
                81.601474375756,28.5597036266277,0
                81.601747032593,28.5593550378824,0
                81.6020033745514,28.5592749239547,0
                81.6023833909907,28.5589235863031,0
                81.6023605209807,28.5588290320572,0
                81.6018390338349,28.5585695492981,0
                81.6018797808332,28.5584339998435,0
                81.6024969527085,28.5581177248672,0
                81.6026258730982,28.5580968533595,0
                81.6030521308478,28.5578986904587,0
                81.6034938307327,28.557395930341,0
                81.6035740116586,28.5571248313205,0
                81.6035921993689,28.556953347339,0
                81.6035903894041,28.5568563565316,0
                81.6034111702943,28.5564578277677,0
                81.6031695832874,28.5562130346018,0
                81.6028225700781,28.5560656687603,0
                81.6024571194963,28.5560514770389,0
                81.6023700072517,28.5560157921758,0
                81.6022180923726,28.5559217363333,0
                81.601824589613,28.5555828244915,0
                81.6017984096246,28.5553550951408,0
                81.602022827409,28.5547201571613,0
                81.6019965846932,28.5544901772213,0
                81.6019275982656,28.5542626347518,0
                81.6018386135489,28.5541096482982,0
                81.6015759655334,28.5538649168967,0
                81.60153066167,28.5537500516169,0
                81.6015251052871,28.553463578684,0
                81.6014796131552,28.5533307150772,0
                81.6012805832794,28.5530270526283,0
                81.6011489783244,28.5529148114472,0
                81.6009753782114,28.5528208174935,0
                81.6004572630643,28.5526968220564,0
                81.6002647884186,28.5527766246915,0
                81.5997765363918,28.5530697153729,0
                81.5996468045756,28.5530522774143,0
                81.5995141390932,28.5528634180375,0
                81.5994885837774,28.5526356263964,0
                81.599674190162,28.5522491024133,0
                81.5996486977042,28.5520393709036,0
                81.5994532258873,28.5519274414882,0
                81.5993669258689,28.5519098165183,0
                81.5991098339934,28.55196955753,0
                81.5987653191548,28.5519372430642,0
                81.5986773330962,28.5518428762738,0
                81.5986310296717,28.5516716408307,0
                81.5986492176263,28.551500156801,0
                81.5986900895227,28.551384918049,0
                81.5989616847218,28.5509595865519,0
                81.5989155687501,28.5508064126115,0
                81.5988500783703,28.5507502919955,0
                81.5985683691924,28.5506387358021,0
                81.5983304021789,28.5505856118448,0
                81.5981558041786,28.5504172502441,0
                81.5980640718886,28.5501310875496,0
                81.5980768281246,28.5496708808056,0
                81.598220564751,28.549343099892,0
                81.5982397509027,28.549227986103,0
                81.5982333203466,28.5488850802942,0
                81.5983871286291,28.547964042772,0
                81.5983635091067,28.5478490525656,0
                81.5985088068876,28.5475777045485,0
                81.5985225615497,28.5471761172543,0
                81.5984471443706,28.5466034188266,0
                81.5983781582966,28.5463736262942,0
                81.5983701665314,28.5459721005885,0
                81.5982328186816,28.5455147660426,0
                81.5981675776134,28.5454969540113,0
                81.5980801533434,28.5454026492647,0
                81.5981212112166,28.5453257822408,0
                81.5979883591733,28.5450984886596,0
                81.5976604078074,28.5448156975343,0
                81.5963976560244,28.5440136288788,0
                81.5955479699671,28.543415047566,0
                81.5953746199956,28.5433594876633,0
                81.595202830563,28.5433624228163,0
                81.5947767596401,28.543578584032,0
                81.5945021672821,28.5438121839815,0
                81.5943339994956,28.544006914014,0
                81.5938670566058,28.5443405644912,0
                81.5936969536671,28.5444179922549,0
                81.5924129976981,28.5447258829913,0
                81.5920903534913,28.5447115053025,0
                81.5915862440251,28.5442219181267,0
                81.5915188803312,28.5440508084606,0
                81.5914927010727,28.5438207039223,0
                81.5914028411528,28.5436316582234,0
                81.5911167613701,28.5432923101962,0
                81.5904617341769,28.5427649750784,0
                81.5898537610588,28.5424314975756,0
                81.5895694285861,28.5421868279708,0
                81.5893958288952,28.5420928346705,0
                81.5891353036382,28.5419835287039,0
                81.5886173137215,28.541875156227,0
                81.5882709252938,28.5417187282925,0
                81.5877712483092,28.5414479337611,0
                81.5874251718141,28.5413388772999,0
                81.5867373283545,28.5413508658484,0
                81.5862223342628,28.5414162902975,0
                81.5858160123455,28.5415172752538,0
                81.5856677811903,28.5416149520181,0
                81.5855751036809,28.5417191287593,0
                81.5855623554049,28.5417326901477,0
                81.5851898304815,28.5425035507259,0
                81.5848978618517,28.5429470063724,0
                81.5845579664984,28.5431627938747,0
                81.5838729316764,28.5433281440794,0
                81.583362308452,28.5436032994948,0
                81.5831911440214,28.5436243570688,0
                81.5830211032856,28.5437040352547,0
                81.5828501260763,28.5437430914961,0
                81.5818193275465,28.5437588265129,0
                81.5814561874132,28.5439205561104,0
                81.5813720724644,28.5439569895829,0
                81.5811178527524,28.5441881515572,0
                81.5809297482481,28.5444777474919,0
                81.5802320192529,28.5451191788011,0
                81.5800612916804,28.5451988561448,0
                81.5799130593072,28.5453145308674,0
                81.5794906716198,28.5457404235155,0
                81.5794053071858,28.5457814189048,0
                81.5791936452158,28.545974085711,0
                81.5780246655106,28.5467550596197,0
                81.5777512587627,28.5471036489348,0
                81.5771362711239,28.5475912830261,0
                81.5760864526082,28.5489244576233,0
                81.5757321143579,28.5495418334604,0
                81.5754375237808,28.5498702365743,0
                81.5752712283238,28.5501777054558,0
                81.5752546018843,28.5504078718886,0
                81.5751727339363,28.5506383498363,0
                81.5751589159472,28.5510218762416,0
                81.5750126823178,28.5512526027009,0
                81.5747155933151,28.5514862644404,0
                81.5745448650575,28.5515636927941,0
                81.573859080343,28.5517267308236,0
                81.5734741293895,28.5518862730474,0
                81.5733058368087,28.5520606920228,0
                81.5731351708545,28.5521584306123,0
                81.5730723650696,28.5522353601144,0
                81.5729070687993,28.5526015115859,0
                81.5729531850546,28.5527524983463,0
                81.5730646042589,28.5529234840536,0
                81.5733034450513,28.5530352898835,0
                81.5734358615054,28.5531858401846,0
                81.5735047856021,28.553413320394,0
                81.5734464134007,28.553720478725,0
                81.5732172504767,28.5541071900237,0
                81.5728801643644,28.554494336992,0
                81.5726265688571,28.5547254992365,0
                81.5719888986399,28.5551568882264,0
                81.5716690636212,28.5553138693366,0
                81.5714984608356,28.5554116707041,0
                81.5710104578162,28.5557813173482,0
                81.570695055908,28.5561684649146,0
                81.5700130796461,28.5565592944413,0
                81.5695005824495,28.5567577064303,0
                81.5690712015124,28.5568610657896,0
                81.5687288712349,28.5569797997781,0
                81.5684725915047,28.5570800997041,0
                81.5680247730893,28.5573143845727,0
                81.5678339841528,28.5574708046557,0
                81.5675813253903,28.5577606494988,0
                81.5673538488985,28.5582217910886,0
                81.5673137889501,28.5583754020668,0
                81.5672092379073,28.5585314481225,0
                81.5667440433432,28.5589778385181,0
                81.5665523790284,28.5590936370578,0
                81.5664886997626,28.5591322579907,0
                81.5659765146396,28.5593893518554,0
                81.5654467668429,28.5598359284537,0
                81.5651940455355,28.5601257734267,0
                81.5649431352276,28.5605125472235,0
                81.5646477952065,28.5608228262334,0
                81.5642669028242,28.561151541114,0
                81.5640325581234,28.5612901498764,0
                81.5636048628069,28.5614678773911,0
                81.5622307330625,28.5616968997829,0
                81.5619736418443,28.5617588908092,0
                81.5616313725491,28.5618979357614,0
                81.5613342838096,28.5621314723912,0
                81.5610999381482,28.5622678317493,0
                81.5607409183156,28.5626370422222,0
                81.5606998598196,28.5627139098217,0
                81.5598724602782,28.5634143960506,0
                81.5591904829907,28.5638277858882,0
                81.5587619138362,28.5639671426664,0
                81.5584422658366,28.5641647451789,0
                81.5582298543498,28.5643392880597,0
                81.5578498986752,28.5647288722688,0
                81.5577028527173,28.564941475048,0
                81.5573955047502,28.5657887683254,0
                81.5571934572631,28.5664798890846,0
                81.5569567809782,28.5676313417391,0
                81.556726805869,28.5680000546272,0
                81.5566205061154,28.5680771714591,0
                81.5564297172587,28.5682539647918,0
                81.5563444149892,28.5682926473406,0
                81.5560682618468,28.5685080610574,0
                81.5543191695258,28.569492071612,0
                81.5540856348932,28.5696666772025,0
                81.5534035956437,28.5700800039796,0
                81.5523435975335,28.5710341515826,0
                81.5519383990347,28.5712500637885,0
                81.5515088926938,28.5713352994955,0
                81.5504739087709,28.5713304735002,0
                81.5502161304189,28.5713924013476,0
                81.5497030709399,28.5716291222971,0
                81.549384234504,28.5718650341077,0
                81.5487708700825,28.5724675948717,0
                81.5483432369836,28.5726655710022,0
                81.5467976907542,28.5730147049202,0
                81.5465372900064,28.5729413325991,0
                81.5462784507599,28.5729265805664,0
                81.546041482559,28.5729320140803,0
                81.5460006108001,28.5730653140525,0
                81.5459457963208,28.5735821402733,0
                81.5461540675486,28.5743257620821,0
                81.5462289237468,28.5748420285315,0
                81.5463657728682,28.5752408056047,0
                81.5463553261516,28.5758160647627,0
                81.5463143925161,28.5759313041577,0
                81.5462986397196,28.5762178394523,0
                81.5460521613133,28.5768550269701,0
                81.5458430590907,28.5772009921638,0
                81.5456951383965,28.57737528669,0
                81.5456123341483,28.5775493318441,0
                81.5453186171171,28.577956665581,0
                81.5448326112058,28.5784796728591,0
                81.5445765177387,28.5786385920283,0
                81.5444692818624,28.5786593393124,0
                81.5440206516115,28.5788754376165,0
                81.5437635605443,28.5789554267615,0
                81.5433149918456,28.579191836196,0
                81.5426075843525,28.5794134933703,0
                81.5423495567722,28.5794370503421,0
                81.541898365667,28.5795404098544,0
                81.5413171313903,28.5795675244023,0
                81.5410592289321,28.5796114540424,0
                81.5406707189183,28.5795972000745,0
                81.5403465140535,28.579544325334,0
                81.5397940265272,28.5795803770124,0
                81.539184045578,28.579621177082,0
                81.5383445967403,28.5796335396335,0
                81.537702868244,28.579834574894,0
                81.5367362475996,28.5799647365338,0
                81.5359672833682,28.5802813840713,0
                81.5357755579565,28.5803994335236,0
                81.5355436466896,28.5806529693105,0
                81.5350780153965,28.5810609249233,0
                81.53484535585,28.5812941504875,0
                81.5346778738233,28.5815272510483,0
                81.5345156372872,28.5820444514502,0
                81.5338043395115,28.5831481519014,0
                81.5337212208301,28.5833830668504,0
                81.5334981782435,28.5840133178317,0
                81.5331650249308,28.5845921977805,0
                81.533065469756,28.5849963463261,0
                81.533071711936,28.58533925217,0
                81.5330534620041,28.5855130486355,0
                81.5330794543486,28.5857407774146,0
                81.5331918103661,28.5859704455433,0
                81.5334767048005,28.5862151770263,0
                81.5336502418296,28.5862889849209,0
                81.5338029063837,28.5864011643875,0
                81.5341994077609,28.5868530028957,0
                81.5343963155292,28.5870034291693,0
                81.5348304402598,28.5871889182013,0
                81.5355228426881,28.5873891594126,0
                81.5361314418483,28.5877048890117,0
                81.5366783588068,28.5881946008148,0
                81.5369216325771,28.588536447874,0
                81.5370997270717,28.5888786681034,0
                81.5371040355048,28.5891065229143,0
                81.5370640372199,28.5892803813763,0
                81.5370929014702,28.5896817819078,0
                81.5368619075348,28.5911219581056,0
                81.536739979727,28.5915262936451,0
                81.5367452864146,28.5918127676858,0
                81.536794961055,28.5921554246817,0
                81.5369075650636,28.5924415240279,0
                81.5370627280802,28.5926687554336,0
                81.5372206993277,28.5930696585805,0
                81.5372442568618,28.5931846480743,0
                81.5372679383315,28.5933176360515,0
                81.5372512487439,28.5935478015424,0
                81.5373238556913,28.5940054482339,0
                81.5375969296782,28.5948052530559,0
                81.5378647589436,28.5953185223147,0
                81.5380627283191,28.5955455661234,0
                81.5385215967417,28.5959407857185,0
                81.5387642452547,28.5962826954842,0
                81.538939592881,28.5964512447963,0
                81.5392238010547,28.5966779154735,0
                81.5397018563283,28.5969377101376,0
                81.5397935298619,28.5970027681424,0
                81.5400513668665,28.5971822547235,0
                81.5403616916684,28.5976366551512,0
                81.5411941282373,28.5983507250285,0
                81.5413518502725,28.5986930084359,0
                81.5415286972286,28.5989201777241,0
                81.5416396169095,28.5991092241604,0
                81.5416857950636,28.5992623980699,0
                81.5418217086684,28.5996047436535,0
                81.5417599634407,28.5997787258437,0
                81.5418053303809,28.5998935916694,0
                81.5418097007495,28.6001214449038,0
                81.5417060854138,28.6003541726305,0
                81.541645964352,28.6006025863696,0
                81.5415212894437,28.6008354379076,0
                81.5417645632989,28.6011750977023,0
                81.5419187274144,28.6013278976858,0
                81.5421846836547,28.6017238654321,0
                81.5424478945118,28.601950659818,0
                81.5428636441197,28.6022693238977,0
                81.5433429495377,28.6025291188357,0
                81.5435617292446,28.6026996685574,0
                81.5439104281184,28.6029035926037,0
                81.5443051810047,28.6032426291379,0
                81.5444795929965,28.6033546832314,0
                81.5446556909083,28.6035434806608,0
                81.5447891681199,28.6037708372643,0
                81.5450532523649,28.6040540018944,0
                81.5452091648328,28.6043015439227,0
                81.5454559341802,28.6048148751059,0
                81.5456835177476,28.6054433825564,0
                81.5458160585997,28.6056119937643,0
                81.5460401450784,28.6060690791123,0
                81.5462170549389,28.6062961855476,0
                81.5464141494847,28.6064646103627,0
                81.5467837845608,28.6066322873358,0
                81.5469571350421,28.6066677244344,0
                81.5473022753771,28.6066821023807,0
                81.5479898091333,28.6065371881926,0
                81.5484238726919,28.6066820558278,0
                81.5486215928894,28.6068527302242,0
                81.5489521657728,28.607248447905,0
                81.5492999290978,28.607395876524,0
                81.5499063442658,28.6075017504479,0
                81.550406834576,28.6077613583968,0
                81.5508251448571,28.6081973237455,0
                81.5509376874561,28.6084630509464,0
                81.5512437041164,28.6086874094134,0
                81.551723010123,28.6089290810764,0
                81.5523279262114,28.6089965834716,0
                81.5526773132443,28.6092005069247,0
                81.552852660874,28.6093711810075,0
                81.5530931879076,28.6095393564593,0
                81.553247601206,28.6097282156954,0
                81.5534663812302,28.6098965164843,0
                81.5537932080512,28.6100643800337,0
                81.5539668089662,28.6101200650571,0
                81.554313385586,28.6101908757508,0
                81.5551763930879,28.6102166352656,0
                81.5553497436042,28.6102520718846,0
                81.5558667366513,28.6102250813202,0
                81.5565579537187,28.6103080206241,0
                81.5571612468322,28.6102987800052,0
                81.5578497174041,28.6102124851257,0
                81.558560933262,28.6102004958226,0
                81.5588207098106,28.6102535567639,0
                81.5596835296029,28.6102613185007,0
                81.5599433053637,28.6103143168713,0
                81.5614958437669,28.6103462732285,0
                81.5621869372796,28.6103930906814,0
                81.5623577896397,28.6103134131703,0
                81.562530329242,28.6103104161425,0
                81.5634742677658,28.6100673891711,0
                81.5643387116571,28.6101495179639,0
                81.5651136070545,28.6100785974927,0
                81.565459746578,28.6101515962593,0
                81.5658939963206,28.6103347722632,0
                81.5663090599244,28.6106173145371,0
                81.5666568229381,28.6107647432549,0
                81.5668302366586,28.6108001177858,0
                81.5674335915098,28.6108088749402,0
                81.5676941793594,28.6109002453765,0
                81.5681946071551,28.611141792393,0
                81.5684543836838,28.6111948531633,0
                81.5687150962359,28.6113065347503,0
                81.5691483476079,28.6114152798884,0
                81.5696662148591,28.6114447219753,0
                81.5697523281452,28.6114240380774,0
                81.5700294187315,28.6112468701953,0
                81.5702619537267,28.6109955217362,0
                81.5703692527708,28.6109747753473,0
                81.5706272800289,28.6109510931806,0
                81.5710594706289,28.6109830967433,0
                81.5717517489211,28.6111245935166,0
                81.5721859998232,28.611289709301,0
                81.5723586005444,28.6113070225428,0
                81.5727028678122,28.6112626557644,0
                81.5731323111512,28.6111412986003,0
                81.573493079558,28.6108487680595,0
                81.5737501716214,28.610766466628,0
                81.5740063887489,28.6106300450806,0
                81.5744367698128,28.610565057388,0
                81.5753851405036,28.6105497590273,0
                81.5758766401479,28.6103310984709,0
                81.5760917992866,28.6102896056739,0
              </coordinates>
            </LinearRing>
          </outerBoundaryIs>
        </Polygon>
      </Placemark>
      <Placemark id="KA_SURKHET_Birendranagar.16">
        <ExtendedData>
          <SchemaData schemaUrl="#KA_SURKHET_Birendranagar.schema">
            <SimpleData name="ogc_fid">2711</SimpleData>
            <SimpleData name="objectid_1">2712</SimpleData>
            <SimpleData name="dcode">59</SimpleData>
            <SimpleData name="district">SURKHET</SimpleData>
            <SimpleData name="das">0</SimpleData>
            <SimpleData name="gapa_napa">Birendranagar</SimpleData>
            <SimpleData name="type_gn">Nagarpalika</SimpleData>
            <SimpleData name="gn_code">3.000000000000000</SimpleData>
            <SimpleData name="new_ward_n">3</SimpleData>
            <SimpleData name="ddgnww">590303.000000000000000</SimpleData>
            <SimpleData name="center">Birendranagar</SimpleData>
            <SimpleData name="state_code">6</SimpleData>
            <SimpleData name="ddgn">59003</SimpleData>
            <SimpleData name="area_sqkm">6.615165542890000</SimpleData>
            <SimpleData name="shape_leng">12199.210788899999898</SimpleData>
            <SimpleData name="shape_area">6615165.542890000157058</SimpleData>
            <SimpleData name="Province">KA</SimpleData>
            <SimpleData name="Address">Birendranagar-3, SURKHET, KA</SimpleData>
          </SchemaData>
        </ExtendedData>
        <Polygon>
          <outerBoundaryIs>
            <LinearRing>
              <coordinates>
                81.6113678580967,28.5940619054078,0
                81.6116018287349,28.5939639180622,0
                81.6121137625955,28.5937652553077,0
                81.6124557797979,28.5936825176757,0
                81.6126258213738,28.5935847166877,0
                81.613222681131,28.5933654949678,0
                81.6142477976752,28.5930652869696,0
                81.615613682829,28.592587663178,0
                81.6161476130677,28.5924273096515,0
                81.6160359445365,28.59223607598,0
                81.6157722974258,28.5919530359717,0
                81.6151315870449,28.591103168256,0
                81.6147917732624,28.590247492515,0
                81.6147217261677,28.5899613301135,0
                81.6141802593178,28.5887095009132,0
                81.6140431602719,28.588308535688,0
                81.614017791595,28.5881372391192,0
                81.6137932680102,28.5876442189485,0
                81.613483505116,28.5872282533832,0
                81.6131762400294,28.5869070288029,0
                81.6126516316029,28.5864560001199,0
                81.6120844041339,28.5860434677297,0
                81.6119089935232,28.5858750437571,0
                81.6117980736564,28.5857040574925,0
                81.6115354265179,28.5854774498309,0
                81.6104851663939,28.5835060547964,0
                81.610352811584,28.5833825648374,0
                81.6102223936682,28.5832613241083,0
                81.6100487935215,28.5831876409899,0
                81.6095305539743,28.5830613952866,0
                81.6091395488598,28.5828375353235,0
                81.6083504820712,28.5820650332242,0
                81.6080234678244,28.5818589851417,0
                81.6076796396987,28.5818447315181,0
                81.6072539435537,28.5820428956814,0
                81.6068256882308,28.5821238191772,0
                81.6065890953574,28.5820886944212,0
                81.6063710034276,28.5819408300376,0
                81.6062828293251,28.5818261517889,0
                81.6061885366382,28.5814273119398,0
                81.6061603592771,28.5810823433258,0
                81.6061124324912,28.5808546765122,0
                81.6060616335849,28.5804533375233,0
                81.605881665639,28.5800548096018,0
                81.6057473760152,28.5798072684624,0
                81.6054174275847,28.5794117380935,0
                81.6052428905622,28.5792996209698,0
                81.6044628149685,28.5789670775286,0
                81.6041819166627,28.57889389372,0
                81.6039644489988,28.5787437170147,0
                81.6037891006021,28.5785753548714,0
                81.6036993040883,28.5784041821395,0
                81.603672999186,28.5781742648234,0
                81.6039850906115,28.5776540050434,0
                81.6039825301839,28.5775389530297,0
                81.6036744539841,28.5771816694854,0
                81.6031499700066,28.5767485772509,0
                81.6029073217971,28.5764270412631,0
                81.6028419560659,28.576391293093,0
                81.6024901363379,28.5759935125974,0
                81.6023354738093,28.5757663443244,0
                81.6022448019899,28.5755389263968,0
                81.6022586196968,28.5751576492204,0
                81.6023833563142,28.5749630438926,0
                81.602958095541,28.5746875149256,0
                81.6035565167601,28.5745450987433,0
                81.6036837514623,28.5744474217895,0
                81.6038258638664,28.5740452730609,0
                81.6039007385889,28.5735080117286,0
                81.6039842912318,28.5733925860119,0
                81.6044099253985,28.5731764238353,0
                81.6045146625899,28.5730608740614,0
                81.6045973419483,28.5728868286691,0
                81.6046557771439,28.5726000432013,0
                81.6046522801509,28.5724286211206,0
                81.6045850421047,28.5722958207594,0
                81.6042377178811,28.5721078953908,0
                81.6040867390077,28.5720724593314,0
                81.6037395387525,28.5719047820877,0
                81.6036714266328,28.5717336723606,0
                81.6037543544657,28.5716001856915,0
                81.6039443947712,28.5714256418419,0
                81.6040437008074,28.5710213680264,0
                81.6040183944193,28.5708500711783,0
                81.6038866027724,28.5706995828179,0
                81.6036474508726,28.5705493432947,0
                81.6031930145947,28.5704025382915,0
                81.6027785146312,28.570084061824,0
                81.6022495356243,28.5694051171037,0
                81.6019642669451,28.5691221392423,0
                81.6016116980665,28.5686860496189,0
                81.6015226501774,28.5685353129015,0
                81.601282810744,28.5683671994972,0
                81.6010236593815,28.5682938907101,0
                81.6007663192592,28.5683175720738,0
                81.6003397492045,28.5684570531539,0
                81.6000642205745,28.5686522810658,0
                81.5998268794718,28.5685969711158,0
                81.5997178335825,28.568502665743,0
                81.5996506567547,28.56839017458,0
                81.599592794014,28.5680972007088,0
                81.5993670111706,28.5681635664794,0
                81.5991333525777,28.5683022385133,0
                81.5989433127554,28.5684767818978,0
                81.5986964626214,28.5689967309196,0
                81.5984871740347,28.5692660783459,0
                81.5981253441686,28.5694616798379,0
                81.597642845918,28.5695269796455,0
                81.5974788058912,28.5695547874732,0
                81.5969129360225,28.5700332981752,0
                81.5965999705267,28.5704971259439,0
                81.5964098059609,28.57065360873,0
                81.5963051929801,28.5707871572214,0
                81.5961569613277,28.5709051440916,0
                81.595815130717,28.5710058803192,0
                81.5956667739639,28.5710832457523,0
                81.5954792318928,28.5713728417267,0
                81.5950136634352,28.571742551151,0
                81.5948680548964,28.5719732777181,0
                81.5947198230156,28.5720912646589,0
                81.5944641058224,28.5721713164772,0
                81.5938639361204,28.572237114471,0
                81.5934358049116,28.5723382867875,0
                81.5932439546759,28.5724180894941,0
                81.5927352677579,28.5727316156034,0
                81.5920960379143,28.5730073319537,0
                81.5916931497679,28.573279801039,0
                81.5915220481587,28.5733008591963,0
                81.5913493846351,28.5732655470814,0
                81.5910064302514,28.573289602683,0
                81.5906828504555,28.5732368530468,0
                81.5905973618558,28.5732575377051,0
                81.5904283198609,28.5734138960374,0
                81.5903889467322,28.5735675062037,0
                81.5902643352024,28.5737981087252,0
                81.5900113655231,28.5740293336103,0
                81.5898195149066,28.5741091357094,0
                81.5897565846847,28.5741680675252,0
                81.5897147764364,28.5742449348121,0
                81.5897211449752,28.5745697797712,0
                81.5896382779652,28.574723514075,0
                81.5895117934596,28.5748391268171,0
                81.5890406069055,28.574884053742,0
                81.5889334956618,28.5749251104018,0
                81.5888288195792,28.57506090893,0
                81.5887702605391,28.5753476319922,0
                81.5887067058848,28.5753863150543,0
                81.5883638135628,28.5754306189715,0
                81.5881291571387,28.5755083584727,0
                81.5880244814557,28.5756441572098,0
                81.5879636106565,28.5758362004926,0
                81.5878378756421,28.5759720619408,0
                81.5876678346652,28.5760697997533,0
                81.5873268163871,28.576208907716,0
                81.5868112609497,28.5762156495222,0
                81.586585602928,28.5763000764666,0
                81.5863846904709,28.5763753791485,0
                81.5860427363382,28.5764558673454,0
                81.5857870811554,28.5765562294677,0
                81.5852350875499,28.5769060020959,0
                81.5848626258661,28.5776001821425,0
                81.584524167355,28.5778542790961,0
                81.584293193655,28.5781439993841,0
                81.5842103275441,28.5782977966037,0
                81.5841537032636,28.5786814479096,0
                81.5840097789934,28.5790069780185,0
                81.583717624377,28.5794323724285,0
                81.5835282086027,28.5796069788874,0
                81.5833581050655,28.57970465469,0
                81.5828251114598,28.5799031913414,0
                81.5826141364394,28.5801161688676,0
                81.582259113215,28.5806184926866,0
                81.5819415898173,28.5808522171702,0
                81.5816841249164,28.580855525875,0
                81.5814553420764,28.5809558253281,0
                81.5809154734742,28.5811927337655,0
                81.5805948269683,28.5813294045195,0
                81.5805528940681,28.5813679623348,0
                81.580448281,28.5815240719596,0
                81.5804293432776,28.5816753073665,0
                81.5805434475892,28.5819816553634,0
                81.5808338362343,28.5824924877592,0
                81.5809226972037,28.5826251641134,0
                81.5810759863166,28.5827373430386,0
                81.5811866568526,28.5828699573355,0
                81.5814554916483,28.5830808795825,0
                81.5817328248064,28.5833007378836,0
                81.5819044245163,28.583381233249,0
                81.5819716652908,28.5834125430412,0
                81.5822718135936,28.5833819255989,0
                81.5834530283801,28.5833542566752,0
                81.5836090066133,28.5833829440625,0
                81.5836468143007,28.5833827573727,0
                81.5840332613093,28.5833653261708,0
                81.5841259985813,28.5833829511539,0
                81.5842270470076,28.5834006384658,0
                81.584742601913,28.5833938331352,0
                81.5849370750345,28.5834290827104,0
                81.5856464158678,28.5834553400149,0
                81.5867420796554,28.5834415441742,0
                81.5869167408393,28.5835919700653,0
                81.5871609512814,28.5839699391111,0
                81.5872090026257,28.5842178537753,0
                81.5870850153131,28.5844485183713,0
                81.5872633601331,28.5847906143981,0
                81.5872439856212,28.5848854804296,0
                81.5873339075169,28.5850768392115,0
                81.5875101923631,28.5853038833815,0
                81.587533000861,28.5853782518636,0
                81.5875346861201,28.5854549323119,0
                81.5874308851676,28.585629101886,0
                81.5873916373985,28.5858007103246,0
                81.5873934482621,28.5858977013178,0
                81.5875688579207,28.5860864366695,0
                81.5875339183574,28.5864678388034,0
                81.5877120757198,28.5867919362121,0
                81.5878769164376,28.5874769997002,0
                81.5880785067154,28.5878934647493,0
                81.5881937965467,28.5882742429013,0
                81.5882829069915,28.588445291044,0
                81.5885256178046,28.5887668270317,0
                81.5886180369778,28.5890709877757,0
                81.588629463291,28.5896258743333,0
                81.5887430674002,28.5899479709842,0
                81.5889192268957,28.5901570166122,0
                81.5889227237075,28.5903103779187,0
                81.5885880105719,28.5907922662499,0
                81.5883126064671,28.591025928596,0
                81.5881863710685,28.5911820996018,0
                81.5880608850721,28.5913743924734,0
                81.5879590809365,28.5916839253224,0
                81.5881681630004,28.5925041652485,0
                81.5881300374287,28.5927727650113,0
                81.588160900006,28.5932689067244,0
                81.5882055169381,28.5933634609166,0
                81.5882708826385,28.5934015208001,0
                81.5884472297306,28.5936286275354,0
                81.5884073565693,28.5938025483437,0
                81.5882818082301,28.5939767181584,0
                81.5882845556543,28.594127891443,0
                81.5884610270193,28.5943752464731,0
                81.5884628376598,28.5944699879318,0
                81.5884427766827,28.5945467928632,0
                81.5879774567201,28.5949751839962,0
                81.587809413506,28.5952082854338,0
                81.5876657391667,28.5955743121637,0
                81.5875813104997,28.5956716768305,0
                81.5875412510133,28.5958252874425,0
                81.58754593369,28.5960936998214,0
                81.587724091054,28.596415548063,0
                81.5876004772258,28.5967048320548,0
                81.5876049100168,28.5969349359809,0
                81.5876993892175,28.5973743965341,0
                81.5877440071766,28.5974689509056,0
                81.5878530534987,28.5975429454983,0
                81.5881112059464,28.59753957407,0
                81.5884320392092,28.5974389002002,0
                81.5885184019057,28.5974565878718,0
                81.5886281973793,28.5975508304294,0
                81.5888301617775,28.598007916236,0
                81.5891382388177,28.5983652620007,0
                81.5893335235091,28.5984388834858,0
                81.5895271227233,28.5984357611873,0
                81.5898082079662,28.5985270067101,0
                81.5900934139154,28.5987919863862,0
                81.5904033012016,28.5992463231344,0
                81.5905560283746,28.5993584401588,0
                81.590750564324,28.599411750716,0
                81.5912866810322,28.5992898314652,0
                81.5916111353933,28.5993786403609,0
                81.5917638626755,28.5994908201223,0
                81.5919812677055,28.5996229355168,0
                81.5921129975404,28.5997532381755,0
                81.592401075389,28.6001895763536,0
                81.5927956399231,28.600584920203,0
                81.5930845923501,28.601059630794,0
                81.593219256087,28.6013636047144,0
                81.5932220030312,28.6015169652923,0
                81.5933355450365,28.601821063732,0
                81.5934482765866,28.6019829876206,0
                81.5936382523775,28.6018941866982,0
                81.5938937197382,28.601755452623,0
                81.5943224770248,28.6016339698812,0
                81.5948341615283,28.6013768129229,0
                81.5953232880869,28.6010814718498,0
                81.5954094636031,28.6010607252185,0
                81.5958355974934,28.6008242534081,0
                81.5964728316882,28.6003928020701,0
                81.5981796763299,28.5996002738328,0
                81.5993759576853,28.5992587596406,0
                81.5996089907624,28.5991021522812,0
                81.6004604446943,28.5987081371534,0
                81.6008434587398,28.5985304719598,0
                81.6014410057185,28.5983112499784,0
                81.6016747265474,28.598174890848,0
                81.60244081618,28.5978195594854,0
                81.6027828339029,28.5977187612353,0
                81.6036342259876,28.5973246843144,0
                81.6043166369869,28.5970870909747,0
                81.6049131242074,28.5968091872854,0
                81.6055099843343,28.5965922154274,0
                81.6055946614497,28.5965331592888,0
                81.6068753697061,28.5961123414558,0
                81.6075575319219,28.5958363764099,0
                81.6087274460914,28.5952648828098,0
                81.6088991108501,28.5952235138895,0
                81.6094949723408,28.5949478598988,0
                81.6102619976767,28.5946511483119,0
                81.6104948447375,28.5944764172358,0
                81.6110904571048,28.5941601425915,0
                81.6112607476054,28.594100712586,0
                81.6113678580967,28.5940619054078,0
              </coordinates>
            </LinearRing>
          </outerBoundaryIs>
        </Polygon>
      </Placemark>
    </Document>
  </Document>
</kml>
