<?xml version="1.0" encoding="UTF-8"?>
<kml xmlns="http://www.opengis.net/kml/2.2">
  <Document id="root_doc">
    <Schema id="GA_SYANGJA_Kaligandagi.schema">
      <SimpleField name="ogc_fid" type="int"/>
      <SimpleField name="objectid_1" type="float"/>
      <SimpleField name="dcode" type="int"/>
      <SimpleField name="district" type="string"/>
      <SimpleField name="dan" type="string"/>
      <SimpleField name="das" type="int"/>
      <SimpleField name="gapa_napa" type="string"/>
      <SimpleField name="type_gn" type="string"/>
      <SimpleField name="gn_code" type="float"/>
      <SimpleField name="new_ward_n" type="float"/>
      <SimpleField name="ddgnww" type="float"/>
      <SimpleField name="center" type="string"/>
      <SimpleField name="state_code" type="int"/>
      <SimpleField name="ddgn" type="float"/>
      <SimpleField name="area_sqkm" type="float"/>
      <SimpleField name="shape_leng" type="float"/>
      <SimpleField name="shape_area" type="float"/>
      <SimpleField name="Province" type="string"/>
      <SimpleField name="Address" type="string"/>
    </Schema>
    <Document id="GA_SYANGJA_Kaligandagi">
      <name>GA_SYANGJA_Kaligandagi</name>
      <Placemark id="GA_SYANGJA_Kaligandagi.1">
        <ExtendedData>
          <SchemaData schemaUrl="#GA_SYANGJA_Kaligandagi.schema">
            <SimpleData name="ogc_fid">3068</SimpleData>
            <SimpleData name="objectid_1">3069</SimpleData>
            <SimpleData name="dcode">39</SimpleData>
            <SimpleData name="district">SYANGJA</SimpleData>
            <SimpleData name="das">0</SimpleData>
            <SimpleData name="gapa_napa">Kaligandagi</SimpleData>
            <SimpleData name="type_gn">Gaunpalika</SimpleData>
            <SimpleData name="gn_code">8.000000000000000</SimpleData>
            <SimpleData name="new_ward_n">2</SimpleData>
            <SimpleData name="ddgnww">390802.000000000000000</SimpleData>
            <SimpleData name="center">Mirmi</SimpleData>
            <SimpleData name="state_code">4</SimpleData>
            <SimpleData name="ddgn">39008</SimpleData>
            <SimpleData name="area_sqkm">16.275094813399999</SimpleData>
            <SimpleData name="shape_leng">27841.766823900001327</SimpleData>
            <SimpleData name="shape_area">16275094.813400000333786</SimpleData>
            <SimpleData name="Province">GA</SimpleData>
            <SimpleData name="Address">Kaligandagi-2, SYANGJA, GA</SimpleData>
          </SchemaData>
        </ExtendedData>
        <Polygon>
          <outerBoundaryIs>
            <LinearRing>
              <coordinates>
                83.5071823929253,27.9712363315706,0
                83.5073578729927,27.9710654747096,0
                83.5078413806844,27.9705573408319,0
                83.5081462181092,27.9703711743571,0
                83.5083429450779,27.9702026302165,0
                83.5084535578192,27.9700518334877,0
                83.508699471515,27.9696150641952,0
                83.5087955930193,27.9691573571689,0
                83.5089310181922,27.9688533241387,0
                83.5091754300025,27.9684729245756,0
                83.5094389621836,27.9682098904744,0
                83.5099613361635,27.9678936769169,0
                83.5106673714631,27.967625400273,0
                83.5110878194504,27.9674351737384,0
                83.5117572329271,27.9672547628617,0
                83.5126531772538,27.9672060931514,0
                83.5127879715073,27.9671884718384,0
                83.5129157672299,27.9671686633484,0
                83.5133087150085,27.967151983965,0
                83.5138688285548,27.9671268696239,0
                83.5139985614531,27.9671024987641,0
                83.5142585899898,27.9670560698383,0
                83.5150317423266,27.9667564831157,0
                83.515548111128,27.9667086834661,0
                83.5159795555261,27.9666199485272,0
                83.5162399608261,27.9664899637452,0
                83.5171040372375,27.9662561234108,0
                83.5179704904254,27.9659072306397,0
                83.5180802278282,27.9657948049994,0
                83.5182741404552,27.9657593741918,0
                83.5189853633893,27.965470848699,0
                83.5195787928923,27.9650171486596,0
                83.520319014996,27.9645504525622,0
                83.5204920555924,27.9644968977128,0
                83.5206887819795,27.9643284158231,0
                83.5215571121078,27.963902780229,0
                83.5217428382479,27.9638650364279,0
                83.5226304054764,27.9639019844785,0
                83.5227745092335,27.9639994779903,0
                83.5227451433415,27.9637376886148,0
                83.5227626570712,27.9629368242896,0
                83.5226048849715,27.9619796582047,0
                83.5223796128447,27.9614170812593,0
                83.5215265644646,27.9601732429377,0
                83.5204256126051,27.9588270359769,0
                83.520229958485,27.9584676275187,0
                83.5194671509914,27.9570729300922,0
                83.5188923198364,27.9555728690011,0
                83.5195038664246,27.955396769947,0
                83.5200965450362,27.9549611932524,0
                83.5205146155219,27.9549310147754,0
                83.5209537417998,27.9550272634261,0
                83.5217918213686,27.954824919314,0
                83.5223443777723,27.9545380791741,0
                83.5227956993176,27.9541853677559,0
                83.523891514497,27.9529437473607,0
                83.5244580735173,27.9524358648417,0
                83.5253423536306,27.9512567976145,0
                83.5262916807016,27.9503710796097,0
                83.5271454541887,27.9497603355252,0
                83.5278102513186,27.9491557135586,0
                83.5280625936322,27.9491317821501,0
                83.5281927651859,27.9490464166993,0
                83.5288780029181,27.9481960047817,0
                83.5306225997056,27.9472882389975,0
                83.5330834689119,27.9466987049199,0
                83.5334926683672,27.9465128535337,0
                83.5350455282446,27.9462339029622,0
                83.5343331244311,27.9461930830438,0
                83.5331285937576,27.9464010451852,0
                83.5329501838173,27.9462334949374,0
                83.5329190758979,27.9455633058753,0
                83.5330112661051,27.9448078126297,0
                83.5329133469417,27.944545772128,0
                83.5325994286732,27.9425074522877,0
                83.532723335541,27.940044114581,0
                83.5327571640824,27.938988398709,0
                83.5326189945637,27.9390669524154,0
                83.5322757899554,27.9390611971479,0
                83.5320166362496,27.9391325004205,0
                83.531586130158,27.9391806752486,0
                83.5309004720005,27.9391287944264,0
                83.5306455103398,27.938972179806,0
                83.530080410458,27.9383498521303,0
                83.5300187340984,27.9382141767316,0
                83.5299553681173,27.9381756791755,0
                83.5298960681106,27.9379453234817,0
                83.5298667716468,27.9373135063,0
                83.5299638931675,27.9367994290563,0
                83.5305683353355,27.9356621656508,0
                83.5305695852063,27.9356057339246,0
                83.530703698861,27.9353603205158,0
                83.5307744434483,27.9350740354069,0
                83.5307843884919,27.9346160150686,0
                83.5307286539604,27.9342142375829,0
                83.5307577206322,27.9338690821575,0
                83.5307247955032,27.9334110600542,0
                83.5305845109872,27.9329481001662,0
                83.5305983959385,27.9323186571033,0
                83.5305174746501,27.9320859897098,0
                83.5300386759913,27.9314097939094,0
                83.5299128847205,27.9312717417855,0
                83.52976471878,27.9311741857912,0
                83.5296192416918,27.9309616405944,0
                83.5289030991581,27.9303364977849,0
                83.5284804753012,27.9300395186474,0
                83.5282721339948,27.9297499793942,0
                83.5277404781554,27.9285343929292,0
                83.5275754430069,27.9282269808314,0
                83.5272056330047,27.9274744184213,0
                83.5266228534134,27.9266353609159,0
                83.5262250388984,27.9261917693889,0
                83.5259526446904,27.9258817930169,0
                83.5255584590942,27.9252622185103,0
                83.5252625056625,27.9249069961588,0
                83.5243091451293,27.9242967866479,0
                83.5239745078188,27.9240835504795,0
                83.5236316160597,27.9240597982161,0
                83.5232004211901,27.9241643440921,0
                83.5227671005379,27.9243478832215,0
                83.5225276923137,27.9244959291383,0
                83.5220672452295,27.9249455678654,0
                83.5219103235516,27.925249600622,0
                83.5217895154122,27.9258583557243,0
                83.5218488143458,27.9260887114863,0
                83.5220550917195,27.9264751788715,0
                83.5221540719592,27.9268590843716,0
                83.5222974826983,27.9271686822094,0
                83.5224421458661,27.9274195992963,0
                83.5227578921457,27.9286886774324,0
                83.5228600612852,27.9289191577771,0
                83.5229390438375,27.929226255682,0
                83.5229539111042,27.9295331043939,0
                83.5228598537807,27.929914068111,0
                83.522636877047,27.9302923432472,0
                83.5222392957573,27.9308008522658,0
                83.5220418180088,27.9310054559435,0
                83.5216270542851,27.9313221712972,0
                83.5212754685269,27.9316999449542,0
                83.52092588555,27.9319785384357,0
                83.5201807216878,27.932670839592,0
                83.5195263613272,27.9331580969511,0
                83.5191976498298,27.9334593155955,0
                83.5187788834757,27.9339700125582,0
                83.5185594082584,27.934176739768,0
                83.5185150385997,27.9342307355688,0
                83.5177653088207,27.935157639198,0
                83.5173885989225,27.935688773368,0
                83.5170802576752,27.9360464236452,0
                83.5167022335844,27.9366519874808,0
                83.5164811340598,27.9369354592906,0
                83.5162577807294,27.9373341067091,0
                83.5160163072822,27.9375791427987,0
                83.5156033582922,27.9378213643211,0
                83.5153843833927,27.9380100948518,0
                83.5151240420627,27.93813776549,0
                83.5150579853176,27.9382142577436,0
                83.5148841952752,27.9383061218941,0
                83.5148181402909,27.9383826140345,0
                83.5140992258576,27.9388674332553,0
                83.5131457218077,27.9392723824321,0
                83.5129278098332,27.9394228035298,0
                83.5116298507792,27.9398784287284,0
                83.5104226314346,27.9401245761916,0
                83.5099904986791,27.9402516206344,0
                83.5089504419494,27.940692377449,0
                83.5086056119843,27.9407453034715,0
                83.5080909321308,27.9407345476335,0
                83.5075771269558,27.9406694201712,0
                83.5065513932605,27.9404582360058,0
                83.505960663495,27.9402711183359,0
                83.5057635666445,27.9401778743203,0
                83.5055316643702,27.9399807634921,0
                83.5054637991083,27.9398992691627,0
                83.5054643520448,27.9404046613568,0
                83.5053085565963,27.9405823299431,0
                83.5051723127399,27.9412045214832,0
                83.505302665806,27.9414509391102,0
                83.505826834851,27.9419694624091,0
                83.5063788816625,27.942221885218,0
                83.5077278524559,27.9440541783088,0
                83.5085618506353,27.944808496975,0
                83.5095329465454,27.9460753347317,0
                83.5105421751803,27.9466497361986,0
                83.5120370931629,27.9469776672638,0
                83.5121096437731,27.9470839707619,0
                83.5125064333943,27.9487639498639,0
                83.5129726695914,27.9494627684549,0
                83.5132578055884,27.9501044652144,0
                83.513250363676,27.9504248737128,0
                83.5131841827356,27.9505193638327,0
                83.5128870312171,27.9507145916067,0
                83.512497636158,27.9512141032292,0
                83.5121889856084,27.9514115177816,0
                83.5121403019119,27.9515715026004,0
                83.511883396614,27.9517082357209,0
                83.5115247494653,27.9520837590487,0
                83.5113271492333,27.9521687482605,0
                83.5110811147507,27.9524318455255,0
                83.510231719208,27.9528846040489,0
                83.5097229749901,27.9528805341165,0
                83.5083913405234,27.9528712643046,0
                83.507356042739,27.9528517501298,0
                83.5055008473255,27.9531677551479,0
                83.5023672537174,27.9538287722591,0
                83.4998697619642,27.9545078593498,0
                83.4982283459141,27.9550635962681,0
                83.498082926708,27.9551262755411,0
                83.4978753256962,27.9553150682561,0
                83.4976019842918,27.9554877980332,0
                83.4973462668748,27.9555657873495,0
                83.4966642264578,27.9558769353539,0
                83.4964088200909,27.9560316675553,0
                83.4961530400768,27.9561277178526,0
                83.4957695251648,27.9563609406501,0
                83.4955783594184,27.9565520452397,0
                83.4949627407759,27.957244660162,0
                83.4948780612186,27.9573774599526,0
                83.4946444005272,27.9576293081832,0
                83.4939852902627,27.9581863723221,0
                83.4938155583004,27.9584181616097,0
                83.4938159328693,27.9584677192362,0
                83.4938161817101,27.9584925925818,0
                83.4936479458318,27.9589522359574,0
                83.4934572776829,27.959240268739,0
                83.4933102272135,27.9596413556162,0
                83.4932254234543,27.9597764045602,0
                83.4930343833732,27.9599494478618,0
                83.4922887250166,27.9603347146515,0
                83.4920122580555,27.9605660635585,0
                83.4917154148335,27.9609507747515,0
                83.4910568656565,27.9615845823824,0
                83.4909085699764,27.9617758125385,0
                83.4898469403142,27.96288863257,0
                83.4896985807348,27.9631001734407,0
                83.4895732134263,27.9635599422782,0
                83.4894885964186,27.9637130519831,0
                83.4893187404978,27.9639042201823,0
                83.4890843945748,27.9640206434472,0
                83.4890208394938,27.9640971355002,0
                83.4889152862722,27.9643268626246,0
                83.4889167188391,27.964556967185,0
                83.4890689394668,27.9650133025881,0
                83.4891788526551,27.9655461311633,0
                83.4892870832728,27.9657744247051,0
                83.4892240260255,27.9659479084634,0
                83.4890959176683,27.9659677172281,0
                83.4890318017394,27.9659494049189,0
                83.4888608247086,27.9659127180035,0
                83.4885178116154,27.9657602895952,0
                83.4878320976799,27.9654215597807,0
                83.4876603723939,27.9653081297635,0
                83.4872322464875,27.9651215150607,0
                83.4865033523981,27.9647059159318,0
                83.4860957862587,27.9644404336272,0
                83.4859668065214,27.9643091311114,0
                83.4858167033324,27.9642138249422,0
                83.4854726322276,27.963833479711,0
                83.4850438198182,27.9635701845323,0
                83.484893279637,27.9634365063097,0
                83.4843361111226,27.9631162766464,0
                83.4841640114995,27.9629644750867,0
                83.4839057398032,27.9626408758644,0
                83.4838414369215,27.9626045656231,0
                83.4839460548297,27.9622417249881,0
                83.4838767702236,27.9613254947711,0
                83.48376561172,27.9605804977819,0
                83.4835464092484,27.9596659527868,0
                83.4834811094554,27.959437847415,0
                83.4833516312629,27.959209491174,0
                83.4831346094842,27.9586379141297,0
                83.4830328138563,27.9584683026958,0
                83.4827249274405,27.9579550320273,0
                83.4825733914549,27.95762955987,0
                83.4823364927602,27.9572879619075,0
                83.4822282628373,27.9570010487497,0
                83.4819891846471,27.9562578618652,0
                83.4818564673147,27.9554564328697,0
                83.4816591384441,27.9544833301133,0
                83.4815938376306,27.9543139073426,0
                83.4816359597355,27.954198981069,0
                83.4817846305554,27.9540055006263,0
                83.4818696831849,27.9539471949612,0
                83.4820605999369,27.9536794093737,0
                83.4821236575123,27.9535081757338,0
                83.4821009146559,27.9532779464774,0
                83.4819065734574,27.9528779171177,0
                83.4813038580963,27.9520611698832,0
                83.481131137893,27.9517175734706,0
                83.4811278365625,27.9511444997832,0
                83.4812070367373,27.9499987298058,0
                83.4812700323711,27.9497688143911,0
                83.4812678528136,27.949367225687,0
                83.4815647589326,27.948964516542,0
                83.4816065688155,27.9487932201299,0
                83.4817764248376,27.9485998030048,0
                83.4818182964632,27.948484876517,0
                83.481988027954,27.9482554003288,0
                83.4821357653671,27.947910808504,0
                83.4822204437796,27.9477937578931,0
                83.4822196973663,27.9476223363809,0
                83.4823670599588,27.9472213117023,0
                83.4824507425375,27.9469147786149,0
                83.4819753258004,27.9459247987204,0
                83.4815434006676,27.9450680572405,0
                83.4812205775055,27.9446291542447,0
                83.4811340921485,27.9444596683985,0
                83.4807255944602,27.943945958433,0
                83.4804888198727,27.9436044233089,0
                83.4802976532292,27.9438337745162,0
                83.480148920543,27.9440069438524,0
                83.4799788152147,27.9441213684681,0
                83.4796612224658,27.9446593775338,0
                83.4794491212476,27.9449090392463,0
                83.4793646912247,27.9451004582996,0
                83.4791526513531,27.9454064895378,0
                83.4790895934026,27.9455799727275,0
                83.4789620463195,27.9456945850229,0
                83.4784934778057,27.9459838647376,0
                83.4781095896279,27.9461019107144,0
                83.4778541838179,27.9462565797948,0
                83.4774056807247,27.9462775087677,0
                83.4770223532805,27.9464723604691,0
                83.4767670694471,27.9467218330847,0
                83.4765559030081,27.9471248561218,0
                83.4760248996506,27.9477207942098,0
                83.4757479345569,27.9478550278716,0
                83.4752158105271,27.9482207362029,0
                83.4740012747854,27.9487643555333,0
                83.4733623528748,27.9491499364111,0
                83.4731072580911,27.9493632875859,0
                83.4727877971065,27.9495561399018,0
                83.4724688976094,27.949825610683,0
                83.4724046550915,27.9498434206922,0
                83.4718310341305,27.9503826754015,0
                83.4715541923797,27.9505575932776,0
                83.4714055842901,27.9507488229953,0
                83.4711713623511,27.950903556203,0
                83.470831774406,27.9513241994986,0
                83.470811586131,27.9514978090842,0
                83.4707057837798,27.9516891646464,0
                83.4703227665518,27.9520171295327,0
                83.4702588377476,27.9520348765542,0
                83.4702174011147,27.9522648551504,0
                83.4698582470148,27.9530305928869,0
                83.4697521327762,27.9531655163071,0
                83.4696681399582,27.953395306377,0
                83.4696065145148,27.9538553268941,0
                83.4695221458116,27.9540851172002,0
                83.4693736617589,27.9543147189491,0
                83.4690125767157,27.9546991160874,0
                83.4687361101224,27.9549304036429,0
                83.4685442591706,27.9550063937089,0
                83.4680748818148,27.9551241884025,0
                83.4678185414564,27.9551276835913,0
                83.4673052370775,27.9550151236689,0
                83.4663202526534,27.9545827100584,0
                83.4660631024232,27.9544304696306,0
                83.4650351863659,27.9539594965059,0
                83.4644573297527,27.9537925652206,0
                83.4642651676644,27.9537918129237,0
                83.4640088884329,27.9538516781401,0
                83.4636902380144,27.9541392718644,0
                83.463413023263,27.9542578200124,0
                83.4631575543377,27.9544101769009,0
                83.4626456193373,27.9545864028798,0
                83.4622009909304,27.9545891461007,0
                83.4622811032345,27.9547022624045,0
                83.4627697696325,27.9556224359146,0
                83.4628749355955,27.9560064030222,0
                83.4631710687051,27.956752089681,0
                83.4634645071023,27.9579015528197,0
                83.4635480510832,27.9582854567006,0
                83.4635468607789,27.9584682527858,0
                83.463546609564,27.9585133110236,0
                83.4637151392717,27.959050889925,0
                83.4637979297738,27.9595859678007,0
                83.463987392902,27.9601981023588,0
                83.4640514452886,27.9602750345864,0
                83.4641360536339,27.9605055143489,0
                83.4643060881216,27.9608129895177,0
                83.4646244080386,27.9614436871448,0
                83.4646885225877,27.9615206184133,0
                83.4650722112888,27.962038765117,0
                83.4652421823687,27.9623463020366,0
                83.465498266863,27.9626540279374,0
                83.4658814539426,27.9632669788408,0
                83.4659671905507,27.963344035847,0
                83.4660304923881,27.9634977101639,0
                83.4664574250055,27.9640160442442,0
                83.4665424724952,27.9641697818745,0
                83.4668630493592,27.9644575106277,0
                83.4669265380773,27.9646111852508,0
                83.4669907156402,27.9646679315554,0
                83.4673326623654,27.9650324030789,0
                83.4675890608818,27.9652635112459,0
                83.4680803602969,27.9658023456557,0
                83.4684640485976,27.9663204919163,0
                83.4685495362481,27.9663772376893,0
                83.4687844367458,27.9666646527276,0
                83.4690398320057,27.9670491847816,0
                83.4696603622181,27.9676652634825,0
                83.4698445178281,27.9679998604961,0
                83.4701707784358,27.9684500746297,0
                83.4707474388038,27.9690659650745,0
                83.4708279247713,27.9692400137256,0
                83.4708533579977,27.9692942592559,0
                83.4711523099106,27.9696789160699,0
                83.4715796825589,27.9701001967548,0
                83.4725634710169,27.970947760227,0
                83.472605964613,27.9710246292951,0
                83.473012214473,27.9714074760112,0
                83.4733109172412,27.9717921957818,0
                83.47354506616,27.9721766020338,0
                83.4737787141384,27.9725971300083,0
                83.4738642002681,27.9727125577089,0
                83.4743326858622,27.9734408117613,0
                83.4749089707386,27.9740950111905,0
                83.4753580903615,27.9744982943954,0
                83.4756796682867,27.9746710330172,0
                83.4759371953261,27.9747487176833,0
                83.4761309190248,27.9747674692173,0
                83.4765821075557,27.9748097848802,0
                83.4769693062499,27.9748112908297,0
                83.4775491630269,27.974928538869,0
                83.4778280609272,27.9750446578615,0
                83.4781691359994,27.9752602686577,0
                83.478298365478,27.9754683765759,0
                83.4784050356667,27.975619927335,0
                83.4788928859667,27.9766933999758,0
                83.479125655426,27.9773079722679,0
                83.4792531969398,27.9775363291938,0
                83.4793371790814,27.9778435519984,0
                83.4795918851887,27.9783791323063,0
                83.4796340633133,27.9785326815894,0
                83.4800976730911,27.9793692380718,0
                83.4803097007882,27.9796610899353,0
                83.4804173085911,27.9798103910481,0
                83.4805229801669,27.9799032584031,0
                83.4808480515865,27.9804120927206,0
                83.4812119345744,27.9807203207537,0
                83.4816410614906,27.9808550646649,0
                83.4817053646015,27.9808936248334,0
                83.481918830952,27.9811629157782,0
                83.4822771561546,27.9812409773179,0
                83.4827762693209,27.981626387398,0
                83.4830765397136,27.9817425689991,0
                83.483406369181,27.9818025058949,0
                83.483504231317,27.9817960707435,0
                83.4836350876274,27.981859754927,0
                83.4839579819238,27.981840636339,0
                83.4842801252029,27.9819005107255,0
                83.4847313768921,27.9819405765411,0
                83.485053769275,27.9820185747895,0
                83.4852471810129,27.9820192021421,0
                83.4854046607391,27.9819792083484,0
                83.4856922491012,27.9818877840546,0
                83.4858932215179,27.9819088475936,0
                83.4860223925483,27.9818709781306,0
                83.4863025443306,27.9818133619992,0
                83.4864965202607,27.9817012506539,0
                83.4868850341007,27.9815109612167,0
                83.487467022606,27.9813033644035,0
                83.4878773479915,27.9810566430732,0
                83.4880591390105,27.9809084719779,0
                83.4884826530824,27.9804903284565,0
                83.4886069500176,27.9804050879206,0
                83.4888501082132,27.9802390443933,0
                83.4889139756686,27.9801783638183,0
                83.4890986421004,27.9800188807879,0
                83.4892628731674,27.9798773335713,0
                83.4895895218004,27.9795965519918,0
                83.4897168827863,27.9794616285398,0
                83.4904855353892,27.9791711660702,0
                83.4908046229726,27.9789219436897,0
                83.490889800195,27.9788433272929,0
                83.4912950623178,27.9786507885982,0
                83.4914655416986,27.9785544247634,0
                83.4918076846143,27.9784766870674,0
                83.4924053594041,27.9782442798826,0
                83.4930038440461,27.9781066147102,0
                83.493346298438,27.9781033072842,0
                83.4934958416292,27.9780452521098,0
                83.4939238475221,27.9780242606912,0
                83.4943516050255,27.9779265887507,0
                83.4949505878499,27.9778836026171,0
                83.4952927310408,27.9778059265935,0
                83.4958069748019,27.9778213083808,0
                83.4965126318866,27.9777223908991,0
                83.4970256907965,27.97758447398,0
                83.4971961074173,27.9774879231477,0
                83.4973248402213,27.9774636773472,0
                83.4974525119317,27.9774099960117,0
                83.4978700232162,27.977181773523,0
                83.4981416126681,27.9771101589893,0
                83.498485379963,27.9770979156076,0
                83.4988275205903,27.9771600398044,0
                83.5000346747425,27.9769523902347,0
                83.5002947046382,27.976842778759,0
                83.5013824472397,27.9762104154036,0
                83.5015567382855,27.9760983031915,0
                83.502279466654,27.9754601848888,0
                83.5027426654028,27.9748933063265,0
                83.5035980044179,27.9740842056105,0
                83.5036570606728,27.9740189622499,0
                83.5041043851933,27.973519763931,0
                83.5044533428341,27.9732751038739,0
                83.5049742155423,27.9730175103866,0
                83.5053246752708,27.9727164179065,0
                83.5061323290441,27.9721169849752,0
                83.5067236343052,27.9715911669289,0
                83.5068101862961,27.9715553593688,0
                83.5071823929253,27.9712363315706,0
              </coordinates>
            </LinearRing>
          </outerBoundaryIs>
        </Polygon>
      </Placemark>
      <Placemark id="GA_SYANGJA_Kaligandagi.2">
        <ExtendedData>
          <SchemaData schemaUrl="#GA_SYANGJA_Kaligandagi.schema">
            <SimpleData name="ogc_fid">3069</SimpleData>
            <SimpleData name="objectid_1">3070</SimpleData>
            <SimpleData name="dcode">39</SimpleData>
            <SimpleData name="district">SYANGJA</SimpleData>
            <SimpleData name="das">0</SimpleData>
            <SimpleData name="gapa_napa">Kaligandagi</SimpleData>
            <SimpleData name="type_gn">Gaunpalika</SimpleData>
            <SimpleData name="gn_code">8.000000000000000</SimpleData>
            <SimpleData name="new_ward_n">1</SimpleData>
            <SimpleData name="ddgnww">390800.999999999941792</SimpleData>
            <SimpleData name="center">Mirmi</SimpleData>
            <SimpleData name="state_code">4</SimpleData>
            <SimpleData name="ddgn">39008</SimpleData>
            <SimpleData name="area_sqkm">17.435774435500001</SimpleData>
            <SimpleData name="shape_leng">23791.484260500001255</SimpleData>
            <SimpleData name="shape_area">17435774.435499999672174</SimpleData>
            <SimpleData name="Province">GA</SimpleData>
            <SimpleData name="Address">Kaligandagi-1, SYANGJA, GA</SimpleData>
          </SchemaData>
        </ExtendedData>
        <Polygon>
          <outerBoundaryIs>
            <LinearRing>
              <coordinates>
                83.5054637991083,27.9398992691627,0
                83.5051760322943,27.9395530468323,0
                83.5046081198187,27.9390253363965,0
                83.5044411459236,27.9388126643836,0
                83.5042992293404,27.938654301789,0
                83.5040168942953,27.9385945534197,0
                83.5037164381503,27.9383971907963,0
                83.5032571954948,27.9380074689597,0
                83.5029063171967,27.9373677095589,0
                83.502805397302,27.9370786087564,0
                83.5028154688608,27.9366183386678,0
                83.5029063355951,27.9363907980413,0
                83.5033953480504,27.9356344993902,0
                83.5035715775958,27.9354253332167,0
                83.5042720583243,27.9348051498142,0
                83.5049251669104,27.9343968845068,0
                83.5054430374447,27.9342701546066,0
                83.5057682477336,27.9341224226044,0
                83.505986158662,27.9339742526041,0
                83.5062928734011,27.9336911570268,0
                83.5066841364341,27.9334691836529,0
                83.5068787376186,27.9333954434658,0
                83.5070718362766,27.9333983827922,0
                83.5073301768749,27.9333654525743,0
                83.5073954197779,27.9333295823702,0
                83.5076528848349,27.9333328368404,0
                83.5078451707128,27.9333740849822,0
                83.5082160547767,27.9335829465195,0
                83.5082928592149,27.9335178289157,0
                83.5087413585523,27.9336209521049,0
                83.5089993249363,27.9336060818562,0
                83.509193549849,27.9335525899327,0
                83.5093240956059,27.9334763482945,0
                83.5094775795071,27.9333257393332,0
                83.5097014324487,27.9329091565921,0
                83.5096445082488,27.9325637487131,0
                83.5092307029967,27.9318673682155,0
                83.5086259879147,27.9310507445951,0
                83.5082482326794,27.9306614002206,0
                83.50778655323,27.9301926854029,0
                83.5074272946511,27.9299387027453,0
                83.506460129034,27.9290215208417,0
                83.5060596898713,27.9286884195399,0
                83.5058182257823,27.9285093699235,0
                83.5052090593749,27.9283289389439,0
                83.5020509399056,27.9273067951393,0
                83.5011808110408,27.9270509303386,0
                83.5004927769001,27.9271139135186,0
                83.4998929212699,27.927066595966,0
                83.4993718024933,27.9271436441296,0
                83.4989062414781,27.9270291479039,0
                83.4983928126789,27.9269618330037,0
                83.4978760063335,27.9269261403316,0
                83.4976559092558,27.9270246276272,0
                83.4972715844663,27.9270479959446,0
                83.4965034972073,27.9271850959872,0
                83.4964313187287,27.9272074061087,0
                83.4955679310549,27.9274298711733,0
                83.4953714527938,27.9276164143378,0
                83.4953077733122,27.9276590349572,0
                83.4952131600414,27.9277173405424,0
                83.4950278710351,27.9278294518736,0
                83.4945090568012,27.9282269081896,0
                83.4936461020305,27.9286253592466,0
                83.4934085052606,27.9287778413452,0
                83.4925459280044,27.9290995493224,0
                83.4921152962882,27.9291927214468,0
                83.4913860793687,27.9292802649771,0
                83.4909401405098,27.9292470730566,0
                83.4907447299071,27.9292034497969,0
                83.4903755296103,27.9291208885783,0
                83.4901158181103,27.9289755220954,0
                83.4898424809861,27.9288978374203,0
                83.4895463366548,27.928682353236,0
                83.4894690991267,27.9286256690075,0
                83.489246445451,27.9283766885637,0
                83.4887995157402,27.9278786646248,0
                83.4886073582205,27.9276117472595,0
                83.4883405247999,27.9272948974171,0
                83.4880810052897,27.9269194273752,0
                83.4877130025916,27.9263855950831,0
                83.4875963973288,27.9261911102811,0
                83.487435175167,27.925840827558,0
                83.4873820585746,27.9257300864925,0
                83.4869576900317,27.92515544458,0
                83.4868315904522,27.9246969848288,0
                83.4867466673924,27.9245229369802,0
                83.4866828029113,27.9244663154668,0
                83.4863844756006,27.9240432862377,0
                83.4863631053005,27.9239867923391,0
                83.4861071452756,27.9236790032392,0
                83.4857648218798,27.9234092094785,0
                83.4852509593245,27.9231027921967,0
                83.4844042029492,27.9227589353492,0
                83.4840196309077,27.922703309282,0
                83.4837659160679,27.9226617473334,0
                83.483627309678,27.9226860543207,0
                83.4831210634297,27.9227789132958,0
                83.4829370238094,27.9228255942003,0
                83.4826620598172,27.9228878346387,0
                83.4825365754142,27.9229775112257,0
                83.4824823932797,27.9230156944523,0
                83.4820906313503,27.9231450525739,0
                83.4816367463364,27.9235065125357,0
                83.4812916016015,27.9237151131597,0
                83.4810328849472,27.9238292231617,0
                83.480602501827,27.9239403950346,0
                83.4802581732248,27.9239593869862,0
                83.4797151179804,27.9240611207848,0
                83.4788853481247,27.924349018085,0
                83.4781171341197,27.9245762369949,0
                83.4777066866718,27.924696532303,0
                83.4775052744408,27.9247747096278,0
                83.4772380582284,27.9248797574508,0
                83.4769030390909,27.9250228654321,0
                83.4763096131151,27.9252868323568,0
                83.4761389473989,27.9253200758987,0
                83.4760663938287,27.9253513226233,0
                83.4753915417937,27.9256465977386,0
                83.474932973708,27.9258615076964,0
                83.4748654813621,27.9258927550239,0
                83.4744416597741,27.9260829187726,0
                83.4742339363617,27.9261633449586,0
                83.4739053529127,27.9262884535422,0
                83.4738206747155,27.9263263868576,0
                83.4734810297437,27.9265101765635,0
                83.4732598089933,27.9265521701539,0
                83.4731530105477,27.9265721661368,0
                83.4727818710828,27.9266405922195,0
                83.4718340561734,27.9269031790093,0
                83.4710581565918,27.9270715889374,0
                83.4705425975989,27.9271847582659,0
                83.4698530606268,27.9274302875004,0
                83.4695943419012,27.927544336033,0
                83.4695296007138,27.9276005170391,0
                83.4690122909805,27.9278083040833,0
                83.4681494602648,27.928224627797,0
                83.4679121756139,27.9283771100997,0
                83.4674159265928,27.9286233916048,0
                83.4667669367154,27.9292706367963,0
                83.4663988540194,27.9296888422453,0
                83.4659876500448,27.9301272965296,0
                83.465965714493,27.9302038512778,0
                83.4656622468787,27.9305658144182,0
                83.4650560659942,27.9312133083813,0
                83.4650353803613,27.9312289938569,0
                83.4645590619805,27.9316129533865,0
                83.4643217791128,27.9317654347255,0
                83.4642356646869,27.9317831812539,0
                83.4636738574573,27.9321825744618,0
                83.4627456572704,27.9327700691935,0
                83.4620114324691,27.9333018851868,0
                83.461751649966,27.9335490458675,0
                83.4614063800429,27.9337778335315,0
                83.4611687831977,27.9339303152893,0
                83.4603899412598,27.9343582020792,0
                83.4601331015047,27.9343481366174,0
                83.4597599032314,27.9342497029223,0
                83.4595013129724,27.9341967657223,0
                83.4588637144324,27.9340679556447,0
                83.458680739428,27.9340311421034,0
                83.4585848151293,27.9340194554941,0
                83.458073574476,27.9338392133032,0
                83.4575743329373,27.9335981028865,0
                83.4574658495779,27.9335751034509,0
                83.4566129043686,27.9333912314663,0
                83.4564862963338,27.9333681696715,0
                83.4562146454645,27.9333400418038,0
                83.4559207476928,27.9333095405049,0
                83.4557341484381,27.9332907902441,0
                83.4554020073206,27.9332262911916,0
                83.4552141570997,27.9332007271958,0
                83.45496187916,27.9331659141478,0
                83.4545338136192,27.9331077872646,0
                83.4544415128623,27.9330939119588,0
                83.4542736607056,27.9330706621781,0
                83.4540086977206,27.9330335364827,0
                83.4538494063402,27.9330125356426,0
                83.4536711186853,27.9329780371164,0
                83.4534630215025,27.9329389114183,0
                83.4529878991959,27.9328264152888,0
                83.4528578559279,27.9327965401728,0
                83.4525515246964,27.9326577352102,0
                83.4522732532799,27.9324265652986,0
                83.4520810339859,27.9322136436422,0
                83.4520385419289,27.9321187136929,0
                83.4519096854644,27.9320415314591,0
                83.4517172773468,27.9318489831649,0
                83.4511409934301,27.9310976683848,0
                83.4505013481746,27.9301181845683,0
                83.4502250226084,27.9295034227476,0
                83.4496048671525,27.9288872813195,0
                83.4491334372636,27.9285582420196,0
                83.4488114825445,27.9284216242654,0
                83.4487263070514,27.9284438085283,0
                83.4484200958279,27.9285237958527,0
                83.4481651290036,27.9285904745305,0
                83.4479929635283,27.9286100951513,0
                83.4475825125186,27.9288950008917,0
                83.4472158708542,27.9290649791094,0
                83.4468705380571,27.9292914531734,0
                83.4460936345222,27.9297079655566,0
                83.4457476748578,27.929993123246,0
                83.4446902426547,27.9305619301237,0
                83.4443870899068,27.9308652724953,0
                83.4439552661111,27.9311703634735,0
                83.4437817853037,27.9313794662235,0
                83.4435224410077,27.9316085666414,0
                83.4430257507391,27.9319314044809,0
                83.4426804825903,27.9320811986244,0
                83.4419911328796,27.9322679215494,0
                83.4415607535596,27.9322864749119,0
                83.4408713427101,27.9324145778669,0
                83.440440461185,27.9325458722662,0
                83.4401816180243,27.9326801678114,0
                83.4400517582025,27.9327924685598,0
                83.4398781524043,27.9330218825651,0
                83.4397693499896,27.9332515482482,0
                83.4397678438703,27.9334817135451,0
                83.4398728210249,27.9339422992993,0
                83.4399133079848,27.9344005082354,0
                83.4400183482885,27.9347844752816,0
                83.4401888194416,27.9350920118262,0
                83.4402529970934,27.9351509463226,0
                83.4405956333367,27.9354004904136,0
                83.4411097446139,27.9357680895783,0
                83.4417523997826,27.9362693038757,0
                83.4428458035888,27.9368693295072,0
                83.4432313713125,27.937159683482,0
                83.4437030523375,27.9374502895506,0
                83.4439169576468,27.9376430259057,0
                83.4441952909628,27.9378742587609,0
                83.444409070402,27.9381052414342,0
                83.4446877790765,27.9383161643036,0
                83.4447943869625,27.9384519660314,0
                83.4451367726977,27.9387601931783,0
                83.4453058015813,27.9392978348222,0
                83.445307614017,27.9393203952194,0
                83.4453457868374,27.939796602406,0
                83.4452794770183,27.9401008864207,0
                83.4451926109453,27.9402539337393,0
                83.4450191305588,27.9404630990172,0
                83.444673545791,27.9407301948938,0
                83.4443918905782,27.9410336006787,0
                83.4440894892947,27.9412421397512,0
                83.4438945737688,27.9414715536696,0
                83.4430487896829,27.9425962511462,0
                83.4428096258346,27.9430554552646,0
                83.4428084970863,27.943208879491,0
                83.4428267331634,27.9438023254558,0
                83.4428692267941,27.9438791946615,0
                83.4429749559336,27.9441864809244,0
                83.4433803275698,27.9447814329686,0
                83.443808388425,27.9451487184083,0
                83.4440008586759,27.9453412037353,0
                83.4444511686588,27.9455911884375,0
                83.4449660337151,27.9457669926412,0
                83.4451589435273,27.9458625498235,0
                83.4459320871587,27.9460010488019,0
                83.4470049989979,27.946350533652,0
                83.4473903184505,27.9465822060063,0
                83.4477119602029,27.9467165744003,0
                83.4480541593956,27.9469864295667,0
                83.4483105574583,27.9472176004763,0
                83.448631822647,27.9474287112091,0
                83.4489374662817,27.9475923882728,0
                83.4497887812044,27.9480469857825,0
                83.4502524041683,27.94818423046,0
                83.4505691725063,27.9482779761471,0
                83.4508605689525,27.948371659611,0
                83.4510791012686,27.9484244083892,0
                83.4515915306143,27.9485144709802,0
                83.4517940025912,27.9485513455629,0
                83.4523424238923,27.9488039559595,0
                83.4525144636321,27.9488249570886,0
                83.4532869174856,27.9490581350294,0
                83.4536737401361,27.9491160737404,0
                83.4540599987843,27.9492326935313,0
                83.4544098257894,27.9492543846284,0
                83.4547873351752,27.9494002521572,0
                83.4551254764678,27.949478312613,0
                83.4551905299586,27.9494921880315,0
                83.4558195021426,27.9497766088111,0
                83.456214318066,27.9500827750666,0
                83.4564399102887,27.9502573250521,0
                83.4571877332263,27.9509687095257,0
                83.4577653346346,27.9514312390693,0
                83.4582794464763,27.9517581545493,0
                83.4587888122918,27.9519587067155,0
                83.4589528513253,27.9520518263492,0
                83.4594191572581,27.9523424319123,0
                83.4595793849225,27.9524039916622,0
                83.4600150092131,27.9526651614391,0
                83.4607645232365,27.9531847512942,0
                83.4614914760285,27.9538193299352,0
                83.4621319398968,27.9544919037204,0
                83.4622009909304,27.9545891461007,0
                83.4626456193373,27.9545864028798,0
                83.4631575543377,27.9544101769009,0
                83.463413023263,27.9542578200124,0
                83.4636902380144,27.9541392718644,0
                83.4640088884329,27.9538516781401,0
                83.4642651676644,27.9537918129237,0
                83.4644573297527,27.9537925652206,0
                83.4650351863659,27.9539594965059,0
                83.4660631024232,27.9544304696306,0
                83.4663202526534,27.9545827100584,0
                83.4673052370775,27.9550151236689,0
                83.4678185414564,27.9551276835913,0
                83.4680748818148,27.9551241884025,0
                83.4685442591706,27.9550063937089,0
                83.4687361101224,27.9549304036429,0
                83.4690125767157,27.9546991160874,0
                83.4693736617589,27.9543147189491,0
                83.4695221458116,27.9540851172002,0
                83.4696065145148,27.9538553268941,0
                83.4696681399582,27.953395306377,0
                83.4697521327762,27.9531655163071,0
                83.4698582470148,27.9530305928869,0
                83.4702174011147,27.9522648551504,0
                83.4702588377476,27.9520348765542,0
                83.4703227665518,27.9520171295327,0
                83.4707057837798,27.9516891646464,0
                83.470811586131,27.9514978090842,0
                83.470831774406,27.9513241994986,0
                83.4711713623511,27.950903556203,0
                83.4714055842901,27.9507488229953,0
                83.4715541923797,27.9505575932776,0
                83.4718310341305,27.9503826754015,0
                83.4724046550915,27.9498434206922,0
                83.4724688976094,27.949825610683,0
                83.4727877971065,27.9495561399018,0
                83.4731072580911,27.9493632875859,0
                83.4733623528748,27.9491499364111,0
                83.4740012747854,27.9487643555333,0
                83.4752158105271,27.9482207362029,0
                83.4757479345569,27.9478550278716,0
                83.4760248996506,27.9477207942098,0
                83.4765559030081,27.9471248561218,0
                83.4767670694471,27.9467218330847,0
                83.4770223532805,27.9464723604691,0
                83.4774056807247,27.9462775087677,0
                83.4778541838179,27.9462565797948,0
                83.4781095896279,27.9461019107144,0
                83.4784934778057,27.9459838647376,0
                83.4789620463195,27.9456945850229,0
                83.4790895934026,27.9455799727275,0
                83.4791526513531,27.9454064895378,0
                83.4793646912247,27.9451004582996,0
                83.4794491212476,27.9449090392463,0
                83.4796612224658,27.9446593775338,0
                83.4799788152147,27.9441213684681,0
                83.480148920543,27.9440069438524,0
                83.4802976532292,27.9438337745162,0
                83.4804888198727,27.9436044233089,0
                83.4807255944602,27.943945958433,0
                83.4811340921485,27.9444596683985,0
                83.4812205775055,27.9446291542447,0
                83.4815434006676,27.9450680572405,0
                83.4819753258004,27.9459247987204,0
                83.4824507425375,27.9469147786149,0
                83.4823670599588,27.9472213117023,0
                83.4822196973663,27.9476223363809,0
                83.4822204437796,27.9477937578931,0
                83.4821357653671,27.947910808504,0
                83.481988027954,27.9482554003288,0
                83.4818182964632,27.948484876517,0
                83.4817764248376,27.9485998030048,0
                83.4816065688155,27.9487932201299,0
                83.4815647589326,27.948964516542,0
                83.4812678528136,27.949367225687,0
                83.4812700323711,27.9497688143911,0
                83.4812070367373,27.9499987298058,0
                83.4811278365625,27.9511444997832,0
                83.481131137893,27.9517175734706,0
                83.4813038580963,27.9520611698832,0
                83.4819065734574,27.9528779171177,0
                83.4821009146559,27.9532779464774,0
                83.4821236575123,27.9535081757338,0
                83.4820605999369,27.9536794093737,0
                83.4818696831849,27.9539471949612,0
                83.4817846305554,27.9540055006263,0
                83.4816359597355,27.954198981069,0
                83.4815938376306,27.9543139073426,0
                83.4816591384441,27.9544833301133,0
                83.4818564673147,27.9554564328697,0
                83.4819891846471,27.9562578618652,0
                83.4822282628373,27.9570010487497,0
                83.4823364927602,27.9572879619075,0
                83.4825733914549,27.95762955987,0
                83.4827249274405,27.9579550320273,0
                83.4830328138563,27.9584683026958,0
                83.4831346094842,27.9586379141297,0
                83.4833516312629,27.959209491174,0
                83.4834811094554,27.959437847415,0
                83.4835464092484,27.9596659527868,0
                83.48376561172,27.9605804977819,0
                83.4838767702236,27.9613254947711,0
                83.4839460548297,27.9622417249881,0
                83.4838414369215,27.9626045656231,0
                83.4839057398032,27.9626408758644,0
                83.4841640114995,27.9629644750867,0
                83.4843361111226,27.9631162766464,0
                83.484893279637,27.9634365063097,0
                83.4850438198182,27.9635701845323,0
                83.4854726322276,27.963833479711,0
                83.4858167033324,27.9642138249422,0
                83.4859668065214,27.9643091311114,0
                83.4860957862587,27.9644404336272,0
                83.4865033523981,27.9647059159318,0
                83.4872322464875,27.9651215150607,0
                83.4876603723939,27.9653081297635,0
                83.4878320976799,27.9654215597807,0
                83.4885178116154,27.9657602895952,0
                83.4888608247086,27.9659127180035,0
                83.4890318017394,27.9659494049189,0
                83.4890959176683,27.9659677172281,0
                83.4892240260255,27.9659479084634,0
                83.4892870832728,27.9657744247051,0
                83.4891788526551,27.9655461311633,0
                83.4890689394668,27.9650133025881,0
                83.4889167188391,27.964556967185,0
                83.4889152862722,27.9643268626246,0
                83.4890208394938,27.9640971355002,0
                83.4890843945748,27.9640206434472,0
                83.4893187404978,27.9639042201823,0
                83.4894885964186,27.9637130519831,0
                83.4895732134263,27.9635599422782,0
                83.4896985807348,27.9631001734407,0
                83.4898469403142,27.96288863257,0
                83.4909085699764,27.9617758125385,0
                83.4910568656565,27.9615845823824,0
                83.4917154148335,27.9609507747515,0
                83.4920122580555,27.9605660635585,0
                83.4922887250166,27.9603347146515,0
                83.4930343833732,27.9599494478618,0
                83.4932254234543,27.9597764045602,0
                83.4933102272135,27.9596413556162,0
                83.4934572776829,27.959240268739,0
                83.4936479458318,27.9589522359574,0
                83.4938161817101,27.9584925925818,0
                83.4938159328693,27.9584677192362,0
                83.4938155583004,27.9584181616097,0
                83.4939852902627,27.9581863723221,0
                83.4946444005272,27.9576293081832,0
                83.4948780612186,27.9573774599526,0
                83.4949627407759,27.957244660162,0
                83.4955783594184,27.9565520452397,0
                83.4957695251648,27.9563609406501,0
                83.4961530400768,27.9561277178526,0
                83.4964088200909,27.9560316675553,0
                83.4966642264578,27.9558769353539,0
                83.4973462668748,27.9555657873495,0
                83.4976019842918,27.9554877980332,0
                83.4978753256962,27.9553150682561,0
                83.498082926708,27.9551262755411,0
                83.4982283459141,27.9550635962681,0
                83.4998697619642,27.9545078593498,0
                83.5023672537174,27.9538287722591,0
                83.5055008473255,27.9531677551479,0
                83.507356042739,27.9528517501298,0
                83.5083913405234,27.9528712643046,0
                83.5097229749901,27.9528805341165,0
                83.510231719208,27.9528846040489,0
                83.5110811147507,27.9524318455255,0
                83.5113271492333,27.9521687482605,0
                83.5115247494653,27.9520837590487,0
                83.511883396614,27.9517082357209,0
                83.5121403019119,27.9515715026004,0
                83.5121889856084,27.9514115177816,0
                83.512497636158,27.9512141032292,0
                83.5128870312171,27.9507145916067,0
                83.5131841827356,27.9505193638327,0
                83.513250363676,27.9504248737128,0
                83.5132578055884,27.9501044652144,0
                83.5129726695914,27.9494627684549,0
                83.5125064333943,27.9487639498639,0
                83.5121096437731,27.9470839707619,0
                83.5120370931629,27.9469776672638,0
                83.5105421751803,27.9466497361986,0
                83.5095329465454,27.9460753347317,0
                83.5085618506353,27.944808496975,0
                83.5077278524559,27.9440541783088,0
                83.5063788816625,27.942221885218,0
                83.505826834851,27.9419694624091,0
                83.505302665806,27.9414509391102,0
                83.5051723127399,27.9412045214832,0
                83.5053085565963,27.9405823299431,0
                83.5054643520448,27.9404046613568,0
                83.5054637991083,27.9398992691627,0
              </coordinates>
            </LinearRing>
          </outerBoundaryIs>
        </Polygon>
      </Placemark>
      <Placemark id="GA_SYANGJA_Kaligandagi.3">
        <ExtendedData>
          <SchemaData schemaUrl="#GA_SYANGJA_Kaligandagi.schema">
            <SimpleData name="ogc_fid">3070</SimpleData>
            <SimpleData name="objectid_1">3071</SimpleData>
            <SimpleData name="dcode">39</SimpleData>
            <SimpleData name="district">SYANGJA</SimpleData>
            <SimpleData name="das">0</SimpleData>
            <SimpleData name="gapa_napa">Kaligandagi</SimpleData>
            <SimpleData name="type_gn">Gaunpalika</SimpleData>
            <SimpleData name="gn_code">8.000000000000000</SimpleData>
            <SimpleData name="new_ward_n">3</SimpleData>
            <SimpleData name="ddgnww">390803.000000000058208</SimpleData>
            <SimpleData name="center">Mirmi</SimpleData>
            <SimpleData name="state_code">4</SimpleData>
            <SimpleData name="ddgn">39008</SimpleData>
            <SimpleData name="area_sqkm">8.942878356040000</SimpleData>
            <SimpleData name="shape_leng">18427.846741299999849</SimpleData>
            <SimpleData name="shape_area">8942878.356040000915527</SimpleData>
            <SimpleData name="Province">GA</SimpleData>
            <SimpleData name="Address">Kaligandagi-3, SYANGJA, GA</SimpleData>
          </SchemaData>
        </ExtendedData>
        <Polygon>
          <outerBoundaryIs>
            <LinearRing>
              <coordinates>
                83.5317867146865,27.9653412461246,0
                83.5322920289213,27.9649819736904,0
                83.5331894175543,27.9645225292916,0
                83.5333372780439,27.964270366669,0
                83.5332580563178,27.9633383248142,0
                83.5333210603649,27.9627203196461,0
                83.5335343577496,27.9620148870916,0
                83.5336870274724,27.9618845262699,0
                83.5338327049948,27.961402196716,0
                83.5338390856519,27.9610999119578,0
                83.534013377627,27.9609651766919,0
                83.5343137205242,27.9605487817365,0
                83.5344662642716,27.9604612924061,0
                83.534694618987,27.9599476546703,0
                83.5350627608739,27.9597120563241,0
                83.5353467246115,27.9596317557319,0
                83.5357114323264,27.9593171649246,0
                83.5362201178601,27.9591270653787,0
                83.5366655022972,27.9588014144198,0
                83.5373272946625,27.9584675797204,0
                83.5377999241611,27.9582276711671,0
                83.5381979359247,27.9580778787137,0
                83.5391511844998,27.9580472083849,0
                83.5395361940179,27.9581071465702,0
                83.5408353287441,27.9583100230352,0
                83.5413463200503,27.9584673919963,0
                83.5416543386412,27.9585609503111,0
                83.5418163817771,27.9584667114521,0
                83.5422580149277,27.958208741724,0
                83.5425560426335,27.9579525196872,0
                83.5428088304635,27.9575020640558,0
                83.5429132608458,27.9571505350563,0
                83.5430118120357,27.9570471089678,0
                83.5434031981514,27.9570258041455,0
                83.5449887254351,27.9575521562728,0
                83.5463076670373,27.9578633979657,0
                83.5472944741417,27.957792232737,0
                83.547500447407,27.9577500525147,0
                83.5483402805563,27.95736247518,0
                83.5486878011007,27.9571245017228,0
                83.5492403636429,27.956526127862,0
                83.5504068386752,27.9562389212966,0
                83.5493795582366,27.9551977498117,0
                83.5489564381086,27.9546819773443,0
                83.5488500155959,27.9546139191902,0
                83.5478691528523,27.9543399914175,0
                83.5473855935026,27.9542954254945,0
                83.5472600497935,27.9541778099161,0
                83.547303108878,27.9540538215923,0
                83.5477254959333,27.9537506677055,0
                83.5479829622242,27.9536996141585,0
                83.549001709923,27.9532629819621,0
                83.5496615059388,27.9527755990934,0
                83.5497467470224,27.9526676094998,0
                83.5501271379346,27.9524499482873,0
                83.5502278772029,27.9522788398778,0
                83.5501168407016,27.9517234508105,0
                83.5499784295878,27.9513259225671,0
                83.5495874328274,27.9506477905343,0
                83.5494848306227,27.9501917048792,0
                83.5496189442987,27.9498559871903,0
                83.5497350034719,27.949222483891,0
                83.5497765967388,27.9473860260242,0
                83.5497213642421,27.9468421373939,0
                83.5494401041549,27.9461282598683,0
                83.548921309664,27.9455534915678,0
                83.5489426818101,27.9455423052569,0
                83.5497488318938,27.9451117317569,0
                83.5503397017232,27.9445360430712,0
                83.5514840114514,27.9432786750111,0
                83.5520914456232,27.9424548839602,0
                83.5529420344094,27.9417244005455,0
                83.553491904473,27.9413720039222,0
                83.553579517772,27.9413722546257,0
                83.5541864414181,27.9411329113411,0
                83.5548647983159,27.9406477152249,0
                83.5555642182792,27.9399190420647,0
                83.5558688784439,27.9392589192029,0
                83.5565218677354,27.9385368072228,0
                83.5566512888033,27.9384920632116,0
                83.557370630749,27.9384673262684,0
                83.5581814577812,27.9385218342459,0
                83.5585352215239,27.9386086446029,0
                83.5587903135929,27.9385734018104,0
                83.5591485119474,27.9387279560535,0
                83.5595322719535,27.9387810818059,0
                83.5595735786212,27.9388398899224,0
                83.5595705137106,27.9389842516758,0
                83.5588111616379,27.9397737307841,0
                83.5587312291226,27.9400667651804,0
                83.5587555945626,27.940409796918,0
                83.5590078049151,27.9406948374735,0
                83.5598175655119,27.9410155087146,0
                83.5599757898196,27.9412371787747,0
                83.5600157170791,27.9414809698424,0
                83.5597601172564,27.9419516732,0
                83.5597543004783,27.9422043372018,0
                83.5598370986983,27.9423783231248,0
                83.5601377389529,27.9427154844032,0
                83.5605101245175,27.9428339794702,0
                83.5608520174234,27.9427921765949,0
                83.5615051213281,27.9425844549029,0
                83.5620916659589,27.9426540204184,0
                83.5638604776718,27.9433771073954,0
                83.5646136740822,27.9441804212333,0
                83.565578518735,27.9455168152893,0
                83.5660830665683,27.9460102780657,0
                83.5665330665719,27.9460861537719,0
                83.5669579487319,27.9460287905496,0
                83.5678793860571,27.9461377326495,0
                83.5682615824009,27.9462585398167,0
                83.5686441513431,27.9465259593938,0
                83.5694911576629,27.9467587011662,0
                83.5702715558547,27.9466596598227,0
                83.5700551696092,27.9454812629071,0
                83.5703095009874,27.9428378190434,0
                83.5697370776652,27.9428135006323,0
                83.5692927054441,27.9425188323193,0
                83.5689765028385,27.942244789759,0
                83.5683407915065,27.9414441645415,0
                83.567515486149,27.9403247541739,0
                83.5673435163237,27.9399790327662,0
                83.5671763684501,27.9391144201314,0
                83.5671408808661,27.9387691382047,0
                83.5671761496804,27.9375621859444,0
                83.5670948607523,27.9369279299719,0
                83.5670590595685,27.9365893973259,0
                83.5667837299306,27.9361260593717,0
                83.5665259595817,27.9356942827605,0
                83.5663654867732,27.9354049944173,0
                83.5662966229138,27.9353235635031,0
                83.5662040126025,27.935215009265,0
                83.5661069027309,27.9351131406394,0
                83.5658303198529,27.9348640964103,0
                83.5656303493108,27.9347032956471,0
                83.5655132414818,27.9346104278172,0
                83.5652580905977,27.9344900594308,0
                83.5644910110206,27.9342258847927,0
                83.5641481825142,27.934202255857,0
                83.5638894661795,27.9342533091941,0
                83.5637161122262,27.9343272381904,0
                83.5635442599316,27.934342483949,0
                83.5631160057743,27.9342959823059,0
                83.5626844375172,27.9344029020806,0
                83.5625134602923,27.9343617790709,0
                83.561910727708,27.9344455748365,0
                83.5614787210131,27.9345705566357,0
                83.5607856199382,27.9348638938301,0
                83.5603558634722,27.9348941346808,0
                83.5599269846976,27.934865692847,0
                83.5597562580512,27.9348245067553,0
                83.5592669555064,27.934513777518,0
                83.5589767479795,27.9343301638154,0
                83.5585844307914,27.9339905012813,0
                83.5578107981347,27.9333201750216,0
                83.5575446503314,27.9331050026024,0
                83.5573561776234,27.9329825741046,0
                83.5567883247004,27.9326129725527,0
                83.556039371753,27.9321186933584,0
                83.5558422127448,27.931962455785,0
                83.5552643615241,27.9315025500551,0
                83.5551411309696,27.9314051829124,0
                83.5547518762662,27.9310948294354,0
                83.5544587944951,27.9308614715154,0
                83.5538878169713,27.9304061902226,0
                83.5537400267712,27.9302883241562,0
                83.5534605690001,27.9300663404346,0
                83.5531104958875,27.9298012340914,0
                83.5526813724179,27.9295155648251,0
                83.5493792747018,27.9283383713596,0
                83.5492093614871,27.9282588755071,0
                83.5488669705261,27.9282126243018,0
                83.5483547914004,27.9280688166643,0
                83.5481833767729,27.9280660028221,0
                83.5480964501375,27.9281040594767,0
                83.5478149234092,27.9282317303551,0
                83.5475975112583,27.9283618403348,0
                83.5472480523948,27.9286404973468,0
                83.5470715730538,27.9288474770354,0
                83.5469190284011,27.9289597771349,0
                83.5467456759582,27.9290336414858,0
                83.5464877725608,27.9290463239508,0
                83.5461430044958,27.9291173758683,0
                83.5457993630165,27.9291298060651,0
                83.5454542195932,27.9291986069909,0
                83.5451106415333,27.9292132873077,0
                83.5434865530755,27.9288198603962,0
                83.5431709115246,27.9286021878416,0
                83.5429145717085,27.928540439504,0
                83.5425067533502,27.9284961880323,0
                83.5419761418769,27.9282733241406,0
                83.5418051640895,27.928232200797,0
                83.5412103756507,27.9279527168456,0
                83.5406132713888,27.9277679743608,0
                83.5395368527685,27.9277011509958,0
                83.5393273190338,27.9276868990207,0
                83.5386405353737,27.9276936374241,0
                83.5383818190355,27.9277446925527,0
                83.5381219776933,27.9278543029875,0
                83.5378172651977,27.9280405939802,0
                83.5374862373671,27.9284546131722,0
                83.5369821712996,27.9289424990234,0
                83.5368716823683,27.9290932963493,0
                83.5365579003211,27.9296991740165,0
                83.536442283033,27.9300778259454,0
                83.5364372165301,27.9303079300404,0
                83.536224351965,27.9312209060036,0
                83.5362373442316,27.93160449666,0
                83.536296705274,27.931834851029,0
                83.5363693093081,27.9324487968131,0
                83.5364483551665,27.9327558332377,0
                83.5366924349469,27.9333725939676,0
                83.5367882865219,27.9339099214531,0
                83.5369301365482,27.9342938884356,0
                83.5370834119587,27.9351382529932,0
                83.5371163971602,27.9355985859956,0
                83.5370601434476,27.9362075297016,0
                83.5366983622509,27.9370433863043,0
                83.5365433792571,27.937268487847,0
                83.536215105661,27.9375493947227,0
                83.5358022171365,27.9377893039707,0
                83.5354078891691,27.9381467662308,0
                83.5352344105831,27.9382386924692,0
                83.5346289876306,27.9384374784069,0
                83.534111554422,27.9385417726526,0
                83.5337647859578,27.9386871920607,0
                83.5328144691036,27.9389569656889,0
                83.5327571640824,27.938988398709,0
                83.532723335541,27.940044114581,0
                83.5325994286732,27.9425074522877,0
                83.5329133469417,27.944545772128,0
                83.5330112661051,27.9448078126297,0
                83.5329190758979,27.9455633058753,0
                83.5329501838173,27.9462334949374,0
                83.5331285937576,27.9464010451852,0
                83.5343331244311,27.9461930830438,0
                83.5350455282446,27.9462339029622,0
                83.5334926683672,27.9465128535337,0
                83.5330834689119,27.9466987049199,0
                83.5306225997056,27.9472882389975,0
                83.5288780029181,27.9481960047817,0
                83.5281927651859,27.9490464166993,0
                83.5280625936322,27.9491317821501,0
                83.5278102513186,27.9491557135586,0
                83.5271454541887,27.9497603355252,0
                83.5262916807016,27.9503710796097,0
                83.5253423536306,27.9512567976145,0
                83.5244580735173,27.9524358648417,0
                83.523891514497,27.9529437473607,0
                83.5227956993176,27.9541853677559,0
                83.5223443777723,27.9545380791741,0
                83.5217918213686,27.954824919314,0
                83.5209537417998,27.9550272634261,0
                83.5205146155219,27.9549310147754,0
                83.5200965450362,27.9549611932524,0
                83.5195038664246,27.955396769947,0
                83.5188923198364,27.9555728690011,0
                83.5194671509914,27.9570729300922,0
                83.520229958485,27.9584676275187,0
                83.5204256126051,27.9588270359769,0
                83.5215265644646,27.9601732429377,0
                83.5223796128447,27.9614170812593,0
                83.5226048849715,27.9619796582047,0
                83.5227626570712,27.9629368242896,0
                83.5227451433415,27.9637376886148,0
                83.5227745092335,27.9639994779903,0
                83.523413227965,27.9644326365631,0
                83.5238379175253,27.9646506852019,0
                83.5242810381118,27.9650041603998,0
                83.5251000425481,27.9655529987159,0
                83.5258680553041,27.9660655259471,0
                83.5261220805778,27.9662243282076,0
                83.5264197252566,27.9663629451848,0
                83.5266545056169,27.9664246937537,0
                83.5268647896701,27.9664276342655,0
                83.527451275307,27.9663236520815,0
                83.5277977942402,27.9661759208258,0
                83.5280373281102,27.9660278136699,0
                83.528828301201,27.9651980258837,0
                83.5289176047163,27.9650449156875,0
                83.5290493390133,27.9649145543632,0
                83.5292015707459,27.9648203159958,0
                83.5295835217649,27.9647110185783,0
                83.5309213425202,27.9647178513933,0
                83.5314305812264,27.9649948342326,0
                83.5317463462531,27.9652869381706,0
                83.5317867146865,27.9653412461246,0
              </coordinates>
            </LinearRing>
          </outerBoundaryIs>
        </Polygon>
      </Placemark>
      <Placemark id="GA_SYANGJA_Kaligandagi.4">
        <ExtendedData>
          <SchemaData schemaUrl="#GA_SYANGJA_Kaligandagi.schema">
            <SimpleData name="ogc_fid">3071</SimpleData>
            <SimpleData name="objectid_1">3072</SimpleData>
            <SimpleData name="dcode">39</SimpleData>
            <SimpleData name="district">SYANGJA</SimpleData>
            <SimpleData name="das">0</SimpleData>
            <SimpleData name="gapa_napa">Kaligandagi</SimpleData>
            <SimpleData name="type_gn">Gaunpalika</SimpleData>
            <SimpleData name="gn_code">8.000000000000000</SimpleData>
            <SimpleData name="new_ward_n">4</SimpleData>
            <SimpleData name="ddgnww">390804.000000000000000</SimpleData>
            <SimpleData name="center">Mirmi</SimpleData>
            <SimpleData name="state_code">4</SimpleData>
            <SimpleData name="ddgn">39008</SimpleData>
            <SimpleData name="area_sqkm">10.809708135799999</SimpleData>
            <SimpleData name="shape_leng">16376.415499599999748</SimpleData>
            <SimpleData name="shape_area">10809708.135800000280142</SimpleData>
            <SimpleData name="Province">GA</SimpleData>
            <SimpleData name="Address">Kaligandagi-4, SYANGJA, GA</SimpleData>
          </SchemaData>
        </ExtendedData>
        <Polygon>
          <outerBoundaryIs>
            <LinearRing>
              <coordinates>
                83.574932185608,27.9750698452673,0
                83.5745994339689,27.974204731568,0
                83.5744254002631,27.9739628130709,0
                83.5743552316653,27.9734594823831,0
                83.5744847812581,27.9732387547818,0
                83.5749368489133,27.9730596532199,0
                83.5753093045003,27.9727946200184,0
                83.575568083886,27.9727231933387,0
                83.5760889595423,27.9723322369593,0
                83.5765139741714,27.9718462249199,0
                83.57672951504,27.9714813859814,0
                83.5771863504437,27.9704133647465,0
                83.5775838267675,27.9689165070197,0
                83.5775585361015,27.9679801540262,0
                83.5775546644542,27.9678334796625,0
                83.5776036043091,27.9673508362966,0
                83.5786208781236,27.9655783880028,0
                83.5790740145455,27.9651172492588,0
                83.5797048919068,27.9638716220192,0
                83.5796963997198,27.9635240279006,0
                83.5796415989829,27.9632982348508,0
                83.5792266042815,27.9627058454351,0
                83.5787546208252,27.9618854742939,0
                83.5785303441137,27.9615757488217,0
                83.5782495730595,27.9614056348708,0
                83.5777791997645,27.9613161986277,0
                83.5772457690335,27.9614273048638,0
                83.5769728066454,27.9613814299417,0
                83.5743924880204,27.9601641881435,0
                83.5739889194927,27.96005012894,0
                83.5726094744125,27.9603120214727,0
                83.5722869513158,27.9605095615653,0
                83.5719939878737,27.9606147344382,0
                83.5717622089626,27.9605079279646,0
                83.5709089610869,27.9598171650989,0
                83.570703680761,27.9596021817893,0
                83.5705558312665,27.9593265166786,0
                83.570508343268,27.9590397918838,0
                83.5705097276648,27.9585457116114,0
                83.5706538967522,27.9584694707329,0
                83.5708400615256,27.9583685449264,0
                83.5709049958056,27.9580934460119,0
                83.5709254489342,27.9571865912102,0
                83.5708547276999,27.9561891179909,0
                83.5710904482741,27.9528778587367,0
                83.5707048339787,27.9517711409938,0
                83.5707237236826,27.9509229050168,0
                83.5708313482148,27.9502147840033,0
                83.5707619266312,27.9498648772377,0
                83.5703479979226,27.9490875036511,0
                83.5702316485533,27.948550174929,0
                83.5702611711595,27.947192048321,0
                83.5702715558547,27.9466596598227,0
                83.5694911576629,27.9467587011662,0
                83.5686441513431,27.9465259593938,0
                83.5682615824009,27.9462585398167,0
                83.5678793860571,27.9461377326495,0
                83.5669579487319,27.9460287905496,0
                83.5665330665719,27.9460861537719,0
                83.5660830665683,27.9460102780657,0
                83.565578518735,27.9455168152893,0
                83.5646136740822,27.9441804212333,0
                83.5638604776718,27.9433771073954,0
                83.5620916659589,27.9426540204184,0
                83.5615051213281,27.9425844549029,0
                83.5608520174234,27.9427921765949,0
                83.5605101245175,27.9428339794702,0
                83.5601377389529,27.9427154844032,0
                83.5598370986983,27.9423783231248,0
                83.5597543004783,27.9422043372018,0
                83.5597601172564,27.9419516732,0
                83.5600157170791,27.9414809698424,0
                83.5599757898196,27.9412371787747,0
                83.5598175655119,27.9410155087146,0
                83.5590078049151,27.9406948374735,0
                83.5587555945626,27.940409796918,0
                83.5587312291226,27.9400667651804,0
                83.5588111616379,27.9397737307841,0
                83.5595705137106,27.9389842516758,0
                83.5595735786212,27.9388398899224,0
                83.5595322719535,27.9387810818059,0
                83.5591485119474,27.9387279560535,0
                83.5587903135929,27.9385734018104,0
                83.5585352215239,27.9386086446029,0
                83.5581814577812,27.9385218342459,0
                83.557370630749,27.9384673262684,0
                83.5566512888033,27.9384920632116,0
                83.5565218677354,27.9385368072228,0
                83.5558688784439,27.9392589192029,0
                83.5555642182792,27.9399190420647,0
                83.5548647983159,27.9406477152249,0
                83.5541864414181,27.9411329113411,0
                83.553579517772,27.9413722546257,0
                83.553491904473,27.9413720039222,0
                83.5529420344094,27.9417244005455,0
                83.5520914456232,27.9424548839602,0
                83.5514840114514,27.9432786750111,0
                83.5503397017232,27.9445360430712,0
                83.5497488318938,27.9451117317569,0
                83.5489426818101,27.9455423052569,0
                83.548921309664,27.9455534915678,0
                83.5494401041549,27.9461282598683,0
                83.5497213642421,27.9468421373939,0
                83.5497765967388,27.9473860260242,0
                83.5497350034719,27.949222483891,0
                83.5496189442987,27.9498559871903,0
                83.5494848306227,27.9501917048792,0
                83.5495874328274,27.9506477905343,0
                83.5499784295878,27.9513259225671,0
                83.5501168407016,27.9517234508105,0
                83.5502278772029,27.9522788398778,0
                83.5501271379346,27.9524499482873,0
                83.5497467470224,27.9526676094998,0
                83.5496615059388,27.9527755990934,0
                83.549001709923,27.9532629819621,0
                83.5479829622242,27.9536996141585,0
                83.5477254959333,27.9537506677055,0
                83.547303108878,27.9540538215923,0
                83.5472600497935,27.9541778099161,0
                83.5473855935026,27.9542954254945,0
                83.5478691528523,27.9543399914175,0
                83.5488500155959,27.9546139191902,0
                83.5489564381086,27.9546819773443,0
                83.5493795582366,27.9551977498117,0
                83.5504068386752,27.9562389212966,0
                83.5492403636429,27.956526127862,0
                83.5486878011007,27.9571245017228,0
                83.5483402805563,27.95736247518,0
                83.547500447407,27.9577500525147,0
                83.5472944741417,27.957792232737,0
                83.5463076670373,27.9578633979657,0
                83.5449887254351,27.9575521562728,0
                83.5434031981514,27.9570258041455,0
                83.5430118120357,27.9570471089678,0
                83.5429132608458,27.9571505350563,0
                83.5428088304635,27.9575020640558,0
                83.5425560426335,27.9579525196872,0
                83.5422580149277,27.958208741724,0
                83.5418163817771,27.9584667114521,0
                83.5416543386412,27.9585609503111,0
                83.5413463200503,27.9584673919963,0
                83.5408353287441,27.9583100230352,0
                83.5395361940179,27.9581071465702,0
                83.5391511844998,27.9580472083849,0
                83.5381979359247,27.9580778787137,0
                83.5377999241611,27.9582276711671,0
                83.5373272946625,27.9584675797204,0
                83.5366655022972,27.9588014144198,0
                83.5362201178601,27.9591270653787,0
                83.5357114323264,27.9593171649246,0
                83.5353467246115,27.9596317557319,0
                83.5350627608739,27.9597120563241,0
                83.534694618987,27.9599476546703,0
                83.5344662642716,27.9604612924061,0
                83.5343137205242,27.9605487817365,0
                83.534013377627,27.9609651766919,0
                83.5338390856519,27.9610999119578,0
                83.5338327049948,27.961402196716,0
                83.5336870274724,27.9618845262699,0
                83.5335343577496,27.9620148870916,0
                83.5333210603649,27.9627203196461,0
                83.5332580563178,27.9633383248142,0
                83.5333372780439,27.964270366669,0
                83.5331894175543,27.9645225292916,0
                83.5322920289213,27.9649819736904,0
                83.5317867146865,27.9653412461246,0
                83.5321847134592,27.9658682673013,0
                83.5324332341875,27.9662752334691,0
                83.5326015213584,27.9664315350269,0
                83.533013074933,27.9672631530355,0
                83.5334082608656,27.9678442946764,0
                83.5338073865369,27.9682540133315,0
                83.534040227729,27.9683924421759,0
                83.534295816428,27.9684925618252,0
                83.5347260701371,27.9685391264074,0
                83.535237688088,27.9686243141901,0
                83.5363897213817,27.9686350185714,0
                83.5378074602895,27.9690661894706,0
                83.5384003759618,27.9693095514702,0
                83.5391656413479,27.9696685933349,0
                83.5395360252024,27.9698976402286,0
                83.5396741296641,27.969983884919,0
                83.5407430879233,27.9711719191277,0
                83.5410394823878,27.9713669678149,0
                83.5430474634318,27.9713623750647,0
                83.5434494758315,27.9711606488246,0
                83.5444024151221,27.9709381845313,0
                83.5445733316444,27.9708530065638,0
                83.5448537947631,27.9708584486737,0
                83.5455188287726,27.9709576994075,0
                83.5461332393687,27.971316176377,0
                83.5465939158468,27.9719155672607,0
                83.5466575934692,27.9719563766164,0
                83.5468029438976,27.9722072309455,0
                83.5471113890446,27.972898673165,0
                83.5474041550387,27.9733057662543,0
                83.5477102233108,27.9741144476547,0
                83.5477923337343,27.9742861834772,0
                83.5498624450111,27.976752179439,0
                83.5507260180521,27.9767121340589,0
                83.5533282348991,27.9765874976474,0
                83.553529521695,27.9765362555183,0
                83.553960088915,27.9765061403447,0
                83.5542199939199,27.9764144028835,0
                83.5542860489681,27.9763379102608,0
                83.5543722254607,27.9763201638458,0
                83.5551126976476,27.9758555295057,0
                83.5552215583721,27.9758558435895,0
                83.5554210383241,27.9754955046436,0
                83.5557290148548,27.9746030903807,0
                83.5557425155338,27.9744881010396,0
                83.5560388567461,27.9741731964655,0
                83.558618459265,27.9736535334486,0
                83.5589625382719,27.9736389152288,0
                83.5597448699241,27.9737179822674,0
                83.5598404799077,27.9738063513551,0
                83.560344600179,27.9738282946005,0
                83.5630935931851,27.9745251488939,0
                83.5635217844805,27.9746077107539,0
                83.564632440897,27.9749700073913,0
                83.5647184918513,27.9749701966468,0
                83.5655691210458,27.9753158653755,0
                83.5683971054421,27.9759068559465,0
                83.5693327303507,27.9759458671954,0
                83.5700296362927,27.9759751251441,0
                83.5703754030253,27.9759265722111,0
                83.5722889608842,27.9758603581705,0
                83.5727220284467,27.9758413661609,0
                83.5730454885648,27.9756641375696,0
                83.5733907562753,27.9755930240716,0
                83.5736505980473,27.9755013488101,0
                83.5748207635373,27.9750447213889,0
                83.574932185608,27.9750698452673,0
              </coordinates>
            </LinearRing>
          </outerBoundaryIs>
        </Polygon>
      </Placemark>
      <Placemark id="GA_SYANGJA_Kaligandagi.5">
        <ExtendedData>
          <SchemaData schemaUrl="#GA_SYANGJA_Kaligandagi.schema">
            <SimpleData name="ogc_fid">3072</SimpleData>
            <SimpleData name="objectid_1">3073</SimpleData>
            <SimpleData name="dcode">39</SimpleData>
            <SimpleData name="district">SYANGJA</SimpleData>
            <SimpleData name="das">0</SimpleData>
            <SimpleData name="gapa_napa">Kaligandagi</SimpleData>
            <SimpleData name="type_gn">Gaunpalika</SimpleData>
            <SimpleData name="gn_code">8.000000000000000</SimpleData>
            <SimpleData name="new_ward_n">5</SimpleData>
            <SimpleData name="ddgnww">390804.999999999941792</SimpleData>
            <SimpleData name="center">Mirmi</SimpleData>
            <SimpleData name="state_code">4</SimpleData>
            <SimpleData name="ddgn">39008</SimpleData>
            <SimpleData name="area_sqkm">4.377885858480000</SimpleData>
            <SimpleData name="shape_leng">9694.398597319999681</SimpleData>
            <SimpleData name="shape_area">4377885.858479999937117</SimpleData>
            <SimpleData name="Province">GA</SimpleData>
            <SimpleData name="Address">Kaligandagi-5, SYANGJA, GA</SimpleData>
          </SchemaData>
        </ExtendedData>
        <Polygon>
          <outerBoundaryIs>
            <LinearRing>
              <coordinates>
                83.585105998784,27.9788596599555,0
                83.5861156780501,27.9787453742355,0
                83.5864939392604,27.9787713148056,0
                83.5872177191367,27.9787238932073,0
                83.5877407128821,27.9786171606752,0
                83.5884699274113,27.9786576685694,0
                83.5889054896651,27.9789026524801,0
                83.5896389450913,27.979335687574,0
                83.5908386604317,27.9792942097115,0
                83.5912822925295,27.9790744244533,0
                83.5919070957946,27.9785009862702,0
                83.5937373983723,27.9760719848246,0
                83.5941372278355,27.9756715895982,0
                83.5945031807828,27.9755846657936,0
                83.5954291204752,27.9755242479213,0
                83.5962312029743,27.9754137702747,0
                83.59640042915,27.9754548944555,0
                83.5967366358511,27.9753475965432,0
                83.5970594716678,27.9751409957772,0
                83.59755616856,27.9745106857088,0
                83.5979678223023,27.9733906053857,0
                83.5983027903452,27.9727508564993,0
                83.5995326625663,27.9708818574558,0
                83.6000672889654,27.9703509137311,0
                83.6007252796617,27.969533872727,0
                83.601834336317,27.9686369087822,0
                83.6016778666193,27.9681671361335,0
                83.6013441078614,27.967705923064,0
                83.601225192615,27.9673896997443,0
                83.6007964698669,27.9657279688425,0
                83.6002764452896,27.9641967867812,0
                83.6001243524634,27.9635826525092,0
                83.5996098827739,27.9623538186258,0
                83.5995284621678,27.9620399706319,0
                83.5993227453787,27.9617551185907,0
                83.5982682708503,27.9613188912424,0
                83.5976107403319,27.9609807869443,0
                83.5962274447979,27.9599749809298,0
                83.596186577434,27.9598597408717,0
                83.5961888925296,27.9597470018725,0
                83.5962766947759,27.959634450496,0
                83.5965242880298,27.9595878336584,0
                83.5968818151741,27.9589323363601,0
                83.5971745301359,27.9587121102783,0
                83.5973326393426,27.9584688850554,0
                83.5973837588128,27.9583900804006,0
                83.5977844611406,27.9580708651103,0
                83.5978403965204,27.9578025781042,0
                83.5977555990671,27.9576444038279,0
                83.5971173186796,27.9571822483536,0
                83.5970355839258,27.9569496433732,0
                83.5970397750534,27.9567578481842,0
                83.5972055727837,27.9563408881133,0
                83.5978905674285,27.9551494445737,0
                83.5971656079353,27.9548698333926,0
                83.5965958777528,27.9545162314826,0
                83.5965328875011,27.9544573609189,0
                83.5964770839609,27.9544211134556,0
                83.595905272253,27.9550601711328,0
                83.5945396699038,27.9568272401282,0
                83.594245700361,27.957297880798,0
                83.5933688567317,27.9584685110658,0
                83.5928169161362,27.9592068734022,0
                83.5921230008172,27.9596154501835,0
                83.5917462374876,27.9597203726915,0
                83.5914900220618,27.9596789973518,0
                83.5912983630226,27.9595611296825,0
                83.5911300169081,27.9592131584436,0
                83.5907647584873,27.9589752374461,0
                83.5905017918787,27.9590466013062,0
                83.5896798259789,27.9597097160984,0
                83.589023031694,27.960107107062,0
                83.5889403526974,27.9602332194332,0
                83.5884176106007,27.9602225874382,0
                83.5871688356756,27.9604377362738,0
                83.5865059238953,27.9604560370008,0
                83.5856521021173,27.9603880301359,0
                83.584968192914,27.9604085172816,0
                83.5841758006188,27.9603181377263,0
                83.5831527485739,27.9604008024007,0
                83.5814522906507,27.9603031595684,0
                83.5811973867584,27.9603429648716,0
                83.5805646569911,27.9604380709855,0
                83.5802255754528,27.9605566180226,0
                83.5792942506733,27.9611493618235,0
                83.5791000256692,27.9612029171189,0
                83.5785303441137,27.9615757488217,0
                83.5787546208252,27.9618854742939,0
                83.5792266042815,27.9627058454351,0
                83.5796415989829,27.9632982348508,0
                83.5796963997198,27.9635240279006,0
                83.5797048919068,27.9638716220192,0
                83.5790740145455,27.9651172492588,0
                83.5786208781236,27.9655783880028,0
                83.5776036043091,27.9673508362966,0
                83.5775546644542,27.9678334796625,0
                83.5775585361015,27.9679801540262,0
                83.5775838267675,27.9689165070197,0
                83.5771863504437,27.9704133647465,0
                83.57672951504,27.9714813859814,0
                83.5765139741714,27.9718462249199,0
                83.5760889595423,27.9723322369593,0
                83.575568083886,27.9727231933387,0
                83.5753093045003,27.9727946200184,0
                83.5749368489133,27.9730596532199,0
                83.5744847812581,27.9732387547818,0
                83.5743552316653,27.9734594823831,0
                83.5744254002631,27.9739628130709,0
                83.5745994339689,27.974204731568,0
                83.574932185608,27.9750698452673,0
                83.5754062517829,27.9747870659266,0
                83.5760394231328,27.974522787384,0
                83.5761871542959,27.97443979713,0
                83.5767062135048,27.9742766954153,0
                83.5772220819178,27.9742850148237,0
                83.577493731888,27.9743512628074,0
                83.5787444150849,27.9755508614466,0
                83.5788485857445,27.9757249100067,0
                83.5789681857399,27.9761855574285,0
                83.5789626179373,27.9764720316346,0
                83.5789158706589,27.9766412024626,0
                83.5785560280621,27.9774364999041,0
                83.5785253360598,27.9778943325984,0
                83.5785410782523,27.9781809324578,0
                83.5789991823276,27.9793148992063,0
                83.5799912299512,27.9796631328347,0
                83.5811970734034,27.9794253604339,0
                83.5814409168193,27.9793764937911,0
                83.581614332348,27.9793025661768,0
                83.5822186916344,27.979180336282,0
                83.584413030136,27.9788192157561,0
                83.584634938675,27.9787634744598,0
                83.5848067908154,27.9787662268119,0
                83.585105998784,27.9788596599555,0
              </coordinates>
            </LinearRing>
          </outerBoundaryIs>
        </Polygon>
      </Placemark>
      <Placemark id="GA_SYANGJA_Kaligandagi.6">
        <ExtendedData>
          <SchemaData schemaUrl="#GA_SYANGJA_Kaligandagi.schema">
            <SimpleData name="ogc_fid">3073</SimpleData>
            <SimpleData name="objectid_1">3074</SimpleData>
            <SimpleData name="dcode">39</SimpleData>
            <SimpleData name="district">SYANGJA</SimpleData>
            <SimpleData name="das">0</SimpleData>
            <SimpleData name="gapa_napa">Kaligandagi</SimpleData>
            <SimpleData name="type_gn">Gaunpalika</SimpleData>
            <SimpleData name="gn_code">8.000000000000000</SimpleData>
            <SimpleData name="new_ward_n">6</SimpleData>
            <SimpleData name="ddgnww">390806.000000000000000</SimpleData>
            <SimpleData name="center">Mirmi</SimpleData>
            <SimpleData name="state_code">4</SimpleData>
            <SimpleData name="ddgn">39008</SimpleData>
            <SimpleData name="area_sqkm">6.917061349990000</SimpleData>
            <SimpleData name="shape_leng">13846.462496100002681</SimpleData>
            <SimpleData name="shape_area">6917061.349990000016987</SimpleData>
            <SimpleData name="Province">GA</SimpleData>
            <SimpleData name="Address">Kaligandagi-6, SYANGJA, GA</SimpleData>
          </SchemaData>
        </ExtendedData>
        <Polygon>
          <outerBoundaryIs>
            <LinearRing>
              <coordinates>
                83.6091881689435,27.958902404803,0
                83.6096379789093,27.9591405775104,0
                83.6099809903918,27.9594099960843,0
                83.61062965058,27.9595653047912,0
                83.6109679191642,27.9594963163567,0
                83.6113271267062,27.9592107854079,0
                83.6116140980554,27.9587220218098,0
                83.6115959804278,27.9584692940685,0
                83.6115856722924,27.9583293694866,0
                83.6114447716891,27.9574017011226,0
                83.6109799217647,27.9561278718058,0
                83.6109113757838,27.9557622165808,0
                83.6110310122109,27.9543614702799,0
                83.6113629876906,27.9533674397519,0
                83.6115974133165,27.9523776579525,0
                83.6118516337213,27.9521595566467,0
                83.6120696672563,27.9521150645577,0
                83.6123271989368,27.9519488333138,0
                83.6129786104848,27.9520295864036,0
                83.6138100771353,27.9512264847024,0
                83.6145848064048,27.9502179003638,0
                83.6148468371298,27.9500201097585,0
                83.6148345302407,27.9498192527719,0
                83.6147667977038,27.9494084765507,0
                83.6148140487049,27.9490543842763,0
                83.6152080764465,27.9481011014771,0
                83.6153723963119,27.9466260501873,0
                83.6157896762119,27.9454630371007,0
                83.6161409523503,27.9449225912598,0
                83.6170401631277,27.9439865030697,0
                83.6179969795821,27.9436146137991,0
                83.618670400835,27.9430344267752,0
                83.6191450929361,27.9427807693073,0
                83.6193743173148,27.942519796913,0
                83.6197085896645,27.9422882601858,0
                83.6198047044627,27.9421260889607,0
                83.6200589451517,27.9409039541554,0
                83.620009240308,27.9389522552223,0
                83.6198188484778,27.9379048463603,0
                83.6196766280972,27.9373539565612,0
                83.6192948088031,27.9371160350713,0
                83.6190281092881,27.9363819724529,0
                83.6189491898773,27.9359801947149,0
                83.6190402460336,27.9357255318775,0
                83.6192705941347,27.9355276155986,0
                83.6196277422909,27.9350840994751,0
                83.6196061282371,27.9346441383021,0
                83.6194494101617,27.9341360568973,0
                83.6193283686858,27.933878516163,0
                83.6190370994039,27.9336408451054,0
                83.6188755642714,27.9333403078438,0
                83.6184463978986,27.9320372943115,0
                83.6182158734033,27.931666636889,0
                83.617285887304,27.9309263143989,0
                83.6167714629248,27.9305706512035,0
                83.6167577784903,27.9305751507052,0
                83.6163285856337,27.930546896291,0
                83.6159862588592,27.9304647115741,0
                83.615560130838,27.9302875335709,0
                83.6150712021654,27.9300109259413,0
                83.6145844615927,27.9296395136232,0
                83.6142510178871,27.9291196804962,0
                83.6139635683943,27.9284284895546,0
                83.6139003295847,27.9283696179379,0
                83.613818843759,27.9281393256286,0
                83.6134459702054,27.9274456333371,0
                83.6131943849813,27.9271177825394,0
                83.6128366275,27.9267489354228,0
                83.612497364635,27.92651345209,0
                83.6119478232648,27.9260471105127,0
                83.6114183389939,27.9256553261368,0
                83.6112284303916,27.9254810264746,0
                83.6111871243454,27.9254042204079,0
                83.6110173373225,27.9252864154638,0
                83.6106769488895,27.9251275498805,0
                83.610249757954,27.9249864311731,0
                83.6096510917867,27.9248426214918,0
                83.6082806551014,27.9246108086218,0
                83.6074465821162,27.9244053764249,0
                83.607103129554,27.9243796245951,0
                83.6053058144164,27.9240066930575,0
                83.6047057086535,27.9239192527043,0
                83.6044494323689,27.9238395695966,0
                83.60402105278,27.9237751303176,0
                83.6030801202027,27.9235490735641,0
                83.6027372922613,27.923505259814,0
                83.6017933582471,27.9234325645385,0
                83.601106013127,27.9234193058466,0
                83.6005919578568,27.9233343041977,0
                83.6004194187746,27.9233699239482,0
                83.6001585117565,27.9235180947837,0
                83.5999859724792,27.9235536508141,0
                83.5996853260444,27.9235482723165,0
                83.59953328134,27.923622325008,0
                83.5986450038148,27.9247094626186,0
                83.5982145535935,27.9251075453022,0
                83.5981257510182,27.9252584052912,0
                83.5980201957431,27.9255446271211,0
                83.5974573780017,27.926449973755,0
                83.5973207027543,27.9268286261971,0
                83.5968723694491,27.9276868534162,0
                83.5962370040475,27.9283754059761,0
                83.5954715882861,27.9292778747084,0
                83.596146232256,27.9300605015921,0
                83.5965533583236,27.9303978525738,0
                83.5969839204941,27.9306630848772,0
                83.5979684597025,27.9315458953959,0
                83.5985790533376,27.9321613491124,0
                83.5992404439596,27.9331898292556,0
                83.5993977837456,27.9339347640322,0
                83.5996101827616,27.93446334388,0
                83.6001479699015,27.9352748415154,0
                83.6006102529878,27.9367539650653,0
                83.6009434439919,27.9375085270947,0
                83.6018137354742,27.9390090919695,0
                83.6026266448633,27.9412675873201,0
                83.6026926252813,27.9418251009609,0
                83.602705644933,27.943893975484,0
                83.6025868429195,27.9441936968624,0
                83.6025794622028,27.9445321033544,0
                83.6029734559932,27.9453341621903,0
                83.6027713537651,27.9455570137676,0
                83.6027694140052,27.9456494425888,0
                83.6024246362663,27.9462373220289,0
                83.6009346739441,27.9481033795787,0
                83.6003083658834,27.9489679169405,0
                83.6001553172161,27.9492991342664,0
                83.5984609989093,27.9516067113729,0
                83.5982360176589,27.9521723439755,0
                83.5969822773573,27.9538584841704,0
                83.5964770839609,27.9544211134556,0
                83.5965328875011,27.9544573609189,0
                83.5965958777528,27.9545162314826,0
                83.5971656079353,27.9548698333926,0
                83.5978905674285,27.9551494445737,0
                83.5972055727837,27.9563408881133,0
                83.5970397750534,27.9567578481842,0
                83.5970355839258,27.9569496433732,0
                83.5971173186796,27.9571822483536,0
                83.5977555990671,27.9576444038279,0
                83.5978403965204,27.9578025781042,0
                83.5977844611406,27.9580708651103,0
                83.5973837588128,27.9583900804006,0
                83.5973326393426,27.9584688850554,0
                83.5971745301359,27.9587121102783,0
                83.5968818151741,27.9589323363601,0
                83.5965242880298,27.9595878336584,0
                83.5962766947759,27.959634450496,0
                83.5961888925296,27.9597470018725,0
                83.596186577434,27.9598597408717,0
                83.5962274447979,27.9599749809298,0
                83.5976107403319,27.9609807869443,0
                83.5982682708503,27.9613188912424,0
                83.5993227453787,27.9617551185907,0
                83.5995284621678,27.9620399706319,0
                83.5996098827739,27.9623538186258,0
                83.6001243524634,27.9635826525092,0
                83.6002764452896,27.9641967867812,0
                83.6007964698669,27.9657279688425,0
                83.601225192615,27.9673896997443,0
                83.6013441078614,27.967705923064,0
                83.6016778666193,27.9681671361335,0
                83.601834336317,27.9686369087822,0
                83.6021213024998,27.9684053093866,0
                83.6024082031577,27.9683068856029,0
                83.6029754415223,27.9682453370464,0
                83.6040986642472,27.9683455955471,0
                83.6051332757621,27.9683305508704,0
                83.6056131505147,27.9682439411868,0
                83.606392426954,27.9679551040187,0
                83.6069819810523,27.9675935213841,0
                83.6075456645989,27.9671100731128,0
                83.6078536319813,27.9667003656285,0
                83.6078215208061,27.9661768498857,0
                83.6075828791466,27.9655038443659,0
                83.6076304466732,27.964921897771,0
                83.6080577143438,27.9642823372384,0
                83.6083372500269,27.9637416405767,0
                83.6083943168067,27.9631665061476,0
                83.6081736658207,27.9627890993294,0
                83.6067724476537,27.9611606626593,0
                83.6063075225156,27.9605411489916,0
                83.606190043707,27.9602542987701,0
                83.6061983015341,27.959816651093,0
                83.6065449591318,27.9589918556221,0
                83.6066590721598,27.9587981876129,0
                83.6070289669524,27.9584788472586,0
                83.6073497357087,27.9584842894797,0
                83.6073936054584,27.9584686667338,0
                83.607641386561,27.9583790535058,0
                83.6080207724935,27.9584275550898,0
                83.608123507864,27.9584684275775,0
                83.6091881689435,27.958902404803,0
              </coordinates>
            </LinearRing>
          </outerBoundaryIs>
        </Polygon>
      </Placemark>
      <Placemark id="GA_SYANGJA_Kaligandagi.7">
        <ExtendedData>
          <SchemaData schemaUrl="#GA_SYANGJA_Kaligandagi.schema">
            <SimpleData name="ogc_fid">3074</SimpleData>
            <SimpleData name="objectid_1">3075</SimpleData>
            <SimpleData name="dcode">39</SimpleData>
            <SimpleData name="district">SYANGJA</SimpleData>
            <SimpleData name="das">0</SimpleData>
            <SimpleData name="gapa_napa">Kaligandagi</SimpleData>
            <SimpleData name="type_gn">Gaunpalika</SimpleData>
            <SimpleData name="gn_code">8.000000000000000</SimpleData>
            <SimpleData name="new_ward_n">7</SimpleData>
            <SimpleData name="ddgnww">390807.000000000058208</SimpleData>
            <SimpleData name="center">Mirmi</SimpleData>
            <SimpleData name="state_code">4</SimpleData>
            <SimpleData name="ddgn">39008</SimpleData>
            <SimpleData name="area_sqkm">8.755312512060000</SimpleData>
            <SimpleData name="shape_leng">12199.644937700002629</SimpleData>
            <SimpleData name="shape_area">8755312.512059999629855</SimpleData>
            <SimpleData name="Province">GA</SimpleData>
            <SimpleData name="Address">Kaligandagi-7, SYANGJA, GA</SimpleData>
          </SchemaData>
        </ExtendedData>
        <Polygon>
          <outerBoundaryIs>
            <LinearRing>
              <coordinates>
                83.5964770839609,27.9544211134556,0
                83.5969822773573,27.9538584841704,0
                83.5982360176589,27.9521723439755,0
                83.5984609989093,27.9516067113729,0
                83.6001553172161,27.9492991342664,0
                83.6003083658834,27.9489679169405,0
                83.6009346739441,27.9481033795787,0
                83.6024246362663,27.9462373220289,0
                83.6027694140052,27.9456494425888,0
                83.6027713537651,27.9455570137676,0
                83.6029734559932,27.9453341621903,0
                83.6025794622028,27.9445321033544,0
                83.6025868429195,27.9441936968624,0
                83.602705644933,27.943893975484,0
                83.6026926252813,27.9418251009609,0
                83.6026266448633,27.9412675873201,0
                83.6018137354742,27.9390090919695,0
                83.6009434439919,27.9375085270947,0
                83.6006102529878,27.9367539650653,0
                83.6001479699015,27.9352748415154,0
                83.5996101827616,27.93446334388,0
                83.5993977837456,27.9339347640322,0
                83.5992404439596,27.9331898292556,0
                83.5985790533376,27.9321613491124,0
                83.5979684597025,27.9315458953959,0
                83.5969839204941,27.9306630848772,0
                83.5965533583236,27.9303978525738,0
                83.596146232256,27.9300605015921,0
                83.5954715882861,27.9292778747084,0
                83.5951777470554,27.929563532828,0
                83.5950729463734,27.9296647714774,0
                83.5946126273911,27.9299725481523,0
                83.5942274238412,27.9302285826866,0
                83.5938199721242,27.9305003634274,0
                83.5937366087502,27.9305565448153,0
                83.5936186832472,27.9306644705526,0
                83.5932386678057,27.9309002555167,0
                83.5930671262985,27.9310080566975,0
                83.592851027005,27.9311427907395,0
                83.5924638285913,27.9311732190011,0
                83.5922039868622,27.9312830807051,0
                83.591515137544,27.9314095586994,0
                83.5906558811454,27.9313144907666,0
                83.5894566691657,27.9311214278905,0
                83.5888550008729,27.9311106066062,0
                83.588597971985,27.9310692319319,0
                83.5879060637861,27.9311506499396,0
                83.5873104578102,27.9310450889186,0
                83.5863904581062,27.9309114614254,0
                83.5851101985469,27.9305624104514,0
                83.5846824446887,27.9304979724178,0
                83.5845102800551,27.9305132173079,0
                83.5837396347714,27.9304229021543,0
                83.5831389041735,27.9304120190556,0
                83.5825393599594,27.9303425780931,0
                83.5824544348853,27.9303039552564,0
                83.5821112938222,27.9302780769957,0
                83.5818552660717,27.9302164542319,0
                83.5815116872762,27.9302288843914,0
                83.581197979864,27.9302211930337,0
                83.5810179410538,27.9302183784594,0
                83.5804180224239,27.9301691855647,0
                83.5799021534014,27.9302172356529,0
                83.5793871594018,27.9302066031096,0
                83.5789589688665,27.9301601645161,0
                83.5785273994293,27.9302671468936,0
                83.5780977049525,27.9302793897979,0
                83.5776672005137,27.9303457521063,0
                83.5775811484928,27.9303454999304,0
                83.5774753515745,27.9302865046701,0
                83.5773031873706,27.9303017495713,0
                83.5770429072265,27.9304295474055,0
                83.5768703656729,27.9304651663429,0
                83.5765240354291,27.930610710078,0
                83.5761793295149,27.9306615754597,0
                83.575402061995,27.9304944535553,0
                83.5750083703403,27.9302202848798,0
                83.5746663551407,27.9301560352142,0
                83.574515374751,27.9301916546134,0
                83.5740516149154,27.9306459812792,0
                83.5734053217381,27.9309168846849,0
                83.5732717098891,27.9311421740835,0
                83.5733370657714,27.9316341935405,0
                83.5734896641813,27.9319888508706,0
                83.5737969272525,27.9323395737344,0
                83.5750028692774,27.9334894890129,0
                83.5751688439847,27.9335959823438,0
                83.5759035410284,27.9345187210762,0
                83.5761799940093,27.9350362409252,0
                83.5763624525333,27.9358851049511,0
                83.5763796915835,27.9363454391945,0
                83.5762973743828,27.9371844240745,0
                83.5762281901108,27.9374120892778,0
                83.5760267103118,27.937790489171,0
                83.5752087980091,27.9389025013188,0
                83.5751211199913,27.938978993936,0
                83.5747665950072,27.9395058152477,0
                83.5743040206082,27.9400526339587,0
                83.5742899606068,27.9400661318782,0
                83.5739757468451,27.9403516644165,0
                83.5737579600618,27.9404998969295,0
                83.5735598578089,27.9407271858422,0
                83.5734262466072,27.9409523504403,0
                83.5733551866499,27.941259009391,0
                83.5732658841392,27.9414279309249,0
                83.5731345867119,27.9415402933014,0
                83.5728743673955,27.9416703400318,0
                83.5726345853963,27.9418365083158,0
                83.5718468009833,27.9425289968268,0
                83.5714336012081,27.9427894655929,0
                83.5709139170625,27.9429886276154,0
                83.5705092244549,27.9428474469342,0
                83.5703095009874,27.9428378190434,0
                83.5700551696092,27.9454812629071,0
                83.5702715558547,27.9466596598227,0
                83.5702611711595,27.947192048321,0
                83.5702316485533,27.948550174929,0
                83.5703479979226,27.9490875036511,0
                83.5707619266312,27.9498648772377,0
                83.5708313482148,27.9502147840033,0
                83.5707237236826,27.9509229050168,0
                83.5707048339787,27.9517711409938,0
                83.5710904482741,27.9528778587367,0
                83.5708547276999,27.9561891179909,0
                83.5709254489342,27.9571865912102,0
                83.5709049958056,27.9580934460119,0
                83.5708400615256,27.9583685449264,0
                83.5706538967522,27.9584694707329,0
                83.5705097276648,27.9585457116114,0
                83.570508343268,27.9590397918838,0
                83.5705558312665,27.9593265166786,0
                83.570703680761,27.9596021817893,0
                83.5709089610869,27.9598171650989,0
                83.5717622089626,27.9605079279646,0
                83.5719939878737,27.9606147344382,0
                83.5722869513158,27.9605095615653,0
                83.5726094744125,27.9603120214727,0
                83.5739889194927,27.96005012894,0
                83.5743924880204,27.9601641881435,0
                83.5769728066454,27.9613814299417,0
                83.5772457690335,27.9614273048638,0
                83.5777791997645,27.9613161986277,0
                83.5782495730595,27.9614056348708,0
                83.5785303441137,27.9615757488217,0
                83.5791000256692,27.9612029171189,0
                83.5792942506733,27.9611493618235,0
                83.5802255754528,27.9605566180226,0
                83.5805646569911,27.9604380709855,0
                83.5811973867584,27.9603429648716,0
                83.5814522906507,27.9603031595684,0
                83.5831527485739,27.9604008024007,0
                83.5841758006188,27.9603181377263,0
                83.584968192914,27.9604085172816,0
                83.5856521021173,27.9603880301359,0
                83.5865059238953,27.9604560370008,0
                83.5871688356756,27.9604377362738,0
                83.5884176106007,27.9602225874382,0
                83.5889403526974,27.9602332194332,0
                83.589023031694,27.960107107062,0
                83.5896798259789,27.9597097160984,0
                83.5905017918787,27.9590466013062,0
                83.5907647584873,27.9589752374461,0
                83.5911300169081,27.9592131584436,0
                83.5912983630226,27.9595611296825,0
                83.5914900220618,27.9596789973518,0
                83.5917462374876,27.9597203726915,0
                83.5921230008172,27.9596154501835,0
                83.5928169161362,27.9592068734022,0
                83.5933688567317,27.9584685110658,0
                83.594245700361,27.957297880798,0
                83.5945396699038,27.9568272401282,0
                83.595905272253,27.9550601711328,0
                83.5964770839609,27.9544211134556,0
              </coordinates>
            </LinearRing>
          </outerBoundaryIs>
        </Polygon>
      </Placemark>
    </Document>
  </Document>
</kml>
